,participant,task,trial,choice,reward,stimulus_0,stimulus_1,validities,item_type,tier
0,1,0,0,0,0,[6 6 6 6 6],[7 7 5 5 5],[1 0.9 0.6 0.5 0.5],1,0.0
1,1,0,1,0,0,[10 10 5 5 5],[6 6 6 6 6],[1 0.9 0.6 0.5 0.5],2,0.0
2,1,0,2,1,0,[9 5 5 5 5],[1 6 6 6 6],[1 0.9 0.6 0.5 0.5],3,0.0
3,1,0,3,0,0,[2 2 3 3 3],[10 10 2 2 2],[1 0.9 0.6 0.5 0.5],4,0.0
4,1,0,4,0,0,[10 10 2 2 2],[2 2 3 3 3],[1 0.9 0.6 0.5 0.5],5,0.0
5,1,0,5,1,0,[10 10 5 5 5],[6 6 6 6 6],[1 0.9 0.6 0.5 0.5],2,0.0
6,1,0,6,0,0,[10 10 2 2 2],[2 2 3 3 3],[1 0.9 0.6 0.5 0.5],5,0.0
7,1,0,7,1,0,[10 10 5 5 5],[6 6 6 6 6],[1 0.9 0.6 0.5 0.5],2,0.0
8,1,0,8,1,0,[1 6 6 6 6],[9 5 5 5 5],[1 0.9 0.6 0.5 0.5],6,0.0
9,1,0,9,0,0,[9 5 5 5 5],[1 6 6 6 6],[1 0.9 0.6 0.5 0.5],3,0.0
10,1,0,10,0,0,[8 8 5 5 5],[6 6 6 6 6],[1 0.9 0.6 0.5 0.5],7,0.0
11,1,0,11,1,0,[6 6 6 6 6],[8 8 5 5 5],[1 0.9 0.6 0.5 0.5],8,0.0
12,1,0,12,0,0,[8 8 5 5 5],[6 6 6 6 6],[1 0.9 0.6 0.5 0.5],7,0.0
13,1,0,13,1,0,[6 6 6 6 6],[8 8 5 5 5],[1 0.9 0.6 0.5 0.5],8,0.0
14,1,0,14,0,0,[8 8 5 5 5],[6 6 6 6 6],[1 0.9 0.6 0.5 0.5],7,0.0
15,1,0,15,1,0,[6 6 6 6 6],[10 10 5 5 5],[1 0.9 0.6 0.5 0.5],9,0.0
16,1,0,16,0,0,[10 10 5 5 5],[6 6 6 6 6],[1 0.9 0.6 0.5 0.5],2,0.0
17,1,0,17,0,0,[6 6 6 6 6],[8 8 5 5 5],[1 0.9 0.6 0.5 0.5],8,0.0
18,1,0,18,0,0,[6 6 6 6 6],[7 7 5 5 5],[1 0.9 0.6 0.5 0.5],1,0.0
19,1,0,19,0,0,[6 6 6 6 6],[8 8 5 5 5],[1 0.9 0.6 0.5 0.5],8,0.0
20,1,0,20,0,0,[9 5 5 5 5],[1 6 6 6 6],[1 0.9 0.6 0.5 0.5],3,0.0
21,1,0,21,1,0,[6 6 6 6 6],[10 10 5 5 5],[1 0.9 0.6 0.5 0.5],9,0.0
22,1,0,22,1,0,[6 6 6 6 6],[8 8 5 5 5],[1 0.9 0.6 0.5 0.5],8,0.0
23,1,0,23,1,0,[6 6 6 6 6],[7 7 5 5 5],[1 0.9 0.6 0.5 0.5],1,0.0
24,1,0,24,0,0,[10 10 5 5 5],[6 6 6 6 6],[1 0.9 0.6 0.5 0.5],2,0.0
25,1,0,25,1,0,[2 2 3 3 3],[10 10 2 2 2],[1 0.9 0.6 0.5 0.5],4,0.0
26,1,0,26,0,0,[7 7 5 5 5],[6 6 6 6 6],[1 0.9 0.6 0.5 0.5],10,0.0
27,1,0,27,0,0,[10 10 2 2 2],[2 2 3 3 3],[1 0.9 0.6 0.5 0.5],5,0.0
28,1,0,28,1,0,[6 6 6 6 6],[7 7 5 5 5],[1 0.9 0.6 0.5 0.5],1,0.0
29,1,0,29,1,0,[1 6 6 6 6],[9 5 5 5 5],[1 0.9 0.6 0.5 0.5],6,0.0
30,1,0,30,1,0,[2 2 3 3 3],[10 10 2 2 2],[1 0.9 0.6 0.5 0.5],4,0.0
31,1,0,31,0,0,[10 10 2 2 2],[2 2 3 3 3],[1 0.9 0.6 0.5 0.5],5,0.0
32,1,0,32,0,0,[7 7 5 5 5],[6 6 6 6 6],[1 0.9 0.6 0.5 0.5],10,0.0
33,1,0,33,1,0,[6 6 6 6 6],[8 8 5 5 5],[1 0.9 0.6 0.5 0.5],8,0.0
34,1,0,34,0,0,[8 8 5 5 5],[6 6 6 6 6],[1 0.9 0.6 0.5 0.5],7,0.0
35,1,0,35,0,0,[10 10 5 5 5],[6 6 6 6 6],[1 0.9 0.6 0.5 0.5],2,0.0
36,1,0,36,1,0,[6 6 6 6 6],[7 7 5 5 5],[1 0.9 0.6 0.5 0.5],1,0.0
37,1,0,37,1,0,[1 6 6 6 6],[9 5 5 5 5],[1 0.9 0.6 0.5 0.5],6,0.0
38,1,0,38,0,0,[6 6 6 6 6],[7 7 5 5 5],[1 0.9 0.6 0.5 0.5],1,0.0
39,1,0,39,0,0,[8 8 5 5 5],[6 6 6 6 6],[1 0.9 0.6 0.5 0.5],7,0.0
40,1,0,40,0,0,[7 7 5 5 5],[6 6 6 6 6],[1 0.9 0.6 0.5 0.5],10,0.0
41,1,0,41,0,0,[6 6 6 6 6],[7 7 5 5 5],[1 0.9 0.6 0.5 0.5],1,0.0
42,1,0,42,0,0,[7 7 5 5 5],[6 6 6 6 6],[1 0.9 0.6 0.5 0.5],10,0.0
43,1,0,43,1,0,[6 6 6 6 6],[7 7 5 5 5],[1 0.9 0.6 0.5 0.5],1,0.0
44,1,0,44,1,0,[2 2 3 3 3],[10 10 2 2 2],[1 0.9 0.6 0.5 0.5],4,0.0
45,1,0,45,1,0,[1 6 6 6 6],[9 5 5 5 5],[1 0.9 0.6 0.5 0.5],6,0.0
46,1,0,46,0,0,[9 5 5 5 5],[1 6 6 6 6],[1 0.9 0.6 0.5 0.5],3,0.0
47,1,0,47,0,0,[8 8 5 5 5],[6 6 6 6 6],[1 0.9 0.6 0.5 0.5],7,0.0
48,1,0,48,1,0,[6 6 6 6 6],[10 10 5 5 5],[1 0.9 0.6 0.5 0.5],9,0.0
49,1,0,49,1,0,[6 6 6 6 6],[7 7 5 5 5],[1 0.9 0.6 0.5 0.5],1,0.0
50,1,0,50,0,0,[9 5 5 5 5],[1 6 6 6 6],[1 0.9 0.6 0.5 0.5],3,0.0
51,1,0,51,1,0,[6 6 6 6 6],[8 8 5 5 5],[1 0.9 0.6 0.5 0.5],8,0.0
52,1,0,52,0,0,[9 5 5 5 5],[1 6 6 6 6],[1 0.9 0.6 0.5 0.5],3,0.0
53,1,0,53,0,0,[8 8 5 5 5],[6 6 6 6 6],[1 0.9 0.6 0.5 0.5],7,0.0
54,1,0,54,0,0,[10 10 5 5 5],[6 6 6 6 6],[1 0.9 0.6 0.5 0.5],2,0.0
55,1,0,55,0,0,[7 7 5 5 5],[6 6 6 6 6],[1 0.9 0.6 0.5 0.5],10,0.0
56,1,0,56,1,0,[2 2 3 3 3],[10 10 2 2 2],[1 0.9 0.6 0.5 0.5],4,0.0
57,1,0,57,0,0,[7 7 5 5 5],[6 6 6 6 6],[1 0.9 0.6 0.5 0.5],10,0.0
58,1,0,58,0,0,[8 8 5 5 5],[6 6 6 6 6],[1 0.9 0.6 0.5 0.5],7,0.0
59,1,0,59,0,0,[10 10 2 2 2],[2 2 3 3 3],[1 0.9 0.6 0.5 0.5],5,0.0
60,1,0,60,1,0,[6 6 6 6 6],[10 10 5 5 5],[1 0.9 0.6 0.5 0.5],9,0.0
61,1,0,61,1,0,[1 6 6 6 6],[9 5 5 5 5],[1 0.9 0.6 0.5 0.5],6,0.0
62,1,0,62,1,0,[1 6 6 6 6],[9 5 5 5 5],[1 0.9 0.6 0.5 0.5],6,0.0
63,1,0,63,0,0,[7 7 5 5 5],[6 6 6 6 6],[1 0.9 0.6 0.5 0.5],10,0.0
64,1,0,64,1,0,[6 6 6 6 6],[10 10 5 5 5],[1 0.9 0.6 0.5 0.5],9,0.0
65,1,0,65,0,0,[9 5 5 5 5],[1 6 6 6 6],[1 0.9 0.6 0.5 0.5],3,0.0
66,1,0,66,0,0,[7 7 5 5 5],[6 6 6 6 6],[1 0.9 0.6 0.5 0.5],10,0.0
67,1,0,67,1,0,[1 6 6 6 6],[9 5 5 5 5],[1 0.9 0.6 0.5 0.5],6,0.0
68,1,0,68,1,0,[6 6 6 6 6],[8 8 5 5 5],[1 0.9 0.6 0.5 0.5],8,0.0
69,1,0,69,1,0,[2 2 3 3 3],[10 10 2 2 2],[1 0.9 0.6 0.5 0.5],4,0.0
70,1,0,70,1,0,[7 7 5 5 5],[6 6 6 6 6],[1 0.9 0.6 0.5 0.5],10,0.0
71,1,0,71,0,0,[10 10 2 2 2],[2 2 3 3 3],[1 0.9 0.6 0.5 0.5],5,0.0
72,1,0,72,1,0,[6 6 6 6 6],[8 8 5 5 5],[1 0.9 0.6 0.5 0.5],8,0.0
73,1,0,73,1,0,[6 6 6 6 6],[10 10 5 5 5],[1 0.9 0.6 0.5 0.5],9,0.0
74,1,0,74,0,0,[10 10 2 2 2],[2 2 3 3 3],[1 0.9 0.6 0.5 0.5],5,0.0
75,1,0,75,1,0,[1 6 6 6 6],[9 5 5 5 5],[1 0.9 0.6 0.5 0.5],6,0.0
76,1,0,76,1,0,[2 2 3 3 3],[10 10 2 2 2],[1 0.9 0.6 0.5 0.5],4,0.0
77,1,0,77,0,0,[10 10 5 5 5],[6 6 6 6 6],[1 0.9 0.6 0.5 0.5],2,0.0
78,1,0,78,0,0,[9 5 5 5 5],[1 6 6 6 6],[1 0.9 0.6 0.5 0.5],3,0.0
79,1,0,79,0,0,[8 8 5 5 5],[6 6 6 6 6],[1 0.9 0.6 0.5 0.5],7,0.0
80,1,0,80,0,0,[10 10 2 2 2],[2 2 3 3 3],[1 0.9 0.6 0.5 0.5],5,0.0
81,1,0,81,1,0,[2 2 3 3 3],[10 10 2 2 2],[1 0.9 0.6 0.5 0.5],4,0.0
82,1,0,82,1,0,[6 6 6 6 6],[10 10 5 5 5],[1 0.9 0.6 0.5 0.5],9,0.0
83,1,0,83,1,0,[1 6 6 6 6],[9 5 5 5 5],[1 0.9 0.6 0.5 0.5],6,0.0
84,1,0,84,0,0,[10 10 2 2 2],[2 2 3 3 3],[1 0.9 0.6 0.5 0.5],5,0.0
85,1,0,85,0,0,[10 10 5 5 5],[6 6 6 6 6],[1 0.9 0.6 0.5 0.5],2,0.0
86,1,0,86,1,0,[2 2 3 3 3],[10 10 2 2 2],[1 0.9 0.6 0.5 0.5],4,0.0
87,1,0,87,1,0,[6 6 6 6 6],[10 10 5 5 5],[1 0.9 0.6 0.5 0.5],9,0.0
88,1,0,88,1,0,[6 6 6 6 6],[10 10 5 5 5],[1 0.9 0.6 0.5 0.5],9,0.0
89,1,0,89,0,0,[9 5 5 5 5],[1 6 6 6 6],[1 0.9 0.6 0.5 0.5],3,0.0
90,2,0,0,0,0,[6 6 6 6 6],[7 7 5 5 5],[1 0.9 0.6 0.5 0.5],1,0.0
91,2,0,1,0,0,[10 10 5 5 5],[6 6 6 6 6],[1 0.9 0.6 0.5 0.5],2,0.0
92,2,0,2,0,0,[9 5 5 5 5],[1 6 6 6 6],[1 0.9 0.6 0.5 0.5],3,0.0
93,2,0,3,0,0,[2 2 3 3 3],[10 10 2 2 2],[1 0.9 0.6 0.5 0.5],4,0.0
94,2,0,4,1,0,[10 10 2 2 2],[2 2 3 3 3],[1 0.9 0.6 0.5 0.5],5,0.0
95,2,0,5,1,0,[10 10 5 5 5],[6 6 6 6 6],[1 0.9 0.6 0.5 0.5],2,0.0
96,2,0,6,1,0,[10 10 2 2 2],[2 2 3 3 3],[1 0.9 0.6 0.5 0.5],5,0.0
97,2,0,7,0,0,[10 10 5 5 5],[6 6 6 6 6],[1 0.9 0.6 0.5 0.5],2,0.0
98,2,0,8,0,0,[1 6 6 6 6],[9 5 5 5 5],[1 0.9 0.6 0.5 0.5],6,0.0
99,2,0,9,0,0,[9 5 5 5 5],[1 6 6 6 6],[1 0.9 0.6 0.5 0.5],3,0.0
100,2,0,10,0,0,[8 8 5 5 5],[6 6 6 6 6],[1 0.9 0.6 0.5 0.5],7,0.0
101,2,0,11,1,0,[6 6 6 6 6],[8 8 5 5 5],[1 0.9 0.6 0.5 0.5],8,0.0
102,2,0,12,1,0,[8 8 5 5 5],[6 6 6 6 6],[1 0.9 0.6 0.5 0.5],7,0.0
103,2,0,13,1,0,[6 6 6 6 6],[8 8 5 5 5],[1 0.9 0.6 0.5 0.5],8,0.0
104,2,0,14,1,0,[8 8 5 5 5],[6 6 6 6 6],[1 0.9 0.6 0.5 0.5],7,0.0
105,2,0,15,0,0,[6 6 6 6 6],[10 10 5 5 5],[1 0.9 0.6 0.5 0.5],9,0.0
106,2,0,16,1,0,[10 10 5 5 5],[6 6 6 6 6],[1 0.9 0.6 0.5 0.5],2,0.0
107,2,0,17,1,0,[6 6 6 6 6],[8 8 5 5 5],[1 0.9 0.6 0.5 0.5],8,0.0
108,2,0,18,0,0,[6 6 6 6 6],[7 7 5 5 5],[1 0.9 0.6 0.5 0.5],1,0.0
109,2,0,19,1,0,[6 6 6 6 6],[8 8 5 5 5],[1 0.9 0.6 0.5 0.5],8,0.0
110,2,0,20,1,0,[9 5 5 5 5],[1 6 6 6 6],[1 0.9 0.6 0.5 0.5],3,0.0
111,2,0,21,0,0,[6 6 6 6 6],[10 10 5 5 5],[1 0.9 0.6 0.5 0.5],9,0.0
112,2,0,22,0,0,[6 6 6 6 6],[8 8 5 5 5],[1 0.9 0.6 0.5 0.5],8,0.0
113,2,0,23,0,0,[6 6 6 6 6],[7 7 5 5 5],[1 0.9 0.6 0.5 0.5],1,0.0
114,2,0,24,1,0,[10 10 5 5 5],[6 6 6 6 6],[1 0.9 0.6 0.5 0.5],2,0.0
115,2,0,25,1,0,[2 2 3 3 3],[10 10 2 2 2],[1 0.9 0.6 0.5 0.5],4,0.0
116,2,0,26,0,0,[7 7 5 5 5],[6 6 6 6 6],[1 0.9 0.6 0.5 0.5],10,0.0
117,2,0,27,1,0,[10 10 2 2 2],[2 2 3 3 3],[1 0.9 0.6 0.5 0.5],5,0.0
118,2,0,28,0,0,[6 6 6 6 6],[7 7 5 5 5],[1 0.9 0.6 0.5 0.5],1,0.0
119,2,0,29,1,0,[1 6 6 6 6],[9 5 5 5 5],[1 0.9 0.6 0.5 0.5],6,0.0
120,2,0,30,1,0,[2 2 3 3 3],[10 10 2 2 2],[1 0.9 0.6 0.5 0.5],4,0.0
121,2,0,31,0,0,[10 10 2 2 2],[2 2 3 3 3],[1 0.9 0.6 0.5 0.5],5,0.0
122,2,0,32,0,0,[7 7 5 5 5],[6 6 6 6 6],[1 0.9 0.6 0.5 0.5],10,0.0
123,2,0,33,0,0,[6 6 6 6 6],[8 8 5 5 5],[1 0.9 0.6 0.5 0.5],8,0.0
124,2,0,34,0,0,[8 8 5 5 5],[6 6 6 6 6],[1 0.9 0.6 0.5 0.5],7,0.0
125,2,0,35,1,0,[10 10 5 5 5],[6 6 6 6 6],[1 0.9 0.6 0.5 0.5],2,0.0
126,2,0,36,0,0,[6 6 6 6 6],[7 7 5 5 5],[1 0.9 0.6 0.5 0.5],1,0.0
127,2,0,37,1,0,[1 6 6 6 6],[9 5 5 5 5],[1 0.9 0.6 0.5 0.5],6,0.0
128,2,0,38,1,0,[6 6 6 6 6],[7 7 5 5 5],[1 0.9 0.6 0.5 0.5],1,0.0
129,2,0,39,1,0,[8 8 5 5 5],[6 6 6 6 6],[1 0.9 0.6 0.5 0.5],7,0.0
130,2,0,40,1,0,[7 7 5 5 5],[6 6 6 6 6],[1 0.9 0.6 0.5 0.5],10,0.0
131,2,0,41,0,0,[6 6 6 6 6],[7 7 5 5 5],[1 0.9 0.6 0.5 0.5],1,0.0
132,2,0,42,1,0,[7 7 5 5 5],[6 6 6 6 6],[1 0.9 0.6 0.5 0.5],10,0.0
133,2,0,43,1,0,[6 6 6 6 6],[7 7 5 5 5],[1 0.9 0.6 0.5 0.5],1,0.0
134,2,0,44,1,0,[2 2 3 3 3],[10 10 2 2 2],[1 0.9 0.6 0.5 0.5],4,0.0
135,2,0,45,1,0,[1 6 6 6 6],[9 5 5 5 5],[1 0.9 0.6 0.5 0.5],6,0.0
136,2,0,46,1,0,[9 5 5 5 5],[1 6 6 6 6],[1 0.9 0.6 0.5 0.5],3,0.0
137,2,0,47,1,0,[8 8 5 5 5],[6 6 6 6 6],[1 0.9 0.6 0.5 0.5],7,0.0
138,2,0,48,0,0,[6 6 6 6 6],[10 10 5 5 5],[1 0.9 0.6 0.5 0.5],9,0.0
139,2,0,49,0,0,[6 6 6 6 6],[7 7 5 5 5],[1 0.9 0.6 0.5 0.5],1,0.0
140,2,0,50,1,0,[9 5 5 5 5],[1 6 6 6 6],[1 0.9 0.6 0.5 0.5],3,0.0
141,2,0,51,1,0,[6 6 6 6 6],[8 8 5 5 5],[1 0.9 0.6 0.5 0.5],8,0.0
142,2,0,52,1,0,[9 5 5 5 5],[1 6 6 6 6],[1 0.9 0.6 0.5 0.5],3,0.0
143,2,0,53,1,0,[8 8 5 5 5],[6 6 6 6 6],[1 0.9 0.6 0.5 0.5],7,0.0
144,2,0,54,1,0,[10 10 5 5 5],[6 6 6 6 6],[1 0.9 0.6 0.5 0.5],2,0.0
145,2,0,55,1,0,[7 7 5 5 5],[6 6 6 6 6],[1 0.9 0.6 0.5 0.5],10,0.0
146,2,0,56,1,0,[2 2 3 3 3],[10 10 2 2 2],[1 0.9 0.6 0.5 0.5],4,0.0
147,2,0,57,1,0,[7 7 5 5 5],[6 6 6 6 6],[1 0.9 0.6 0.5 0.5],10,0.0
148,2,0,58,0,0,[8 8 5 5 5],[6 6 6 6 6],[1 0.9 0.6 0.5 0.5],7,0.0
149,2,0,59,0,0,[10 10 2 2 2],[2 2 3 3 3],[1 0.9 0.6 0.5 0.5],5,0.0
150,2,0,60,1,0,[6 6 6 6 6],[10 10 5 5 5],[1 0.9 0.6 0.5 0.5],9,0.0
151,2,0,61,1,0,[1 6 6 6 6],[9 5 5 5 5],[1 0.9 0.6 0.5 0.5],6,0.0
152,2,0,62,0,0,[1 6 6 6 6],[9 5 5 5 5],[1 0.9 0.6 0.5 0.5],6,0.0
153,2,0,63,1,0,[7 7 5 5 5],[6 6 6 6 6],[1 0.9 0.6 0.5 0.5],10,0.0
154,2,0,64,0,0,[6 6 6 6 6],[10 10 5 5 5],[1 0.9 0.6 0.5 0.5],9,0.0
155,2,0,65,0,0,[9 5 5 5 5],[1 6 6 6 6],[1 0.9 0.6 0.5 0.5],3,0.0
156,2,0,66,0,0,[7 7 5 5 5],[6 6 6 6 6],[1 0.9 0.6 0.5 0.5],10,0.0
157,2,0,67,0,0,[1 6 6 6 6],[9 5 5 5 5],[1 0.9 0.6 0.5 0.5],6,0.0
158,2,0,68,0,0,[6 6 6 6 6],[8 8 5 5 5],[1 0.9 0.6 0.5 0.5],8,0.0
159,2,0,69,0,0,[2 2 3 3 3],[10 10 2 2 2],[1 0.9 0.6 0.5 0.5],4,0.0
160,2,0,70,0,0,[7 7 5 5 5],[6 6 6 6 6],[1 0.9 0.6 0.5 0.5],10,0.0
161,2,0,71,0,0,[10 10 2 2 2],[2 2 3 3 3],[1 0.9 0.6 0.5 0.5],5,0.0
162,2,0,72,1,0,[6 6 6 6 6],[8 8 5 5 5],[1 0.9 0.6 0.5 0.5],8,0.0
163,2,0,73,1,0,[6 6 6 6 6],[10 10 5 5 5],[1 0.9 0.6 0.5 0.5],9,0.0
164,2,0,74,1,0,[10 10 2 2 2],[2 2 3 3 3],[1 0.9 0.6 0.5 0.5],5,0.0
165,2,0,75,1,0,[1 6 6 6 6],[9 5 5 5 5],[1 0.9 0.6 0.5 0.5],6,0.0
166,2,0,76,1,0,[2 2 3 3 3],[10 10 2 2 2],[1 0.9 0.6 0.5 0.5],4,0.0
167,2,0,77,0,0,[10 10 5 5 5],[6 6 6 6 6],[1 0.9 0.6 0.5 0.5],2,0.0
168,2,0,78,1,0,[9 5 5 5 5],[1 6 6 6 6],[1 0.9 0.6 0.5 0.5],3,0.0
169,2,0,79,0,0,[8 8 5 5 5],[6 6 6 6 6],[1 0.9 0.6 0.5 0.5],7,0.0
170,2,0,80,0,0,[10 10 2 2 2],[2 2 3 3 3],[1 0.9 0.6 0.5 0.5],5,0.0
171,2,0,81,1,0,[2 2 3 3 3],[10 10 2 2 2],[1 0.9 0.6 0.5 0.5],4,0.0
172,2,0,82,1,0,[6 6 6 6 6],[10 10 5 5 5],[1 0.9 0.6 0.5 0.5],9,0.0
173,2,0,83,1,0,[1 6 6 6 6],[9 5 5 5 5],[1 0.9 0.6 0.5 0.5],6,0.0
174,2,0,84,1,0,[10 10 2 2 2],[2 2 3 3 3],[1 0.9 0.6 0.5 0.5],5,0.0
175,2,0,85,1,0,[10 10 5 5 5],[6 6 6 6 6],[1 0.9 0.6 0.5 0.5],2,0.0
176,2,0,86,1,0,[2 2 3 3 3],[10 10 2 2 2],[1 0.9 0.6 0.5 0.5],4,0.0
177,2,0,87,0,0,[6 6 6 6 6],[10 10 5 5 5],[1 0.9 0.6 0.5 0.5],9,0.0
178,2,0,88,0,0,[6 6 6 6 6],[10 10 5 5 5],[1 0.9 0.6 0.5 0.5],9,0.0
179,2,0,89,1,0,[9 5 5 5 5],[1 6 6 6 6],[1 0.9 0.6 0.5 0.5],3,0.0
180,3,0,0,0,0,[6 6 6 6 6],[7 7 5 5 5],[1 0.9 0.6 0.5 0.5],1,0.0
181,3,0,1,0,0,[10 10 5 5 5],[6 6 6 6 6],[1 0.9 0.6 0.5 0.5],2,0.0
182,3,0,2,0,0,[9 5 5 5 5],[1 6 6 6 6],[1 0.9 0.6 0.5 0.5],3,0.0
183,3,0,3,0,0,[2 2 3 3 3],[10 10 2 2 2],[1 0.9 0.6 0.5 0.5],4,0.0
184,3,0,4,1,0,[10 10 2 2 2],[2 2 3 3 3],[1 0.9 0.6 0.5 0.5],5,0.0
185,3,0,5,1,0,[10 10 5 5 5],[6 6 6 6 6],[1 0.9 0.6 0.5 0.5],2,0.0
186,3,0,6,1,0,[10 10 2 2 2],[2 2 3 3 3],[1 0.9 0.6 0.5 0.5],5,0.0
187,3,0,7,0,0,[10 10 5 5 5],[6 6 6 6 6],[1 0.9 0.6 0.5 0.5],2,0.0
188,3,0,8,0,0,[1 6 6 6 6],[9 5 5 5 5],[1 0.9 0.6 0.5 0.5],6,0.0
189,3,0,9,0,0,[9 5 5 5 5],[1 6 6 6 6],[1 0.9 0.6 0.5 0.5],3,0.0
190,3,0,10,0,0,[8 8 5 5 5],[6 6 6 6 6],[1 0.9 0.6 0.5 0.5],7,0.0
191,3,0,11,0,0,[6 6 6 6 6],[8 8 5 5 5],[1 0.9 0.6 0.5 0.5],8,0.0
192,3,0,12,0,0,[8 8 5 5 5],[6 6 6 6 6],[1 0.9 0.6 0.5 0.5],7,0.0
193,3,0,13,1,0,[6 6 6 6 6],[8 8 5 5 5],[1 0.9 0.6 0.5 0.5],8,0.0
194,3,0,14,0,0,[8 8 5 5 5],[6 6 6 6 6],[1 0.9 0.6 0.5 0.5],7,0.0
195,3,0,15,0,0,[6 6 6 6 6],[10 10 5 5 5],[1 0.9 0.6 0.5 0.5],9,0.0
196,3,0,16,1,0,[10 10 5 5 5],[6 6 6 6 6],[1 0.9 0.6 0.5 0.5],2,0.0
197,3,0,17,1,0,[6 6 6 6 6],[8 8 5 5 5],[1 0.9 0.6 0.5 0.5],8,0.0
198,3,0,18,0,0,[6 6 6 6 6],[7 7 5 5 5],[1 0.9 0.6 0.5 0.5],1,0.0
199,3,0,19,0,0,[6 6 6 6 6],[8 8 5 5 5],[1 0.9 0.6 0.5 0.5],8,0.0
200,3,0,20,1,0,[9 5 5 5 5],[1 6 6 6 6],[1 0.9 0.6 0.5 0.5],3,0.0
201,3,0,21,0,0,[6 6 6 6 6],[10 10 5 5 5],[1 0.9 0.6 0.5 0.5],9,0.0
202,3,0,22,1,0,[6 6 6 6 6],[8 8 5 5 5],[1 0.9 0.6 0.5 0.5],8,0.0
203,3,0,23,1,0,[6 6 6 6 6],[7 7 5 5 5],[1 0.9 0.6 0.5 0.5],1,0.0
204,3,0,24,1,0,[10 10 5 5 5],[6 6 6 6 6],[1 0.9 0.6 0.5 0.5],2,0.0
205,3,0,25,1,0,[2 2 3 3 3],[10 10 2 2 2],[1 0.9 0.6 0.5 0.5],4,0.0
206,3,0,26,1,0,[7 7 5 5 5],[6 6 6 6 6],[1 0.9 0.6 0.5 0.5],10,0.0
207,3,0,27,1,0,[10 10 2 2 2],[2 2 3 3 3],[1 0.9 0.6 0.5 0.5],5,0.0
208,3,0,28,1,0,[6 6 6 6 6],[7 7 5 5 5],[1 0.9 0.6 0.5 0.5],1,0.0
209,3,0,29,1,0,[1 6 6 6 6],[9 5 5 5 5],[1 0.9 0.6 0.5 0.5],6,0.0
210,3,0,30,1,0,[2 2 3 3 3],[10 10 2 2 2],[1 0.9 0.6 0.5 0.5],4,0.0
211,3,0,31,0,0,[10 10 2 2 2],[2 2 3 3 3],[1 0.9 0.6 0.5 0.5],5,0.0
212,3,0,32,1,0,[7 7 5 5 5],[6 6 6 6 6],[1 0.9 0.6 0.5 0.5],10,0.0
213,3,0,33,0,0,[6 6 6 6 6],[8 8 5 5 5],[1 0.9 0.6 0.5 0.5],8,0.0
214,3,0,34,0,0,[8 8 5 5 5],[6 6 6 6 6],[1 0.9 0.6 0.5 0.5],7,0.0
215,3,0,35,1,0,[10 10 5 5 5],[6 6 6 6 6],[1 0.9 0.6 0.5 0.5],2,0.0
216,3,0,36,1,0,[6 6 6 6 6],[7 7 5 5 5],[1 0.9 0.6 0.5 0.5],1,0.0
217,3,0,37,1,0,[1 6 6 6 6],[9 5 5 5 5],[1 0.9 0.6 0.5 0.5],6,0.0
218,3,0,38,0,0,[6 6 6 6 6],[7 7 5 5 5],[1 0.9 0.6 0.5 0.5],1,0.0
219,3,0,39,1,0,[8 8 5 5 5],[6 6 6 6 6],[1 0.9 0.6 0.5 0.5],7,0.0
220,3,0,40,0,0,[7 7 5 5 5],[6 6 6 6 6],[1 0.9 0.6 0.5 0.5],10,0.0
221,3,0,41,1,0,[6 6 6 6 6],[7 7 5 5 5],[1 0.9 0.6 0.5 0.5],1,0.0
222,3,0,42,0,0,[7 7 5 5 5],[6 6 6 6 6],[1 0.9 0.6 0.5 0.5],10,0.0
223,3,0,43,0,0,[6 6 6 6 6],[7 7 5 5 5],[1 0.9 0.6 0.5 0.5],1,0.0
224,3,0,44,1,0,[2 2 3 3 3],[10 10 2 2 2],[1 0.9 0.6 0.5 0.5],4,0.0
225,3,0,45,1,0,[1 6 6 6 6],[9 5 5 5 5],[1 0.9 0.6 0.5 0.5],6,0.0
226,3,0,46,1,0,[9 5 5 5 5],[1 6 6 6 6],[1 0.9 0.6 0.5 0.5],3,0.0
227,3,0,47,0,0,[8 8 5 5 5],[6 6 6 6 6],[1 0.9 0.6 0.5 0.5],7,0.0
228,3,0,48,1,0,[6 6 6 6 6],[10 10 5 5 5],[1 0.9 0.6 0.5 0.5],9,0.0
229,3,0,49,0,0,[6 6 6 6 6],[7 7 5 5 5],[1 0.9 0.6 0.5 0.5],1,0.0
230,3,0,50,0,0,[9 5 5 5 5],[1 6 6 6 6],[1 0.9 0.6 0.5 0.5],3,0.0
231,3,0,51,1,0,[6 6 6 6 6],[8 8 5 5 5],[1 0.9 0.6 0.5 0.5],8,0.0
232,3,0,52,0,0,[9 5 5 5 5],[1 6 6 6 6],[1 0.9 0.6 0.5 0.5],3,0.0
233,3,0,53,0,0,[8 8 5 5 5],[6 6 6 6 6],[1 0.9 0.6 0.5 0.5],7,0.0
234,3,0,54,0,0,[10 10 5 5 5],[6 6 6 6 6],[1 0.9 0.6 0.5 0.5],2,0.0
235,3,0,55,1,0,[7 7 5 5 5],[6 6 6 6 6],[1 0.9 0.6 0.5 0.5],10,0.0
236,3,0,56,1,0,[2 2 3 3 3],[10 10 2 2 2],[1 0.9 0.6 0.5 0.5],4,0.0
237,3,0,57,1,0,[7 7 5 5 5],[6 6 6 6 6],[1 0.9 0.6 0.5 0.5],10,0.0
238,3,0,58,0,0,[8 8 5 5 5],[6 6 6 6 6],[1 0.9 0.6 0.5 0.5],7,0.0
239,3,0,59,0,0,[10 10 2 2 2],[2 2 3 3 3],[1 0.9 0.6 0.5 0.5],5,0.0
240,3,0,60,1,0,[6 6 6 6 6],[10 10 5 5 5],[1 0.9 0.6 0.5 0.5],9,0.0
241,3,0,61,1,0,[1 6 6 6 6],[9 5 5 5 5],[1 0.9 0.6 0.5 0.5],6,0.0
242,3,0,62,1,0,[1 6 6 6 6],[9 5 5 5 5],[1 0.9 0.6 0.5 0.5],6,0.0
243,3,0,63,1,0,[7 7 5 5 5],[6 6 6 6 6],[1 0.9 0.6 0.5 0.5],10,0.0
244,3,0,64,1,0,[6 6 6 6 6],[10 10 5 5 5],[1 0.9 0.6 0.5 0.5],9,0.0
245,3,0,65,0,0,[9 5 5 5 5],[1 6 6 6 6],[1 0.9 0.6 0.5 0.5],3,0.0
246,3,0,66,1,0,[7 7 5 5 5],[6 6 6 6 6],[1 0.9 0.6 0.5 0.5],10,0.0
247,3,0,67,1,0,[1 6 6 6 6],[9 5 5 5 5],[1 0.9 0.6 0.5 0.5],6,0.0
248,3,0,68,1,0,[6 6 6 6 6],[8 8 5 5 5],[1 0.9 0.6 0.5 0.5],8,0.0
249,3,0,69,1,0,[2 2 3 3 3],[10 10 2 2 2],[1 0.9 0.6 0.5 0.5],4,0.0
250,3,0,70,1,0,[7 7 5 5 5],[6 6 6 6 6],[1 0.9 0.6 0.5 0.5],10,0.0
251,3,0,71,0,0,[10 10 2 2 2],[2 2 3 3 3],[1 0.9 0.6 0.5 0.5],5,0.0
252,3,0,72,1,0,[6 6 6 6 6],[8 8 5 5 5],[1 0.9 0.6 0.5 0.5],8,0.0
253,3,0,73,1,0,[6 6 6 6 6],[10 10 5 5 5],[1 0.9 0.6 0.5 0.5],9,0.0
254,3,0,74,0,0,[10 10 2 2 2],[2 2 3 3 3],[1 0.9 0.6 0.5 0.5],5,0.0
255,3,0,75,1,0,[1 6 6 6 6],[9 5 5 5 5],[1 0.9 0.6 0.5 0.5],6,0.0
256,3,0,76,1,0,[2 2 3 3 3],[10 10 2 2 2],[1 0.9 0.6 0.5 0.5],4,0.0
257,3,0,77,0,0,[10 10 5 5 5],[6 6 6 6 6],[1 0.9 0.6 0.5 0.5],2,0.0
258,3,0,78,0,0,[9 5 5 5 5],[1 6 6 6 6],[1 0.9 0.6 0.5 0.5],3,0.0
259,3,0,79,0,0,[8 8 5 5 5],[6 6 6 6 6],[1 0.9 0.6 0.5 0.5],7,0.0
260,3,0,80,0,0,[10 10 2 2 2],[2 2 3 3 3],[1 0.9 0.6 0.5 0.5],5,0.0
261,3,0,81,1,0,[2 2 3 3 3],[10 10 2 2 2],[1 0.9 0.6 0.5 0.5],4,0.0
262,3,0,82,1,0,[6 6 6 6 6],[10 10 5 5 5],[1 0.9 0.6 0.5 0.5],9,0.0
263,3,0,83,1,0,[1 6 6 6 6],[9 5 5 5 5],[1 0.9 0.6 0.5 0.5],6,0.0
264,3,0,84,0,0,[10 10 2 2 2],[2 2 3 3 3],[1 0.9 0.6 0.5 0.5],5,0.0
265,3,0,85,1,0,[10 10 5 5 5],[6 6 6 6 6],[1 0.9 0.6 0.5 0.5],2,0.0
266,3,0,86,1,0,[2 2 3 3 3],[10 10 2 2 2],[1 0.9 0.6 0.5 0.5],4,0.0
267,3,0,87,1,0,[6 6 6 6 6],[10 10 5 5 5],[1 0.9 0.6 0.5 0.5],9,0.0
268,3,0,88,1,0,[6 6 6 6 6],[10 10 5 5 5],[1 0.9 0.6 0.5 0.5],9,0.0
269,3,0,89,0,0,[9 5 5 5 5],[1 6 6 6 6],[1 0.9 0.6 0.5 0.5],3,0.0
270,4,0,0,1,0,[6 6 6 6 6],[7 7 5 5 5],[1 0.9 0.6 0.5 0.5],1,0.0
271,4,0,1,1,0,[10 10 5 5 5],[6 6 6 6 6],[1 0.9 0.6 0.5 0.5],2,0.0
272,4,0,2,0,0,[9 5 5 5 5],[1 6 6 6 6],[1 0.9 0.6 0.5 0.5],3,0.0
273,4,0,3,1,0,[2 2 3 3 3],[10 10 2 2 2],[1 0.9 0.6 0.5 0.5],4,0.0
274,4,0,4,0,0,[10 10 2 2 2],[2 2 3 3 3],[1 0.9 0.6 0.5 0.5],5,0.0
275,4,0,5,0,0,[10 10 5 5 5],[6 6 6 6 6],[1 0.9 0.6 0.5 0.5],2,0.0
276,4,0,6,0,0,[10 10 2 2 2],[2 2 3 3 3],[1 0.9 0.6 0.5 0.5],5,0.0
277,4,0,7,1,0,[10 10 5 5 5],[6 6 6 6 6],[1 0.9 0.6 0.5 0.5],2,0.0
278,4,0,8,1,0,[1 6 6 6 6],[9 5 5 5 5],[1 0.9 0.6 0.5 0.5],6,0.0
279,4,0,9,0,0,[9 5 5 5 5],[1 6 6 6 6],[1 0.9 0.6 0.5 0.5],3,0.0
280,4,0,10,0,0,[8 8 5 5 5],[6 6 6 6 6],[1 0.9 0.6 0.5 0.5],7,0.0
281,4,0,11,1,0,[6 6 6 6 6],[8 8 5 5 5],[1 0.9 0.6 0.5 0.5],8,0.0
282,4,0,12,0,0,[8 8 5 5 5],[6 6 6 6 6],[1 0.9 0.6 0.5 0.5],7,0.0
283,4,0,13,1,0,[6 6 6 6 6],[8 8 5 5 5],[1 0.9 0.6 0.5 0.5],8,0.0
284,4,0,14,1,0,[8 8 5 5 5],[6 6 6 6 6],[1 0.9 0.6 0.5 0.5],7,0.0
285,4,0,15,1,0,[6 6 6 6 6],[10 10 5 5 5],[1 0.9 0.6 0.5 0.5],9,0.0
286,4,0,16,0,0,[10 10 5 5 5],[6 6 6 6 6],[1 0.9 0.6 0.5 0.5],2,0.0
287,4,0,17,1,0,[6 6 6 6 6],[8 8 5 5 5],[1 0.9 0.6 0.5 0.5],8,0.0
288,4,0,18,1,0,[6 6 6 6 6],[7 7 5 5 5],[1 0.9 0.6 0.5 0.5],1,0.0
289,4,0,19,0,0,[6 6 6 6 6],[8 8 5 5 5],[1 0.9 0.6 0.5 0.5],8,0.0
290,4,0,20,0,0,[9 5 5 5 5],[1 6 6 6 6],[1 0.9 0.6 0.5 0.5],3,0.0
291,4,0,21,1,0,[6 6 6 6 6],[10 10 5 5 5],[1 0.9 0.6 0.5 0.5],9,0.0
292,4,0,22,1,0,[6 6 6 6 6],[8 8 5 5 5],[1 0.9 0.6 0.5 0.5],8,0.0
293,4,0,23,1,0,[6 6 6 6 6],[7 7 5 5 5],[1 0.9 0.6 0.5 0.5],1,0.0
294,4,0,24,0,0,[10 10 5 5 5],[6 6 6 6 6],[1 0.9 0.6 0.5 0.5],2,0.0
295,4,0,25,1,0,[2 2 3 3 3],[10 10 2 2 2],[1 0.9 0.6 0.5 0.5],4,0.0
296,4,0,26,0,0,[7 7 5 5 5],[6 6 6 6 6],[1 0.9 0.6 0.5 0.5],10,0.0
297,4,0,27,0,0,[10 10 2 2 2],[2 2 3 3 3],[1 0.9 0.6 0.5 0.5],5,0.0
298,4,0,28,1,0,[6 6 6 6 6],[7 7 5 5 5],[1 0.9 0.6 0.5 0.5],1,0.0
299,4,0,29,1,0,[1 6 6 6 6],[9 5 5 5 5],[1 0.9 0.6 0.5 0.5],6,0.0
300,4,0,30,1,0,[2 2 3 3 3],[10 10 2 2 2],[1 0.9 0.6 0.5 0.5],4,0.0
301,4,0,31,0,0,[10 10 2 2 2],[2 2 3 3 3],[1 0.9 0.6 0.5 0.5],5,0.0
302,4,0,32,0,0,[7 7 5 5 5],[6 6 6 6 6],[1 0.9 0.6 0.5 0.5],10,0.0
303,4,0,33,1,0,[6 6 6 6 6],[8 8 5 5 5],[1 0.9 0.6 0.5 0.5],8,0.0
304,4,0,34,0,0,[8 8 5 5 5],[6 6 6 6 6],[1 0.9 0.6 0.5 0.5],7,0.0
305,4,0,35,0,0,[10 10 5 5 5],[6 6 6 6 6],[1 0.9 0.6 0.5 0.5],2,0.0
306,4,0,36,1,0,[6 6 6 6 6],[7 7 5 5 5],[1 0.9 0.6 0.5 0.5],1,0.0
307,4,0,37,1,0,[1 6 6 6 6],[9 5 5 5 5],[1 0.9 0.6 0.5 0.5],6,0.0
308,4,0,38,1,0,[6 6 6 6 6],[7 7 5 5 5],[1 0.9 0.6 0.5 0.5],1,0.0
309,4,0,39,0,0,[8 8 5 5 5],[6 6 6 6 6],[1 0.9 0.6 0.5 0.5],7,0.0
310,4,0,40,0,0,[7 7 5 5 5],[6 6 6 6 6],[1 0.9 0.6 0.5 0.5],10,0.0
311,4,0,41,1,0,[6 6 6 6 6],[7 7 5 5 5],[1 0.9 0.6 0.5 0.5],1,0.0
312,4,0,42,0,0,[7 7 5 5 5],[6 6 6 6 6],[1 0.9 0.6 0.5 0.5],10,0.0
313,4,0,43,1,0,[6 6 6 6 6],[7 7 5 5 5],[1 0.9 0.6 0.5 0.5],1,0.0
314,4,0,44,1,0,[2 2 3 3 3],[10 10 2 2 2],[1 0.9 0.6 0.5 0.5],4,0.0
315,4,0,45,1,0,[1 6 6 6 6],[9 5 5 5 5],[1 0.9 0.6 0.5 0.5],6,0.0
316,4,0,46,0,0,[9 5 5 5 5],[1 6 6 6 6],[1 0.9 0.6 0.5 0.5],3,0.0
317,4,0,47,0,0,[8 8 5 5 5],[6 6 6 6 6],[1 0.9 0.6 0.5 0.5],7,0.0
318,4,0,48,1,0,[6 6 6 6 6],[10 10 5 5 5],[1 0.9 0.6 0.5 0.5],9,0.0
319,4,0,49,1,0,[6 6 6 6 6],[7 7 5 5 5],[1 0.9 0.6 0.5 0.5],1,0.0
320,4,0,50,0,0,[9 5 5 5 5],[1 6 6 6 6],[1 0.9 0.6 0.5 0.5],3,0.0
321,4,0,51,1,0,[6 6 6 6 6],[8 8 5 5 5],[1 0.9 0.6 0.5 0.5],8,0.0
322,4,0,52,0,0,[9 5 5 5 5],[1 6 6 6 6],[1 0.9 0.6 0.5 0.5],3,0.0
323,4,0,53,0,0,[8 8 5 5 5],[6 6 6 6 6],[1 0.9 0.6 0.5 0.5],7,0.0
324,4,0,54,0,0,[10 10 5 5 5],[6 6 6 6 6],[1 0.9 0.6 0.5 0.5],2,0.0
325,4,0,55,0,0,[7 7 5 5 5],[6 6 6 6 6],[1 0.9 0.6 0.5 0.5],10,0.0
326,4,0,56,1,0,[2 2 3 3 3],[10 10 2 2 2],[1 0.9 0.6 0.5 0.5],4,0.0
327,4,0,57,0,0,[7 7 5 5 5],[6 6 6 6 6],[1 0.9 0.6 0.5 0.5],10,0.0
328,4,0,58,0,0,[8 8 5 5 5],[6 6 6 6 6],[1 0.9 0.6 0.5 0.5],7,0.0
329,4,0,59,0,0,[10 10 2 2 2],[2 2 3 3 3],[1 0.9 0.6 0.5 0.5],5,0.0
330,4,0,60,1,0,[6 6 6 6 6],[10 10 5 5 5],[1 0.9 0.6 0.5 0.5],9,0.0
331,4,0,61,1,0,[1 6 6 6 6],[9 5 5 5 5],[1 0.9 0.6 0.5 0.5],6,0.0
332,4,0,62,1,0,[1 6 6 6 6],[9 5 5 5 5],[1 0.9 0.6 0.5 0.5],6,0.0
333,4,0,63,0,0,[7 7 5 5 5],[6 6 6 6 6],[1 0.9 0.6 0.5 0.5],10,0.0
334,4,0,64,1,0,[6 6 6 6 6],[10 10 5 5 5],[1 0.9 0.6 0.5 0.5],9,0.0
335,4,0,65,0,0,[9 5 5 5 5],[1 6 6 6 6],[1 0.9 0.6 0.5 0.5],3,0.0
336,4,0,66,0,0,[7 7 5 5 5],[6 6 6 6 6],[1 0.9 0.6 0.5 0.5],10,0.0
337,4,0,67,1,0,[1 6 6 6 6],[9 5 5 5 5],[1 0.9 0.6 0.5 0.5],6,0.0
338,4,0,68,1,0,[6 6 6 6 6],[8 8 5 5 5],[1 0.9 0.6 0.5 0.5],8,0.0
339,4,0,69,1,0,[2 2 3 3 3],[10 10 2 2 2],[1 0.9 0.6 0.5 0.5],4,0.0
340,4,0,70,0,0,[7 7 5 5 5],[6 6 6 6 6],[1 0.9 0.6 0.5 0.5],10,0.0
341,4,0,71,0,0,[10 10 2 2 2],[2 2 3 3 3],[1 0.9 0.6 0.5 0.5],5,0.0
342,4,0,72,1,0,[6 6 6 6 6],[8 8 5 5 5],[1 0.9 0.6 0.5 0.5],8,0.0
343,4,0,73,1,0,[6 6 6 6 6],[10 10 5 5 5],[1 0.9 0.6 0.5 0.5],9,0.0
344,4,0,74,0,0,[10 10 2 2 2],[2 2 3 3 3],[1 0.9 0.6 0.5 0.5],5,0.0
345,4,0,75,1,0,[1 6 6 6 6],[9 5 5 5 5],[1 0.9 0.6 0.5 0.5],6,0.0
346,4,0,76,1,0,[2 2 3 3 3],[10 10 2 2 2],[1 0.9 0.6 0.5 0.5],4,0.0
347,4,0,77,0,0,[10 10 5 5 5],[6 6 6 6 6],[1 0.9 0.6 0.5 0.5],2,0.0
348,4,0,78,0,0,[9 5 5 5 5],[1 6 6 6 6],[1 0.9 0.6 0.5 0.5],3,0.0
349,4,0,79,0,0,[8 8 5 5 5],[6 6 6 6 6],[1 0.9 0.6 0.5 0.5],7,0.0
350,4,0,80,0,0,[10 10 2 2 2],[2 2 3 3 3],[1 0.9 0.6 0.5 0.5],5,0.0
351,4,0,81,1,0,[2 2 3 3 3],[10 10 2 2 2],[1 0.9 0.6 0.5 0.5],4,0.0
352,4,0,82,1,0,[6 6 6 6 6],[10 10 5 5 5],[1 0.9 0.6 0.5 0.5],9,0.0
353,4,0,83,1,0,[1 6 6 6 6],[9 5 5 5 5],[1 0.9 0.6 0.5 0.5],6,0.0
354,4,0,84,0,0,[10 10 2 2 2],[2 2 3 3 3],[1 0.9 0.6 0.5 0.5],5,0.0
355,4,0,85,0,0,[10 10 5 5 5],[6 6 6 6 6],[1 0.9 0.6 0.5 0.5],2,0.0
356,4,0,86,1,0,[2 2 3 3 3],[10 10 2 2 2],[1 0.9 0.6 0.5 0.5],4,0.0
357,4,0,87,1,0,[6 6 6 6 6],[10 10 5 5 5],[1 0.9 0.6 0.5 0.5],9,0.0
358,4,0,88,1,0,[6 6 6 6 6],[10 10 5 5 5],[1 0.9 0.6 0.5 0.5],9,0.0
359,4,0,89,0,0,[9 5 5 5 5],[1 6 6 6 6],[1 0.9 0.6 0.5 0.5],3,0.0
360,5,0,0,1,0,[6 6 6 6 6],[7 7 5 5 5],[1 0.9 0.6 0.5 0.5],1,0.0
361,5,0,1,0,0,[10 10 5 5 5],[6 6 6 6 6],[1 0.9 0.6 0.5 0.5],2,0.0
362,5,0,2,0,0,[9 5 5 5 5],[1 6 6 6 6],[1 0.9 0.6 0.5 0.5],3,0.0
363,5,0,3,0,0,[2 2 3 3 3],[10 10 2 2 2],[1 0.9 0.6 0.5 0.5],4,0.0
364,5,0,4,1,0,[10 10 2 2 2],[2 2 3 3 3],[1 0.9 0.6 0.5 0.5],5,0.0
365,5,0,5,0,0,[10 10 5 5 5],[6 6 6 6 6],[1 0.9 0.6 0.5 0.5],2,0.0
366,5,0,6,0,0,[10 10 2 2 2],[2 2 3 3 3],[1 0.9 0.6 0.5 0.5],5,0.0
367,5,0,7,0,0,[10 10 5 5 5],[6 6 6 6 6],[1 0.9 0.6 0.5 0.5],2,0.0
368,5,0,8,1,0,[1 6 6 6 6],[9 5 5 5 5],[1 0.9 0.6 0.5 0.5],6,0.0
369,5,0,9,0,0,[9 5 5 5 5],[1 6 6 6 6],[1 0.9 0.6 0.5 0.5],3,0.0
370,5,0,10,0,0,[8 8 5 5 5],[6 6 6 6 6],[1 0.9 0.6 0.5 0.5],7,0.0
371,5,0,11,1,0,[6 6 6 6 6],[8 8 5 5 5],[1 0.9 0.6 0.5 0.5],8,0.0
372,5,0,12,0,0,[8 8 5 5 5],[6 6 6 6 6],[1 0.9 0.6 0.5 0.5],7,0.0
373,5,0,13,1,0,[6 6 6 6 6],[8 8 5 5 5],[1 0.9 0.6 0.5 0.5],8,0.0
374,5,0,14,1,0,[8 8 5 5 5],[6 6 6 6 6],[1 0.9 0.6 0.5 0.5],7,0.0
375,5,0,15,0,0,[6 6 6 6 6],[10 10 5 5 5],[1 0.9 0.6 0.5 0.5],9,0.0
376,5,0,16,0,0,[10 10 5 5 5],[6 6 6 6 6],[1 0.9 0.6 0.5 0.5],2,0.0
377,5,0,17,1,0,[6 6 6 6 6],[8 8 5 5 5],[1 0.9 0.6 0.5 0.5],8,0.0
378,5,0,18,1,0,[6 6 6 6 6],[7 7 5 5 5],[1 0.9 0.6 0.5 0.5],1,0.0
379,5,0,19,1,0,[6 6 6 6 6],[8 8 5 5 5],[1 0.9 0.6 0.5 0.5],8,0.0
380,5,0,20,0,0,[9 5 5 5 5],[1 6 6 6 6],[1 0.9 0.6 0.5 0.5],3,0.0
381,5,0,21,1,0,[6 6 6 6 6],[10 10 5 5 5],[1 0.9 0.6 0.5 0.5],9,0.0
382,5,0,22,1,0,[6 6 6 6 6],[8 8 5 5 5],[1 0.9 0.6 0.5 0.5],8,0.0
383,5,0,23,1,0,[6 6 6 6 6],[7 7 5 5 5],[1 0.9 0.6 0.5 0.5],1,0.0
384,5,0,24,0,0,[10 10 5 5 5],[6 6 6 6 6],[1 0.9 0.6 0.5 0.5],2,0.0
385,5,0,25,1,0,[2 2 3 3 3],[10 10 2 2 2],[1 0.9 0.6 0.5 0.5],4,0.0
386,5,0,26,0,0,[7 7 5 5 5],[6 6 6 6 6],[1 0.9 0.6 0.5 0.5],10,0.0
387,5,0,27,0,0,[10 10 2 2 2],[2 2 3 3 3],[1 0.9 0.6 0.5 0.5],5,0.0
388,5,0,28,1,0,[6 6 6 6 6],[7 7 5 5 5],[1 0.9 0.6 0.5 0.5],1,0.0
389,5,0,29,1,0,[1 6 6 6 6],[9 5 5 5 5],[1 0.9 0.6 0.5 0.5],6,0.0
390,5,0,30,1,0,[2 2 3 3 3],[10 10 2 2 2],[1 0.9 0.6 0.5 0.5],4,0.0
391,5,0,31,0,0,[10 10 2 2 2],[2 2 3 3 3],[1 0.9 0.6 0.5 0.5],5,0.0
392,5,0,32,1,0,[7 7 5 5 5],[6 6 6 6 6],[1 0.9 0.6 0.5 0.5],10,0.0
393,5,0,33,0,0,[6 6 6 6 6],[8 8 5 5 5],[1 0.9 0.6 0.5 0.5],8,0.0
394,5,0,34,0,0,[8 8 5 5 5],[6 6 6 6 6],[1 0.9 0.6 0.5 0.5],7,0.0
395,5,0,35,0,0,[10 10 5 5 5],[6 6 6 6 6],[1 0.9 0.6 0.5 0.5],2,0.0
396,5,0,36,1,0,[6 6 6 6 6],[7 7 5 5 5],[1 0.9 0.6 0.5 0.5],1,0.0
397,5,0,37,1,0,[1 6 6 6 6],[9 5 5 5 5],[1 0.9 0.6 0.5 0.5],6,0.0
398,5,0,38,1,0,[6 6 6 6 6],[7 7 5 5 5],[1 0.9 0.6 0.5 0.5],1,0.0
399,5,0,39,1,0,[8 8 5 5 5],[6 6 6 6 6],[1 0.9 0.6 0.5 0.5],7,0.0
400,5,0,40,1,0,[7 7 5 5 5],[6 6 6 6 6],[1 0.9 0.6 0.5 0.5],10,0.0
401,5,0,41,1,0,[6 6 6 6 6],[7 7 5 5 5],[1 0.9 0.6 0.5 0.5],1,0.0
402,5,0,42,0,0,[7 7 5 5 5],[6 6 6 6 6],[1 0.9 0.6 0.5 0.5],10,0.0
403,5,0,43,1,0,[6 6 6 6 6],[7 7 5 5 5],[1 0.9 0.6 0.5 0.5],1,0.0
404,5,0,44,1,0,[2 2 3 3 3],[10 10 2 2 2],[1 0.9 0.6 0.5 0.5],4,0.0
405,5,0,45,1,0,[1 6 6 6 6],[9 5 5 5 5],[1 0.9 0.6 0.5 0.5],6,0.0
406,5,0,46,0,0,[9 5 5 5 5],[1 6 6 6 6],[1 0.9 0.6 0.5 0.5],3,0.0
407,5,0,47,0,0,[8 8 5 5 5],[6 6 6 6 6],[1 0.9 0.6 0.5 0.5],7,0.0
408,5,0,48,1,0,[6 6 6 6 6],[10 10 5 5 5],[1 0.9 0.6 0.5 0.5],9,0.0
409,5,0,49,1,0,[6 6 6 6 6],[7 7 5 5 5],[1 0.9 0.6 0.5 0.5],1,0.0
410,5,0,50,0,0,[9 5 5 5 5],[1 6 6 6 6],[1 0.9 0.6 0.5 0.5],3,0.0
411,5,0,51,1,0,[6 6 6 6 6],[8 8 5 5 5],[1 0.9 0.6 0.5 0.5],8,0.0
412,5,0,52,0,0,[9 5 5 5 5],[1 6 6 6 6],[1 0.9 0.6 0.5 0.5],3,0.0
413,5,0,53,0,0,[8 8 5 5 5],[6 6 6 6 6],[1 0.9 0.6 0.5 0.5],7,0.0
414,5,0,54,0,0,[10 10 5 5 5],[6 6 6 6 6],[1 0.9 0.6 0.5 0.5],2,0.0
415,5,0,55,0,0,[7 7 5 5 5],[6 6 6 6 6],[1 0.9 0.6 0.5 0.5],10,0.0
416,5,0,56,1,0,[2 2 3 3 3],[10 10 2 2 2],[1 0.9 0.6 0.5 0.5],4,0.0
417,5,0,57,0,0,[7 7 5 5 5],[6 6 6 6 6],[1 0.9 0.6 0.5 0.5],10,0.0
418,5,0,58,0,0,[8 8 5 5 5],[6 6 6 6 6],[1 0.9 0.6 0.5 0.5],7,0.0
419,5,0,59,0,0,[10 10 2 2 2],[2 2 3 3 3],[1 0.9 0.6 0.5 0.5],5,0.0
420,5,0,60,1,0,[6 6 6 6 6],[10 10 5 5 5],[1 0.9 0.6 0.5 0.5],9,0.0
421,5,0,61,1,0,[1 6 6 6 6],[9 5 5 5 5],[1 0.9 0.6 0.5 0.5],6,0.0
422,5,0,62,0,0,[1 6 6 6 6],[9 5 5 5 5],[1 0.9 0.6 0.5 0.5],6,0.0
423,5,0,63,0,0,[7 7 5 5 5],[6 6 6 6 6],[1 0.9 0.6 0.5 0.5],10,0.0
424,5,0,64,1,0,[6 6 6 6 6],[10 10 5 5 5],[1 0.9 0.6 0.5 0.5],9,0.0
425,5,0,65,0,0,[9 5 5 5 5],[1 6 6 6 6],[1 0.9 0.6 0.5 0.5],3,0.0
426,5,0,66,1,0,[7 7 5 5 5],[6 6 6 6 6],[1 0.9 0.6 0.5 0.5],10,0.0
427,5,0,67,1,0,[1 6 6 6 6],[9 5 5 5 5],[1 0.9 0.6 0.5 0.5],6,0.0
428,5,0,68,1,0,[6 6 6 6 6],[8 8 5 5 5],[1 0.9 0.6 0.5 0.5],8,0.0
429,5,0,69,1,0,[2 2 3 3 3],[10 10 2 2 2],[1 0.9 0.6 0.5 0.5],4,0.0
430,5,0,70,1,0,[7 7 5 5 5],[6 6 6 6 6],[1 0.9 0.6 0.5 0.5],10,0.0
431,5,0,71,0,0,[10 10 2 2 2],[2 2 3 3 3],[1 0.9 0.6 0.5 0.5],5,0.0
432,5,0,72,1,0,[6 6 6 6 6],[8 8 5 5 5],[1 0.9 0.6 0.5 0.5],8,0.0
433,5,0,73,1,0,[6 6 6 6 6],[10 10 5 5 5],[1 0.9 0.6 0.5 0.5],9,0.0
434,5,0,74,0,0,[10 10 2 2 2],[2 2 3 3 3],[1 0.9 0.6 0.5 0.5],5,0.0
435,5,0,75,1,0,[1 6 6 6 6],[9 5 5 5 5],[1 0.9 0.6 0.5 0.5],6,0.0
436,5,0,76,1,0,[2 2 3 3 3],[10 10 2 2 2],[1 0.9 0.6 0.5 0.5],4,0.0
437,5,0,77,0,0,[10 10 5 5 5],[6 6 6 6 6],[1 0.9 0.6 0.5 0.5],2,0.0
438,5,0,78,0,0,[9 5 5 5 5],[1 6 6 6 6],[1 0.9 0.6 0.5 0.5],3,0.0
439,5,0,79,0,0,[8 8 5 5 5],[6 6 6 6 6],[1 0.9 0.6 0.5 0.5],7,0.0
440,5,0,80,0,0,[10 10 2 2 2],[2 2 3 3 3],[1 0.9 0.6 0.5 0.5],5,0.0
441,5,0,81,1,0,[2 2 3 3 3],[10 10 2 2 2],[1 0.9 0.6 0.5 0.5],4,0.0
442,5,0,82,1,0,[6 6 6 6 6],[10 10 5 5 5],[1 0.9 0.6 0.5 0.5],9,0.0
443,5,0,83,1,0,[1 6 6 6 6],[9 5 5 5 5],[1 0.9 0.6 0.5 0.5],6,0.0
444,5,0,84,0,0,[10 10 2 2 2],[2 2 3 3 3],[1 0.9 0.6 0.5 0.5],5,0.0
445,5,0,85,0,0,[10 10 5 5 5],[6 6 6 6 6],[1 0.9 0.6 0.5 0.5],2,0.0
446,5,0,86,1,0,[2 2 3 3 3],[10 10 2 2 2],[1 0.9 0.6 0.5 0.5],4,0.0
447,5,0,87,1,0,[6 6 6 6 6],[10 10 5 5 5],[1 0.9 0.6 0.5 0.5],9,0.0
448,5,0,88,1,0,[6 6 6 6 6],[10 10 5 5 5],[1 0.9 0.6 0.5 0.5],9,0.0
449,5,0,89,0,0,[9 5 5 5 5],[1 6 6 6 6],[1 0.9 0.6 0.5 0.5],3,0.0
450,6,0,0,1,0,[6 6 6 6 6],[7 7 5 5 5],[1 0.9 0.6 0.5 0.5],1,0.0
451,6,0,1,0,0,[10 10 5 5 5],[6 6 6 6 6],[1 0.9 0.6 0.5 0.5],2,0.0
452,6,0,2,0,0,[9 5 5 5 5],[1 6 6 6 6],[1 0.9 0.6 0.5 0.5],3,0.0
453,6,0,3,0,0,[2 2 3 3 3],[10 10 2 2 2],[1 0.9 0.6 0.5 0.5],4,0.0
454,6,0,4,1,0,[10 10 2 2 2],[2 2 3 3 3],[1 0.9 0.6 0.5 0.5],5,0.0
455,6,0,5,1,0,[10 10 5 5 5],[6 6 6 6 6],[1 0.9 0.6 0.5 0.5],2,0.0
456,6,0,6,0,0,[10 10 2 2 2],[2 2 3 3 3],[1 0.9 0.6 0.5 0.5],5,0.0
457,6,0,7,0,0,[10 10 5 5 5],[6 6 6 6 6],[1 0.9 0.6 0.5 0.5],2,0.0
458,6,0,8,0,0,[1 6 6 6 6],[9 5 5 5 5],[1 0.9 0.6 0.5 0.5],6,0.0
459,6,0,9,0,0,[9 5 5 5 5],[1 6 6 6 6],[1 0.9 0.6 0.5 0.5],3,0.0
460,6,0,10,0,0,[8 8 5 5 5],[6 6 6 6 6],[1 0.9 0.6 0.5 0.5],7,0.0
461,6,0,11,1,0,[6 6 6 6 6],[8 8 5 5 5],[1 0.9 0.6 0.5 0.5],8,0.0
462,6,0,12,0,0,[8 8 5 5 5],[6 6 6 6 6],[1 0.9 0.6 0.5 0.5],7,0.0
463,6,0,13,1,0,[6 6 6 6 6],[8 8 5 5 5],[1 0.9 0.6 0.5 0.5],8,0.0
464,6,0,14,1,0,[8 8 5 5 5],[6 6 6 6 6],[1 0.9 0.6 0.5 0.5],7,0.0
465,6,0,15,1,0,[6 6 6 6 6],[10 10 5 5 5],[1 0.9 0.6 0.5 0.5],9,0.0
466,6,0,16,0,0,[10 10 5 5 5],[6 6 6 6 6],[1 0.9 0.6 0.5 0.5],2,0.0
467,6,0,17,0,0,[6 6 6 6 6],[8 8 5 5 5],[1 0.9 0.6 0.5 0.5],8,0.0
468,6,0,18,0,0,[6 6 6 6 6],[7 7 5 5 5],[1 0.9 0.6 0.5 0.5],1,0.0
469,6,0,19,1,0,[6 6 6 6 6],[8 8 5 5 5],[1 0.9 0.6 0.5 0.5],8,0.0
470,6,0,20,1,0,[9 5 5 5 5],[1 6 6 6 6],[1 0.9 0.6 0.5 0.5],3,0.0
471,6,0,21,1,0,[6 6 6 6 6],[10 10 5 5 5],[1 0.9 0.6 0.5 0.5],9,0.0
472,6,0,22,1,0,[6 6 6 6 6],[8 8 5 5 5],[1 0.9 0.6 0.5 0.5],8,0.0
473,6,0,23,0,0,[6 6 6 6 6],[7 7 5 5 5],[1 0.9 0.6 0.5 0.5],1,0.0
474,6,0,24,1,0,[10 10 5 5 5],[6 6 6 6 6],[1 0.9 0.6 0.5 0.5],2,0.0
475,6,0,25,0,0,[2 2 3 3 3],[10 10 2 2 2],[1 0.9 0.6 0.5 0.5],4,0.0
476,6,0,26,0,0,[7 7 5 5 5],[6 6 6 6 6],[1 0.9 0.6 0.5 0.5],10,0.0
477,6,0,27,1,0,[10 10 2 2 2],[2 2 3 3 3],[1 0.9 0.6 0.5 0.5],5,0.0
478,6,0,28,0,0,[6 6 6 6 6],[7 7 5 5 5],[1 0.9 0.6 0.5 0.5],1,0.0
479,6,0,29,1,0,[1 6 6 6 6],[9 5 5 5 5],[1 0.9 0.6 0.5 0.5],6,0.0
480,6,0,30,0,0,[2 2 3 3 3],[10 10 2 2 2],[1 0.9 0.6 0.5 0.5],4,0.0
481,6,0,31,0,0,[10 10 2 2 2],[2 2 3 3 3],[1 0.9 0.6 0.5 0.5],5,0.0
482,6,0,32,0,0,[7 7 5 5 5],[6 6 6 6 6],[1 0.9 0.6 0.5 0.5],10,0.0
483,6,0,33,1,0,[6 6 6 6 6],[8 8 5 5 5],[1 0.9 0.6 0.5 0.5],8,0.0
484,6,0,34,1,0,[8 8 5 5 5],[6 6 6 6 6],[1 0.9 0.6 0.5 0.5],7,0.0
485,6,0,35,0,0,[10 10 5 5 5],[6 6 6 6 6],[1 0.9 0.6 0.5 0.5],2,0.0
486,6,0,36,1,0,[6 6 6 6 6],[7 7 5 5 5],[1 0.9 0.6 0.5 0.5],1,0.0
487,6,0,37,0,0,[1 6 6 6 6],[9 5 5 5 5],[1 0.9 0.6 0.5 0.5],6,0.0
488,6,0,38,1,0,[6 6 6 6 6],[7 7 5 5 5],[1 0.9 0.6 0.5 0.5],1,0.0
489,6,0,39,0,0,[8 8 5 5 5],[6 6 6 6 6],[1 0.9 0.6 0.5 0.5],7,0.0
490,6,0,40,1,0,[7 7 5 5 5],[6 6 6 6 6],[1 0.9 0.6 0.5 0.5],10,0.0
491,6,0,41,0,0,[6 6 6 6 6],[7 7 5 5 5],[1 0.9 0.6 0.5 0.5],1,0.0
492,6,0,42,1,0,[7 7 5 5 5],[6 6 6 6 6],[1 0.9 0.6 0.5 0.5],10,0.0
493,6,0,43,0,0,[6 6 6 6 6],[7 7 5 5 5],[1 0.9 0.6 0.5 0.5],1,0.0
494,6,0,44,1,0,[2 2 3 3 3],[10 10 2 2 2],[1 0.9 0.6 0.5 0.5],4,0.0
495,6,0,45,1,0,[1 6 6 6 6],[9 5 5 5 5],[1 0.9 0.6 0.5 0.5],6,0.0
496,6,0,46,0,0,[9 5 5 5 5],[1 6 6 6 6],[1 0.9 0.6 0.5 0.5],3,0.0
497,6,0,47,0,0,[8 8 5 5 5],[6 6 6 6 6],[1 0.9 0.6 0.5 0.5],7,0.0
498,6,0,48,0,0,[6 6 6 6 6],[10 10 5 5 5],[1 0.9 0.6 0.5 0.5],9,0.0
499,6,0,49,1,0,[6 6 6 6 6],[7 7 5 5 5],[1 0.9 0.6 0.5 0.5],1,0.0
500,6,0,50,0,0,[9 5 5 5 5],[1 6 6 6 6],[1 0.9 0.6 0.5 0.5],3,0.0
501,6,0,51,1,0,[6 6 6 6 6],[8 8 5 5 5],[1 0.9 0.6 0.5 0.5],8,0.0
502,6,0,52,0,0,[9 5 5 5 5],[1 6 6 6 6],[1 0.9 0.6 0.5 0.5],3,0.0
503,6,0,53,1,0,[8 8 5 5 5],[6 6 6 6 6],[1 0.9 0.6 0.5 0.5],7,0.0
504,6,0,54,1,0,[10 10 5 5 5],[6 6 6 6 6],[1 0.9 0.6 0.5 0.5],2,0.0
505,6,0,55,1,0,[7 7 5 5 5],[6 6 6 6 6],[1 0.9 0.6 0.5 0.5],10,0.0
506,6,0,56,1,0,[2 2 3 3 3],[10 10 2 2 2],[1 0.9 0.6 0.5 0.5],4,0.0
507,6,0,57,1,0,[7 7 5 5 5],[6 6 6 6 6],[1 0.9 0.6 0.5 0.5],10,0.0
508,6,0,58,1,0,[8 8 5 5 5],[6 6 6 6 6],[1 0.9 0.6 0.5 0.5],7,0.0
509,6,0,59,1,0,[10 10 2 2 2],[2 2 3 3 3],[1 0.9 0.6 0.5 0.5],5,0.0
510,6,0,60,1,0,[6 6 6 6 6],[10 10 5 5 5],[1 0.9 0.6 0.5 0.5],9,0.0
511,6,0,61,1,0,[1 6 6 6 6],[9 5 5 5 5],[1 0.9 0.6 0.5 0.5],6,0.0
512,6,0,62,1,0,[1 6 6 6 6],[9 5 5 5 5],[1 0.9 0.6 0.5 0.5],6,0.0
513,6,0,63,1,0,[7 7 5 5 5],[6 6 6 6 6],[1 0.9 0.6 0.5 0.5],10,0.0
514,6,0,64,1,0,[6 6 6 6 6],[10 10 5 5 5],[1 0.9 0.6 0.5 0.5],9,0.0
515,6,0,65,1,0,[9 5 5 5 5],[1 6 6 6 6],[1 0.9 0.6 0.5 0.5],3,0.0
516,6,0,66,1,0,[7 7 5 5 5],[6 6 6 6 6],[1 0.9 0.6 0.5 0.5],10,0.0
517,6,0,67,1,0,[1 6 6 6 6],[9 5 5 5 5],[1 0.9 0.6 0.5 0.5],6,0.0
518,6,0,68,1,0,[6 6 6 6 6],[8 8 5 5 5],[1 0.9 0.6 0.5 0.5],8,0.0
519,6,0,69,1,0,[2 2 3 3 3],[10 10 2 2 2],[1 0.9 0.6 0.5 0.5],4,0.0
520,6,0,70,1,0,[7 7 5 5 5],[6 6 6 6 6],[1 0.9 0.6 0.5 0.5],10,0.0
521,6,0,71,1,0,[10 10 2 2 2],[2 2 3 3 3],[1 0.9 0.6 0.5 0.5],5,0.0
522,6,0,72,1,0,[6 6 6 6 6],[8 8 5 5 5],[1 0.9 0.6 0.5 0.5],8,0.0
523,6,0,73,1,0,[6 6 6 6 6],[10 10 5 5 5],[1 0.9 0.6 0.5 0.5],9,0.0
524,6,0,74,1,0,[10 10 2 2 2],[2 2 3 3 3],[1 0.9 0.6 0.5 0.5],5,0.0
525,6,0,75,1,0,[1 6 6 6 6],[9 5 5 5 5],[1 0.9 0.6 0.5 0.5],6,0.0
526,6,0,76,1,0,[2 2 3 3 3],[10 10 2 2 2],[1 0.9 0.6 0.5 0.5],4,0.0
527,6,0,77,1,0,[10 10 5 5 5],[6 6 6 6 6],[1 0.9 0.6 0.5 0.5],2,0.0
528,6,0,78,1,0,[9 5 5 5 5],[1 6 6 6 6],[1 0.9 0.6 0.5 0.5],3,0.0
529,6,0,79,1,0,[8 8 5 5 5],[6 6 6 6 6],[1 0.9 0.6 0.5 0.5],7,0.0
530,6,0,80,1,0,[10 10 2 2 2],[2 2 3 3 3],[1 0.9 0.6 0.5 0.5],5,0.0
531,6,0,81,1,0,[2 2 3 3 3],[10 10 2 2 2],[1 0.9 0.6 0.5 0.5],4,0.0
532,6,0,82,1,0,[6 6 6 6 6],[10 10 5 5 5],[1 0.9 0.6 0.5 0.5],9,0.0
533,6,0,83,1,0,[1 6 6 6 6],[9 5 5 5 5],[1 0.9 0.6 0.5 0.5],6,0.0
534,6,0,84,1,0,[10 10 2 2 2],[2 2 3 3 3],[1 0.9 0.6 0.5 0.5],5,0.0
535,6,0,85,1,0,[10 10 5 5 5],[6 6 6 6 6],[1 0.9 0.6 0.5 0.5],2,0.0
536,6,0,86,1,0,[2 2 3 3 3],[10 10 2 2 2],[1 0.9 0.6 0.5 0.5],4,0.0
537,6,0,87,1,0,[6 6 6 6 6],[10 10 5 5 5],[1 0.9 0.6 0.5 0.5],9,0.0
538,6,0,88,1,0,[6 6 6 6 6],[10 10 5 5 5],[1 0.9 0.6 0.5 0.5],9,0.0
539,6,0,89,1,0,[9 5 5 5 5],[1 6 6 6 6],[1 0.9 0.6 0.5 0.5],3,0.0
540,7,0,0,0,0,[6 6 6 6 6],[7 7 5 5 5],[1 0.9 0.6 0.5 0.5],1,0.0
541,7,0,1,0,0,[10 10 5 5 5],[6 6 6 6 6],[1 0.9 0.6 0.5 0.5],2,0.0
542,7,0,2,0,0,[9 5 5 5 5],[1 6 6 6 6],[1 0.9 0.6 0.5 0.5],3,0.0
543,7,0,3,0,0,[2 2 3 3 3],[10 10 2 2 2],[1 0.9 0.6 0.5 0.5],4,0.0
544,7,0,4,1,0,[10 10 2 2 2],[2 2 3 3 3],[1 0.9 0.6 0.5 0.5],5,0.0
545,7,0,5,1,0,[10 10 5 5 5],[6 6 6 6 6],[1 0.9 0.6 0.5 0.5],2,0.0
546,7,0,6,1,0,[10 10 2 2 2],[2 2 3 3 3],[1 0.9 0.6 0.5 0.5],5,0.0
547,7,0,7,0,0,[10 10 5 5 5],[6 6 6 6 6],[1 0.9 0.6 0.5 0.5],2,0.0
548,7,0,8,0,0,[1 6 6 6 6],[9 5 5 5 5],[1 0.9 0.6 0.5 0.5],6,0.0
549,7,0,9,0,0,[9 5 5 5 5],[1 6 6 6 6],[1 0.9 0.6 0.5 0.5],3,0.0
550,7,0,10,0,0,[8 8 5 5 5],[6 6 6 6 6],[1 0.9 0.6 0.5 0.5],7,0.0
551,7,0,11,0,0,[6 6 6 6 6],[8 8 5 5 5],[1 0.9 0.6 0.5 0.5],8,0.0
552,7,0,12,0,0,[8 8 5 5 5],[6 6 6 6 6],[1 0.9 0.6 0.5 0.5],7,0.0
553,7,0,13,1,0,[6 6 6 6 6],[8 8 5 5 5],[1 0.9 0.6 0.5 0.5],8,0.0
554,7,0,14,0,0,[8 8 5 5 5],[6 6 6 6 6],[1 0.9 0.6 0.5 0.5],7,0.0
555,7,0,15,0,0,[6 6 6 6 6],[10 10 5 5 5],[1 0.9 0.6 0.5 0.5],9,0.0
556,7,0,16,1,0,[10 10 5 5 5],[6 6 6 6 6],[1 0.9 0.6 0.5 0.5],2,0.0
557,7,0,17,1,0,[6 6 6 6 6],[8 8 5 5 5],[1 0.9 0.6 0.5 0.5],8,0.0
558,7,0,18,1,0,[6 6 6 6 6],[7 7 5 5 5],[1 0.9 0.6 0.5 0.5],1,0.0
559,7,0,19,0,0,[6 6 6 6 6],[8 8 5 5 5],[1 0.9 0.6 0.5 0.5],8,0.0
560,7,0,20,1,0,[9 5 5 5 5],[1 6 6 6 6],[1 0.9 0.6 0.5 0.5],3,0.0
561,7,0,21,0,0,[6 6 6 6 6],[10 10 5 5 5],[1 0.9 0.6 0.5 0.5],9,0.0
562,7,0,22,1,0,[6 6 6 6 6],[8 8 5 5 5],[1 0.9 0.6 0.5 0.5],8,0.0
563,7,0,23,0,0,[6 6 6 6 6],[7 7 5 5 5],[1 0.9 0.6 0.5 0.5],1,0.0
564,7,0,24,1,0,[10 10 5 5 5],[6 6 6 6 6],[1 0.9 0.6 0.5 0.5],2,0.0
565,7,0,25,1,0,[2 2 3 3 3],[10 10 2 2 2],[1 0.9 0.6 0.5 0.5],4,0.0
566,7,0,26,0,0,[7 7 5 5 5],[6 6 6 6 6],[1 0.9 0.6 0.5 0.5],10,0.0
567,7,0,27,1,0,[10 10 2 2 2],[2 2 3 3 3],[1 0.9 0.6 0.5 0.5],5,0.0
568,7,0,28,1,0,[6 6 6 6 6],[7 7 5 5 5],[1 0.9 0.6 0.5 0.5],1,0.0
569,7,0,29,1,0,[1 6 6 6 6],[9 5 5 5 5],[1 0.9 0.6 0.5 0.5],6,0.0
570,7,0,30,1,0,[2 2 3 3 3],[10 10 2 2 2],[1 0.9 0.6 0.5 0.5],4,0.0
571,7,0,31,0,0,[10 10 2 2 2],[2 2 3 3 3],[1 0.9 0.6 0.5 0.5],5,0.0
572,7,0,32,0,0,[7 7 5 5 5],[6 6 6 6 6],[1 0.9 0.6 0.5 0.5],10,0.0
573,7,0,33,1,0,[6 6 6 6 6],[8 8 5 5 5],[1 0.9 0.6 0.5 0.5],8,0.0
574,7,0,34,0,0,[8 8 5 5 5],[6 6 6 6 6],[1 0.9 0.6 0.5 0.5],7,0.0
575,7,0,35,0,0,[10 10 5 5 5],[6 6 6 6 6],[1 0.9 0.6 0.5 0.5],2,0.0
576,7,0,36,1,0,[6 6 6 6 6],[7 7 5 5 5],[1 0.9 0.6 0.5 0.5],1,0.0
577,7,0,37,1,0,[1 6 6 6 6],[9 5 5 5 5],[1 0.9 0.6 0.5 0.5],6,0.0
578,7,0,38,1,0,[6 6 6 6 6],[7 7 5 5 5],[1 0.9 0.6 0.5 0.5],1,0.0
579,7,0,39,0,0,[8 8 5 5 5],[6 6 6 6 6],[1 0.9 0.6 0.5 0.5],7,0.0
580,7,0,40,0,0,[7 7 5 5 5],[6 6 6 6 6],[1 0.9 0.6 0.5 0.5],10,0.0
581,7,0,41,1,0,[6 6 6 6 6],[7 7 5 5 5],[1 0.9 0.6 0.5 0.5],1,0.0
582,7,0,42,0,0,[7 7 5 5 5],[6 6 6 6 6],[1 0.9 0.6 0.5 0.5],10,0.0
583,7,0,43,1,0,[6 6 6 6 6],[7 7 5 5 5],[1 0.9 0.6 0.5 0.5],1,0.0
584,7,0,44,1,0,[2 2 3 3 3],[10 10 2 2 2],[1 0.9 0.6 0.5 0.5],4,0.0
585,7,0,45,1,0,[1 6 6 6 6],[9 5 5 5 5],[1 0.9 0.6 0.5 0.5],6,0.0
586,7,0,46,0,0,[9 5 5 5 5],[1 6 6 6 6],[1 0.9 0.6 0.5 0.5],3,0.0
587,7,0,47,0,0,[8 8 5 5 5],[6 6 6 6 6],[1 0.9 0.6 0.5 0.5],7,0.0
588,7,0,48,1,0,[6 6 6 6 6],[10 10 5 5 5],[1 0.9 0.6 0.5 0.5],9,0.0
589,7,0,49,0,0,[6 6 6 6 6],[7 7 5 5 5],[1 0.9 0.6 0.5 0.5],1,0.0
590,7,0,50,0,0,[9 5 5 5 5],[1 6 6 6 6],[1 0.9 0.6 0.5 0.5],3,0.0
591,7,0,51,1,0,[6 6 6 6 6],[8 8 5 5 5],[1 0.9 0.6 0.5 0.5],8,0.0
592,7,0,52,0,0,[9 5 5 5 5],[1 6 6 6 6],[1 0.9 0.6 0.5 0.5],3,0.0
593,7,0,53,0,0,[8 8 5 5 5],[6 6 6 6 6],[1 0.9 0.6 0.5 0.5],7,0.0
594,7,0,54,0,0,[10 10 5 5 5],[6 6 6 6 6],[1 0.9 0.6 0.5 0.5],2,0.0
595,7,0,55,0,0,[7 7 5 5 5],[6 6 6 6 6],[1 0.9 0.6 0.5 0.5],10,0.0
596,7,0,56,1,0,[2 2 3 3 3],[10 10 2 2 2],[1 0.9 0.6 0.5 0.5],4,0.0
597,7,0,57,0,0,[7 7 5 5 5],[6 6 6 6 6],[1 0.9 0.6 0.5 0.5],10,0.0
598,7,0,58,0,0,[8 8 5 5 5],[6 6 6 6 6],[1 0.9 0.6 0.5 0.5],7,0.0
599,7,0,59,0,0,[10 10 2 2 2],[2 2 3 3 3],[1 0.9 0.6 0.5 0.5],5,0.0
600,7,0,60,1,0,[6 6 6 6 6],[10 10 5 5 5],[1 0.9 0.6 0.5 0.5],9,0.0
601,7,0,61,1,0,[1 6 6 6 6],[9 5 5 5 5],[1 0.9 0.6 0.5 0.5],6,0.0
602,7,0,62,1,0,[1 6 6 6 6],[9 5 5 5 5],[1 0.9 0.6 0.5 0.5],6,0.0
603,7,0,63,0,0,[7 7 5 5 5],[6 6 6 6 6],[1 0.9 0.6 0.5 0.5],10,0.0
604,7,0,64,1,0,[6 6 6 6 6],[10 10 5 5 5],[1 0.9 0.6 0.5 0.5],9,0.0
605,7,0,65,0,0,[9 5 5 5 5],[1 6 6 6 6],[1 0.9 0.6 0.5 0.5],3,0.0
606,7,0,66,0,0,[7 7 5 5 5],[6 6 6 6 6],[1 0.9 0.6 0.5 0.5],10,0.0
607,7,0,67,1,0,[1 6 6 6 6],[9 5 5 5 5],[1 0.9 0.6 0.5 0.5],6,0.0
608,7,0,68,1,0,[6 6 6 6 6],[8 8 5 5 5],[1 0.9 0.6 0.5 0.5],8,0.0
609,7,0,69,1,0,[2 2 3 3 3],[10 10 2 2 2],[1 0.9 0.6 0.5 0.5],4,0.0
610,7,0,70,0,0,[7 7 5 5 5],[6 6 6 6 6],[1 0.9 0.6 0.5 0.5],10,0.0
611,7,0,71,0,0,[10 10 2 2 2],[2 2 3 3 3],[1 0.9 0.6 0.5 0.5],5,0.0
612,7,0,72,1,0,[6 6 6 6 6],[8 8 5 5 5],[1 0.9 0.6 0.5 0.5],8,0.0
613,7,0,73,1,0,[6 6 6 6 6],[10 10 5 5 5],[1 0.9 0.6 0.5 0.5],9,0.0
614,7,0,74,0,0,[10 10 2 2 2],[2 2 3 3 3],[1 0.9 0.6 0.5 0.5],5,0.0
615,7,0,75,1,0,[1 6 6 6 6],[9 5 5 5 5],[1 0.9 0.6 0.5 0.5],6,0.0
616,7,0,76,1,0,[2 2 3 3 3],[10 10 2 2 2],[1 0.9 0.6 0.5 0.5],4,0.0
617,7,0,77,0,0,[10 10 5 5 5],[6 6 6 6 6],[1 0.9 0.6 0.5 0.5],2,0.0
618,7,0,78,0,0,[9 5 5 5 5],[1 6 6 6 6],[1 0.9 0.6 0.5 0.5],3,0.0
619,7,0,79,0,0,[8 8 5 5 5],[6 6 6 6 6],[1 0.9 0.6 0.5 0.5],7,0.0
620,7,0,80,0,0,[10 10 2 2 2],[2 2 3 3 3],[1 0.9 0.6 0.5 0.5],5,0.0
621,7,0,81,1,0,[2 2 3 3 3],[10 10 2 2 2],[1 0.9 0.6 0.5 0.5],4,0.0
622,7,0,82,1,0,[6 6 6 6 6],[10 10 5 5 5],[1 0.9 0.6 0.5 0.5],9,0.0
623,7,0,83,1,0,[1 6 6 6 6],[9 5 5 5 5],[1 0.9 0.6 0.5 0.5],6,0.0
624,7,0,84,0,0,[10 10 2 2 2],[2 2 3 3 3],[1 0.9 0.6 0.5 0.5],5,0.0
625,7,0,85,0,0,[10 10 5 5 5],[6 6 6 6 6],[1 0.9 0.6 0.5 0.5],2,0.0
626,7,0,86,1,0,[2 2 3 3 3],[10 10 2 2 2],[1 0.9 0.6 0.5 0.5],4,0.0
627,7,0,87,1,0,[6 6 6 6 6],[10 10 5 5 5],[1 0.9 0.6 0.5 0.5],9,0.0
628,7,0,88,1,0,[6 6 6 6 6],[10 10 5 5 5],[1 0.9 0.6 0.5 0.5],9,0.0
629,7,0,89,0,0,[9 5 5 5 5],[1 6 6 6 6],[1 0.9 0.6 0.5 0.5],3,0.0
630,8,0,0,1,0,[6 6 6 6 6],[7 7 5 5 5],[1 0.9 0.6 0.5 0.5],1,0.0
631,8,0,1,0,0,[10 10 5 5 5],[6 6 6 6 6],[1 0.9 0.6 0.5 0.5],2,0.0
632,8,0,2,0,0,[9 5 5 5 5],[1 6 6 6 6],[1 0.9 0.6 0.5 0.5],3,0.0
633,8,0,3,1,0,[2 2 3 3 3],[10 10 2 2 2],[1 0.9 0.6 0.5 0.5],4,0.0
634,8,0,4,0,0,[10 10 2 2 2],[2 2 3 3 3],[1 0.9 0.6 0.5 0.5],5,0.0
635,8,0,5,0,0,[10 10 5 5 5],[6 6 6 6 6],[1 0.9 0.6 0.5 0.5],2,0.0
636,8,0,6,0,0,[10 10 2 2 2],[2 2 3 3 3],[1 0.9 0.6 0.5 0.5],5,0.0
637,8,0,7,0,0,[10 10 5 5 5],[6 6 6 6 6],[1 0.9 0.6 0.5 0.5],2,0.0
638,8,0,8,1,0,[1 6 6 6 6],[9 5 5 5 5],[1 0.9 0.6 0.5 0.5],6,0.0
639,8,0,9,0,0,[9 5 5 5 5],[1 6 6 6 6],[1 0.9 0.6 0.5 0.5],3,0.0
640,8,0,10,0,0,[8 8 5 5 5],[6 6 6 6 6],[1 0.9 0.6 0.5 0.5],7,0.0
641,8,0,11,0,0,[6 6 6 6 6],[8 8 5 5 5],[1 0.9 0.6 0.5 0.5],8,0.0
642,8,0,12,0,0,[8 8 5 5 5],[6 6 6 6 6],[1 0.9 0.6 0.5 0.5],7,0.0
643,8,0,13,1,0,[6 6 6 6 6],[8 8 5 5 5],[1 0.9 0.6 0.5 0.5],8,0.0
644,8,0,14,1,0,[8 8 5 5 5],[6 6 6 6 6],[1 0.9 0.6 0.5 0.5],7,0.0
645,8,0,15,1,0,[6 6 6 6 6],[10 10 5 5 5],[1 0.9 0.6 0.5 0.5],9,0.0
646,8,0,16,0,0,[10 10 5 5 5],[6 6 6 6 6],[1 0.9 0.6 0.5 0.5],2,0.0
647,8,0,17,1,0,[6 6 6 6 6],[8 8 5 5 5],[1 0.9 0.6 0.5 0.5],8,0.0
648,8,0,18,0,0,[6 6 6 6 6],[7 7 5 5 5],[1 0.9 0.6 0.5 0.5],1,0.0
649,8,0,19,1,0,[6 6 6 6 6],[8 8 5 5 5],[1 0.9 0.6 0.5 0.5],8,0.0
650,8,0,20,0,0,[9 5 5 5 5],[1 6 6 6 6],[1 0.9 0.6 0.5 0.5],3,0.0
651,8,0,21,1,0,[6 6 6 6 6],[10 10 5 5 5],[1 0.9 0.6 0.5 0.5],9,0.0
652,8,0,22,1,0,[6 6 6 6 6],[8 8 5 5 5],[1 0.9 0.6 0.5 0.5],8,0.0
653,8,0,23,1,0,[6 6 6 6 6],[7 7 5 5 5],[1 0.9 0.6 0.5 0.5],1,0.0
654,8,0,24,0,0,[10 10 5 5 5],[6 6 6 6 6],[1 0.9 0.6 0.5 0.5],2,0.0
655,8,0,25,1,0,[2 2 3 3 3],[10 10 2 2 2],[1 0.9 0.6 0.5 0.5],4,0.0
656,8,0,26,0,0,[7 7 5 5 5],[6 6 6 6 6],[1 0.9 0.6 0.5 0.5],10,0.0
657,8,0,27,1,0,[10 10 2 2 2],[2 2 3 3 3],[1 0.9 0.6 0.5 0.5],5,0.0
658,8,0,28,0,0,[6 6 6 6 6],[7 7 5 5 5],[1 0.9 0.6 0.5 0.5],1,0.0
659,8,0,29,1,0,[1 6 6 6 6],[9 5 5 5 5],[1 0.9 0.6 0.5 0.5],6,0.0
660,8,0,30,1,0,[2 2 3 3 3],[10 10 2 2 2],[1 0.9 0.6 0.5 0.5],4,0.0
661,8,0,31,0,0,[10 10 2 2 2],[2 2 3 3 3],[1 0.9 0.6 0.5 0.5],5,0.0
662,8,0,32,0,0,[7 7 5 5 5],[6 6 6 6 6],[1 0.9 0.6 0.5 0.5],10,0.0
663,8,0,33,1,0,[6 6 6 6 6],[8 8 5 5 5],[1 0.9 0.6 0.5 0.5],8,0.0
664,8,0,34,0,0,[8 8 5 5 5],[6 6 6 6 6],[1 0.9 0.6 0.5 0.5],7,0.0
665,8,0,35,0,0,[10 10 5 5 5],[6 6 6 6 6],[1 0.9 0.6 0.5 0.5],2,0.0
666,8,0,36,1,0,[6 6 6 6 6],[7 7 5 5 5],[1 0.9 0.6 0.5 0.5],1,0.0
667,8,0,37,1,0,[1 6 6 6 6],[9 5 5 5 5],[1 0.9 0.6 0.5 0.5],6,0.0
668,8,0,38,0,0,[6 6 6 6 6],[7 7 5 5 5],[1 0.9 0.6 0.5 0.5],1,0.0
669,8,0,39,0,0,[8 8 5 5 5],[6 6 6 6 6],[1 0.9 0.6 0.5 0.5],7,0.0
670,8,0,40,1,0,[7 7 5 5 5],[6 6 6 6 6],[1 0.9 0.6 0.5 0.5],10,0.0
671,8,0,41,1,0,[6 6 6 6 6],[7 7 5 5 5],[1 0.9 0.6 0.5 0.5],1,0.0
672,8,0,42,0,0,[7 7 5 5 5],[6 6 6 6 6],[1 0.9 0.6 0.5 0.5],10,0.0
673,8,0,43,1,0,[6 6 6 6 6],[7 7 5 5 5],[1 0.9 0.6 0.5 0.5],1,0.0
674,8,0,44,1,0,[2 2 3 3 3],[10 10 2 2 2],[1 0.9 0.6 0.5 0.5],4,0.0
675,8,0,45,1,0,[1 6 6 6 6],[9 5 5 5 5],[1 0.9 0.6 0.5 0.5],6,0.0
676,8,0,46,0,0,[9 5 5 5 5],[1 6 6 6 6],[1 0.9 0.6 0.5 0.5],3,0.0
677,8,0,47,0,0,[8 8 5 5 5],[6 6 6 6 6],[1 0.9 0.6 0.5 0.5],7,0.0
678,8,0,48,1,0,[6 6 6 6 6],[10 10 5 5 5],[1 0.9 0.6 0.5 0.5],9,0.0
679,8,0,49,0,0,[6 6 6 6 6],[7 7 5 5 5],[1 0.9 0.6 0.5 0.5],1,0.0
680,8,0,50,0,0,[9 5 5 5 5],[1 6 6 6 6],[1 0.9 0.6 0.5 0.5],3,0.0
681,8,0,51,1,0,[6 6 6 6 6],[8 8 5 5 5],[1 0.9 0.6 0.5 0.5],8,0.0
682,8,0,52,0,0,[9 5 5 5 5],[1 6 6 6 6],[1 0.9 0.6 0.5 0.5],3,0.0
683,8,0,53,0,0,[8 8 5 5 5],[6 6 6 6 6],[1 0.9 0.6 0.5 0.5],7,0.0
684,8,0,54,0,0,[10 10 5 5 5],[6 6 6 6 6],[1 0.9 0.6 0.5 0.5],2,0.0
685,8,0,55,0,0,[7 7 5 5 5],[6 6 6 6 6],[1 0.9 0.6 0.5 0.5],10,0.0
686,8,0,56,1,0,[2 2 3 3 3],[10 10 2 2 2],[1 0.9 0.6 0.5 0.5],4,0.0
687,8,0,57,0,0,[7 7 5 5 5],[6 6 6 6 6],[1 0.9 0.6 0.5 0.5],10,0.0
688,8,0,58,1,0,[8 8 5 5 5],[6 6 6 6 6],[1 0.9 0.6 0.5 0.5],7,0.0
689,8,0,59,0,0,[10 10 2 2 2],[2 2 3 3 3],[1 0.9 0.6 0.5 0.5],5,0.0
690,8,0,60,1,0,[6 6 6 6 6],[10 10 5 5 5],[1 0.9 0.6 0.5 0.5],9,0.0
691,8,0,61,1,0,[1 6 6 6 6],[9 5 5 5 5],[1 0.9 0.6 0.5 0.5],6,0.0
692,8,0,62,1,0,[1 6 6 6 6],[9 5 5 5 5],[1 0.9 0.6 0.5 0.5],6,0.0
693,8,0,63,0,0,[7 7 5 5 5],[6 6 6 6 6],[1 0.9 0.6 0.5 0.5],10,0.0
694,8,0,64,1,0,[6 6 6 6 6],[10 10 5 5 5],[1 0.9 0.6 0.5 0.5],9,0.0
695,8,0,65,0,0,[9 5 5 5 5],[1 6 6 6 6],[1 0.9 0.6 0.5 0.5],3,0.0
696,8,0,66,0,0,[7 7 5 5 5],[6 6 6 6 6],[1 0.9 0.6 0.5 0.5],10,0.0
697,8,0,67,1,0,[1 6 6 6 6],[9 5 5 5 5],[1 0.9 0.6 0.5 0.5],6,0.0
698,8,0,68,1,0,[6 6 6 6 6],[8 8 5 5 5],[1 0.9 0.6 0.5 0.5],8,0.0
699,8,0,69,1,0,[2 2 3 3 3],[10 10 2 2 2],[1 0.9 0.6 0.5 0.5],4,0.0
700,8,0,70,0,0,[7 7 5 5 5],[6 6 6 6 6],[1 0.9 0.6 0.5 0.5],10,0.0
701,8,0,71,0,0,[10 10 2 2 2],[2 2 3 3 3],[1 0.9 0.6 0.5 0.5],5,0.0
702,8,0,72,1,0,[6 6 6 6 6],[8 8 5 5 5],[1 0.9 0.6 0.5 0.5],8,0.0
703,8,0,73,1,0,[6 6 6 6 6],[10 10 5 5 5],[1 0.9 0.6 0.5 0.5],9,0.0
704,8,0,74,0,0,[10 10 2 2 2],[2 2 3 3 3],[1 0.9 0.6 0.5 0.5],5,0.0
705,8,0,75,1,0,[1 6 6 6 6],[9 5 5 5 5],[1 0.9 0.6 0.5 0.5],6,0.0
706,8,0,76,1,0,[2 2 3 3 3],[10 10 2 2 2],[1 0.9 0.6 0.5 0.5],4,0.0
707,8,0,77,0,0,[10 10 5 5 5],[6 6 6 6 6],[1 0.9 0.6 0.5 0.5],2,0.0
708,8,0,78,0,0,[9 5 5 5 5],[1 6 6 6 6],[1 0.9 0.6 0.5 0.5],3,0.0
709,8,0,79,0,0,[8 8 5 5 5],[6 6 6 6 6],[1 0.9 0.6 0.5 0.5],7,0.0
710,8,0,80,0,0,[10 10 2 2 2],[2 2 3 3 3],[1 0.9 0.6 0.5 0.5],5,0.0
711,8,0,81,1,0,[2 2 3 3 3],[10 10 2 2 2],[1 0.9 0.6 0.5 0.5],4,0.0
712,8,0,82,0,0,[6 6 6 6 6],[10 10 5 5 5],[1 0.9 0.6 0.5 0.5],9,0.0
713,8,0,83,1,0,[1 6 6 6 6],[9 5 5 5 5],[1 0.9 0.6 0.5 0.5],6,0.0
714,8,0,84,0,0,[10 10 2 2 2],[2 2 3 3 3],[1 0.9 0.6 0.5 0.5],5,0.0
715,8,0,85,0,0,[10 10 5 5 5],[6 6 6 6 6],[1 0.9 0.6 0.5 0.5],2,0.0
716,8,0,86,1,0,[2 2 3 3 3],[10 10 2 2 2],[1 0.9 0.6 0.5 0.5],4,0.0
717,8,0,87,1,0,[6 6 6 6 6],[10 10 5 5 5],[1 0.9 0.6 0.5 0.5],9,0.0
718,8,0,88,1,0,[6 6 6 6 6],[10 10 5 5 5],[1 0.9 0.6 0.5 0.5],9,0.0
719,8,0,89,0,0,[9 5 5 5 5],[1 6 6 6 6],[1 0.9 0.6 0.5 0.5],3,0.0
720,9,0,0,1,0,[6 6 6 6 6],[7 7 5 5 5],[1 0.9 0.6 0.5 0.5],1,0.0
721,9,0,1,0,0,[10 10 5 5 5],[6 6 6 6 6],[1 0.9 0.6 0.5 0.5],2,0.0
722,9,0,2,0,0,[9 5 5 5 5],[1 6 6 6 6],[1 0.9 0.6 0.5 0.5],3,0.0
723,9,0,3,0,0,[2 2 3 3 3],[10 10 2 2 2],[1 0.9 0.6 0.5 0.5],4,0.0
724,9,0,4,1,0,[10 10 2 2 2],[2 2 3 3 3],[1 0.9 0.6 0.5 0.5],5,0.0
725,9,0,5,1,0,[10 10 5 5 5],[6 6 6 6 6],[1 0.9 0.6 0.5 0.5],2,0.0
726,9,0,6,1,0,[10 10 2 2 2],[2 2 3 3 3],[1 0.9 0.6 0.5 0.5],5,0.0
727,9,0,7,0,0,[10 10 5 5 5],[6 6 6 6 6],[1 0.9 0.6 0.5 0.5],2,0.0
728,9,0,8,0,0,[1 6 6 6 6],[9 5 5 5 5],[1 0.9 0.6 0.5 0.5],6,0.0
729,9,0,9,0,0,[9 5 5 5 5],[1 6 6 6 6],[1 0.9 0.6 0.5 0.5],3,0.0
730,9,0,10,0,0,[8 8 5 5 5],[6 6 6 6 6],[1 0.9 0.6 0.5 0.5],7,0.0
731,9,0,11,0,0,[6 6 6 6 6],[8 8 5 5 5],[1 0.9 0.6 0.5 0.5],8,0.0
732,9,0,12,0,0,[8 8 5 5 5],[6 6 6 6 6],[1 0.9 0.6 0.5 0.5],7,0.0
733,9,0,13,1,0,[6 6 6 6 6],[8 8 5 5 5],[1 0.9 0.6 0.5 0.5],8,0.0
734,9,0,14,1,0,[8 8 5 5 5],[6 6 6 6 6],[1 0.9 0.6 0.5 0.5],7,0.0
735,9,0,15,0,0,[6 6 6 6 6],[10 10 5 5 5],[1 0.9 0.6 0.5 0.5],9,0.0
736,9,0,16,1,0,[10 10 5 5 5],[6 6 6 6 6],[1 0.9 0.6 0.5 0.5],2,0.0
737,9,0,17,1,0,[6 6 6 6 6],[8 8 5 5 5],[1 0.9 0.6 0.5 0.5],8,0.0
738,9,0,18,0,0,[6 6 6 6 6],[7 7 5 5 5],[1 0.9 0.6 0.5 0.5],1,0.0
739,9,0,19,0,0,[6 6 6 6 6],[8 8 5 5 5],[1 0.9 0.6 0.5 0.5],8,0.0
740,9,0,20,1,0,[9 5 5 5 5],[1 6 6 6 6],[1 0.9 0.6 0.5 0.5],3,0.0
741,9,0,21,0,0,[6 6 6 6 6],[10 10 5 5 5],[1 0.9 0.6 0.5 0.5],9,0.0
742,9,0,22,1,0,[6 6 6 6 6],[8 8 5 5 5],[1 0.9 0.6 0.5 0.5],8,0.0
743,9,0,23,0,0,[6 6 6 6 6],[7 7 5 5 5],[1 0.9 0.6 0.5 0.5],1,0.0
744,9,0,24,1,0,[10 10 5 5 5],[6 6 6 6 6],[1 0.9 0.6 0.5 0.5],2,0.0
745,9,0,25,1,0,[2 2 3 3 3],[10 10 2 2 2],[1 0.9 0.6 0.5 0.5],4,0.0
746,9,0,26,1,0,[7 7 5 5 5],[6 6 6 6 6],[1 0.9 0.6 0.5 0.5],10,0.0
747,9,0,27,1,0,[10 10 2 2 2],[2 2 3 3 3],[1 0.9 0.6 0.5 0.5],5,0.0
748,9,0,28,0,0,[6 6 6 6 6],[7 7 5 5 5],[1 0.9 0.6 0.5 0.5],1,0.0
749,9,0,29,1,0,[1 6 6 6 6],[9 5 5 5 5],[1 0.9 0.6 0.5 0.5],6,0.0
750,9,0,30,1,0,[2 2 3 3 3],[10 10 2 2 2],[1 0.9 0.6 0.5 0.5],4,0.0
751,9,0,31,0,0,[10 10 2 2 2],[2 2 3 3 3],[1 0.9 0.6 0.5 0.5],5,0.0
752,9,0,32,0,0,[7 7 5 5 5],[6 6 6 6 6],[1 0.9 0.6 0.5 0.5],10,0.0
753,9,0,33,0,0,[6 6 6 6 6],[8 8 5 5 5],[1 0.9 0.6 0.5 0.5],8,0.0
754,9,0,34,0,0,[8 8 5 5 5],[6 6 6 6 6],[1 0.9 0.6 0.5 0.5],7,0.0
755,9,0,35,1,0,[10 10 5 5 5],[6 6 6 6 6],[1 0.9 0.6 0.5 0.5],2,0.0
756,9,0,36,1,0,[6 6 6 6 6],[7 7 5 5 5],[1 0.9 0.6 0.5 0.5],1,0.0
757,9,0,37,1,0,[1 6 6 6 6],[9 5 5 5 5],[1 0.9 0.6 0.5 0.5],6,0.0
758,9,0,38,0,0,[6 6 6 6 6],[7 7 5 5 5],[1 0.9 0.6 0.5 0.5],1,0.0
759,9,0,39,1,0,[8 8 5 5 5],[6 6 6 6 6],[1 0.9 0.6 0.5 0.5],7,0.0
760,9,0,40,0,0,[7 7 5 5 5],[6 6 6 6 6],[1 0.9 0.6 0.5 0.5],10,0.0
761,9,0,41,1,0,[6 6 6 6 6],[7 7 5 5 5],[1 0.9 0.6 0.5 0.5],1,0.0
762,9,0,42,0,0,[7 7 5 5 5],[6 6 6 6 6],[1 0.9 0.6 0.5 0.5],10,0.0
763,9,0,43,0,0,[6 6 6 6 6],[7 7 5 5 5],[1 0.9 0.6 0.5 0.5],1,0.0
764,9,0,44,1,0,[2 2 3 3 3],[10 10 2 2 2],[1 0.9 0.6 0.5 0.5],4,0.0
765,9,0,45,1,0,[1 6 6 6 6],[9 5 5 5 5],[1 0.9 0.6 0.5 0.5],6,0.0
766,9,0,46,1,0,[9 5 5 5 5],[1 6 6 6 6],[1 0.9 0.6 0.5 0.5],3,0.0
767,9,0,47,0,0,[8 8 5 5 5],[6 6 6 6 6],[1 0.9 0.6 0.5 0.5],7,0.0
768,9,0,48,0,0,[6 6 6 6 6],[10 10 5 5 5],[1 0.9 0.6 0.5 0.5],9,0.0
769,9,0,49,1,0,[6 6 6 6 6],[7 7 5 5 5],[1 0.9 0.6 0.5 0.5],1,0.0
770,9,0,50,1,0,[9 5 5 5 5],[1 6 6 6 6],[1 0.9 0.6 0.5 0.5],3,0.0
771,9,0,51,1,0,[6 6 6 6 6],[8 8 5 5 5],[1 0.9 0.6 0.5 0.5],8,0.0
772,9,0,52,1,0,[9 5 5 5 5],[1 6 6 6 6],[1 0.9 0.6 0.5 0.5],3,0.0
773,9,0,53,0,0,[8 8 5 5 5],[6 6 6 6 6],[1 0.9 0.6 0.5 0.5],7,0.0
774,9,0,54,1,0,[10 10 5 5 5],[6 6 6 6 6],[1 0.9 0.6 0.5 0.5],2,0.0
775,9,0,55,0,0,[7 7 5 5 5],[6 6 6 6 6],[1 0.9 0.6 0.5 0.5],10,0.0
776,9,0,56,1,0,[2 2 3 3 3],[10 10 2 2 2],[1 0.9 0.6 0.5 0.5],4,0.0
777,9,0,57,0,0,[7 7 5 5 5],[6 6 6 6 6],[1 0.9 0.6 0.5 0.5],10,0.0
778,9,0,58,1,0,[8 8 5 5 5],[6 6 6 6 6],[1 0.9 0.6 0.5 0.5],7,0.0
779,9,0,59,0,0,[10 10 2 2 2],[2 2 3 3 3],[1 0.9 0.6 0.5 0.5],5,0.0
780,9,0,60,1,0,[6 6 6 6 6],[10 10 5 5 5],[1 0.9 0.6 0.5 0.5],9,0.0
781,9,0,61,1,0,[1 6 6 6 6],[9 5 5 5 5],[1 0.9 0.6 0.5 0.5],6,0.0
782,9,0,62,0,0,[1 6 6 6 6],[9 5 5 5 5],[1 0.9 0.6 0.5 0.5],6,0.0
783,9,0,63,0,0,[7 7 5 5 5],[6 6 6 6 6],[1 0.9 0.6 0.5 0.5],10,0.0
784,9,0,64,0,0,[6 6 6 6 6],[10 10 5 5 5],[1 0.9 0.6 0.5 0.5],9,0.0
785,9,0,65,0,0,[9 5 5 5 5],[1 6 6 6 6],[1 0.9 0.6 0.5 0.5],3,0.0
786,9,0,66,1,0,[7 7 5 5 5],[6 6 6 6 6],[1 0.9 0.6 0.5 0.5],10,0.0
787,9,0,67,0,0,[1 6 6 6 6],[9 5 5 5 5],[1 0.9 0.6 0.5 0.5],6,0.0
788,9,0,68,0,0,[6 6 6 6 6],[8 8 5 5 5],[1 0.9 0.6 0.5 0.5],8,0.0
789,9,0,69,0,0,[2 2 3 3 3],[10 10 2 2 2],[1 0.9 0.6 0.5 0.5],4,0.0
790,9,0,70,1,0,[7 7 5 5 5],[6 6 6 6 6],[1 0.9 0.6 0.5 0.5],10,0.0
791,9,0,71,0,0,[10 10 2 2 2],[2 2 3 3 3],[1 0.9 0.6 0.5 0.5],5,0.0
792,9,0,72,0,0,[6 6 6 6 6],[8 8 5 5 5],[1 0.9 0.6 0.5 0.5],8,0.0
793,9,0,73,1,0,[6 6 6 6 6],[10 10 5 5 5],[1 0.9 0.6 0.5 0.5],9,0.0
794,9,0,74,1,0,[10 10 2 2 2],[2 2 3 3 3],[1 0.9 0.6 0.5 0.5],5,0.0
795,9,0,75,1,0,[1 6 6 6 6],[9 5 5 5 5],[1 0.9 0.6 0.5 0.5],6,0.0
796,9,0,76,1,0,[2 2 3 3 3],[10 10 2 2 2],[1 0.9 0.6 0.5 0.5],4,0.0
797,9,0,77,0,0,[10 10 5 5 5],[6 6 6 6 6],[1 0.9 0.6 0.5 0.5],2,0.0
798,9,0,78,1,0,[9 5 5 5 5],[1 6 6 6 6],[1 0.9 0.6 0.5 0.5],3,0.0
799,9,0,79,0,0,[8 8 5 5 5],[6 6 6 6 6],[1 0.9 0.6 0.5 0.5],7,0.0
800,9,0,80,0,0,[10 10 2 2 2],[2 2 3 3 3],[1 0.9 0.6 0.5 0.5],5,0.0
801,9,0,81,1,0,[2 2 3 3 3],[10 10 2 2 2],[1 0.9 0.6 0.5 0.5],4,0.0
802,9,0,82,1,0,[6 6 6 6 6],[10 10 5 5 5],[1 0.9 0.6 0.5 0.5],9,0.0
803,9,0,83,1,0,[1 6 6 6 6],[9 5 5 5 5],[1 0.9 0.6 0.5 0.5],6,0.0
804,9,0,84,1,0,[10 10 2 2 2],[2 2 3 3 3],[1 0.9 0.6 0.5 0.5],5,0.0
805,9,0,85,1,0,[10 10 5 5 5],[6 6 6 6 6],[1 0.9 0.6 0.5 0.5],2,0.0
806,9,0,86,1,0,[2 2 3 3 3],[10 10 2 2 2],[1 0.9 0.6 0.5 0.5],4,0.0
807,9,0,87,0,0,[6 6 6 6 6],[10 10 5 5 5],[1 0.9 0.6 0.5 0.5],9,0.0
808,9,0,88,0,0,[6 6 6 6 6],[10 10 5 5 5],[1 0.9 0.6 0.5 0.5],9,0.0
809,9,0,89,1,0,[9 5 5 5 5],[1 6 6 6 6],[1 0.9 0.6 0.5 0.5],3,0.0
810,10,0,0,1,0,[6 6 6 6 6],[7 7 5 5 5],[1 0.9 0.6 0.5 0.5],1,0.0
811,10,0,1,0,0,[10 10 5 5 5],[6 6 6 6 6],[1 0.9 0.6 0.5 0.5],2,0.0
812,10,0,2,0,0,[9 5 5 5 5],[1 6 6 6 6],[1 0.9 0.6 0.5 0.5],3,0.0
813,10,0,3,1,0,[2 2 3 3 3],[10 10 2 2 2],[1 0.9 0.6 0.5 0.5],4,0.0
814,10,0,4,0,0,[10 10 2 2 2],[2 2 3 3 3],[1 0.9 0.6 0.5 0.5],5,0.0
815,10,0,5,0,0,[10 10 5 5 5],[6 6 6 6 6],[1 0.9 0.6 0.5 0.5],2,0.0
816,10,0,6,0,0,[10 10 2 2 2],[2 2 3 3 3],[1 0.9 0.6 0.5 0.5],5,0.0
817,10,0,7,0,0,[10 10 5 5 5],[6 6 6 6 6],[1 0.9 0.6 0.5 0.5],2,0.0
818,10,0,8,1,0,[1 6 6 6 6],[9 5 5 5 5],[1 0.9 0.6 0.5 0.5],6,0.0
819,10,0,9,0,0,[9 5 5 5 5],[1 6 6 6 6],[1 0.9 0.6 0.5 0.5],3,0.0
820,10,0,10,0,0,[8 8 5 5 5],[6 6 6 6 6],[1 0.9 0.6 0.5 0.5],7,0.0
821,10,0,11,1,0,[6 6 6 6 6],[8 8 5 5 5],[1 0.9 0.6 0.5 0.5],8,0.0
822,10,0,12,0,0,[8 8 5 5 5],[6 6 6 6 6],[1 0.9 0.6 0.5 0.5],7,0.0
823,10,0,13,1,0,[6 6 6 6 6],[8 8 5 5 5],[1 0.9 0.6 0.5 0.5],8,0.0
824,10,0,14,0,0,[8 8 5 5 5],[6 6 6 6 6],[1 0.9 0.6 0.5 0.5],7,0.0
825,10,0,15,1,0,[6 6 6 6 6],[10 10 5 5 5],[1 0.9 0.6 0.5 0.5],9,0.0
826,10,0,16,0,0,[10 10 5 5 5],[6 6 6 6 6],[1 0.9 0.6 0.5 0.5],2,0.0
827,10,0,17,1,0,[6 6 6 6 6],[8 8 5 5 5],[1 0.9 0.6 0.5 0.5],8,0.0
828,10,0,18,0,0,[6 6 6 6 6],[7 7 5 5 5],[1 0.9 0.6 0.5 0.5],1,0.0
829,10,0,19,1,0,[6 6 6 6 6],[8 8 5 5 5],[1 0.9 0.6 0.5 0.5],8,0.0
830,10,0,20,0,0,[9 5 5 5 5],[1 6 6 6 6],[1 0.9 0.6 0.5 0.5],3,0.0
831,10,0,21,1,0,[6 6 6 6 6],[10 10 5 5 5],[1 0.9 0.6 0.5 0.5],9,0.0
832,10,0,22,1,0,[6 6 6 6 6],[8 8 5 5 5],[1 0.9 0.6 0.5 0.5],8,0.0
833,10,0,23,0,0,[6 6 6 6 6],[7 7 5 5 5],[1 0.9 0.6 0.5 0.5],1,0.0
834,10,0,24,0,0,[10 10 5 5 5],[6 6 6 6 6],[1 0.9 0.6 0.5 0.5],2,0.0
835,10,0,25,1,0,[2 2 3 3 3],[10 10 2 2 2],[1 0.9 0.6 0.5 0.5],4,0.0
836,10,0,26,1,0,[7 7 5 5 5],[6 6 6 6 6],[1 0.9 0.6 0.5 0.5],10,0.0
837,10,0,27,0,0,[10 10 2 2 2],[2 2 3 3 3],[1 0.9 0.6 0.5 0.5],5,0.0
838,10,0,28,0,0,[6 6 6 6 6],[7 7 5 5 5],[1 0.9 0.6 0.5 0.5],1,0.0
839,10,0,29,1,0,[1 6 6 6 6],[9 5 5 5 5],[1 0.9 0.6 0.5 0.5],6,0.0
840,10,0,30,1,0,[2 2 3 3 3],[10 10 2 2 2],[1 0.9 0.6 0.5 0.5],4,0.0
841,10,0,31,0,0,[10 10 2 2 2],[2 2 3 3 3],[1 0.9 0.6 0.5 0.5],5,0.0
842,10,0,32,1,0,[7 7 5 5 5],[6 6 6 6 6],[1 0.9 0.6 0.5 0.5],10,0.0
843,10,0,33,0,0,[6 6 6 6 6],[8 8 5 5 5],[1 0.9 0.6 0.5 0.5],8,0.0
844,10,0,34,0,0,[8 8 5 5 5],[6 6 6 6 6],[1 0.9 0.6 0.5 0.5],7,0.0
845,10,0,35,0,0,[10 10 5 5 5],[6 6 6 6 6],[1 0.9 0.6 0.5 0.5],2,0.0
846,10,0,36,1,0,[6 6 6 6 6],[7 7 5 5 5],[1 0.9 0.6 0.5 0.5],1,0.0
847,10,0,37,1,0,[1 6 6 6 6],[9 5 5 5 5],[1 0.9 0.6 0.5 0.5],6,0.0
848,10,0,38,0,0,[6 6 6 6 6],[7 7 5 5 5],[1 0.9 0.6 0.5 0.5],1,0.0
849,10,0,39,0,0,[8 8 5 5 5],[6 6 6 6 6],[1 0.9 0.6 0.5 0.5],7,0.0
850,10,0,40,1,0,[7 7 5 5 5],[6 6 6 6 6],[1 0.9 0.6 0.5 0.5],10,0.0
851,10,0,41,1,0,[6 6 6 6 6],[7 7 5 5 5],[1 0.9 0.6 0.5 0.5],1,0.0
852,10,0,42,1,0,[7 7 5 5 5],[6 6 6 6 6],[1 0.9 0.6 0.5 0.5],10,0.0
853,10,0,43,1,0,[6 6 6 6 6],[7 7 5 5 5],[1 0.9 0.6 0.5 0.5],1,0.0
854,10,0,44,1,0,[2 2 3 3 3],[10 10 2 2 2],[1 0.9 0.6 0.5 0.5],4,0.0
855,10,0,45,1,0,[1 6 6 6 6],[9 5 5 5 5],[1 0.9 0.6 0.5 0.5],6,0.0
856,10,0,46,0,0,[9 5 5 5 5],[1 6 6 6 6],[1 0.9 0.6 0.5 0.5],3,0.0
857,10,0,47,0,0,[8 8 5 5 5],[6 6 6 6 6],[1 0.9 0.6 0.5 0.5],7,0.0
858,10,0,48,1,0,[6 6 6 6 6],[10 10 5 5 5],[1 0.9 0.6 0.5 0.5],9,0.0
859,10,0,49,0,0,[6 6 6 6 6],[7 7 5 5 5],[1 0.9 0.6 0.5 0.5],1,0.0
860,10,0,50,0,0,[9 5 5 5 5],[1 6 6 6 6],[1 0.9 0.6 0.5 0.5],3,0.0
861,10,0,51,1,0,[6 6 6 6 6],[8 8 5 5 5],[1 0.9 0.6 0.5 0.5],8,0.0
862,10,0,52,0,0,[9 5 5 5 5],[1 6 6 6 6],[1 0.9 0.6 0.5 0.5],3,0.0
863,10,0,53,0,0,[8 8 5 5 5],[6 6 6 6 6],[1 0.9 0.6 0.5 0.5],7,0.0
864,10,0,54,0,0,[10 10 5 5 5],[6 6 6 6 6],[1 0.9 0.6 0.5 0.5],2,0.0
865,10,0,55,1,0,[7 7 5 5 5],[6 6 6 6 6],[1 0.9 0.6 0.5 0.5],10,0.0
866,10,0,56,1,0,[2 2 3 3 3],[10 10 2 2 2],[1 0.9 0.6 0.5 0.5],4,0.0
867,10,0,57,0,0,[7 7 5 5 5],[6 6 6 6 6],[1 0.9 0.6 0.5 0.5],10,0.0
868,10,0,58,1,0,[8 8 5 5 5],[6 6 6 6 6],[1 0.9 0.6 0.5 0.5],7,0.0
869,10,0,59,0,0,[10 10 2 2 2],[2 2 3 3 3],[1 0.9 0.6 0.5 0.5],5,0.0
870,10,0,60,1,0,[6 6 6 6 6],[10 10 5 5 5],[1 0.9 0.6 0.5 0.5],9,0.0
871,10,0,61,1,0,[1 6 6 6 6],[9 5 5 5 5],[1 0.9 0.6 0.5 0.5],6,0.0
872,10,0,62,1,0,[1 6 6 6 6],[9 5 5 5 5],[1 0.9 0.6 0.5 0.5],6,0.0
873,10,0,63,0,0,[7 7 5 5 5],[6 6 6 6 6],[1 0.9 0.6 0.5 0.5],10,0.0
874,10,0,64,1,0,[6 6 6 6 6],[10 10 5 5 5],[1 0.9 0.6 0.5 0.5],9,0.0
875,10,0,65,0,0,[9 5 5 5 5],[1 6 6 6 6],[1 0.9 0.6 0.5 0.5],3,0.0
876,10,0,66,1,0,[7 7 5 5 5],[6 6 6 6 6],[1 0.9 0.6 0.5 0.5],10,0.0
877,10,0,67,1,0,[1 6 6 6 6],[9 5 5 5 5],[1 0.9 0.6 0.5 0.5],6,0.0
878,10,0,68,1,0,[6 6 6 6 6],[8 8 5 5 5],[1 0.9 0.6 0.5 0.5],8,0.0
879,10,0,69,1,0,[2 2 3 3 3],[10 10 2 2 2],[1 0.9 0.6 0.5 0.5],4,0.0
880,10,0,70,1,0,[7 7 5 5 5],[6 6 6 6 6],[1 0.9 0.6 0.5 0.5],10,0.0
881,10,0,71,0,0,[10 10 2 2 2],[2 2 3 3 3],[1 0.9 0.6 0.5 0.5],5,0.0
882,10,0,72,1,0,[6 6 6 6 6],[8 8 5 5 5],[1 0.9 0.6 0.5 0.5],8,0.0
883,10,0,73,1,0,[6 6 6 6 6],[10 10 5 5 5],[1 0.9 0.6 0.5 0.5],9,0.0
884,10,0,74,0,0,[10 10 2 2 2],[2 2 3 3 3],[1 0.9 0.6 0.5 0.5],5,0.0
885,10,0,75,1,0,[1 6 6 6 6],[9 5 5 5 5],[1 0.9 0.6 0.5 0.5],6,0.0
886,10,0,76,1,0,[2 2 3 3 3],[10 10 2 2 2],[1 0.9 0.6 0.5 0.5],4,0.0
887,10,0,77,0,0,[10 10 5 5 5],[6 6 6 6 6],[1 0.9 0.6 0.5 0.5],2,0.0
888,10,0,78,1,0,[9 5 5 5 5],[1 6 6 6 6],[1 0.9 0.6 0.5 0.5],3,0.0
889,10,0,79,0,0,[8 8 5 5 5],[6 6 6 6 6],[1 0.9 0.6 0.5 0.5],7,0.0
890,10,0,80,0,0,[10 10 2 2 2],[2 2 3 3 3],[1 0.9 0.6 0.5 0.5],5,0.0
891,10,0,81,1,0,[2 2 3 3 3],[10 10 2 2 2],[1 0.9 0.6 0.5 0.5],4,0.0
892,10,0,82,1,0,[6 6 6 6 6],[10 10 5 5 5],[1 0.9 0.6 0.5 0.5],9,0.0
893,10,0,83,1,0,[1 6 6 6 6],[9 5 5 5 5],[1 0.9 0.6 0.5 0.5],6,0.0
894,10,0,84,1,0,[10 10 2 2 2],[2 2 3 3 3],[1 0.9 0.6 0.5 0.5],5,0.0
895,10,0,85,1,0,[10 10 5 5 5],[6 6 6 6 6],[1 0.9 0.6 0.5 0.5],2,0.0
896,10,0,86,1,0,[2 2 3 3 3],[10 10 2 2 2],[1 0.9 0.6 0.5 0.5],4,0.0
897,10,0,87,1,0,[6 6 6 6 6],[10 10 5 5 5],[1 0.9 0.6 0.5 0.5],9,0.0
898,10,0,88,1,0,[6 6 6 6 6],[10 10 5 5 5],[1 0.9 0.6 0.5 0.5],9,0.0
899,10,0,89,0,0,[9 5 5 5 5],[1 6 6 6 6],[1 0.9 0.6 0.5 0.5],3,0.0
900,11,0,0,0,0,[6 6 6 6 6],[7 7 5 5 5],[1 0.9 0.6 0.5 0.5],1,0.0
901,11,0,1,1,0,[10 10 5 5 5],[6 6 6 6 6],[1 0.9 0.6 0.5 0.5],2,0.0
902,11,0,2,0,0,[9 5 5 5 5],[1 6 6 6 6],[1 0.9 0.6 0.5 0.5],3,0.0
903,11,0,3,1,0,[2 2 3 3 3],[10 10 2 2 2],[1 0.9 0.6 0.5 0.5],4,0.0
904,11,0,4,1,0,[10 10 2 2 2],[2 2 3 3 3],[1 0.9 0.6 0.5 0.5],5,0.0
905,11,0,5,0,0,[10 10 5 5 5],[6 6 6 6 6],[1 0.9 0.6 0.5 0.5],2,0.0
906,11,0,6,1,0,[10 10 2 2 2],[2 2 3 3 3],[1 0.9 0.6 0.5 0.5],5,0.0
907,11,0,7,1,0,[10 10 5 5 5],[6 6 6 6 6],[1 0.9 0.6 0.5 0.5],2,0.0
908,11,0,8,0,0,[1 6 6 6 6],[9 5 5 5 5],[1 0.9 0.6 0.5 0.5],6,0.0
909,11,0,9,1,0,[9 5 5 5 5],[1 6 6 6 6],[1 0.9 0.6 0.5 0.5],3,0.0
910,11,0,10,1,0,[8 8 5 5 5],[6 6 6 6 6],[1 0.9 0.6 0.5 0.5],7,0.0
911,11,0,11,0,0,[6 6 6 6 6],[8 8 5 5 5],[1 0.9 0.6 0.5 0.5],8,0.0
912,11,0,12,1,0,[8 8 5 5 5],[6 6 6 6 6],[1 0.9 0.6 0.5 0.5],7,0.0
913,11,0,13,0,0,[6 6 6 6 6],[8 8 5 5 5],[1 0.9 0.6 0.5 0.5],8,0.0
914,11,0,14,1,0,[8 8 5 5 5],[6 6 6 6 6],[1 0.9 0.6 0.5 0.5],7,0.0
915,11,0,15,0,0,[6 6 6 6 6],[10 10 5 5 5],[1 0.9 0.6 0.5 0.5],9,0.0
916,11,0,16,1,0,[10 10 5 5 5],[6 6 6 6 6],[1 0.9 0.6 0.5 0.5],2,0.0
917,11,0,17,1,0,[6 6 6 6 6],[8 8 5 5 5],[1 0.9 0.6 0.5 0.5],8,0.0
918,11,0,18,1,0,[6 6 6 6 6],[7 7 5 5 5],[1 0.9 0.6 0.5 0.5],1,0.0
919,11,0,19,1,0,[6 6 6 6 6],[8 8 5 5 5],[1 0.9 0.6 0.5 0.5],8,0.0
920,11,0,20,1,0,[9 5 5 5 5],[1 6 6 6 6],[1 0.9 0.6 0.5 0.5],3,0.0
921,11,0,21,1,0,[6 6 6 6 6],[10 10 5 5 5],[1 0.9 0.6 0.5 0.5],9,0.0
922,11,0,22,0,0,[6 6 6 6 6],[8 8 5 5 5],[1 0.9 0.6 0.5 0.5],8,0.0
923,11,0,23,1,0,[6 6 6 6 6],[7 7 5 5 5],[1 0.9 0.6 0.5 0.5],1,0.0
924,11,0,24,0,0,[10 10 5 5 5],[6 6 6 6 6],[1 0.9 0.6 0.5 0.5],2,0.0
925,11,0,25,1,0,[2 2 3 3 3],[10 10 2 2 2],[1 0.9 0.6 0.5 0.5],4,0.0
926,11,0,26,1,0,[7 7 5 5 5],[6 6 6 6 6],[1 0.9 0.6 0.5 0.5],10,0.0
927,11,0,27,1,0,[10 10 2 2 2],[2 2 3 3 3],[1 0.9 0.6 0.5 0.5],5,0.0
928,11,0,28,1,0,[6 6 6 6 6],[7 7 5 5 5],[1 0.9 0.6 0.5 0.5],1,0.0
929,11,0,29,1,0,[1 6 6 6 6],[9 5 5 5 5],[1 0.9 0.6 0.5 0.5],6,0.0
930,11,0,30,1,0,[2 2 3 3 3],[10 10 2 2 2],[1 0.9 0.6 0.5 0.5],4,0.0
931,11,0,31,0,0,[10 10 2 2 2],[2 2 3 3 3],[1 0.9 0.6 0.5 0.5],5,0.0
932,11,0,32,1,0,[7 7 5 5 5],[6 6 6 6 6],[1 0.9 0.6 0.5 0.5],10,0.0
933,11,0,33,1,0,[6 6 6 6 6],[8 8 5 5 5],[1 0.9 0.6 0.5 0.5],8,0.0
934,11,0,34,1,0,[8 8 5 5 5],[6 6 6 6 6],[1 0.9 0.6 0.5 0.5],7,0.0
935,11,0,35,0,0,[10 10 5 5 5],[6 6 6 6 6],[1 0.9 0.6 0.5 0.5],2,0.0
936,11,0,36,1,0,[6 6 6 6 6],[7 7 5 5 5],[1 0.9 0.6 0.5 0.5],1,0.0
937,11,0,37,1,0,[1 6 6 6 6],[9 5 5 5 5],[1 0.9 0.6 0.5 0.5],6,0.0
938,11,0,38,1,0,[6 6 6 6 6],[7 7 5 5 5],[1 0.9 0.6 0.5 0.5],1,0.0
939,11,0,39,1,0,[8 8 5 5 5],[6 6 6 6 6],[1 0.9 0.6 0.5 0.5],7,0.0
940,11,0,40,0,0,[7 7 5 5 5],[6 6 6 6 6],[1 0.9 0.6 0.5 0.5],10,0.0
941,11,0,41,1,0,[6 6 6 6 6],[7 7 5 5 5],[1 0.9 0.6 0.5 0.5],1,0.0
942,11,0,42,0,0,[7 7 5 5 5],[6 6 6 6 6],[1 0.9 0.6 0.5 0.5],10,0.0
943,11,0,43,0,0,[6 6 6 6 6],[7 7 5 5 5],[1 0.9 0.6 0.5 0.5],1,0.0
944,11,0,44,1,0,[2 2 3 3 3],[10 10 2 2 2],[1 0.9 0.6 0.5 0.5],4,0.0
945,11,0,45,1,0,[1 6 6 6 6],[9 5 5 5 5],[1 0.9 0.6 0.5 0.5],6,0.0
946,11,0,46,1,0,[9 5 5 5 5],[1 6 6 6 6],[1 0.9 0.6 0.5 0.5],3,0.0
947,11,0,47,0,0,[8 8 5 5 5],[6 6 6 6 6],[1 0.9 0.6 0.5 0.5],7,0.0
948,11,0,48,1,0,[6 6 6 6 6],[10 10 5 5 5],[1 0.9 0.6 0.5 0.5],9,0.0
949,11,0,49,1,0,[6 6 6 6 6],[7 7 5 5 5],[1 0.9 0.6 0.5 0.5],1,0.0
950,11,0,50,1,0,[9 5 5 5 5],[1 6 6 6 6],[1 0.9 0.6 0.5 0.5],3,0.0
951,11,0,51,1,0,[6 6 6 6 6],[8 8 5 5 5],[1 0.9 0.6 0.5 0.5],8,0.0
952,11,0,52,0,0,[9 5 5 5 5],[1 6 6 6 6],[1 0.9 0.6 0.5 0.5],3,0.0
953,11,0,53,0,0,[8 8 5 5 5],[6 6 6 6 6],[1 0.9 0.6 0.5 0.5],7,0.0
954,11,0,54,1,0,[10 10 5 5 5],[6 6 6 6 6],[1 0.9 0.6 0.5 0.5],2,0.0
955,11,0,55,1,0,[7 7 5 5 5],[6 6 6 6 6],[1 0.9 0.6 0.5 0.5],10,0.0
956,11,0,56,1,0,[2 2 3 3 3],[10 10 2 2 2],[1 0.9 0.6 0.5 0.5],4,0.0
957,11,0,57,0,0,[7 7 5 5 5],[6 6 6 6 6],[1 0.9 0.6 0.5 0.5],10,0.0
958,11,0,58,1,0,[8 8 5 5 5],[6 6 6 6 6],[1 0.9 0.6 0.5 0.5],7,0.0
959,11,0,59,0,0,[10 10 2 2 2],[2 2 3 3 3],[1 0.9 0.6 0.5 0.5],5,0.0
960,11,0,60,0,0,[6 6 6 6 6],[10 10 5 5 5],[1 0.9 0.6 0.5 0.5],9,0.0
961,11,0,61,1,0,[1 6 6 6 6],[9 5 5 5 5],[1 0.9 0.6 0.5 0.5],6,0.0
962,11,0,62,0,0,[1 6 6 6 6],[9 5 5 5 5],[1 0.9 0.6 0.5 0.5],6,0.0
963,11,0,63,0,0,[7 7 5 5 5],[6 6 6 6 6],[1 0.9 0.6 0.5 0.5],10,0.0
964,11,0,64,1,0,[6 6 6 6 6],[10 10 5 5 5],[1 0.9 0.6 0.5 0.5],9,0.0
965,11,0,65,0,0,[9 5 5 5 5],[1 6 6 6 6],[1 0.9 0.6 0.5 0.5],3,0.0
966,11,0,66,1,0,[7 7 5 5 5],[6 6 6 6 6],[1 0.9 0.6 0.5 0.5],10,0.0
967,11,0,67,0,0,[1 6 6 6 6],[9 5 5 5 5],[1 0.9 0.6 0.5 0.5],6,0.0
968,11,0,68,1,0,[6 6 6 6 6],[8 8 5 5 5],[1 0.9 0.6 0.5 0.5],8,0.0
969,11,0,69,0,0,[2 2 3 3 3],[10 10 2 2 2],[1 0.9 0.6 0.5 0.5],4,0.0
970,11,0,70,1,0,[7 7 5 5 5],[6 6 6 6 6],[1 0.9 0.6 0.5 0.5],10,0.0
971,11,0,71,0,0,[10 10 2 2 2],[2 2 3 3 3],[1 0.9 0.6 0.5 0.5],5,0.0
972,11,0,72,1,0,[6 6 6 6 6],[8 8 5 5 5],[1 0.9 0.6 0.5 0.5],8,0.0
973,11,0,73,1,0,[6 6 6 6 6],[10 10 5 5 5],[1 0.9 0.6 0.5 0.5],9,0.0
974,11,0,74,1,0,[10 10 2 2 2],[2 2 3 3 3],[1 0.9 0.6 0.5 0.5],5,0.0
975,11,0,75,1,0,[1 6 6 6 6],[9 5 5 5 5],[1 0.9 0.6 0.5 0.5],6,0.0
976,11,0,76,1,0,[2 2 3 3 3],[10 10 2 2 2],[1 0.9 0.6 0.5 0.5],4,0.0
977,11,0,77,1,0,[10 10 5 5 5],[6 6 6 6 6],[1 0.9 0.6 0.5 0.5],2,0.0
978,11,0,78,1,0,[9 5 5 5 5],[1 6 6 6 6],[1 0.9 0.6 0.5 0.5],3,0.0
979,11,0,79,0,0,[8 8 5 5 5],[6 6 6 6 6],[1 0.9 0.6 0.5 0.5],7,0.0
980,11,0,80,0,0,[10 10 2 2 2],[2 2 3 3 3],[1 0.9 0.6 0.5 0.5],5,0.0
981,11,0,81,1,0,[2 2 3 3 3],[10 10 2 2 2],[1 0.9 0.6 0.5 0.5],4,0.0
982,11,0,82,0,0,[6 6 6 6 6],[10 10 5 5 5],[1 0.9 0.6 0.5 0.5],9,0.0
983,11,0,83,1,0,[1 6 6 6 6],[9 5 5 5 5],[1 0.9 0.6 0.5 0.5],6,0.0
984,11,0,84,1,0,[10 10 2 2 2],[2 2 3 3 3],[1 0.9 0.6 0.5 0.5],5,0.0
985,11,0,85,0,0,[10 10 5 5 5],[6 6 6 6 6],[1 0.9 0.6 0.5 0.5],2,0.0
986,11,0,86,1,0,[2 2 3 3 3],[10 10 2 2 2],[1 0.9 0.6 0.5 0.5],4,0.0
987,11,0,87,1,0,[6 6 6 6 6],[10 10 5 5 5],[1 0.9 0.6 0.5 0.5],9,0.0
988,11,0,88,0,0,[6 6 6 6 6],[10 10 5 5 5],[1 0.9 0.6 0.5 0.5],9,0.0
989,11,0,89,0,0,[9 5 5 5 5],[1 6 6 6 6],[1 0.9 0.6 0.5 0.5],3,0.0
990,12,0,0,0,0,[6 6 6 6 6],[7 7 5 5 5],[1 0.9 0.6 0.5 0.5],1,0.0
991,12,0,1,0,0,[10 10 5 5 5],[6 6 6 6 6],[1 0.9 0.6 0.5 0.5],2,0.0
992,12,0,2,0,0,[9 5 5 5 5],[1 6 6 6 6],[1 0.9 0.6 0.5 0.5],3,0.0
993,12,0,3,0,0,[2 2 3 3 3],[10 10 2 2 2],[1 0.9 0.6 0.5 0.5],4,0.0
994,12,0,4,1,0,[10 10 2 2 2],[2 2 3 3 3],[1 0.9 0.6 0.5 0.5],5,0.0
995,12,0,5,1,0,[10 10 5 5 5],[6 6 6 6 6],[1 0.9 0.6 0.5 0.5],2,0.0
996,12,0,6,1,0,[10 10 2 2 2],[2 2 3 3 3],[1 0.9 0.6 0.5 0.5],5,0.0
997,12,0,7,1,0,[10 10 5 5 5],[6 6 6 6 6],[1 0.9 0.6 0.5 0.5],2,0.0
998,12,0,8,0,0,[1 6 6 6 6],[9 5 5 5 5],[1 0.9 0.6 0.5 0.5],6,0.0
999,12,0,9,0,0,[9 5 5 5 5],[1 6 6 6 6],[1 0.9 0.6 0.5 0.5],3,0.0
1000,12,0,10,0,0,[8 8 5 5 5],[6 6 6 6 6],[1 0.9 0.6 0.5 0.5],7,0.0
1001,12,0,11,0,0,[6 6 6 6 6],[8 8 5 5 5],[1 0.9 0.6 0.5 0.5],8,0.0
1002,12,0,12,0,0,[8 8 5 5 5],[6 6 6 6 6],[1 0.9 0.6 0.5 0.5],7,0.0
1003,12,0,13,0,0,[6 6 6 6 6],[8 8 5 5 5],[1 0.9 0.6 0.5 0.5],8,0.0
1004,12,0,14,0,0,[8 8 5 5 5],[6 6 6 6 6],[1 0.9 0.6 0.5 0.5],7,0.0
1005,12,0,15,0,0,[6 6 6 6 6],[10 10 5 5 5],[1 0.9 0.6 0.5 0.5],9,0.0
1006,12,0,16,1,0,[10 10 5 5 5],[6 6 6 6 6],[1 0.9 0.6 0.5 0.5],2,0.0
1007,12,0,17,1,0,[6 6 6 6 6],[8 8 5 5 5],[1 0.9 0.6 0.5 0.5],8,0.0
1008,12,0,18,0,0,[6 6 6 6 6],[7 7 5 5 5],[1 0.9 0.6 0.5 0.5],1,0.0
1009,12,0,19,0,0,[6 6 6 6 6],[8 8 5 5 5],[1 0.9 0.6 0.5 0.5],8,0.0
1010,12,0,20,1,0,[9 5 5 5 5],[1 6 6 6 6],[1 0.9 0.6 0.5 0.5],3,0.0
1011,12,0,21,0,0,[6 6 6 6 6],[10 10 5 5 5],[1 0.9 0.6 0.5 0.5],9,0.0
1012,12,0,22,0,0,[6 6 6 6 6],[8 8 5 5 5],[1 0.9 0.6 0.5 0.5],8,0.0
1013,12,0,23,0,0,[6 6 6 6 6],[7 7 5 5 5],[1 0.9 0.6 0.5 0.5],1,0.0
1014,12,0,24,1,0,[10 10 5 5 5],[6 6 6 6 6],[1 0.9 0.6 0.5 0.5],2,0.0
1015,12,0,25,1,0,[2 2 3 3 3],[10 10 2 2 2],[1 0.9 0.6 0.5 0.5],4,0.0
1016,12,0,26,1,0,[7 7 5 5 5],[6 6 6 6 6],[1 0.9 0.6 0.5 0.5],10,0.0
1017,12,0,27,1,0,[10 10 2 2 2],[2 2 3 3 3],[1 0.9 0.6 0.5 0.5],5,0.0
1018,12,0,28,1,0,[6 6 6 6 6],[7 7 5 5 5],[1 0.9 0.6 0.5 0.5],1,0.0
1019,12,0,29,1,0,[1 6 6 6 6],[9 5 5 5 5],[1 0.9 0.6 0.5 0.5],6,0.0
1020,12,0,30,1,0,[2 2 3 3 3],[10 10 2 2 2],[1 0.9 0.6 0.5 0.5],4,0.0
1021,12,0,31,0,0,[10 10 2 2 2],[2 2 3 3 3],[1 0.9 0.6 0.5 0.5],5,0.0
1022,12,0,32,0,0,[7 7 5 5 5],[6 6 6 6 6],[1 0.9 0.6 0.5 0.5],10,0.0
1023,12,0,33,0,0,[6 6 6 6 6],[8 8 5 5 5],[1 0.9 0.6 0.5 0.5],8,0.0
1024,12,0,34,0,0,[8 8 5 5 5],[6 6 6 6 6],[1 0.9 0.6 0.5 0.5],7,0.0
1025,12,0,35,1,0,[10 10 5 5 5],[6 6 6 6 6],[1 0.9 0.6 0.5 0.5],2,0.0
1026,12,0,36,1,0,[6 6 6 6 6],[7 7 5 5 5],[1 0.9 0.6 0.5 0.5],1,0.0
1027,12,0,37,1,0,[1 6 6 6 6],[9 5 5 5 5],[1 0.9 0.6 0.5 0.5],6,0.0
1028,12,0,38,1,0,[6 6 6 6 6],[7 7 5 5 5],[1 0.9 0.6 0.5 0.5],1,0.0
1029,12,0,39,1,0,[8 8 5 5 5],[6 6 6 6 6],[1 0.9 0.6 0.5 0.5],7,0.0
1030,12,0,40,1,0,[7 7 5 5 5],[6 6 6 6 6],[1 0.9 0.6 0.5 0.5],10,0.0
1031,12,0,41,1,0,[6 6 6 6 6],[7 7 5 5 5],[1 0.9 0.6 0.5 0.5],1,0.0
1032,12,0,42,0,0,[7 7 5 5 5],[6 6 6 6 6],[1 0.9 0.6 0.5 0.5],10,0.0
1033,12,0,43,1,0,[6 6 6 6 6],[7 7 5 5 5],[1 0.9 0.6 0.5 0.5],1,0.0
1034,12,0,44,1,0,[2 2 3 3 3],[10 10 2 2 2],[1 0.9 0.6 0.5 0.5],4,0.0
1035,12,0,45,1,0,[1 6 6 6 6],[9 5 5 5 5],[1 0.9 0.6 0.5 0.5],6,0.0
1036,12,0,46,1,0,[9 5 5 5 5],[1 6 6 6 6],[1 0.9 0.6 0.5 0.5],3,0.0
1037,12,0,47,1,0,[8 8 5 5 5],[6 6 6 6 6],[1 0.9 0.6 0.5 0.5],7,0.0
1038,12,0,48,0,0,[6 6 6 6 6],[10 10 5 5 5],[1 0.9 0.6 0.5 0.5],9,0.0
1039,12,0,49,0,0,[6 6 6 6 6],[7 7 5 5 5],[1 0.9 0.6 0.5 0.5],1,0.0
1040,12,0,50,1,0,[9 5 5 5 5],[1 6 6 6 6],[1 0.9 0.6 0.5 0.5],3,0.0
1041,12,0,51,1,0,[6 6 6 6 6],[8 8 5 5 5],[1 0.9 0.6 0.5 0.5],8,0.0
1042,12,0,52,1,0,[9 5 5 5 5],[1 6 6 6 6],[1 0.9 0.6 0.5 0.5],3,0.0
1043,12,0,53,1,0,[8 8 5 5 5],[6 6 6 6 6],[1 0.9 0.6 0.5 0.5],7,0.0
1044,12,0,54,1,0,[10 10 5 5 5],[6 6 6 6 6],[1 0.9 0.6 0.5 0.5],2,0.0
1045,12,0,55,1,0,[7 7 5 5 5],[6 6 6 6 6],[1 0.9 0.6 0.5 0.5],10,0.0
1046,12,0,56,1,0,[2 2 3 3 3],[10 10 2 2 2],[1 0.9 0.6 0.5 0.5],4,0.0
1047,12,0,57,0,0,[7 7 5 5 5],[6 6 6 6 6],[1 0.9 0.6 0.5 0.5],10,0.0
1048,12,0,58,0,0,[8 8 5 5 5],[6 6 6 6 6],[1 0.9 0.6 0.5 0.5],7,0.0
1049,12,0,59,0,0,[10 10 2 2 2],[2 2 3 3 3],[1 0.9 0.6 0.5 0.5],5,0.0
1050,12,0,60,1,0,[6 6 6 6 6],[10 10 5 5 5],[1 0.9 0.6 0.5 0.5],9,0.0
1051,12,0,61,1,0,[1 6 6 6 6],[9 5 5 5 5],[1 0.9 0.6 0.5 0.5],6,0.0
1052,12,0,62,0,0,[1 6 6 6 6],[9 5 5 5 5],[1 0.9 0.6 0.5 0.5],6,0.0
1053,12,0,63,0,0,[7 7 5 5 5],[6 6 6 6 6],[1 0.9 0.6 0.5 0.5],10,0.0
1054,12,0,64,0,0,[6 6 6 6 6],[10 10 5 5 5],[1 0.9 0.6 0.5 0.5],9,0.0
1055,12,0,65,0,0,[9 5 5 5 5],[1 6 6 6 6],[1 0.9 0.6 0.5 0.5],3,0.0
1056,12,0,66,1,0,[7 7 5 5 5],[6 6 6 6 6],[1 0.9 0.6 0.5 0.5],10,0.0
1057,12,0,67,0,0,[1 6 6 6 6],[9 5 5 5 5],[1 0.9 0.6 0.5 0.5],6,0.0
1058,12,0,68,0,0,[6 6 6 6 6],[8 8 5 5 5],[1 0.9 0.6 0.5 0.5],8,0.0
1059,12,0,69,0,0,[2 2 3 3 3],[10 10 2 2 2],[1 0.9 0.6 0.5 0.5],4,0.0
1060,12,0,70,1,0,[7 7 5 5 5],[6 6 6 6 6],[1 0.9 0.6 0.5 0.5],10,0.0
1061,12,0,71,0,0,[10 10 2 2 2],[2 2 3 3 3],[1 0.9 0.6 0.5 0.5],5,0.0
1062,12,0,72,1,0,[6 6 6 6 6],[8 8 5 5 5],[1 0.9 0.6 0.5 0.5],8,0.0
1063,12,0,73,1,0,[6 6 6 6 6],[10 10 5 5 5],[1 0.9 0.6 0.5 0.5],9,0.0
1064,12,0,74,1,0,[10 10 2 2 2],[2 2 3 3 3],[1 0.9 0.6 0.5 0.5],5,0.0
1065,12,0,75,1,0,[1 6 6 6 6],[9 5 5 5 5],[1 0.9 0.6 0.5 0.5],6,0.0
1066,12,0,76,1,0,[2 2 3 3 3],[10 10 2 2 2],[1 0.9 0.6 0.5 0.5],4,0.0
1067,12,0,77,0,0,[10 10 5 5 5],[6 6 6 6 6],[1 0.9 0.6 0.5 0.5],2,0.0
1068,12,0,78,1,0,[9 5 5 5 5],[1 6 6 6 6],[1 0.9 0.6 0.5 0.5],3,0.0
1069,12,0,79,1,0,[8 8 5 5 5],[6 6 6 6 6],[1 0.9 0.6 0.5 0.5],7,0.0
1070,12,0,80,0,0,[10 10 2 2 2],[2 2 3 3 3],[1 0.9 0.6 0.5 0.5],5,0.0
1071,12,0,81,1,0,[2 2 3 3 3],[10 10 2 2 2],[1 0.9 0.6 0.5 0.5],4,0.0
1072,12,0,82,0,0,[6 6 6 6 6],[10 10 5 5 5],[1 0.9 0.6 0.5 0.5],9,0.0
1073,12,0,83,1,0,[1 6 6 6 6],[9 5 5 5 5],[1 0.9 0.6 0.5 0.5],6,0.0
1074,12,0,84,1,0,[10 10 2 2 2],[2 2 3 3 3],[1 0.9 0.6 0.5 0.5],5,0.0
1075,12,0,85,0,0,[10 10 5 5 5],[6 6 6 6 6],[1 0.9 0.6 0.5 0.5],2,0.0
1076,12,0,86,1,0,[2 2 3 3 3],[10 10 2 2 2],[1 0.9 0.6 0.5 0.5],4,0.0
1077,12,0,87,1,0,[6 6 6 6 6],[10 10 5 5 5],[1 0.9 0.6 0.5 0.5],9,0.0
1078,12,0,88,1,0,[6 6 6 6 6],[10 10 5 5 5],[1 0.9 0.6 0.5 0.5],9,0.0
1079,12,0,89,1,0,[9 5 5 5 5],[1 6 6 6 6],[1 0.9 0.6 0.5 0.5],3,0.0
1080,13,0,0,0,0,[6 6 6 6 6],[7 7 5 5 5],[1 0.9 0.6 0.5 0.5],1,0.0
1081,13,0,1,0,0,[10 10 5 5 5],[6 6 6 6 6],[1 0.9 0.6 0.5 0.5],2,0.0
1082,13,0,2,0,0,[9 5 5 5 5],[1 6 6 6 6],[1 0.9 0.6 0.5 0.5],3,0.0
1083,13,0,3,0,0,[2 2 3 3 3],[10 10 2 2 2],[1 0.9 0.6 0.5 0.5],4,0.0
1084,13,0,4,1,0,[10 10 2 2 2],[2 2 3 3 3],[1 0.9 0.6 0.5 0.5],5,0.0
1085,13,0,5,1,0,[10 10 5 5 5],[6 6 6 6 6],[1 0.9 0.6 0.5 0.5],2,0.0
1086,13,0,6,1,0,[10 10 2 2 2],[2 2 3 3 3],[1 0.9 0.6 0.5 0.5],5,0.0
1087,13,0,7,0,0,[10 10 5 5 5],[6 6 6 6 6],[1 0.9 0.6 0.5 0.5],2,0.0
1088,13,0,8,0,0,[1 6 6 6 6],[9 5 5 5 5],[1 0.9 0.6 0.5 0.5],6,0.0
1089,13,0,9,0,0,[9 5 5 5 5],[1 6 6 6 6],[1 0.9 0.6 0.5 0.5],3,0.0
1090,13,0,10,0,0,[8 8 5 5 5],[6 6 6 6 6],[1 0.9 0.6 0.5 0.5],7,0.0
1091,13,0,11,0,0,[6 6 6 6 6],[8 8 5 5 5],[1 0.9 0.6 0.5 0.5],8,0.0
1092,13,0,12,0,0,[8 8 5 5 5],[6 6 6 6 6],[1 0.9 0.6 0.5 0.5],7,0.0
1093,13,0,13,1,0,[6 6 6 6 6],[8 8 5 5 5],[1 0.9 0.6 0.5 0.5],8,0.0
1094,13,0,14,0,0,[8 8 5 5 5],[6 6 6 6 6],[1 0.9 0.6 0.5 0.5],7,0.0
1095,13,0,15,0,0,[6 6 6 6 6],[10 10 5 5 5],[1 0.9 0.6 0.5 0.5],9,0.0
1096,13,0,16,1,0,[10 10 5 5 5],[6 6 6 6 6],[1 0.9 0.6 0.5 0.5],2,0.0
1097,13,0,17,1,0,[6 6 6 6 6],[8 8 5 5 5],[1 0.9 0.6 0.5 0.5],8,0.0
1098,13,0,18,1,0,[6 6 6 6 6],[7 7 5 5 5],[1 0.9 0.6 0.5 0.5],1,0.0
1099,13,0,19,1,0,[6 6 6 6 6],[8 8 5 5 5],[1 0.9 0.6 0.5 0.5],8,0.0
1100,13,0,20,0,0,[9 5 5 5 5],[1 6 6 6 6],[1 0.9 0.6 0.5 0.5],3,0.0
1101,13,0,21,1,0,[6 6 6 6 6],[10 10 5 5 5],[1 0.9 0.6 0.5 0.5],9,0.0
1102,13,0,22,1,0,[6 6 6 6 6],[8 8 5 5 5],[1 0.9 0.6 0.5 0.5],8,0.0
1103,13,0,23,1,0,[6 6 6 6 6],[7 7 5 5 5],[1 0.9 0.6 0.5 0.5],1,0.0
1104,13,0,24,0,0,[10 10 5 5 5],[6 6 6 6 6],[1 0.9 0.6 0.5 0.5],2,0.0
1105,13,0,25,1,0,[2 2 3 3 3],[10 10 2 2 2],[1 0.9 0.6 0.5 0.5],4,0.0
1106,13,0,26,0,0,[7 7 5 5 5],[6 6 6 6 6],[1 0.9 0.6 0.5 0.5],10,0.0
1107,13,0,27,0,0,[10 10 2 2 2],[2 2 3 3 3],[1 0.9 0.6 0.5 0.5],5,0.0
1108,13,0,28,1,0,[6 6 6 6 6],[7 7 5 5 5],[1 0.9 0.6 0.5 0.5],1,0.0
1109,13,0,29,1,0,[1 6 6 6 6],[9 5 5 5 5],[1 0.9 0.6 0.5 0.5],6,0.0
1110,13,0,30,1,0,[2 2 3 3 3],[10 10 2 2 2],[1 0.9 0.6 0.5 0.5],4,0.0
1111,13,0,31,0,0,[10 10 2 2 2],[2 2 3 3 3],[1 0.9 0.6 0.5 0.5],5,0.0
1112,13,0,32,0,0,[7 7 5 5 5],[6 6 6 6 6],[1 0.9 0.6 0.5 0.5],10,0.0
1113,13,0,33,1,0,[6 6 6 6 6],[8 8 5 5 5],[1 0.9 0.6 0.5 0.5],8,0.0
1114,13,0,34,0,0,[8 8 5 5 5],[6 6 6 6 6],[1 0.9 0.6 0.5 0.5],7,0.0
1115,13,0,35,0,0,[10 10 5 5 5],[6 6 6 6 6],[1 0.9 0.6 0.5 0.5],2,0.0
1116,13,0,36,1,0,[6 6 6 6 6],[7 7 5 5 5],[1 0.9 0.6 0.5 0.5],1,0.0
1117,13,0,37,1,0,[1 6 6 6 6],[9 5 5 5 5],[1 0.9 0.6 0.5 0.5],6,0.0
1118,13,0,38,1,0,[6 6 6 6 6],[7 7 5 5 5],[1 0.9 0.6 0.5 0.5],1,0.0
1119,13,0,39,0,0,[8 8 5 5 5],[6 6 6 6 6],[1 0.9 0.6 0.5 0.5],7,0.0
1120,13,0,40,0,0,[7 7 5 5 5],[6 6 6 6 6],[1 0.9 0.6 0.5 0.5],10,0.0
1121,13,0,41,1,0,[6 6 6 6 6],[7 7 5 5 5],[1 0.9 0.6 0.5 0.5],1,0.0
1122,13,0,42,0,0,[7 7 5 5 5],[6 6 6 6 6],[1 0.9 0.6 0.5 0.5],10,0.0
1123,13,0,43,1,0,[6 6 6 6 6],[7 7 5 5 5],[1 0.9 0.6 0.5 0.5],1,0.0
1124,13,0,44,1,0,[2 2 3 3 3],[10 10 2 2 2],[1 0.9 0.6 0.5 0.5],4,0.0
1125,13,0,45,1,0,[1 6 6 6 6],[9 5 5 5 5],[1 0.9 0.6 0.5 0.5],6,0.0
1126,13,0,46,0,0,[9 5 5 5 5],[1 6 6 6 6],[1 0.9 0.6 0.5 0.5],3,0.0
1127,13,0,47,0,0,[8 8 5 5 5],[6 6 6 6 6],[1 0.9 0.6 0.5 0.5],7,0.0
1128,13,0,48,1,0,[6 6 6 6 6],[10 10 5 5 5],[1 0.9 0.6 0.5 0.5],9,0.0
1129,13,0,49,1,0,[6 6 6 6 6],[7 7 5 5 5],[1 0.9 0.6 0.5 0.5],1,0.0
1130,13,0,50,0,0,[9 5 5 5 5],[1 6 6 6 6],[1 0.9 0.6 0.5 0.5],3,0.0
1131,13,0,51,1,0,[6 6 6 6 6],[8 8 5 5 5],[1 0.9 0.6 0.5 0.5],8,0.0
1132,13,0,52,0,0,[9 5 5 5 5],[1 6 6 6 6],[1 0.9 0.6 0.5 0.5],3,0.0
1133,13,0,53,0,0,[8 8 5 5 5],[6 6 6 6 6],[1 0.9 0.6 0.5 0.5],7,0.0
1134,13,0,54,0,0,[10 10 5 5 5],[6 6 6 6 6],[1 0.9 0.6 0.5 0.5],2,0.0
1135,13,0,55,0,0,[7 7 5 5 5],[6 6 6 6 6],[1 0.9 0.6 0.5 0.5],10,0.0
1136,13,0,56,1,0,[2 2 3 3 3],[10 10 2 2 2],[1 0.9 0.6 0.5 0.5],4,0.0
1137,13,0,57,0,0,[7 7 5 5 5],[6 6 6 6 6],[1 0.9 0.6 0.5 0.5],10,0.0
1138,13,0,58,1,0,[8 8 5 5 5],[6 6 6 6 6],[1 0.9 0.6 0.5 0.5],7,0.0
1139,13,0,59,0,0,[10 10 2 2 2],[2 2 3 3 3],[1 0.9 0.6 0.5 0.5],5,0.0
1140,13,0,60,1,0,[6 6 6 6 6],[10 10 5 5 5],[1 0.9 0.6 0.5 0.5],9,0.0
1141,13,0,61,1,0,[1 6 6 6 6],[9 5 5 5 5],[1 0.9 0.6 0.5 0.5],6,0.0
1142,13,0,62,1,0,[1 6 6 6 6],[9 5 5 5 5],[1 0.9 0.6 0.5 0.5],6,0.0
1143,13,0,63,0,0,[7 7 5 5 5],[6 6 6 6 6],[1 0.9 0.6 0.5 0.5],10,0.0
1144,13,0,64,1,0,[6 6 6 6 6],[10 10 5 5 5],[1 0.9 0.6 0.5 0.5],9,0.0
1145,13,0,65,0,0,[9 5 5 5 5],[1 6 6 6 6],[1 0.9 0.6 0.5 0.5],3,0.0
1146,13,0,66,0,0,[7 7 5 5 5],[6 6 6 6 6],[1 0.9 0.6 0.5 0.5],10,0.0
1147,13,0,67,1,0,[1 6 6 6 6],[9 5 5 5 5],[1 0.9 0.6 0.5 0.5],6,0.0
1148,13,0,68,1,0,[6 6 6 6 6],[8 8 5 5 5],[1 0.9 0.6 0.5 0.5],8,0.0
1149,13,0,69,1,0,[2 2 3 3 3],[10 10 2 2 2],[1 0.9 0.6 0.5 0.5],4,0.0
1150,13,0,70,0,0,[7 7 5 5 5],[6 6 6 6 6],[1 0.9 0.6 0.5 0.5],10,0.0
1151,13,0,71,0,0,[10 10 2 2 2],[2 2 3 3 3],[1 0.9 0.6 0.5 0.5],5,0.0
1152,13,0,72,1,0,[6 6 6 6 6],[8 8 5 5 5],[1 0.9 0.6 0.5 0.5],8,0.0
1153,13,0,73,1,0,[6 6 6 6 6],[10 10 5 5 5],[1 0.9 0.6 0.5 0.5],9,0.0
1154,13,0,74,0,0,[10 10 2 2 2],[2 2 3 3 3],[1 0.9 0.6 0.5 0.5],5,0.0
1155,13,0,75,1,0,[1 6 6 6 6],[9 5 5 5 5],[1 0.9 0.6 0.5 0.5],6,0.0
1156,13,0,76,1,0,[2 2 3 3 3],[10 10 2 2 2],[1 0.9 0.6 0.5 0.5],4,0.0
1157,13,0,77,0,0,[10 10 5 5 5],[6 6 6 6 6],[1 0.9 0.6 0.5 0.5],2,0.0
1158,13,0,78,0,0,[9 5 5 5 5],[1 6 6 6 6],[1 0.9 0.6 0.5 0.5],3,0.0
1159,13,0,79,0,0,[8 8 5 5 5],[6 6 6 6 6],[1 0.9 0.6 0.5 0.5],7,0.0
1160,13,0,80,0,0,[10 10 2 2 2],[2 2 3 3 3],[1 0.9 0.6 0.5 0.5],5,0.0
1161,13,0,81,1,0,[2 2 3 3 3],[10 10 2 2 2],[1 0.9 0.6 0.5 0.5],4,0.0
1162,13,0,82,1,0,[6 6 6 6 6],[10 10 5 5 5],[1 0.9 0.6 0.5 0.5],9,0.0
1163,13,0,83,1,0,[1 6 6 6 6],[9 5 5 5 5],[1 0.9 0.6 0.5 0.5],6,0.0
1164,13,0,84,0,0,[10 10 2 2 2],[2 2 3 3 3],[1 0.9 0.6 0.5 0.5],5,0.0
1165,13,0,85,0,0,[10 10 5 5 5],[6 6 6 6 6],[1 0.9 0.6 0.5 0.5],2,0.0
1166,13,0,86,1,0,[2 2 3 3 3],[10 10 2 2 2],[1 0.9 0.6 0.5 0.5],4,0.0
1167,13,0,87,1,0,[6 6 6 6 6],[10 10 5 5 5],[1 0.9 0.6 0.5 0.5],9,0.0
1168,13,0,88,1,0,[6 6 6 6 6],[10 10 5 5 5],[1 0.9 0.6 0.5 0.5],9,0.0
1169,13,0,89,0,0,[9 5 5 5 5],[1 6 6 6 6],[1 0.9 0.6 0.5 0.5],3,0.0
1170,14,0,0,0,0,[6 6 6 6 6],[7 7 5 5 5],[1 0.9 0.6 0.5 0.5],1,0.0
1171,14,0,1,1,0,[10 10 5 5 5],[6 6 6 6 6],[1 0.9 0.6 0.5 0.5],2,0.0
1172,14,0,2,0,0,[9 5 5 5 5],[1 6 6 6 6],[1 0.9 0.6 0.5 0.5],3,0.0
1173,14,0,3,1,0,[2 2 3 3 3],[10 10 2 2 2],[1 0.9 0.6 0.5 0.5],4,0.0
1174,14,0,4,0,0,[10 10 2 2 2],[2 2 3 3 3],[1 0.9 0.6 0.5 0.5],5,0.0
1175,14,0,5,1,0,[10 10 5 5 5],[6 6 6 6 6],[1 0.9 0.6 0.5 0.5],2,0.0
1176,14,0,6,0,0,[10 10 2 2 2],[2 2 3 3 3],[1 0.9 0.6 0.5 0.5],5,0.0
1177,14,0,7,1,0,[10 10 5 5 5],[6 6 6 6 6],[1 0.9 0.6 0.5 0.5],2,0.0
1178,14,0,8,1,0,[1 6 6 6 6],[9 5 5 5 5],[1 0.9 0.6 0.5 0.5],6,0.0
1179,14,0,9,0,0,[9 5 5 5 5],[1 6 6 6 6],[1 0.9 0.6 0.5 0.5],3,0.0
1180,14,0,10,0,0,[8 8 5 5 5],[6 6 6 6 6],[1 0.9 0.6 0.5 0.5],7,0.0
1181,14,0,11,1,0,[6 6 6 6 6],[8 8 5 5 5],[1 0.9 0.6 0.5 0.5],8,0.0
1182,14,0,12,0,0,[8 8 5 5 5],[6 6 6 6 6],[1 0.9 0.6 0.5 0.5],7,0.0
1183,14,0,13,1,0,[6 6 6 6 6],[8 8 5 5 5],[1 0.9 0.6 0.5 0.5],8,0.0
1184,14,0,14,0,0,[8 8 5 5 5],[6 6 6 6 6],[1 0.9 0.6 0.5 0.5],7,0.0
1185,14,0,15,1,0,[6 6 6 6 6],[10 10 5 5 5],[1 0.9 0.6 0.5 0.5],9,0.0
1186,14,0,16,0,0,[10 10 5 5 5],[6 6 6 6 6],[1 0.9 0.6 0.5 0.5],2,0.0
1187,14,0,17,1,0,[6 6 6 6 6],[8 8 5 5 5],[1 0.9 0.6 0.5 0.5],8,0.0
1188,14,0,18,1,0,[6 6 6 6 6],[7 7 5 5 5],[1 0.9 0.6 0.5 0.5],1,0.0
1189,14,0,19,1,0,[6 6 6 6 6],[8 8 5 5 5],[1 0.9 0.6 0.5 0.5],8,0.0
1190,14,0,20,0,0,[9 5 5 5 5],[1 6 6 6 6],[1 0.9 0.6 0.5 0.5],3,0.0
1191,14,0,21,1,0,[6 6 6 6 6],[10 10 5 5 5],[1 0.9 0.6 0.5 0.5],9,0.0
1192,14,0,22,1,0,[6 6 6 6 6],[8 8 5 5 5],[1 0.9 0.6 0.5 0.5],8,0.0
1193,14,0,23,1,0,[6 6 6 6 6],[7 7 5 5 5],[1 0.9 0.6 0.5 0.5],1,0.0
1194,14,0,24,0,0,[10 10 5 5 5],[6 6 6 6 6],[1 0.9 0.6 0.5 0.5],2,0.0
1195,14,0,25,1,0,[2 2 3 3 3],[10 10 2 2 2],[1 0.9 0.6 0.5 0.5],4,0.0
1196,14,0,26,0,0,[7 7 5 5 5],[6 6 6 6 6],[1 0.9 0.6 0.5 0.5],10,0.0
1197,14,0,27,1,0,[10 10 2 2 2],[2 2 3 3 3],[1 0.9 0.6 0.5 0.5],5,0.0
1198,14,0,28,1,0,[6 6 6 6 6],[7 7 5 5 5],[1 0.9 0.6 0.5 0.5],1,0.0
1199,14,0,29,0,0,[1 6 6 6 6],[9 5 5 5 5],[1 0.9 0.6 0.5 0.5],6,0.0
1200,14,0,30,1,0,[2 2 3 3 3],[10 10 2 2 2],[1 0.9 0.6 0.5 0.5],4,0.0
1201,14,0,31,0,0,[10 10 2 2 2],[2 2 3 3 3],[1 0.9 0.6 0.5 0.5],5,0.0
1202,14,0,32,1,0,[7 7 5 5 5],[6 6 6 6 6],[1 0.9 0.6 0.5 0.5],10,0.0
1203,14,0,33,0,0,[6 6 6 6 6],[8 8 5 5 5],[1 0.9 0.6 0.5 0.5],8,0.0
1204,14,0,34,0,0,[8 8 5 5 5],[6 6 6 6 6],[1 0.9 0.6 0.5 0.5],7,0.0
1205,14,0,35,1,0,[10 10 5 5 5],[6 6 6 6 6],[1 0.9 0.6 0.5 0.5],2,0.0
1206,14,0,36,0,0,[6 6 6 6 6],[7 7 5 5 5],[1 0.9 0.6 0.5 0.5],1,0.0
1207,14,0,37,1,0,[1 6 6 6 6],[9 5 5 5 5],[1 0.9 0.6 0.5 0.5],6,0.0
1208,14,0,38,1,0,[6 6 6 6 6],[7 7 5 5 5],[1 0.9 0.6 0.5 0.5],1,0.0
1209,14,0,39,0,0,[8 8 5 5 5],[6 6 6 6 6],[1 0.9 0.6 0.5 0.5],7,0.0
1210,14,0,40,0,0,[7 7 5 5 5],[6 6 6 6 6],[1 0.9 0.6 0.5 0.5],10,0.0
1211,14,0,41,1,0,[6 6 6 6 6],[7 7 5 5 5],[1 0.9 0.6 0.5 0.5],1,0.0
1212,14,0,42,1,0,[7 7 5 5 5],[6 6 6 6 6],[1 0.9 0.6 0.5 0.5],10,0.0
1213,14,0,43,0,0,[6 6 6 6 6],[7 7 5 5 5],[1 0.9 0.6 0.5 0.5],1,0.0
1214,14,0,44,1,0,[2 2 3 3 3],[10 10 2 2 2],[1 0.9 0.6 0.5 0.5],4,0.0
1215,14,0,45,1,0,[1 6 6 6 6],[9 5 5 5 5],[1 0.9 0.6 0.5 0.5],6,0.0
1216,14,0,46,0,0,[9 5 5 5 5],[1 6 6 6 6],[1 0.9 0.6 0.5 0.5],3,0.0
1217,14,0,47,0,0,[8 8 5 5 5],[6 6 6 6 6],[1 0.9 0.6 0.5 0.5],7,0.0
1218,14,0,48,0,0,[6 6 6 6 6],[10 10 5 5 5],[1 0.9 0.6 0.5 0.5],9,0.0
1219,14,0,49,1,0,[6 6 6 6 6],[7 7 5 5 5],[1 0.9 0.6 0.5 0.5],1,0.0
1220,14,0,50,1,0,[9 5 5 5 5],[1 6 6 6 6],[1 0.9 0.6 0.5 0.5],3,0.0
1221,14,0,51,1,0,[6 6 6 6 6],[8 8 5 5 5],[1 0.9 0.6 0.5 0.5],8,0.0
1222,14,0,52,1,0,[9 5 5 5 5],[1 6 6 6 6],[1 0.9 0.6 0.5 0.5],3,0.0
1223,14,0,53,0,0,[8 8 5 5 5],[6 6 6 6 6],[1 0.9 0.6 0.5 0.5],7,0.0
1224,14,0,54,0,0,[10 10 5 5 5],[6 6 6 6 6],[1 0.9 0.6 0.5 0.5],2,0.0
1225,14,0,55,0,0,[7 7 5 5 5],[6 6 6 6 6],[1 0.9 0.6 0.5 0.5],10,0.0
1226,14,0,56,1,0,[2 2 3 3 3],[10 10 2 2 2],[1 0.9 0.6 0.5 0.5],4,0.0
1227,14,0,57,0,0,[7 7 5 5 5],[6 6 6 6 6],[1 0.9 0.6 0.5 0.5],10,0.0
1228,14,0,58,0,0,[8 8 5 5 5],[6 6 6 6 6],[1 0.9 0.6 0.5 0.5],7,0.0
1229,14,0,59,0,0,[10 10 2 2 2],[2 2 3 3 3],[1 0.9 0.6 0.5 0.5],5,0.0
1230,14,0,60,1,0,[6 6 6 6 6],[10 10 5 5 5],[1 0.9 0.6 0.5 0.5],9,0.0
1231,14,0,61,0,0,[1 6 6 6 6],[9 5 5 5 5],[1 0.9 0.6 0.5 0.5],6,0.0
1232,14,0,62,0,0,[1 6 6 6 6],[9 5 5 5 5],[1 0.9 0.6 0.5 0.5],6,0.0
1233,14,0,63,1,0,[7 7 5 5 5],[6 6 6 6 6],[1 0.9 0.6 0.5 0.5],10,0.0
1234,14,0,64,0,0,[6 6 6 6 6],[10 10 5 5 5],[1 0.9 0.6 0.5 0.5],9,0.0
1235,14,0,65,1,0,[9 5 5 5 5],[1 6 6 6 6],[1 0.9 0.6 0.5 0.5],3,0.0
1236,14,0,66,0,0,[7 7 5 5 5],[6 6 6 6 6],[1 0.9 0.6 0.5 0.5],10,0.0
1237,14,0,67,1,0,[1 6 6 6 6],[9 5 5 5 5],[1 0.9 0.6 0.5 0.5],6,0.0
1238,14,0,68,1,0,[6 6 6 6 6],[8 8 5 5 5],[1 0.9 0.6 0.5 0.5],8,0.0
1239,14,0,69,1,0,[2 2 3 3 3],[10 10 2 2 2],[1 0.9 0.6 0.5 0.5],4,0.0
1240,14,0,70,0,0,[7 7 5 5 5],[6 6 6 6 6],[1 0.9 0.6 0.5 0.5],10,0.0
1241,14,0,71,0,0,[10 10 2 2 2],[2 2 3 3 3],[1 0.9 0.6 0.5 0.5],5,0.0
1242,14,0,72,0,0,[6 6 6 6 6],[8 8 5 5 5],[1 0.9 0.6 0.5 0.5],8,0.0
1243,14,0,73,1,0,[6 6 6 6 6],[10 10 5 5 5],[1 0.9 0.6 0.5 0.5],9,0.0
1244,14,0,74,0,0,[10 10 2 2 2],[2 2 3 3 3],[1 0.9 0.6 0.5 0.5],5,0.0
1245,14,0,75,1,0,[1 6 6 6 6],[9 5 5 5 5],[1 0.9 0.6 0.5 0.5],6,0.0
1246,14,0,76,1,0,[2 2 3 3 3],[10 10 2 2 2],[1 0.9 0.6 0.5 0.5],4,0.0
1247,14,0,77,0,0,[10 10 5 5 5],[6 6 6 6 6],[1 0.9 0.6 0.5 0.5],2,0.0
1248,14,0,78,1,0,[9 5 5 5 5],[1 6 6 6 6],[1 0.9 0.6 0.5 0.5],3,0.0
1249,14,0,79,0,0,[8 8 5 5 5],[6 6 6 6 6],[1 0.9 0.6 0.5 0.5],7,0.0
1250,14,0,80,0,0,[10 10 2 2 2],[2 2 3 3 3],[1 0.9 0.6 0.5 0.5],5,0.0
1251,14,0,81,1,0,[2 2 3 3 3],[10 10 2 2 2],[1 0.9 0.6 0.5 0.5],4,0.0
1252,14,0,82,1,0,[6 6 6 6 6],[10 10 5 5 5],[1 0.9 0.6 0.5 0.5],9,0.0
1253,14,0,83,1,0,[1 6 6 6 6],[9 5 5 5 5],[1 0.9 0.6 0.5 0.5],6,0.0
1254,14,0,84,0,0,[10 10 2 2 2],[2 2 3 3 3],[1 0.9 0.6 0.5 0.5],5,0.0
1255,14,0,85,0,0,[10 10 5 5 5],[6 6 6 6 6],[1 0.9 0.6 0.5 0.5],2,0.0
1256,14,0,86,1,0,[2 2 3 3 3],[10 10 2 2 2],[1 0.9 0.6 0.5 0.5],4,0.0
1257,14,0,87,1,0,[6 6 6 6 6],[10 10 5 5 5],[1 0.9 0.6 0.5 0.5],9,0.0
1258,14,0,88,1,0,[6 6 6 6 6],[10 10 5 5 5],[1 0.9 0.6 0.5 0.5],9,0.0
1259,14,0,89,0,0,[9 5 5 5 5],[1 6 6 6 6],[1 0.9 0.6 0.5 0.5],3,0.0
1260,15,0,0,1,0,[6 6 6 6 6],[7 7 5 5 5],[1 0.9 0.6 0.5 0.5],1,0.0
1261,15,0,1,0,0,[10 10 5 5 5],[6 6 6 6 6],[1 0.9 0.6 0.5 0.5],2,0.0
1262,15,0,2,0,0,[9 5 5 5 5],[1 6 6 6 6],[1 0.9 0.6 0.5 0.5],3,0.0
1263,15,0,3,0,0,[2 2 3 3 3],[10 10 2 2 2],[1 0.9 0.6 0.5 0.5],4,0.0
1264,15,0,4,0,0,[10 10 2 2 2],[2 2 3 3 3],[1 0.9 0.6 0.5 0.5],5,0.0
1265,15,0,5,0,0,[10 10 5 5 5],[6 6 6 6 6],[1 0.9 0.6 0.5 0.5],2,0.0
1266,15,0,6,0,0,[10 10 2 2 2],[2 2 3 3 3],[1 0.9 0.6 0.5 0.5],5,0.0
1267,15,0,7,0,0,[10 10 5 5 5],[6 6 6 6 6],[1 0.9 0.6 0.5 0.5],2,0.0
1268,15,0,8,1,0,[1 6 6 6 6],[9 5 5 5 5],[1 0.9 0.6 0.5 0.5],6,0.0
1269,15,0,9,0,0,[9 5 5 5 5],[1 6 6 6 6],[1 0.9 0.6 0.5 0.5],3,0.0
1270,15,0,10,0,0,[8 8 5 5 5],[6 6 6 6 6],[1 0.9 0.6 0.5 0.5],7,0.0
1271,15,0,11,1,0,[6 6 6 6 6],[8 8 5 5 5],[1 0.9 0.6 0.5 0.5],8,0.0
1272,15,0,12,0,0,[8 8 5 5 5],[6 6 6 6 6],[1 0.9 0.6 0.5 0.5],7,0.0
1273,15,0,13,1,0,[6 6 6 6 6],[8 8 5 5 5],[1 0.9 0.6 0.5 0.5],8,0.0
1274,15,0,14,0,0,[8 8 5 5 5],[6 6 6 6 6],[1 0.9 0.6 0.5 0.5],7,0.0
1275,15,0,15,1,0,[6 6 6 6 6],[10 10 5 5 5],[1 0.9 0.6 0.5 0.5],9,0.0
1276,15,0,16,0,0,[10 10 5 5 5],[6 6 6 6 6],[1 0.9 0.6 0.5 0.5],2,0.0
1277,15,0,17,1,0,[6 6 6 6 6],[8 8 5 5 5],[1 0.9 0.6 0.5 0.5],8,0.0
1278,15,0,18,1,0,[6 6 6 6 6],[7 7 5 5 5],[1 0.9 0.6 0.5 0.5],1,0.0
1279,15,0,19,1,0,[6 6 6 6 6],[8 8 5 5 5],[1 0.9 0.6 0.5 0.5],8,0.0
1280,15,0,20,0,0,[9 5 5 5 5],[1 6 6 6 6],[1 0.9 0.6 0.5 0.5],3,0.0
1281,15,0,21,1,0,[6 6 6 6 6],[10 10 5 5 5],[1 0.9 0.6 0.5 0.5],9,0.0
1282,15,0,22,1,0,[6 6 6 6 6],[8 8 5 5 5],[1 0.9 0.6 0.5 0.5],8,0.0
1283,15,0,23,1,0,[6 6 6 6 6],[7 7 5 5 5],[1 0.9 0.6 0.5 0.5],1,0.0
1284,15,0,24,0,0,[10 10 5 5 5],[6 6 6 6 6],[1 0.9 0.6 0.5 0.5],2,0.0
1285,15,0,25,1,0,[2 2 3 3 3],[10 10 2 2 2],[1 0.9 0.6 0.5 0.5],4,0.0
1286,15,0,26,0,0,[7 7 5 5 5],[6 6 6 6 6],[1 0.9 0.6 0.5 0.5],10,0.0
1287,15,0,27,0,0,[10 10 2 2 2],[2 2 3 3 3],[1 0.9 0.6 0.5 0.5],5,0.0
1288,15,0,28,1,0,[6 6 6 6 6],[7 7 5 5 5],[1 0.9 0.6 0.5 0.5],1,0.0
1289,15,0,29,1,0,[1 6 6 6 6],[9 5 5 5 5],[1 0.9 0.6 0.5 0.5],6,0.0
1290,15,0,30,1,0,[2 2 3 3 3],[10 10 2 2 2],[1 0.9 0.6 0.5 0.5],4,0.0
1291,15,0,31,0,0,[10 10 2 2 2],[2 2 3 3 3],[1 0.9 0.6 0.5 0.5],5,0.0
1292,15,0,32,0,0,[7 7 5 5 5],[6 6 6 6 6],[1 0.9 0.6 0.5 0.5],10,0.0
1293,15,0,33,1,0,[6 6 6 6 6],[8 8 5 5 5],[1 0.9 0.6 0.5 0.5],8,0.0
1294,15,0,34,0,0,[8 8 5 5 5],[6 6 6 6 6],[1 0.9 0.6 0.5 0.5],7,0.0
1295,15,0,35,0,0,[10 10 5 5 5],[6 6 6 6 6],[1 0.9 0.6 0.5 0.5],2,0.0
1296,15,0,36,1,0,[6 6 6 6 6],[7 7 5 5 5],[1 0.9 0.6 0.5 0.5],1,0.0
1297,15,0,37,1,0,[1 6 6 6 6],[9 5 5 5 5],[1 0.9 0.6 0.5 0.5],6,0.0
1298,15,0,38,1,0,[6 6 6 6 6],[7 7 5 5 5],[1 0.9 0.6 0.5 0.5],1,0.0
1299,15,0,39,0,0,[8 8 5 5 5],[6 6 6 6 6],[1 0.9 0.6 0.5 0.5],7,0.0
1300,15,0,40,0,0,[7 7 5 5 5],[6 6 6 6 6],[1 0.9 0.6 0.5 0.5],10,0.0
1301,15,0,41,1,0,[6 6 6 6 6],[7 7 5 5 5],[1 0.9 0.6 0.5 0.5],1,0.0
1302,15,0,42,0,0,[7 7 5 5 5],[6 6 6 6 6],[1 0.9 0.6 0.5 0.5],10,0.0
1303,15,0,43,1,0,[6 6 6 6 6],[7 7 5 5 5],[1 0.9 0.6 0.5 0.5],1,0.0
1304,15,0,44,1,0,[2 2 3 3 3],[10 10 2 2 2],[1 0.9 0.6 0.5 0.5],4,0.0
1305,15,0,45,1,0,[1 6 6 6 6],[9 5 5 5 5],[1 0.9 0.6 0.5 0.5],6,0.0
1306,15,0,46,0,0,[9 5 5 5 5],[1 6 6 6 6],[1 0.9 0.6 0.5 0.5],3,0.0
1307,15,0,47,0,0,[8 8 5 5 5],[6 6 6 6 6],[1 0.9 0.6 0.5 0.5],7,0.0
1308,15,0,48,1,0,[6 6 6 6 6],[10 10 5 5 5],[1 0.9 0.6 0.5 0.5],9,0.0
1309,15,0,49,1,0,[6 6 6 6 6],[7 7 5 5 5],[1 0.9 0.6 0.5 0.5],1,0.0
1310,15,0,50,0,0,[9 5 5 5 5],[1 6 6 6 6],[1 0.9 0.6 0.5 0.5],3,0.0
1311,15,0,51,1,0,[6 6 6 6 6],[8 8 5 5 5],[1 0.9 0.6 0.5 0.5],8,0.0
1312,15,0,52,0,0,[9 5 5 5 5],[1 6 6 6 6],[1 0.9 0.6 0.5 0.5],3,0.0
1313,15,0,53,0,0,[8 8 5 5 5],[6 6 6 6 6],[1 0.9 0.6 0.5 0.5],7,0.0
1314,15,0,54,0,0,[10 10 5 5 5],[6 6 6 6 6],[1 0.9 0.6 0.5 0.5],2,0.0
1315,15,0,55,0,0,[7 7 5 5 5],[6 6 6 6 6],[1 0.9 0.6 0.5 0.5],10,0.0
1316,15,0,56,1,0,[2 2 3 3 3],[10 10 2 2 2],[1 0.9 0.6 0.5 0.5],4,0.0
1317,15,0,57,1,0,[7 7 5 5 5],[6 6 6 6 6],[1 0.9 0.6 0.5 0.5],10,0.0
1318,15,0,58,0,0,[8 8 5 5 5],[6 6 6 6 6],[1 0.9 0.6 0.5 0.5],7,0.0
1319,15,0,59,0,0,[10 10 2 2 2],[2 2 3 3 3],[1 0.9 0.6 0.5 0.5],5,0.0
1320,15,0,60,1,0,[6 6 6 6 6],[10 10 5 5 5],[1 0.9 0.6 0.5 0.5],9,0.0
1321,15,0,61,1,0,[1 6 6 6 6],[9 5 5 5 5],[1 0.9 0.6 0.5 0.5],6,0.0
1322,15,0,62,1,0,[1 6 6 6 6],[9 5 5 5 5],[1 0.9 0.6 0.5 0.5],6,0.0
1323,15,0,63,0,0,[7 7 5 5 5],[6 6 6 6 6],[1 0.9 0.6 0.5 0.5],10,0.0
1324,15,0,64,1,0,[6 6 6 6 6],[10 10 5 5 5],[1 0.9 0.6 0.5 0.5],9,0.0
1325,15,0,65,0,0,[9 5 5 5 5],[1 6 6 6 6],[1 0.9 0.6 0.5 0.5],3,0.0
1326,15,0,66,0,0,[7 7 5 5 5],[6 6 6 6 6],[1 0.9 0.6 0.5 0.5],10,0.0
1327,15,0,67,1,0,[1 6 6 6 6],[9 5 5 5 5],[1 0.9 0.6 0.5 0.5],6,0.0
1328,15,0,68,1,0,[6 6 6 6 6],[8 8 5 5 5],[1 0.9 0.6 0.5 0.5],8,0.0
1329,15,0,69,1,0,[2 2 3 3 3],[10 10 2 2 2],[1 0.9 0.6 0.5 0.5],4,0.0
1330,15,0,70,0,0,[7 7 5 5 5],[6 6 6 6 6],[1 0.9 0.6 0.5 0.5],10,0.0
1331,15,0,71,0,0,[10 10 2 2 2],[2 2 3 3 3],[1 0.9 0.6 0.5 0.5],5,0.0
1332,15,0,72,1,0,[6 6 6 6 6],[8 8 5 5 5],[1 0.9 0.6 0.5 0.5],8,0.0
1333,15,0,73,1,0,[6 6 6 6 6],[10 10 5 5 5],[1 0.9 0.6 0.5 0.5],9,0.0
1334,15,0,74,0,0,[10 10 2 2 2],[2 2 3 3 3],[1 0.9 0.6 0.5 0.5],5,0.0
1335,15,0,75,1,0,[1 6 6 6 6],[9 5 5 5 5],[1 0.9 0.6 0.5 0.5],6,0.0
1336,15,0,76,1,0,[2 2 3 3 3],[10 10 2 2 2],[1 0.9 0.6 0.5 0.5],4,0.0
1337,15,0,77,0,0,[10 10 5 5 5],[6 6 6 6 6],[1 0.9 0.6 0.5 0.5],2,0.0
1338,15,0,78,0,0,[9 5 5 5 5],[1 6 6 6 6],[1 0.9 0.6 0.5 0.5],3,0.0
1339,15,0,79,0,0,[8 8 5 5 5],[6 6 6 6 6],[1 0.9 0.6 0.5 0.5],7,0.0
1340,15,0,80,0,0,[10 10 2 2 2],[2 2 3 3 3],[1 0.9 0.6 0.5 0.5],5,0.0
1341,15,0,81,1,0,[2 2 3 3 3],[10 10 2 2 2],[1 0.9 0.6 0.5 0.5],4,0.0
1342,15,0,82,1,0,[6 6 6 6 6],[10 10 5 5 5],[1 0.9 0.6 0.5 0.5],9,0.0
1343,15,0,83,1,0,[1 6 6 6 6],[9 5 5 5 5],[1 0.9 0.6 0.5 0.5],6,0.0
1344,15,0,84,0,0,[10 10 2 2 2],[2 2 3 3 3],[1 0.9 0.6 0.5 0.5],5,0.0
1345,15,0,85,0,0,[10 10 5 5 5],[6 6 6 6 6],[1 0.9 0.6 0.5 0.5],2,0.0
1346,15,0,86,1,0,[2 2 3 3 3],[10 10 2 2 2],[1 0.9 0.6 0.5 0.5],4,0.0
1347,15,0,87,1,0,[6 6 6 6 6],[10 10 5 5 5],[1 0.9 0.6 0.5 0.5],9,0.0
1348,15,0,88,1,0,[6 6 6 6 6],[10 10 5 5 5],[1 0.9 0.6 0.5 0.5],9,0.0
1349,15,0,89,0,0,[9 5 5 5 5],[1 6 6 6 6],[1 0.9 0.6 0.5 0.5],3,0.0
1350,16,0,0,1,0,[6 6 6 6 6],[7 7 5 5 5],[1 0.9 0.6 0.5 0.5],1,0.0
1351,16,0,1,0,0,[10 10 5 5 5],[6 6 6 6 6],[1 0.9 0.6 0.5 0.5],2,0.0
1352,16,0,2,0,0,[9 5 5 5 5],[1 6 6 6 6],[1 0.9 0.6 0.5 0.5],3,0.0
1353,16,0,3,0,0,[2 2 3 3 3],[10 10 2 2 2],[1 0.9 0.6 0.5 0.5],4,0.0
1354,16,0,4,1,0,[10 10 2 2 2],[2 2 3 3 3],[1 0.9 0.6 0.5 0.5],5,0.0
1355,16,0,5,1,0,[10 10 5 5 5],[6 6 6 6 6],[1 0.9 0.6 0.5 0.5],2,0.0
1356,16,0,6,1,0,[10 10 2 2 2],[2 2 3 3 3],[1 0.9 0.6 0.5 0.5],5,0.0
1357,16,0,7,0,0,[10 10 5 5 5],[6 6 6 6 6],[1 0.9 0.6 0.5 0.5],2,0.0
1358,16,0,8,0,0,[1 6 6 6 6],[9 5 5 5 5],[1 0.9 0.6 0.5 0.5],6,0.0
1359,16,0,9,0,0,[9 5 5 5 5],[1 6 6 6 6],[1 0.9 0.6 0.5 0.5],3,0.0
1360,16,0,10,0,0,[8 8 5 5 5],[6 6 6 6 6],[1 0.9 0.6 0.5 0.5],7,0.0
1361,16,0,11,0,0,[6 6 6 6 6],[8 8 5 5 5],[1 0.9 0.6 0.5 0.5],8,0.0
1362,16,0,12,0,0,[8 8 5 5 5],[6 6 6 6 6],[1 0.9 0.6 0.5 0.5],7,0.0
1363,16,0,13,1,0,[6 6 6 6 6],[8 8 5 5 5],[1 0.9 0.6 0.5 0.5],8,0.0
1364,16,0,14,0,0,[8 8 5 5 5],[6 6 6 6 6],[1 0.9 0.6 0.5 0.5],7,0.0
1365,16,0,15,0,0,[6 6 6 6 6],[10 10 5 5 5],[1 0.9 0.6 0.5 0.5],9,0.0
1366,16,0,16,1,0,[10 10 5 5 5],[6 6 6 6 6],[1 0.9 0.6 0.5 0.5],2,0.0
1367,16,0,17,1,0,[6 6 6 6 6],[8 8 5 5 5],[1 0.9 0.6 0.5 0.5],8,0.0
1368,16,0,18,1,0,[6 6 6 6 6],[7 7 5 5 5],[1 0.9 0.6 0.5 0.5],1,0.0
1369,16,0,19,0,0,[6 6 6 6 6],[8 8 5 5 5],[1 0.9 0.6 0.5 0.5],8,0.0
1370,16,0,20,1,0,[9 5 5 5 5],[1 6 6 6 6],[1 0.9 0.6 0.5 0.5],3,0.0
1371,16,0,21,0,0,[6 6 6 6 6],[10 10 5 5 5],[1 0.9 0.6 0.5 0.5],9,0.0
1372,16,0,22,1,0,[6 6 6 6 6],[8 8 5 5 5],[1 0.9 0.6 0.5 0.5],8,0.0
1373,16,0,23,0,0,[6 6 6 6 6],[7 7 5 5 5],[1 0.9 0.6 0.5 0.5],1,0.0
1374,16,0,24,1,0,[10 10 5 5 5],[6 6 6 6 6],[1 0.9 0.6 0.5 0.5],2,0.0
1375,16,0,25,1,0,[2 2 3 3 3],[10 10 2 2 2],[1 0.9 0.6 0.5 0.5],4,0.0
1376,16,0,26,0,0,[7 7 5 5 5],[6 6 6 6 6],[1 0.9 0.6 0.5 0.5],10,0.0
1377,16,0,27,1,0,[10 10 2 2 2],[2 2 3 3 3],[1 0.9 0.6 0.5 0.5],5,0.0
1378,16,0,28,0,0,[6 6 6 6 6],[7 7 5 5 5],[1 0.9 0.6 0.5 0.5],1,0.0
1379,16,0,29,1,0,[1 6 6 6 6],[9 5 5 5 5],[1 0.9 0.6 0.5 0.5],6,0.0
1380,16,0,30,1,0,[2 2 3 3 3],[10 10 2 2 2],[1 0.9 0.6 0.5 0.5],4,0.0
1381,16,0,31,0,0,[10 10 2 2 2],[2 2 3 3 3],[1 0.9 0.6 0.5 0.5],5,0.0
1382,16,0,32,0,0,[7 7 5 5 5],[6 6 6 6 6],[1 0.9 0.6 0.5 0.5],10,0.0
1383,16,0,33,0,0,[6 6 6 6 6],[8 8 5 5 5],[1 0.9 0.6 0.5 0.5],8,0.0
1384,16,0,34,0,0,[8 8 5 5 5],[6 6 6 6 6],[1 0.9 0.6 0.5 0.5],7,0.0
1385,16,0,35,1,0,[10 10 5 5 5],[6 6 6 6 6],[1 0.9 0.6 0.5 0.5],2,0.0
1386,16,0,36,0,0,[6 6 6 6 6],[7 7 5 5 5],[1 0.9 0.6 0.5 0.5],1,0.0
1387,16,0,37,1,0,[1 6 6 6 6],[9 5 5 5 5],[1 0.9 0.6 0.5 0.5],6,0.0
1388,16,0,38,1,0,[6 6 6 6 6],[7 7 5 5 5],[1 0.9 0.6 0.5 0.5],1,0.0
1389,16,0,39,1,0,[8 8 5 5 5],[6 6 6 6 6],[1 0.9 0.6 0.5 0.5],7,0.0
1390,16,0,40,1,0,[7 7 5 5 5],[6 6 6 6 6],[1 0.9 0.6 0.5 0.5],10,0.0
1391,16,0,41,0,0,[6 6 6 6 6],[7 7 5 5 5],[1 0.9 0.6 0.5 0.5],1,0.0
1392,16,0,42,1,0,[7 7 5 5 5],[6 6 6 6 6],[1 0.9 0.6 0.5 0.5],10,0.0
1393,16,0,43,1,0,[6 6 6 6 6],[7 7 5 5 5],[1 0.9 0.6 0.5 0.5],1,0.0
1394,16,0,44,1,0,[2 2 3 3 3],[10 10 2 2 2],[1 0.9 0.6 0.5 0.5],4,0.0
1395,16,0,45,1,0,[1 6 6 6 6],[9 5 5 5 5],[1 0.9 0.6 0.5 0.5],6,0.0
1396,16,0,46,1,0,[9 5 5 5 5],[1 6 6 6 6],[1 0.9 0.6 0.5 0.5],3,0.0
1397,16,0,47,1,0,[8 8 5 5 5],[6 6 6 6 6],[1 0.9 0.6 0.5 0.5],7,0.0
1398,16,0,48,0,0,[6 6 6 6 6],[10 10 5 5 5],[1 0.9 0.6 0.5 0.5],9,0.0
1399,16,0,49,0,0,[6 6 6 6 6],[7 7 5 5 5],[1 0.9 0.6 0.5 0.5],1,0.0
1400,16,0,50,1,0,[9 5 5 5 5],[1 6 6 6 6],[1 0.9 0.6 0.5 0.5],3,0.0
1401,16,0,51,1,0,[6 6 6 6 6],[8 8 5 5 5],[1 0.9 0.6 0.5 0.5],8,0.0
1402,16,0,52,1,0,[9 5 5 5 5],[1 6 6 6 6],[1 0.9 0.6 0.5 0.5],3,0.0
1403,16,0,53,1,0,[8 8 5 5 5],[6 6 6 6 6],[1 0.9 0.6 0.5 0.5],7,0.0
1404,16,0,54,1,0,[10 10 5 5 5],[6 6 6 6 6],[1 0.9 0.6 0.5 0.5],2,0.0
1405,16,0,55,1,0,[7 7 5 5 5],[6 6 6 6 6],[1 0.9 0.6 0.5 0.5],10,0.0
1406,16,0,56,1,0,[2 2 3 3 3],[10 10 2 2 2],[1 0.9 0.6 0.5 0.5],4,0.0
1407,16,0,57,1,0,[7 7 5 5 5],[6 6 6 6 6],[1 0.9 0.6 0.5 0.5],10,0.0
1408,16,0,58,0,0,[8 8 5 5 5],[6 6 6 6 6],[1 0.9 0.6 0.5 0.5],7,0.0
1409,16,0,59,0,0,[10 10 2 2 2],[2 2 3 3 3],[1 0.9 0.6 0.5 0.5],5,0.0
1410,16,0,60,1,0,[6 6 6 6 6],[10 10 5 5 5],[1 0.9 0.6 0.5 0.5],9,0.0
1411,16,0,61,1,0,[1 6 6 6 6],[9 5 5 5 5],[1 0.9 0.6 0.5 0.5],6,0.0
1412,16,0,62,0,0,[1 6 6 6 6],[9 5 5 5 5],[1 0.9 0.6 0.5 0.5],6,0.0
1413,16,0,63,1,0,[7 7 5 5 5],[6 6 6 6 6],[1 0.9 0.6 0.5 0.5],10,0.0
1414,16,0,64,0,0,[6 6 6 6 6],[10 10 5 5 5],[1 0.9 0.6 0.5 0.5],9,0.0
1415,16,0,65,0,0,[9 5 5 5 5],[1 6 6 6 6],[1 0.9 0.6 0.5 0.5],3,0.0
1416,16,0,66,0,0,[7 7 5 5 5],[6 6 6 6 6],[1 0.9 0.6 0.5 0.5],10,0.0
1417,16,0,67,0,0,[1 6 6 6 6],[9 5 5 5 5],[1 0.9 0.6 0.5 0.5],6,0.0
1418,16,0,68,0,0,[6 6 6 6 6],[8 8 5 5 5],[1 0.9 0.6 0.5 0.5],8,0.0
1419,16,0,69,0,0,[2 2 3 3 3],[10 10 2 2 2],[1 0.9 0.6 0.5 0.5],4,0.0
1420,16,0,70,0,0,[7 7 5 5 5],[6 6 6 6 6],[1 0.9 0.6 0.5 0.5],10,0.0
1421,16,0,71,0,0,[10 10 2 2 2],[2 2 3 3 3],[1 0.9 0.6 0.5 0.5],5,0.0
1422,16,0,72,1,0,[6 6 6 6 6],[8 8 5 5 5],[1 0.9 0.6 0.5 0.5],8,0.0
1423,16,0,73,1,0,[6 6 6 6 6],[10 10 5 5 5],[1 0.9 0.6 0.5 0.5],9,0.0
1424,16,0,74,1,0,[10 10 2 2 2],[2 2 3 3 3],[1 0.9 0.6 0.5 0.5],5,0.0
1425,16,0,75,1,0,[1 6 6 6 6],[9 5 5 5 5],[1 0.9 0.6 0.5 0.5],6,0.0
1426,16,0,76,1,0,[2 2 3 3 3],[10 10 2 2 2],[1 0.9 0.6 0.5 0.5],4,0.0
1427,16,0,77,0,0,[10 10 5 5 5],[6 6 6 6 6],[1 0.9 0.6 0.5 0.5],2,0.0
1428,16,0,78,1,0,[9 5 5 5 5],[1 6 6 6 6],[1 0.9 0.6 0.5 0.5],3,0.0
1429,16,0,79,0,0,[8 8 5 5 5],[6 6 6 6 6],[1 0.9 0.6 0.5 0.5],7,0.0
1430,16,0,80,0,0,[10 10 2 2 2],[2 2 3 3 3],[1 0.9 0.6 0.5 0.5],5,0.0
1431,16,0,81,1,0,[2 2 3 3 3],[10 10 2 2 2],[1 0.9 0.6 0.5 0.5],4,0.0
1432,16,0,82,1,0,[6 6 6 6 6],[10 10 5 5 5],[1 0.9 0.6 0.5 0.5],9,0.0
1433,16,0,83,1,0,[1 6 6 6 6],[9 5 5 5 5],[1 0.9 0.6 0.5 0.5],6,0.0
1434,16,0,84,1,0,[10 10 2 2 2],[2 2 3 3 3],[1 0.9 0.6 0.5 0.5],5,0.0
1435,16,0,85,1,0,[10 10 5 5 5],[6 6 6 6 6],[1 0.9 0.6 0.5 0.5],2,0.0
1436,16,0,86,1,0,[2 2 3 3 3],[10 10 2 2 2],[1 0.9 0.6 0.5 0.5],4,0.0
1437,16,0,87,0,0,[6 6 6 6 6],[10 10 5 5 5],[1 0.9 0.6 0.5 0.5],9,0.0
1438,16,0,88,0,0,[6 6 6 6 6],[10 10 5 5 5],[1 0.9 0.6 0.5 0.5],9,0.0
1439,16,0,89,1,0,[9 5 5 5 5],[1 6 6 6 6],[1 0.9 0.6 0.5 0.5],3,0.0
1440,17,0,0,0,0,[6 6 6 6 6],[7 7 5 5 5],[1 0.9 0.6 0.5 0.5],1,0.0
1441,17,0,1,1,0,[10 10 5 5 5],[6 6 6 6 6],[1 0.9 0.6 0.5 0.5],2,0.0
1442,17,0,2,1,0,[9 5 5 5 5],[1 6 6 6 6],[1 0.9 0.6 0.5 0.5],3,0.0
1443,17,0,3,1,0,[2 2 3 3 3],[10 10 2 2 2],[1 0.9 0.6 0.5 0.5],4,0.0
1444,17,0,4,0,0,[10 10 2 2 2],[2 2 3 3 3],[1 0.9 0.6 0.5 0.5],5,0.0
1445,17,0,5,1,0,[10 10 5 5 5],[6 6 6 6 6],[1 0.9 0.6 0.5 0.5],2,0.0
1446,17,0,6,0,0,[10 10 2 2 2],[2 2 3 3 3],[1 0.9 0.6 0.5 0.5],5,0.0
1447,17,0,7,0,0,[10 10 5 5 5],[6 6 6 6 6],[1 0.9 0.6 0.5 0.5],2,0.0
1448,17,0,8,1,0,[1 6 6 6 6],[9 5 5 5 5],[1 0.9 0.6 0.5 0.5],6,0.0
1449,17,0,9,0,0,[9 5 5 5 5],[1 6 6 6 6],[1 0.9 0.6 0.5 0.5],3,0.0
1450,17,0,10,0,0,[8 8 5 5 5],[6 6 6 6 6],[1 0.9 0.6 0.5 0.5],7,0.0
1451,17,0,11,0,0,[6 6 6 6 6],[8 8 5 5 5],[1 0.9 0.6 0.5 0.5],8,0.0
1452,17,0,12,0,0,[8 8 5 5 5],[6 6 6 6 6],[1 0.9 0.6 0.5 0.5],7,0.0
1453,17,0,13,0,0,[6 6 6 6 6],[8 8 5 5 5],[1 0.9 0.6 0.5 0.5],8,0.0
1454,17,0,14,1,0,[8 8 5 5 5],[6 6 6 6 6],[1 0.9 0.6 0.5 0.5],7,0.0
1455,17,0,15,1,0,[6 6 6 6 6],[10 10 5 5 5],[1 0.9 0.6 0.5 0.5],9,0.0
1456,17,0,16,0,0,[10 10 5 5 5],[6 6 6 6 6],[1 0.9 0.6 0.5 0.5],2,0.0
1457,17,0,17,1,0,[6 6 6 6 6],[8 8 5 5 5],[1 0.9 0.6 0.5 0.5],8,0.0
1458,17,0,18,1,0,[6 6 6 6 6],[7 7 5 5 5],[1 0.9 0.6 0.5 0.5],1,0.0
1459,17,0,19,0,0,[6 6 6 6 6],[8 8 5 5 5],[1 0.9 0.6 0.5 0.5],8,0.0
1460,17,0,20,1,0,[9 5 5 5 5],[1 6 6 6 6],[1 0.9 0.6 0.5 0.5],3,0.0
1461,17,0,21,1,0,[6 6 6 6 6],[10 10 5 5 5],[1 0.9 0.6 0.5 0.5],9,0.0
1462,17,0,22,1,0,[6 6 6 6 6],[8 8 5 5 5],[1 0.9 0.6 0.5 0.5],8,0.0
1463,17,0,23,1,0,[6 6 6 6 6],[7 7 5 5 5],[1 0.9 0.6 0.5 0.5],1,0.0
1464,17,0,24,0,0,[10 10 5 5 5],[6 6 6 6 6],[1 0.9 0.6 0.5 0.5],2,0.0
1465,17,0,25,1,0,[2 2 3 3 3],[10 10 2 2 2],[1 0.9 0.6 0.5 0.5],4,0.0
1466,17,0,26,1,0,[7 7 5 5 5],[6 6 6 6 6],[1 0.9 0.6 0.5 0.5],10,0.0
1467,17,0,27,0,0,[10 10 2 2 2],[2 2 3 3 3],[1 0.9 0.6 0.5 0.5],5,0.0
1468,17,0,28,1,0,[6 6 6 6 6],[7 7 5 5 5],[1 0.9 0.6 0.5 0.5],1,0.0
1469,17,0,29,1,0,[1 6 6 6 6],[9 5 5 5 5],[1 0.9 0.6 0.5 0.5],6,0.0
1470,17,0,30,1,0,[2 2 3 3 3],[10 10 2 2 2],[1 0.9 0.6 0.5 0.5],4,0.0
1471,17,0,31,0,0,[10 10 2 2 2],[2 2 3 3 3],[1 0.9 0.6 0.5 0.5],5,0.0
1472,17,0,32,0,0,[7 7 5 5 5],[6 6 6 6 6],[1 0.9 0.6 0.5 0.5],10,0.0
1473,17,0,33,0,0,[6 6 6 6 6],[8 8 5 5 5],[1 0.9 0.6 0.5 0.5],8,0.0
1474,17,0,34,0,0,[8 8 5 5 5],[6 6 6 6 6],[1 0.9 0.6 0.5 0.5],7,0.0
1475,17,0,35,1,0,[10 10 5 5 5],[6 6 6 6 6],[1 0.9 0.6 0.5 0.5],2,0.0
1476,17,0,36,1,0,[6 6 6 6 6],[7 7 5 5 5],[1 0.9 0.6 0.5 0.5],1,0.0
1477,17,0,37,1,0,[1 6 6 6 6],[9 5 5 5 5],[1 0.9 0.6 0.5 0.5],6,0.0
1478,17,0,38,1,0,[6 6 6 6 6],[7 7 5 5 5],[1 0.9 0.6 0.5 0.5],1,0.0
1479,17,0,39,0,0,[8 8 5 5 5],[6 6 6 6 6],[1 0.9 0.6 0.5 0.5],7,0.0
1480,17,0,40,0,0,[7 7 5 5 5],[6 6 6 6 6],[1 0.9 0.6 0.5 0.5],10,0.0
1481,17,0,41,1,0,[6 6 6 6 6],[7 7 5 5 5],[1 0.9 0.6 0.5 0.5],1,0.0
1482,17,0,42,1,0,[7 7 5 5 5],[6 6 6 6 6],[1 0.9 0.6 0.5 0.5],10,0.0
1483,17,0,43,1,0,[6 6 6 6 6],[7 7 5 5 5],[1 0.9 0.6 0.5 0.5],1,0.0
1484,17,0,44,1,0,[2 2 3 3 3],[10 10 2 2 2],[1 0.9 0.6 0.5 0.5],4,0.0
1485,17,0,45,0,0,[1 6 6 6 6],[9 5 5 5 5],[1 0.9 0.6 0.5 0.5],6,0.0
1486,17,0,46,1,0,[9 5 5 5 5],[1 6 6 6 6],[1 0.9 0.6 0.5 0.5],3,0.0
1487,17,0,47,1,0,[8 8 5 5 5],[6 6 6 6 6],[1 0.9 0.6 0.5 0.5],7,0.0
1488,17,0,48,0,0,[6 6 6 6 6],[10 10 5 5 5],[1 0.9 0.6 0.5 0.5],9,0.0
1489,17,0,49,0,0,[6 6 6 6 6],[7 7 5 5 5],[1 0.9 0.6 0.5 0.5],1,0.0
1490,17,0,50,1,0,[9 5 5 5 5],[1 6 6 6 6],[1 0.9 0.6 0.5 0.5],3,0.0
1491,17,0,51,1,0,[6 6 6 6 6],[8 8 5 5 5],[1 0.9 0.6 0.5 0.5],8,0.0
1492,17,0,52,1,0,[9 5 5 5 5],[1 6 6 6 6],[1 0.9 0.6 0.5 0.5],3,0.0
1493,17,0,53,1,0,[8 8 5 5 5],[6 6 6 6 6],[1 0.9 0.6 0.5 0.5],7,0.0
1494,17,0,54,1,0,[10 10 5 5 5],[6 6 6 6 6],[1 0.9 0.6 0.5 0.5],2,0.0
1495,17,0,55,0,0,[7 7 5 5 5],[6 6 6 6 6],[1 0.9 0.6 0.5 0.5],10,0.0
1496,17,0,56,1,0,[2 2 3 3 3],[10 10 2 2 2],[1 0.9 0.6 0.5 0.5],4,0.0
1497,17,0,57,1,0,[7 7 5 5 5],[6 6 6 6 6],[1 0.9 0.6 0.5 0.5],10,0.0
1498,17,0,58,1,0,[8 8 5 5 5],[6 6 6 6 6],[1 0.9 0.6 0.5 0.5],7,0.0
1499,17,0,59,0,0,[10 10 2 2 2],[2 2 3 3 3],[1 0.9 0.6 0.5 0.5],5,0.0
1500,17,0,60,0,0,[6 6 6 6 6],[10 10 5 5 5],[1 0.9 0.6 0.5 0.5],9,0.0
1501,17,0,61,1,0,[1 6 6 6 6],[9 5 5 5 5],[1 0.9 0.6 0.5 0.5],6,0.0
1502,17,0,62,1,0,[1 6 6 6 6],[9 5 5 5 5],[1 0.9 0.6 0.5 0.5],6,0.0
1503,17,0,63,1,0,[7 7 5 5 5],[6 6 6 6 6],[1 0.9 0.6 0.5 0.5],10,0.0
1504,17,0,64,0,0,[6 6 6 6 6],[10 10 5 5 5],[1 0.9 0.6 0.5 0.5],9,0.0
1505,17,0,65,1,0,[9 5 5 5 5],[1 6 6 6 6],[1 0.9 0.6 0.5 0.5],3,0.0
1506,17,0,66,1,0,[7 7 5 5 5],[6 6 6 6 6],[1 0.9 0.6 0.5 0.5],10,0.0
1507,17,0,67,0,0,[1 6 6 6 6],[9 5 5 5 5],[1 0.9 0.6 0.5 0.5],6,0.0
1508,17,0,68,0,0,[6 6 6 6 6],[8 8 5 5 5],[1 0.9 0.6 0.5 0.5],8,0.0
1509,17,0,69,0,0,[2 2 3 3 3],[10 10 2 2 2],[1 0.9 0.6 0.5 0.5],4,0.0
1510,17,0,70,0,0,[7 7 5 5 5],[6 6 6 6 6],[1 0.9 0.6 0.5 0.5],10,0.0
1511,17,0,71,0,0,[10 10 2 2 2],[2 2 3 3 3],[1 0.9 0.6 0.5 0.5],5,0.0
1512,17,0,72,1,0,[6 6 6 6 6],[8 8 5 5 5],[1 0.9 0.6 0.5 0.5],8,0.0
1513,17,0,73,0,0,[6 6 6 6 6],[10 10 5 5 5],[1 0.9 0.6 0.5 0.5],9,0.0
1514,17,0,74,1,0,[10 10 2 2 2],[2 2 3 3 3],[1 0.9 0.6 0.5 0.5],5,0.0
1515,17,0,75,1,0,[1 6 6 6 6],[9 5 5 5 5],[1 0.9 0.6 0.5 0.5],6,0.0
1516,17,0,76,1,0,[2 2 3 3 3],[10 10 2 2 2],[1 0.9 0.6 0.5 0.5],4,0.0
1517,17,0,77,1,0,[10 10 5 5 5],[6 6 6 6 6],[1 0.9 0.6 0.5 0.5],2,0.0
1518,17,0,78,1,0,[9 5 5 5 5],[1 6 6 6 6],[1 0.9 0.6 0.5 0.5],3,0.0
1519,17,0,79,1,0,[8 8 5 5 5],[6 6 6 6 6],[1 0.9 0.6 0.5 0.5],7,0.0
1520,17,0,80,0,0,[10 10 2 2 2],[2 2 3 3 3],[1 0.9 0.6 0.5 0.5],5,0.0
1521,17,0,81,1,0,[2 2 3 3 3],[10 10 2 2 2],[1 0.9 0.6 0.5 0.5],4,0.0
1522,17,0,82,0,0,[6 6 6 6 6],[10 10 5 5 5],[1 0.9 0.6 0.5 0.5],9,0.0
1523,17,0,83,1,0,[1 6 6 6 6],[9 5 5 5 5],[1 0.9 0.6 0.5 0.5],6,0.0
1524,17,0,84,0,0,[10 10 2 2 2],[2 2 3 3 3],[1 0.9 0.6 0.5 0.5],5,0.0
1525,17,0,85,0,0,[10 10 5 5 5],[6 6 6 6 6],[1 0.9 0.6 0.5 0.5],2,0.0
1526,17,0,86,1,0,[2 2 3 3 3],[10 10 2 2 2],[1 0.9 0.6 0.5 0.5],4,0.0
1527,17,0,87,1,0,[6 6 6 6 6],[10 10 5 5 5],[1 0.9 0.6 0.5 0.5],9,0.0
1528,17,0,88,0,0,[6 6 6 6 6],[10 10 5 5 5],[1 0.9 0.6 0.5 0.5],9,0.0
1529,17,0,89,1,0,[9 5 5 5 5],[1 6 6 6 6],[1 0.9 0.6 0.5 0.5],3,0.0
1530,18,0,0,0,0,[5 5 4 4 4],[4 4 5 5 5],[1 0.9 0.6 0.5 0.5],11,0.0
1531,18,0,1,1,0,[7 7 3 3 3],[3 3 7 7 7],[1 0.9 0.6 0.5 0.5],12,0.0
1532,18,0,2,0,0,[10 10 10 0 0],[0 0 0 10 10],[1 0.9 0.6 0.5 0.5],13,0.0
1533,18,0,3,0,0,[6 6 4 4 4],[4 4 6 6 6],[1 0.9 0.6 0.5 0.5],14,0.0
1534,18,0,4,1,0,[6 6 4 4 4],[4 4 6 6 6],[1 0.9 0.6 0.5 0.5],14,0.0
1535,18,0,5,1,0,[8 8 2 2 2],[2 2 8 8 8],[1 0.9 0.6 0.5 0.5],15,0.0
1536,18,0,6,1,0,[5 5 5 4 4],[4 4 4 5 5],[1 0.9 0.6 0.5 0.5],16,0.0
1537,18,0,7,0,0,[5 5 4 4 4],[4 4 5 5 5],[1 0.9 0.6 0.5 0.5],11,0.0
1538,18,0,8,1,0,[10 10 0 0 0],[0 0 10 10 10],[1 0.9 0.6 0.5 0.5],17,0.0
1539,18,0,9,0,0,[10 10 10 0 0],[0 0 0 10 10],[1 0.9 0.6 0.5 0.5],13,0.0
1540,18,0,10,1,0,[9 9 1 1 1],[1 1 9 9 9],[1 0.9 0.6 0.5 0.5],18,0.0
1541,18,0,11,1,0,[7 7 3 3 3],[3 3 7 7 7],[1 0.9 0.6 0.5 0.5],12,0.0
1542,18,0,12,1,0,[7 7 3 3 3],[3 3 7 7 7],[1 0.9 0.6 0.5 0.5],12,0.0
1543,18,0,13,1,0,[7 7 3 3 3],[3 3 7 7 7],[1 0.9 0.6 0.5 0.5],12,0.0
1544,18,0,14,0,0,[6 6 4 4 4],[4 4 6 6 6],[1 0.9 0.6 0.5 0.5],14,0.0
1545,18,0,15,1,0,[8 8 2 2 2],[2 2 8 8 8],[1 0.9 0.6 0.5 0.5],15,0.0
1546,18,0,16,1,0,[9 9 1 1 1],[1 1 9 9 9],[1 0.9 0.6 0.5 0.5],18,0.0
1547,18,0,17,1,0,[8 8 2 2 2],[2 2 8 8 8],[1 0.9 0.6 0.5 0.5],15,0.0
1548,18,0,18,1,0,[8 8 2 2 2],[2 2 8 8 8],[1 0.9 0.6 0.5 0.5],15,0.0
1549,18,0,19,1,0,[5 5 4 4 4],[4 4 5 5 5],[1 0.9 0.6 0.5 0.5],11,0.0
1550,18,0,20,1,0,[7 7 3 3 3],[3 3 7 7 7],[1 0.9 0.6 0.5 0.5],12,0.0
1551,18,0,21,1,0,[7 7 3 3 3],[3 3 7 7 7],[1 0.9 0.6 0.5 0.5],12,0.0
1552,18,0,22,1,0,[8 8 2 2 2],[2 2 8 8 8],[1 0.9 0.6 0.5 0.5],15,0.0
1553,18,0,23,0,0,[5 5 5 4 4],[4 4 4 5 5],[1 0.9 0.6 0.5 0.5],16,0.0
1554,18,0,24,1,0,[7 7 3 3 3],[3 3 7 7 7],[1 0.9 0.6 0.5 0.5],12,0.0
1555,18,0,25,1,0,[8 8 2 2 2],[2 2 8 8 8],[1 0.9 0.6 0.5 0.5],15,0.0
1556,18,0,26,1,0,[10 10 0 0 0],[0 0 10 10 10],[1 0.9 0.6 0.5 0.5],17,0.0
1557,18,0,27,1,0,[5 5 4 4 4],[4 4 5 5 5],[1 0.9 0.6 0.5 0.5],11,0.0
1558,18,0,28,0,0,[5 5 4 4 4],[4 4 5 5 5],[1 0.9 0.6 0.5 0.5],11,0.0
1559,18,0,29,1,0,[5 5 4 4 4],[4 4 5 5 5],[1 0.9 0.6 0.5 0.5],11,0.0
1560,18,0,30,1,0,[9 9 1 1 1],[1 1 9 9 9],[1 0.9 0.6 0.5 0.5],18,0.0
1561,18,0,31,1,0,[6 6 4 4 4],[4 4 6 6 6],[1 0.9 0.6 0.5 0.5],14,0.0
1562,18,0,32,0,0,[5 5 5 4 4],[4 4 4 5 5],[1 0.9 0.6 0.5 0.5],16,0.0
1563,18,0,33,1,0,[6 6 4 4 4],[4 4 6 6 6],[1 0.9 0.6 0.5 0.5],14,0.0
1564,18,0,34,0,0,[10 10 10 0 0],[0 0 0 10 10],[1 0.9 0.6 0.5 0.5],13,0.0
1565,18,0,35,1,0,[9 9 1 1 1],[1 1 9 9 9],[1 0.9 0.6 0.5 0.5],18,0.0
1566,18,0,36,1,0,[5 5 4 4 4],[4 4 5 5 5],[1 0.9 0.6 0.5 0.5],11,0.0
1567,18,0,37,1,0,[5 5 5 4 4],[4 4 4 5 5],[1 0.9 0.6 0.5 0.5],16,0.0
1568,18,0,38,1,0,[5 5 4 4 4],[4 4 5 5 5],[1 0.9 0.6 0.5 0.5],11,0.0
1569,18,0,39,0,0,[5 5 4 4 4],[4 4 5 5 5],[1 0.9 0.6 0.5 0.5],11,0.0
1570,18,0,40,0,0,[5 5 5 4 4],[4 4 4 5 5],[1 0.9 0.6 0.5 0.5],16,0.0
1571,18,0,41,1,0,[8 8 2 2 2],[2 2 8 8 8],[1 0.9 0.6 0.5 0.5],15,0.0
1572,18,0,42,1,0,[6 6 4 4 4],[4 4 6 6 6],[1 0.9 0.6 0.5 0.5],14,0.0
1573,18,0,43,0,0,[10 10 10 0 0],[0 0 0 10 10],[1 0.9 0.6 0.5 0.5],13,0.0
1574,18,0,44,1,0,[10 10 0 0 0],[0 0 10 10 10],[1 0.9 0.6 0.5 0.5],17,0.0
1575,18,0,45,1,0,[6 6 4 4 4],[4 4 6 6 6],[1 0.9 0.6 0.5 0.5],14,0.0
1576,18,0,46,0,0,[7 7 3 3 3],[3 3 7 7 7],[1 0.9 0.6 0.5 0.5],12,0.0
1577,18,0,47,1,0,[8 8 2 2 2],[2 2 8 8 8],[1 0.9 0.6 0.5 0.5],15,0.0
1578,18,0,48,0,0,[10 10 10 0 0],[0 0 0 10 10],[1 0.9 0.6 0.5 0.5],13,0.0
1579,18,0,49,0,0,[10 10 10 0 0],[0 0 0 10 10],[1 0.9 0.6 0.5 0.5],13,0.0
1580,18,0,50,1,0,[9 9 1 1 1],[1 1 9 9 9],[1 0.9 0.6 0.5 0.5],18,0.0
1581,18,0,51,0,0,[5 5 5 4 4],[4 4 4 5 5],[1 0.9 0.6 0.5 0.5],16,0.0
1582,18,0,52,0,0,[5 5 5 4 4],[4 4 4 5 5],[1 0.9 0.6 0.5 0.5],16,0.0
1583,18,0,53,0,0,[10 10 10 0 0],[0 0 0 10 10],[1 0.9 0.6 0.5 0.5],13,0.0
1584,18,0,54,1,0,[10 10 0 0 0],[0 0 10 10 10],[1 0.9 0.6 0.5 0.5],17,0.0
1585,18,0,55,0,0,[10 10 10 0 0],[0 0 0 10 10],[1 0.9 0.6 0.5 0.5],13,0.0
1586,18,0,56,1,0,[9 9 1 1 1],[1 1 9 9 9],[1 0.9 0.6 0.5 0.5],18,0.0
1587,18,0,57,0,0,[5 5 5 4 4],[4 4 4 5 5],[1 0.9 0.6 0.5 0.5],16,0.0
1588,18,0,58,1,0,[8 8 2 2 2],[2 2 8 8 8],[1 0.9 0.6 0.5 0.5],15,0.0
1589,18,0,59,1,0,[7 7 3 3 3],[3 3 7 7 7],[1 0.9 0.6 0.5 0.5],12,0.0
1590,18,0,60,1,0,[10 10 0 0 0],[0 0 10 10 10],[1 0.9 0.6 0.5 0.5],17,0.0
1591,18,0,61,1,0,[9 9 1 1 1],[1 1 9 9 9],[1 0.9 0.6 0.5 0.5],18,0.0
1592,18,0,62,1,0,[10 10 0 0 0],[0 0 10 10 10],[1 0.9 0.6 0.5 0.5],17,0.0
1593,18,0,63,1,0,[9 9 1 1 1],[1 1 9 9 9],[1 0.9 0.6 0.5 0.5],18,0.0
1594,18,0,64,1,0,[9 9 1 1 1],[1 1 9 9 9],[1 0.9 0.6 0.5 0.5],18,0.0
1595,18,0,65,0,0,[10 10 10 0 0],[0 0 0 10 10],[1 0.9 0.6 0.5 0.5],13,0.0
1596,18,0,66,1,0,[6 6 4 4 4],[4 4 6 6 6],[1 0.9 0.6 0.5 0.5],14,0.0
1597,18,0,67,1,0,[9 9 1 1 1],[1 1 9 9 9],[1 0.9 0.6 0.5 0.5],18,0.0
1598,18,0,68,1,0,[6 6 4 4 4],[4 4 6 6 6],[1 0.9 0.6 0.5 0.5],14,0.0
1599,18,0,69,1,0,[6 6 4 4 4],[4 4 6 6 6],[1 0.9 0.6 0.5 0.5],14,0.0
1600,18,0,70,0,0,[5 5 5 4 4],[4 4 4 5 5],[1 0.9 0.6 0.5 0.5],16,0.0
1601,18,0,71,1,0,[10 10 0 0 0],[0 0 10 10 10],[1 0.9 0.6 0.5 0.5],17,0.0
1602,18,0,72,1,0,[10 10 0 0 0],[0 0 10 10 10],[1 0.9 0.6 0.5 0.5],17,0.0
1603,18,0,73,0,0,[5 5 4 4 4],[4 4 5 5 5],[1 0.9 0.6 0.5 0.5],11,0.0
1604,18,0,74,1,0,[10 10 0 0 0],[0 0 10 10 10],[1 0.9 0.6 0.5 0.5],17,0.0
1605,18,0,75,0,0,[5 5 5 4 4],[4 4 4 5 5],[1 0.9 0.6 0.5 0.5],16,0.0
1606,18,0,76,0,0,[10 10 10 0 0],[0 0 0 10 10],[1 0.9 0.6 0.5 0.5],13,0.0
1607,18,0,77,1,0,[5 5 5 4 4],[4 4 4 5 5],[1 0.9 0.6 0.5 0.5],16,0.0
1608,18,0,78,0,0,[10 10 10 0 0],[0 0 0 10 10],[1 0.9 0.6 0.5 0.5],13,0.0
1609,18,0,79,1,0,[10 10 0 0 0],[0 0 10 10 10],[1 0.9 0.6 0.5 0.5],17,0.0
1610,18,0,80,1,0,[9 9 1 1 1],[1 1 9 9 9],[1 0.9 0.6 0.5 0.5],18,0.0
1611,18,0,81,1,0,[8 8 2 2 2],[2 2 8 8 8],[1 0.9 0.6 0.5 0.5],15,0.0
1612,18,0,82,1,0,[9 9 1 1 1],[1 1 9 9 9],[1 0.9 0.6 0.5 0.5],18,0.0
1613,18,0,83,1,0,[8 8 2 2 2],[2 2 8 8 8],[1 0.9 0.6 0.5 0.5],15,0.0
1614,18,0,84,1,0,[7 7 3 3 3],[3 3 7 7 7],[1 0.9 0.6 0.5 0.5],12,0.0
1615,18,0,85,1,0,[10 10 0 0 0],[0 0 10 10 10],[1 0.9 0.6 0.5 0.5],17,0.0
1616,18,0,86,1,0,[6 6 4 4 4],[4 4 6 6 6],[1 0.9 0.6 0.5 0.5],14,0.0
1617,18,0,87,1,0,[6 6 4 4 4],[4 4 6 6 6],[1 0.9 0.6 0.5 0.5],14,0.0
1618,18,0,88,1,0,[7 7 3 3 3],[3 3 7 7 7],[1 0.9 0.6 0.5 0.5],12,0.0
1619,18,0,89,0,0,[10 10 10 0 0],[0 0 0 10 10],[1 0.9 0.6 0.5 0.5],13,0.0
1620,18,0,90,1,0,[10 10 0 0 0],[0 0 10 10 10],[1 0.9 0.6 0.5 0.5],17,0.0
1621,18,0,91,1,0,[8 8 2 2 2],[2 2 8 8 8],[1 0.9 0.6 0.5 0.5],15,0.0
1622,18,0,92,1,0,[5 5 4 4 4],[4 4 5 5 5],[1 0.9 0.6 0.5 0.5],11,0.0
1623,18,0,93,0,0,[5 5 5 4 4],[4 4 4 5 5],[1 0.9 0.6 0.5 0.5],16,0.0
1624,18,0,94,1,0,[7 7 3 3 3],[3 3 7 7 7],[1 0.9 0.6 0.5 0.5],12,0.0
1625,18,0,95,1,0,[5 5 4 4 4],[4 4 5 5 5],[1 0.9 0.6 0.5 0.5],11,0.0
1626,19,0,0,0,0,[5 5 4 4 4],[4 4 5 5 5],[1 0.9 0.6 0.5 0.5],11,0.0
1627,19,0,1,0,0,[7 7 3 3 3],[3 3 7 7 7],[1 0.9 0.6 0.5 0.5],12,0.0
1628,19,0,2,1,0,[10 10 10 0 0],[0 0 0 10 10],[1 0.9 0.6 0.5 0.5],13,0.0
1629,19,0,3,1,0,[6 6 4 4 4],[4 4 6 6 6],[1 0.9 0.6 0.5 0.5],14,0.0
1630,19,0,4,0,0,[6 6 4 4 4],[4 4 6 6 6],[1 0.9 0.6 0.5 0.5],14,0.0
1631,19,0,5,0,0,[8 8 2 2 2],[2 2 8 8 8],[1 0.9 0.6 0.5 0.5],15,0.0
1632,19,0,6,0,0,[5 5 5 4 4],[4 4 4 5 5],[1 0.9 0.6 0.5 0.5],16,0.0
1633,19,0,7,0,0,[5 5 4 4 4],[4 4 5 5 5],[1 0.9 0.6 0.5 0.5],11,0.0
1634,19,0,8,0,0,[10 10 0 0 0],[0 0 10 10 10],[1 0.9 0.6 0.5 0.5],17,0.0
1635,19,0,9,0,0,[10 10 10 0 0],[0 0 0 10 10],[1 0.9 0.6 0.5 0.5],13,0.0
1636,19,0,10,1,0,[9 9 1 1 1],[1 1 9 9 9],[1 0.9 0.6 0.5 0.5],18,0.0
1637,19,0,11,0,0,[7 7 3 3 3],[3 3 7 7 7],[1 0.9 0.6 0.5 0.5],12,0.0
1638,19,0,12,0,0,[7 7 3 3 3],[3 3 7 7 7],[1 0.9 0.6 0.5 0.5],12,0.0
1639,19,0,13,0,0,[7 7 3 3 3],[3 3 7 7 7],[1 0.9 0.6 0.5 0.5],12,0.0
1640,19,0,14,1,0,[6 6 4 4 4],[4 4 6 6 6],[1 0.9 0.6 0.5 0.5],14,0.0
1641,19,0,15,1,0,[8 8 2 2 2],[2 2 8 8 8],[1 0.9 0.6 0.5 0.5],15,0.0
1642,19,0,16,1,0,[9 9 1 1 1],[1 1 9 9 9],[1 0.9 0.6 0.5 0.5],18,0.0
1643,19,0,17,1,0,[8 8 2 2 2],[2 2 8 8 8],[1 0.9 0.6 0.5 0.5],15,0.0
1644,19,0,18,1,0,[8 8 2 2 2],[2 2 8 8 8],[1 0.9 0.6 0.5 0.5],15,0.0
1645,19,0,19,0,0,[5 5 4 4 4],[4 4 5 5 5],[1 0.9 0.6 0.5 0.5],11,0.0
1646,19,0,20,0,0,[7 7 3 3 3],[3 3 7 7 7],[1 0.9 0.6 0.5 0.5],12,0.0
1647,19,0,21,1,0,[7 7 3 3 3],[3 3 7 7 7],[1 0.9 0.6 0.5 0.5],12,0.0
1648,19,0,22,1,0,[8 8 2 2 2],[2 2 8 8 8],[1 0.9 0.6 0.5 0.5],15,0.0
1649,19,0,23,0,0,[5 5 5 4 4],[4 4 4 5 5],[1 0.9 0.6 0.5 0.5],16,0.0
1650,19,0,24,0,0,[7 7 3 3 3],[3 3 7 7 7],[1 0.9 0.6 0.5 0.5],12,0.0
1651,19,0,25,0,0,[8 8 2 2 2],[2 2 8 8 8],[1 0.9 0.6 0.5 0.5],15,0.0
1652,19,0,26,0,0,[10 10 0 0 0],[0 0 10 10 10],[1 0.9 0.6 0.5 0.5],17,0.0
1653,19,0,27,1,0,[5 5 4 4 4],[4 4 5 5 5],[1 0.9 0.6 0.5 0.5],11,0.0
1654,19,0,28,1,0,[5 5 4 4 4],[4 4 5 5 5],[1 0.9 0.6 0.5 0.5],11,0.0
1655,19,0,29,1,0,[5 5 4 4 4],[4 4 5 5 5],[1 0.9 0.6 0.5 0.5],11,0.0
1656,19,0,30,0,0,[9 9 1 1 1],[1 1 9 9 9],[1 0.9 0.6 0.5 0.5],18,0.0
1657,19,0,31,1,0,[6 6 4 4 4],[4 4 6 6 6],[1 0.9 0.6 0.5 0.5],14,0.0
1658,19,0,32,0,0,[5 5 5 4 4],[4 4 4 5 5],[1 0.9 0.6 0.5 0.5],16,0.0
1659,19,0,33,1,0,[6 6 4 4 4],[4 4 6 6 6],[1 0.9 0.6 0.5 0.5],14,0.0
1660,19,0,34,1,0,[10 10 10 0 0],[0 0 0 10 10],[1 0.9 0.6 0.5 0.5],13,0.0
1661,19,0,35,0,0,[9 9 1 1 1],[1 1 9 9 9],[1 0.9 0.6 0.5 0.5],18,0.0
1662,19,0,36,0,0,[5 5 4 4 4],[4 4 5 5 5],[1 0.9 0.6 0.5 0.5],11,0.0
1663,19,0,37,1,0,[5 5 5 4 4],[4 4 4 5 5],[1 0.9 0.6 0.5 0.5],16,0.0
1664,19,0,38,1,0,[5 5 4 4 4],[4 4 5 5 5],[1 0.9 0.6 0.5 0.5],11,0.0
1665,19,0,39,0,0,[5 5 4 4 4],[4 4 5 5 5],[1 0.9 0.6 0.5 0.5],11,0.0
1666,19,0,40,1,0,[5 5 5 4 4],[4 4 4 5 5],[1 0.9 0.6 0.5 0.5],16,0.0
1667,19,0,41,0,0,[8 8 2 2 2],[2 2 8 8 8],[1 0.9 0.6 0.5 0.5],15,0.0
1668,19,0,42,0,0,[6 6 4 4 4],[4 4 6 6 6],[1 0.9 0.6 0.5 0.5],14,0.0
1669,19,0,43,0,0,[10 10 10 0 0],[0 0 0 10 10],[1 0.9 0.6 0.5 0.5],13,0.0
1670,19,0,44,0,0,[10 10 0 0 0],[0 0 10 10 10],[1 0.9 0.6 0.5 0.5],17,0.0
1671,19,0,45,1,0,[6 6 4 4 4],[4 4 6 6 6],[1 0.9 0.6 0.5 0.5],14,0.0
1672,19,0,46,1,0,[7 7 3 3 3],[3 3 7 7 7],[1 0.9 0.6 0.5 0.5],12,0.0
1673,19,0,47,1,0,[8 8 2 2 2],[2 2 8 8 8],[1 0.9 0.6 0.5 0.5],15,0.0
1674,19,0,48,1,0,[10 10 10 0 0],[0 0 0 10 10],[1 0.9 0.6 0.5 0.5],13,0.0
1675,19,0,49,0,0,[10 10 10 0 0],[0 0 0 10 10],[1 0.9 0.6 0.5 0.5],13,0.0
1676,19,0,50,1,0,[9 9 1 1 1],[1 1 9 9 9],[1 0.9 0.6 0.5 0.5],18,0.0
1677,19,0,51,0,0,[5 5 5 4 4],[4 4 4 5 5],[1 0.9 0.6 0.5 0.5],16,0.0
1678,19,0,52,0,0,[5 5 5 4 4],[4 4 4 5 5],[1 0.9 0.6 0.5 0.5],16,0.0
1679,19,0,53,1,0,[10 10 10 0 0],[0 0 0 10 10],[1 0.9 0.6 0.5 0.5],13,0.0
1680,19,0,54,0,0,[10 10 0 0 0],[0 0 10 10 10],[1 0.9 0.6 0.5 0.5],17,0.0
1681,19,0,55,1,0,[10 10 10 0 0],[0 0 0 10 10],[1 0.9 0.6 0.5 0.5],13,0.0
1682,19,0,56,1,0,[9 9 1 1 1],[1 1 9 9 9],[1 0.9 0.6 0.5 0.5],18,0.0
1683,19,0,57,0,0,[5 5 5 4 4],[4 4 4 5 5],[1 0.9 0.6 0.5 0.5],16,0.0
1684,19,0,58,0,0,[8 8 2 2 2],[2 2 8 8 8],[1 0.9 0.6 0.5 0.5],15,0.0
1685,19,0,59,0,0,[7 7 3 3 3],[3 3 7 7 7],[1 0.9 0.6 0.5 0.5],12,0.0
1686,19,0,60,0,0,[10 10 0 0 0],[0 0 10 10 10],[1 0.9 0.6 0.5 0.5],17,0.0
1687,19,0,61,1,0,[9 9 1 1 1],[1 1 9 9 9],[1 0.9 0.6 0.5 0.5],18,0.0
1688,19,0,62,1,0,[10 10 0 0 0],[0 0 10 10 10],[1 0.9 0.6 0.5 0.5],17,0.0
1689,19,0,63,1,0,[9 9 1 1 1],[1 1 9 9 9],[1 0.9 0.6 0.5 0.5],18,0.0
1690,19,0,64,1,0,[9 9 1 1 1],[1 1 9 9 9],[1 0.9 0.6 0.5 0.5],18,0.0
1691,19,0,65,0,0,[10 10 10 0 0],[0 0 0 10 10],[1 0.9 0.6 0.5 0.5],13,0.0
1692,19,0,66,1,0,[6 6 4 4 4],[4 4 6 6 6],[1 0.9 0.6 0.5 0.5],14,0.0
1693,19,0,67,0,0,[9 9 1 1 1],[1 1 9 9 9],[1 0.9 0.6 0.5 0.5],18,0.0
1694,19,0,68,0,0,[6 6 4 4 4],[4 4 6 6 6],[1 0.9 0.6 0.5 0.5],14,0.0
1695,19,0,69,1,0,[6 6 4 4 4],[4 4 6 6 6],[1 0.9 0.6 0.5 0.5],14,0.0
1696,19,0,70,0,0,[5 5 5 4 4],[4 4 4 5 5],[1 0.9 0.6 0.5 0.5],16,0.0
1697,19,0,71,1,0,[10 10 0 0 0],[0 0 10 10 10],[1 0.9 0.6 0.5 0.5],17,0.0
1698,19,0,72,1,0,[10 10 0 0 0],[0 0 10 10 10],[1 0.9 0.6 0.5 0.5],17,0.0
1699,19,0,73,1,0,[5 5 4 4 4],[4 4 5 5 5],[1 0.9 0.6 0.5 0.5],11,0.0
1700,19,0,74,0,0,[10 10 0 0 0],[0 0 10 10 10],[1 0.9 0.6 0.5 0.5],17,0.0
1701,19,0,75,1,0,[5 5 5 4 4],[4 4 4 5 5],[1 0.9 0.6 0.5 0.5],16,0.0
1702,19,0,76,0,0,[10 10 10 0 0],[0 0 0 10 10],[1 0.9 0.6 0.5 0.5],13,0.0
1703,19,0,77,1,0,[5 5 5 4 4],[4 4 4 5 5],[1 0.9 0.6 0.5 0.5],16,0.0
1704,19,0,78,0,0,[10 10 10 0 0],[0 0 0 10 10],[1 0.9 0.6 0.5 0.5],13,0.0
1705,19,0,79,0,0,[10 10 0 0 0],[0 0 10 10 10],[1 0.9 0.6 0.5 0.5],17,0.0
1706,19,0,80,0,0,[9 9 1 1 1],[1 1 9 9 9],[1 0.9 0.6 0.5 0.5],18,0.0
1707,19,0,81,1,0,[8 8 2 2 2],[2 2 8 8 8],[1 0.9 0.6 0.5 0.5],15,0.0
1708,19,0,82,1,0,[9 9 1 1 1],[1 1 9 9 9],[1 0.9 0.6 0.5 0.5],18,0.0
1709,19,0,83,1,0,[8 8 2 2 2],[2 2 8 8 8],[1 0.9 0.6 0.5 0.5],15,0.0
1710,19,0,84,1,0,[7 7 3 3 3],[3 3 7 7 7],[1 0.9 0.6 0.5 0.5],12,0.0
1711,19,0,85,0,0,[10 10 0 0 0],[0 0 10 10 10],[1 0.9 0.6 0.5 0.5],17,0.0
1712,19,0,86,0,0,[6 6 4 4 4],[4 4 6 6 6],[1 0.9 0.6 0.5 0.5],14,0.0
1713,19,0,87,0,0,[6 6 4 4 4],[4 4 6 6 6],[1 0.9 0.6 0.5 0.5],14,0.0
1714,19,0,88,0,0,[7 7 3 3 3],[3 3 7 7 7],[1 0.9 0.6 0.5 0.5],12,0.0
1715,19,0,89,1,0,[10 10 10 0 0],[0 0 0 10 10],[1 0.9 0.6 0.5 0.5],13,0.0
1716,19,0,90,1,0,[10 10 0 0 0],[0 0 10 10 10],[1 0.9 0.6 0.5 0.5],17,0.0
1717,19,0,91,0,0,[8 8 2 2 2],[2 2 8 8 8],[1 0.9 0.6 0.5 0.5],15,0.0
1718,19,0,92,0,0,[5 5 4 4 4],[4 4 5 5 5],[1 0.9 0.6 0.5 0.5],11,0.0
1719,19,0,93,0,0,[5 5 5 4 4],[4 4 4 5 5],[1 0.9 0.6 0.5 0.5],16,0.0
1720,19,0,94,1,0,[7 7 3 3 3],[3 3 7 7 7],[1 0.9 0.6 0.5 0.5],12,0.0
1721,19,0,95,1,0,[5 5 4 4 4],[4 4 5 5 5],[1 0.9 0.6 0.5 0.5],11,0.0
1722,20,0,0,0,0,[5 5 4 4 4],[4 4 5 5 5],[1 0.9 0.6 0.5 0.5],11,0.0
1723,20,0,1,1,0,[7 7 3 3 3],[3 3 7 7 7],[1 0.9 0.6 0.5 0.5],12,0.0
1724,20,0,2,1,0,[10 10 10 0 0],[0 0 0 10 10],[1 0.9 0.6 0.5 0.5],13,0.0
1725,20,0,3,0,0,[6 6 4 4 4],[4 4 6 6 6],[1 0.9 0.6 0.5 0.5],14,0.0
1726,20,0,4,1,0,[6 6 4 4 4],[4 4 6 6 6],[1 0.9 0.6 0.5 0.5],14,0.0
1727,20,0,5,1,0,[8 8 2 2 2],[2 2 8 8 8],[1 0.9 0.6 0.5 0.5],15,0.0
1728,20,0,6,0,0,[5 5 5 4 4],[4 4 4 5 5],[1 0.9 0.6 0.5 0.5],16,0.0
1729,20,0,7,0,0,[5 5 4 4 4],[4 4 5 5 5],[1 0.9 0.6 0.5 0.5],11,0.0
1730,20,0,8,1,0,[10 10 0 0 0],[0 0 10 10 10],[1 0.9 0.6 0.5 0.5],17,0.0
1731,20,0,9,0,0,[10 10 10 0 0],[0 0 0 10 10],[1 0.9 0.6 0.5 0.5],13,0.0
1732,20,0,10,0,0,[9 9 1 1 1],[1 1 9 9 9],[1 0.9 0.6 0.5 0.5],18,0.0
1733,20,0,11,0,0,[7 7 3 3 3],[3 3 7 7 7],[1 0.9 0.6 0.5 0.5],12,0.0
1734,20,0,12,0,0,[7 7 3 3 3],[3 3 7 7 7],[1 0.9 0.6 0.5 0.5],12,0.0
1735,20,0,13,0,0,[7 7 3 3 3],[3 3 7 7 7],[1 0.9 0.6 0.5 0.5],12,0.0
1736,20,0,14,0,0,[6 6 4 4 4],[4 4 6 6 6],[1 0.9 0.6 0.5 0.5],14,0.0
1737,20,0,15,1,0,[8 8 2 2 2],[2 2 8 8 8],[1 0.9 0.6 0.5 0.5],15,0.0
1738,20,0,16,1,0,[9 9 1 1 1],[1 1 9 9 9],[1 0.9 0.6 0.5 0.5],18,0.0
1739,20,0,17,1,0,[8 8 2 2 2],[2 2 8 8 8],[1 0.9 0.6 0.5 0.5],15,0.0
1740,20,0,18,1,0,[8 8 2 2 2],[2 2 8 8 8],[1 0.9 0.6 0.5 0.5],15,0.0
1741,20,0,19,0,0,[5 5 4 4 4],[4 4 5 5 5],[1 0.9 0.6 0.5 0.5],11,0.0
1742,20,0,20,1,0,[7 7 3 3 3],[3 3 7 7 7],[1 0.9 0.6 0.5 0.5],12,0.0
1743,20,0,21,0,0,[7 7 3 3 3],[3 3 7 7 7],[1 0.9 0.6 0.5 0.5],12,0.0
1744,20,0,22,0,0,[8 8 2 2 2],[2 2 8 8 8],[1 0.9 0.6 0.5 0.5],15,0.0
1745,20,0,23,0,0,[5 5 5 4 4],[4 4 4 5 5],[1 0.9 0.6 0.5 0.5],16,0.0
1746,20,0,24,1,0,[7 7 3 3 3],[3 3 7 7 7],[1 0.9 0.6 0.5 0.5],12,0.0
1747,20,0,25,0,0,[8 8 2 2 2],[2 2 8 8 8],[1 0.9 0.6 0.5 0.5],15,0.0
1748,20,0,26,0,0,[10 10 0 0 0],[0 0 10 10 10],[1 0.9 0.6 0.5 0.5],17,0.0
1749,20,0,27,1,0,[5 5 4 4 4],[4 4 5 5 5],[1 0.9 0.6 0.5 0.5],11,0.0
1750,20,0,28,1,0,[5 5 4 4 4],[4 4 5 5 5],[1 0.9 0.6 0.5 0.5],11,0.0
1751,20,0,29,0,0,[5 5 4 4 4],[4 4 5 5 5],[1 0.9 0.6 0.5 0.5],11,0.0
1752,20,0,30,0,0,[9 9 1 1 1],[1 1 9 9 9],[1 0.9 0.6 0.5 0.5],18,0.0
1753,20,0,31,0,0,[6 6 4 4 4],[4 4 6 6 6],[1 0.9 0.6 0.5 0.5],14,0.0
1754,20,0,32,1,0,[5 5 5 4 4],[4 4 4 5 5],[1 0.9 0.6 0.5 0.5],16,0.0
1755,20,0,33,0,0,[6 6 4 4 4],[4 4 6 6 6],[1 0.9 0.6 0.5 0.5],14,0.0
1756,20,0,34,1,0,[10 10 10 0 0],[0 0 0 10 10],[1 0.9 0.6 0.5 0.5],13,0.0
1757,20,0,35,1,0,[9 9 1 1 1],[1 1 9 9 9],[1 0.9 0.6 0.5 0.5],18,0.0
1758,20,0,36,0,0,[5 5 4 4 4],[4 4 5 5 5],[1 0.9 0.6 0.5 0.5],11,0.0
1759,20,0,37,1,0,[5 5 5 4 4],[4 4 4 5 5],[1 0.9 0.6 0.5 0.5],16,0.0
1760,20,0,38,1,0,[5 5 4 4 4],[4 4 5 5 5],[1 0.9 0.6 0.5 0.5],11,0.0
1761,20,0,39,1,0,[5 5 4 4 4],[4 4 5 5 5],[1 0.9 0.6 0.5 0.5],11,0.0
1762,20,0,40,1,0,[5 5 5 4 4],[4 4 4 5 5],[1 0.9 0.6 0.5 0.5],16,0.0
1763,20,0,41,1,0,[8 8 2 2 2],[2 2 8 8 8],[1 0.9 0.6 0.5 0.5],15,0.0
1764,20,0,42,1,0,[6 6 4 4 4],[4 4 6 6 6],[1 0.9 0.6 0.5 0.5],14,0.0
1765,20,0,43,0,0,[10 10 10 0 0],[0 0 0 10 10],[1 0.9 0.6 0.5 0.5],13,0.0
1766,20,0,44,1,0,[10 10 0 0 0],[0 0 10 10 10],[1 0.9 0.6 0.5 0.5],17,0.0
1767,20,0,45,0,0,[6 6 4 4 4],[4 4 6 6 6],[1 0.9 0.6 0.5 0.5],14,0.0
1768,20,0,46,0,0,[7 7 3 3 3],[3 3 7 7 7],[1 0.9 0.6 0.5 0.5],12,0.0
1769,20,0,47,0,0,[8 8 2 2 2],[2 2 8 8 8],[1 0.9 0.6 0.5 0.5],15,0.0
1770,20,0,48,1,0,[10 10 10 0 0],[0 0 0 10 10],[1 0.9 0.6 0.5 0.5],13,0.0
1771,20,0,49,0,0,[10 10 10 0 0],[0 0 0 10 10],[1 0.9 0.6 0.5 0.5],13,0.0
1772,20,0,50,1,0,[9 9 1 1 1],[1 1 9 9 9],[1 0.9 0.6 0.5 0.5],18,0.0
1773,20,0,51,0,0,[5 5 5 4 4],[4 4 4 5 5],[1 0.9 0.6 0.5 0.5],16,0.0
1774,20,0,52,1,0,[5 5 5 4 4],[4 4 4 5 5],[1 0.9 0.6 0.5 0.5],16,0.0
1775,20,0,53,1,0,[10 10 10 0 0],[0 0 0 10 10],[1 0.9 0.6 0.5 0.5],13,0.0
1776,20,0,54,1,0,[10 10 0 0 0],[0 0 10 10 10],[1 0.9 0.6 0.5 0.5],17,0.0
1777,20,0,55,1,0,[10 10 10 0 0],[0 0 0 10 10],[1 0.9 0.6 0.5 0.5],13,0.0
1778,20,0,56,0,0,[9 9 1 1 1],[1 1 9 9 9],[1 0.9 0.6 0.5 0.5],18,0.0
1779,20,0,57,0,0,[5 5 5 4 4],[4 4 4 5 5],[1 0.9 0.6 0.5 0.5],16,0.0
1780,20,0,58,1,0,[8 8 2 2 2],[2 2 8 8 8],[1 0.9 0.6 0.5 0.5],15,0.0
1781,20,0,59,1,0,[7 7 3 3 3],[3 3 7 7 7],[1 0.9 0.6 0.5 0.5],12,0.0
1782,20,0,60,1,0,[10 10 0 0 0],[0 0 10 10 10],[1 0.9 0.6 0.5 0.5],17,0.0
1783,20,0,61,1,0,[9 9 1 1 1],[1 1 9 9 9],[1 0.9 0.6 0.5 0.5],18,0.0
1784,20,0,62,0,0,[10 10 0 0 0],[0 0 10 10 10],[1 0.9 0.6 0.5 0.5],17,0.0
1785,20,0,63,0,0,[9 9 1 1 1],[1 1 9 9 9],[1 0.9 0.6 0.5 0.5],18,0.0
1786,20,0,64,0,0,[9 9 1 1 1],[1 1 9 9 9],[1 0.9 0.6 0.5 0.5],18,0.0
1787,20,0,65,0,0,[10 10 10 0 0],[0 0 0 10 10],[1 0.9 0.6 0.5 0.5],13,0.0
1788,20,0,66,0,0,[6 6 4 4 4],[4 4 6 6 6],[1 0.9 0.6 0.5 0.5],14,0.0
1789,20,0,67,1,0,[9 9 1 1 1],[1 1 9 9 9],[1 0.9 0.6 0.5 0.5],18,0.0
1790,20,0,68,1,0,[6 6 4 4 4],[4 4 6 6 6],[1 0.9 0.6 0.5 0.5],14,0.0
1791,20,0,69,0,0,[6 6 4 4 4],[4 4 6 6 6],[1 0.9 0.6 0.5 0.5],14,0.0
1792,20,0,70,1,0,[5 5 5 4 4],[4 4 4 5 5],[1 0.9 0.6 0.5 0.5],16,0.0
1793,20,0,71,1,0,[10 10 0 0 0],[0 0 10 10 10],[1 0.9 0.6 0.5 0.5],17,0.0
1794,20,0,72,1,0,[10 10 0 0 0],[0 0 10 10 10],[1 0.9 0.6 0.5 0.5],17,0.0
1795,20,0,73,1,0,[5 5 4 4 4],[4 4 5 5 5],[1 0.9 0.6 0.5 0.5],11,0.0
1796,20,0,74,0,0,[10 10 0 0 0],[0 0 10 10 10],[1 0.9 0.6 0.5 0.5],17,0.0
1797,20,0,75,0,0,[5 5 5 4 4],[4 4 4 5 5],[1 0.9 0.6 0.5 0.5],16,0.0
1798,20,0,76,0,0,[10 10 10 0 0],[0 0 0 10 10],[1 0.9 0.6 0.5 0.5],13,0.0
1799,20,0,77,0,0,[5 5 5 4 4],[4 4 4 5 5],[1 0.9 0.6 0.5 0.5],16,0.0
1800,20,0,78,0,0,[10 10 10 0 0],[0 0 0 10 10],[1 0.9 0.6 0.5 0.5],13,0.0
1801,20,0,79,1,0,[10 10 0 0 0],[0 0 10 10 10],[1 0.9 0.6 0.5 0.5],17,0.0
1802,20,0,80,0,0,[9 9 1 1 1],[1 1 9 9 9],[1 0.9 0.6 0.5 0.5],18,0.0
1803,20,0,81,1,0,[8 8 2 2 2],[2 2 8 8 8],[1 0.9 0.6 0.5 0.5],15,0.0
1804,20,0,82,1,0,[9 9 1 1 1],[1 1 9 9 9],[1 0.9 0.6 0.5 0.5],18,0.0
1805,20,0,83,0,0,[8 8 2 2 2],[2 2 8 8 8],[1 0.9 0.6 0.5 0.5],15,0.0
1806,20,0,84,1,0,[7 7 3 3 3],[3 3 7 7 7],[1 0.9 0.6 0.5 0.5],12,0.0
1807,20,0,85,0,0,[10 10 0 0 0],[0 0 10 10 10],[1 0.9 0.6 0.5 0.5],17,0.0
1808,20,0,86,0,0,[6 6 4 4 4],[4 4 6 6 6],[1 0.9 0.6 0.5 0.5],14,0.0
1809,20,0,87,1,0,[6 6 4 4 4],[4 4 6 6 6],[1 0.9 0.6 0.5 0.5],14,0.0
1810,20,0,88,0,0,[7 7 3 3 3],[3 3 7 7 7],[1 0.9 0.6 0.5 0.5],12,0.0
1811,20,0,89,1,0,[10 10 10 0 0],[0 0 0 10 10],[1 0.9 0.6 0.5 0.5],13,0.0
1812,20,0,90,0,0,[10 10 0 0 0],[0 0 10 10 10],[1 0.9 0.6 0.5 0.5],17,0.0
1813,20,0,91,1,0,[8 8 2 2 2],[2 2 8 8 8],[1 0.9 0.6 0.5 0.5],15,0.0
1814,20,0,92,1,0,[5 5 4 4 4],[4 4 5 5 5],[1 0.9 0.6 0.5 0.5],11,0.0
1815,20,0,93,1,0,[5 5 5 4 4],[4 4 4 5 5],[1 0.9 0.6 0.5 0.5],16,0.0
1816,20,0,94,0,0,[7 7 3 3 3],[3 3 7 7 7],[1 0.9 0.6 0.5 0.5],12,0.0
1817,20,0,95,0,0,[5 5 4 4 4],[4 4 5 5 5],[1 0.9 0.6 0.5 0.5],11,0.0
1818,21,0,0,0,0,[5 5 4 4 4],[4 4 5 5 5],[1 0.9 0.6 0.5 0.5],11,0.0
1819,21,0,1,1,0,[7 7 3 3 3],[3 3 7 7 7],[1 0.9 0.6 0.5 0.5],12,0.0
1820,21,0,2,1,0,[10 10 10 0 0],[0 0 0 10 10],[1 0.9 0.6 0.5 0.5],13,0.0
1821,21,0,3,0,0,[6 6 4 4 4],[4 4 6 6 6],[1 0.9 0.6 0.5 0.5],14,0.0
1822,21,0,4,1,0,[6 6 4 4 4],[4 4 6 6 6],[1 0.9 0.6 0.5 0.5],14,0.0
1823,21,0,5,1,0,[8 8 2 2 2],[2 2 8 8 8],[1 0.9 0.6 0.5 0.5],15,0.0
1824,21,0,6,0,0,[5 5 5 4 4],[4 4 4 5 5],[1 0.9 0.6 0.5 0.5],16,0.0
1825,21,0,7,0,0,[5 5 4 4 4],[4 4 5 5 5],[1 0.9 0.6 0.5 0.5],11,0.0
1826,21,0,8,1,0,[10 10 0 0 0],[0 0 10 10 10],[1 0.9 0.6 0.5 0.5],17,0.0
1827,21,0,9,0,0,[10 10 10 0 0],[0 0 0 10 10],[1 0.9 0.6 0.5 0.5],13,0.0
1828,21,0,10,0,0,[9 9 1 1 1],[1 1 9 9 9],[1 0.9 0.6 0.5 0.5],18,0.0
1829,21,0,11,0,0,[7 7 3 3 3],[3 3 7 7 7],[1 0.9 0.6 0.5 0.5],12,0.0
1830,21,0,12,0,0,[7 7 3 3 3],[3 3 7 7 7],[1 0.9 0.6 0.5 0.5],12,0.0
1831,21,0,13,0,0,[7 7 3 3 3],[3 3 7 7 7],[1 0.9 0.6 0.5 0.5],12,0.0
1832,21,0,14,0,0,[6 6 4 4 4],[4 4 6 6 6],[1 0.9 0.6 0.5 0.5],14,0.0
1833,21,0,15,1,0,[8 8 2 2 2],[2 2 8 8 8],[1 0.9 0.6 0.5 0.5],15,0.0
1834,21,0,16,1,0,[9 9 1 1 1],[1 1 9 9 9],[1 0.9 0.6 0.5 0.5],18,0.0
1835,21,0,17,1,0,[8 8 2 2 2],[2 2 8 8 8],[1 0.9 0.6 0.5 0.5],15,0.0
1836,21,0,18,1,0,[8 8 2 2 2],[2 2 8 8 8],[1 0.9 0.6 0.5 0.5],15,0.0
1837,21,0,19,0,0,[5 5 4 4 4],[4 4 5 5 5],[1 0.9 0.6 0.5 0.5],11,0.0
1838,21,0,20,1,0,[7 7 3 3 3],[3 3 7 7 7],[1 0.9 0.6 0.5 0.5],12,0.0
1839,21,0,21,0,0,[7 7 3 3 3],[3 3 7 7 7],[1 0.9 0.6 0.5 0.5],12,0.0
1840,21,0,22,0,0,[8 8 2 2 2],[2 2 8 8 8],[1 0.9 0.6 0.5 0.5],15,0.0
1841,21,0,23,0,0,[5 5 5 4 4],[4 4 4 5 5],[1 0.9 0.6 0.5 0.5],16,0.0
1842,21,0,24,1,0,[7 7 3 3 3],[3 3 7 7 7],[1 0.9 0.6 0.5 0.5],12,0.0
1843,21,0,25,0,0,[8 8 2 2 2],[2 2 8 8 8],[1 0.9 0.6 0.5 0.5],15,0.0
1844,21,0,26,0,0,[10 10 0 0 0],[0 0 10 10 10],[1 0.9 0.6 0.5 0.5],17,0.0
1845,21,0,27,1,0,[5 5 4 4 4],[4 4 5 5 5],[1 0.9 0.6 0.5 0.5],11,0.0
1846,21,0,28,1,0,[5 5 4 4 4],[4 4 5 5 5],[1 0.9 0.6 0.5 0.5],11,0.0
1847,21,0,29,0,0,[5 5 4 4 4],[4 4 5 5 5],[1 0.9 0.6 0.5 0.5],11,0.0
1848,21,0,30,1,0,[9 9 1 1 1],[1 1 9 9 9],[1 0.9 0.6 0.5 0.5],18,0.0
1849,21,0,31,0,0,[6 6 4 4 4],[4 4 6 6 6],[1 0.9 0.6 0.5 0.5],14,0.0
1850,21,0,32,1,0,[5 5 5 4 4],[4 4 4 5 5],[1 0.9 0.6 0.5 0.5],16,0.0
1851,21,0,33,0,0,[6 6 4 4 4],[4 4 6 6 6],[1 0.9 0.6 0.5 0.5],14,0.0
1852,21,0,34,1,0,[10 10 10 0 0],[0 0 0 10 10],[1 0.9 0.6 0.5 0.5],13,0.0
1853,21,0,35,1,0,[9 9 1 1 1],[1 1 9 9 9],[1 0.9 0.6 0.5 0.5],18,0.0
1854,21,0,36,0,0,[5 5 4 4 4],[4 4 5 5 5],[1 0.9 0.6 0.5 0.5],11,0.0
1855,21,0,37,1,0,[5 5 5 4 4],[4 4 4 5 5],[1 0.9 0.6 0.5 0.5],16,0.0
1856,21,0,38,1,0,[5 5 4 4 4],[4 4 5 5 5],[1 0.9 0.6 0.5 0.5],11,0.0
1857,21,0,39,1,0,[5 5 4 4 4],[4 4 5 5 5],[1 0.9 0.6 0.5 0.5],11,0.0
1858,21,0,40,1,0,[5 5 5 4 4],[4 4 4 5 5],[1 0.9 0.6 0.5 0.5],16,0.0
1859,21,0,41,1,0,[8 8 2 2 2],[2 2 8 8 8],[1 0.9 0.6 0.5 0.5],15,0.0
1860,21,0,42,1,0,[6 6 4 4 4],[4 4 6 6 6],[1 0.9 0.6 0.5 0.5],14,0.0
1861,21,0,43,0,0,[10 10 10 0 0],[0 0 0 10 10],[1 0.9 0.6 0.5 0.5],13,0.0
1862,21,0,44,1,0,[10 10 0 0 0],[0 0 10 10 10],[1 0.9 0.6 0.5 0.5],17,0.0
1863,21,0,45,0,0,[6 6 4 4 4],[4 4 6 6 6],[1 0.9 0.6 0.5 0.5],14,0.0
1864,21,0,46,0,0,[7 7 3 3 3],[3 3 7 7 7],[1 0.9 0.6 0.5 0.5],12,0.0
1865,21,0,47,0,0,[8 8 2 2 2],[2 2 8 8 8],[1 0.9 0.6 0.5 0.5],15,0.0
1866,21,0,48,1,0,[10 10 10 0 0],[0 0 0 10 10],[1 0.9 0.6 0.5 0.5],13,0.0
1867,21,0,49,0,0,[10 10 10 0 0],[0 0 0 10 10],[1 0.9 0.6 0.5 0.5],13,0.0
1868,21,0,50,1,0,[9 9 1 1 1],[1 1 9 9 9],[1 0.9 0.6 0.5 0.5],18,0.0
1869,21,0,51,0,0,[5 5 5 4 4],[4 4 4 5 5],[1 0.9 0.6 0.5 0.5],16,0.0
1870,21,0,52,1,0,[5 5 5 4 4],[4 4 4 5 5],[1 0.9 0.6 0.5 0.5],16,0.0
1871,21,0,53,1,0,[10 10 10 0 0],[0 0 0 10 10],[1 0.9 0.6 0.5 0.5],13,0.0
1872,21,0,54,1,0,[10 10 0 0 0],[0 0 10 10 10],[1 0.9 0.6 0.5 0.5],17,0.0
1873,21,0,55,1,0,[10 10 10 0 0],[0 0 0 10 10],[1 0.9 0.6 0.5 0.5],13,0.0
1874,21,0,56,0,0,[9 9 1 1 1],[1 1 9 9 9],[1 0.9 0.6 0.5 0.5],18,0.0
1875,21,0,57,0,0,[5 5 5 4 4],[4 4 4 5 5],[1 0.9 0.6 0.5 0.5],16,0.0
1876,21,0,58,1,0,[8 8 2 2 2],[2 2 8 8 8],[1 0.9 0.6 0.5 0.5],15,0.0
1877,21,0,59,1,0,[7 7 3 3 3],[3 3 7 7 7],[1 0.9 0.6 0.5 0.5],12,0.0
1878,21,0,60,1,0,[10 10 0 0 0],[0 0 10 10 10],[1 0.9 0.6 0.5 0.5],17,0.0
1879,21,0,61,1,0,[9 9 1 1 1],[1 1 9 9 9],[1 0.9 0.6 0.5 0.5],18,0.0
1880,21,0,62,0,0,[10 10 0 0 0],[0 0 10 10 10],[1 0.9 0.6 0.5 0.5],17,0.0
1881,21,0,63,0,0,[9 9 1 1 1],[1 1 9 9 9],[1 0.9 0.6 0.5 0.5],18,0.0
1882,21,0,64,0,0,[9 9 1 1 1],[1 1 9 9 9],[1 0.9 0.6 0.5 0.5],18,0.0
1883,21,0,65,0,0,[10 10 10 0 0],[0 0 0 10 10],[1 0.9 0.6 0.5 0.5],13,0.0
1884,21,0,66,0,0,[6 6 4 4 4],[4 4 6 6 6],[1 0.9 0.6 0.5 0.5],14,0.0
1885,21,0,67,1,0,[9 9 1 1 1],[1 1 9 9 9],[1 0.9 0.6 0.5 0.5],18,0.0
1886,21,0,68,1,0,[6 6 4 4 4],[4 4 6 6 6],[1 0.9 0.6 0.5 0.5],14,0.0
1887,21,0,69,1,0,[6 6 4 4 4],[4 4 6 6 6],[1 0.9 0.6 0.5 0.5],14,0.0
1888,21,0,70,1,0,[5 5 5 4 4],[4 4 4 5 5],[1 0.9 0.6 0.5 0.5],16,0.0
1889,21,0,71,1,0,[10 10 0 0 0],[0 0 10 10 10],[1 0.9 0.6 0.5 0.5],17,0.0
1890,21,0,72,1,0,[10 10 0 0 0],[0 0 10 10 10],[1 0.9 0.6 0.5 0.5],17,0.0
1891,21,0,73,1,0,[5 5 4 4 4],[4 4 5 5 5],[1 0.9 0.6 0.5 0.5],11,0.0
1892,21,0,74,0,0,[10 10 0 0 0],[0 0 10 10 10],[1 0.9 0.6 0.5 0.5],17,0.0
1893,21,0,75,0,0,[5 5 5 4 4],[4 4 4 5 5],[1 0.9 0.6 0.5 0.5],16,0.0
1894,21,0,76,0,0,[10 10 10 0 0],[0 0 0 10 10],[1 0.9 0.6 0.5 0.5],13,0.0
1895,21,0,77,1,0,[5 5 5 4 4],[4 4 4 5 5],[1 0.9 0.6 0.5 0.5],16,0.0
1896,21,0,78,0,0,[10 10 10 0 0],[0 0 0 10 10],[1 0.9 0.6 0.5 0.5],13,0.0
1897,21,0,79,1,0,[10 10 0 0 0],[0 0 10 10 10],[1 0.9 0.6 0.5 0.5],17,0.0
1898,21,0,80,0,0,[9 9 1 1 1],[1 1 9 9 9],[1 0.9 0.6 0.5 0.5],18,0.0
1899,21,0,81,1,0,[8 8 2 2 2],[2 2 8 8 8],[1 0.9 0.6 0.5 0.5],15,0.0
1900,21,0,82,1,0,[9 9 1 1 1],[1 1 9 9 9],[1 0.9 0.6 0.5 0.5],18,0.0
1901,21,0,83,0,0,[8 8 2 2 2],[2 2 8 8 8],[1 0.9 0.6 0.5 0.5],15,0.0
1902,21,0,84,1,0,[7 7 3 3 3],[3 3 7 7 7],[1 0.9 0.6 0.5 0.5],12,0.0
1903,21,0,85,0,0,[10 10 0 0 0],[0 0 10 10 10],[1 0.9 0.6 0.5 0.5],17,0.0
1904,21,0,86,0,0,[6 6 4 4 4],[4 4 6 6 6],[1 0.9 0.6 0.5 0.5],14,0.0
1905,21,0,87,1,0,[6 6 4 4 4],[4 4 6 6 6],[1 0.9 0.6 0.5 0.5],14,0.0
1906,21,0,88,0,0,[7 7 3 3 3],[3 3 7 7 7],[1 0.9 0.6 0.5 0.5],12,0.0
1907,21,0,89,1,0,[10 10 10 0 0],[0 0 0 10 10],[1 0.9 0.6 0.5 0.5],13,0.0
1908,21,0,90,0,0,[10 10 0 0 0],[0 0 10 10 10],[1 0.9 0.6 0.5 0.5],17,0.0
1909,21,0,91,1,0,[8 8 2 2 2],[2 2 8 8 8],[1 0.9 0.6 0.5 0.5],15,0.0
1910,21,0,92,1,0,[5 5 4 4 4],[4 4 5 5 5],[1 0.9 0.6 0.5 0.5],11,0.0
1911,21,0,93,1,0,[5 5 5 4 4],[4 4 4 5 5],[1 0.9 0.6 0.5 0.5],16,0.0
1912,21,0,94,0,0,[7 7 3 3 3],[3 3 7 7 7],[1 0.9 0.6 0.5 0.5],12,0.0
1913,21,0,95,0,0,[5 5 4 4 4],[4 4 5 5 5],[1 0.9 0.6 0.5 0.5],11,0.0
1914,22,0,0,0,0,[5 5 4 4 4],[4 4 5 5 5],[1 0.9 0.6 0.5 0.5],11,0.0
1915,22,0,1,0,0,[7 7 3 3 3],[3 3 7 7 7],[1 0.9 0.6 0.5 0.5],12,0.0
1916,22,0,2,0,0,[10 10 10 0 0],[0 0 0 10 10],[1 0.9 0.6 0.5 0.5],13,0.0
1917,22,0,3,1,0,[6 6 4 4 4],[4 4 6 6 6],[1 0.9 0.6 0.5 0.5],14,0.0
1918,22,0,4,0,0,[6 6 4 4 4],[4 4 6 6 6],[1 0.9 0.6 0.5 0.5],14,0.0
1919,22,0,5,0,0,[8 8 2 2 2],[2 2 8 8 8],[1 0.9 0.6 0.5 0.5],15,0.0
1920,22,0,6,0,0,[5 5 5 4 4],[4 4 4 5 5],[1 0.9 0.6 0.5 0.5],16,0.0
1921,22,0,7,1,0,[5 5 4 4 4],[4 4 5 5 5],[1 0.9 0.6 0.5 0.5],11,0.0
1922,22,0,8,1,0,[10 10 0 0 0],[0 0 10 10 10],[1 0.9 0.6 0.5 0.5],17,0.0
1923,22,0,9,0,0,[10 10 10 0 0],[0 0 0 10 10],[1 0.9 0.6 0.5 0.5],13,0.0
1924,22,0,10,0,0,[9 9 1 1 1],[1 1 9 9 9],[1 0.9 0.6 0.5 0.5],18,0.0
1925,22,0,11,1,0,[7 7 3 3 3],[3 3 7 7 7],[1 0.9 0.6 0.5 0.5],12,0.0
1926,22,0,12,0,0,[7 7 3 3 3],[3 3 7 7 7],[1 0.9 0.6 0.5 0.5],12,0.0
1927,22,0,13,0,0,[7 7 3 3 3],[3 3 7 7 7],[1 0.9 0.6 0.5 0.5],12,0.0
1928,22,0,14,0,0,[6 6 4 4 4],[4 4 6 6 6],[1 0.9 0.6 0.5 0.5],14,0.0
1929,22,0,15,1,0,[8 8 2 2 2],[2 2 8 8 8],[1 0.9 0.6 0.5 0.5],15,0.0
1930,22,0,16,1,0,[9 9 1 1 1],[1 1 9 9 9],[1 0.9 0.6 0.5 0.5],18,0.0
1931,22,0,17,1,0,[8 8 2 2 2],[2 2 8 8 8],[1 0.9 0.6 0.5 0.5],15,0.0
1932,22,0,18,0,0,[8 8 2 2 2],[2 2 8 8 8],[1 0.9 0.6 0.5 0.5],15,0.0
1933,22,0,19,0,0,[5 5 4 4 4],[4 4 5 5 5],[1 0.9 0.6 0.5 0.5],11,0.0
1934,22,0,20,0,0,[7 7 3 3 3],[3 3 7 7 7],[1 0.9 0.6 0.5 0.5],12,0.0
1935,22,0,21,1,0,[7 7 3 3 3],[3 3 7 7 7],[1 0.9 0.6 0.5 0.5],12,0.0
1936,22,0,22,0,0,[8 8 2 2 2],[2 2 8 8 8],[1 0.9 0.6 0.5 0.5],15,0.0
1937,22,0,23,1,0,[5 5 5 4 4],[4 4 4 5 5],[1 0.9 0.6 0.5 0.5],16,0.0
1938,22,0,24,1,0,[7 7 3 3 3],[3 3 7 7 7],[1 0.9 0.6 0.5 0.5],12,0.0
1939,22,0,25,1,0,[8 8 2 2 2],[2 2 8 8 8],[1 0.9 0.6 0.5 0.5],15,0.0
1940,22,0,26,1,0,[10 10 0 0 0],[0 0 10 10 10],[1 0.9 0.6 0.5 0.5],17,0.0
1941,22,0,27,1,0,[5 5 4 4 4],[4 4 5 5 5],[1 0.9 0.6 0.5 0.5],11,0.0
1942,22,0,28,1,0,[5 5 4 4 4],[4 4 5 5 5],[1 0.9 0.6 0.5 0.5],11,0.0
1943,22,0,29,0,0,[5 5 4 4 4],[4 4 5 5 5],[1 0.9 0.6 0.5 0.5],11,0.0
1944,22,0,30,1,0,[9 9 1 1 1],[1 1 9 9 9],[1 0.9 0.6 0.5 0.5],18,0.0
1945,22,0,31,0,0,[6 6 4 4 4],[4 4 6 6 6],[1 0.9 0.6 0.5 0.5],14,0.0
1946,22,0,32,1,0,[5 5 5 4 4],[4 4 4 5 5],[1 0.9 0.6 0.5 0.5],16,0.0
1947,22,0,33,0,0,[6 6 4 4 4],[4 4 6 6 6],[1 0.9 0.6 0.5 0.5],14,0.0
1948,22,0,34,0,0,[10 10 10 0 0],[0 0 0 10 10],[1 0.9 0.6 0.5 0.5],13,0.0
1949,22,0,35,1,0,[9 9 1 1 1],[1 1 9 9 9],[1 0.9 0.6 0.5 0.5],18,0.0
1950,22,0,36,0,0,[5 5 4 4 4],[4 4 5 5 5],[1 0.9 0.6 0.5 0.5],11,0.0
1951,22,0,37,1,0,[5 5 5 4 4],[4 4 4 5 5],[1 0.9 0.6 0.5 0.5],16,0.0
1952,22,0,38,0,0,[5 5 4 4 4],[4 4 5 5 5],[1 0.9 0.6 0.5 0.5],11,0.0
1953,22,0,39,1,0,[5 5 4 4 4],[4 4 5 5 5],[1 0.9 0.6 0.5 0.5],11,0.0
1954,22,0,40,0,0,[5 5 5 4 4],[4 4 4 5 5],[1 0.9 0.6 0.5 0.5],16,0.0
1955,22,0,41,1,0,[8 8 2 2 2],[2 2 8 8 8],[1 0.9 0.6 0.5 0.5],15,0.0
1956,22,0,42,1,0,[6 6 4 4 4],[4 4 6 6 6],[1 0.9 0.6 0.5 0.5],14,0.0
1957,22,0,43,0,0,[10 10 10 0 0],[0 0 0 10 10],[1 0.9 0.6 0.5 0.5],13,0.0
1958,22,0,44,1,0,[10 10 0 0 0],[0 0 10 10 10],[1 0.9 0.6 0.5 0.5],17,0.0
1959,22,0,45,0,0,[6 6 4 4 4],[4 4 6 6 6],[1 0.9 0.6 0.5 0.5],14,0.0
1960,22,0,46,1,0,[7 7 3 3 3],[3 3 7 7 7],[1 0.9 0.6 0.5 0.5],12,0.0
1961,22,0,47,1,0,[8 8 2 2 2],[2 2 8 8 8],[1 0.9 0.6 0.5 0.5],15,0.0
1962,22,0,48,0,0,[10 10 10 0 0],[0 0 0 10 10],[1 0.9 0.6 0.5 0.5],13,0.0
1963,22,0,49,0,0,[10 10 10 0 0],[0 0 0 10 10],[1 0.9 0.6 0.5 0.5],13,0.0
1964,22,0,50,1,0,[9 9 1 1 1],[1 1 9 9 9],[1 0.9 0.6 0.5 0.5],18,0.0
1965,22,0,51,1,0,[5 5 5 4 4],[4 4 4 5 5],[1 0.9 0.6 0.5 0.5],16,0.0
1966,22,0,52,1,0,[5 5 5 4 4],[4 4 4 5 5],[1 0.9 0.6 0.5 0.5],16,0.0
1967,22,0,53,1,0,[10 10 10 0 0],[0 0 0 10 10],[1 0.9 0.6 0.5 0.5],13,0.0
1968,22,0,54,1,0,[10 10 0 0 0],[0 0 10 10 10],[1 0.9 0.6 0.5 0.5],17,0.0
1969,22,0,55,0,0,[10 10 10 0 0],[0 0 0 10 10],[1 0.9 0.6 0.5 0.5],13,0.0
1970,22,0,56,0,0,[9 9 1 1 1],[1 1 9 9 9],[1 0.9 0.6 0.5 0.5],18,0.0
1971,22,0,57,0,0,[5 5 5 4 4],[4 4 4 5 5],[1 0.9 0.6 0.5 0.5],16,0.0
1972,22,0,58,0,0,[8 8 2 2 2],[2 2 8 8 8],[1 0.9 0.6 0.5 0.5],15,0.0
1973,22,0,59,0,0,[7 7 3 3 3],[3 3 7 7 7],[1 0.9 0.6 0.5 0.5],12,0.0
1974,22,0,60,1,0,[10 10 0 0 0],[0 0 10 10 10],[1 0.9 0.6 0.5 0.5],17,0.0
1975,22,0,61,0,0,[9 9 1 1 1],[1 1 9 9 9],[1 0.9 0.6 0.5 0.5],18,0.0
1976,22,0,62,1,0,[10 10 0 0 0],[0 0 10 10 10],[1 0.9 0.6 0.5 0.5],17,0.0
1977,22,0,63,0,0,[9 9 1 1 1],[1 1 9 9 9],[1 0.9 0.6 0.5 0.5],18,0.0
1978,22,0,64,0,0,[9 9 1 1 1],[1 1 9 9 9],[1 0.9 0.6 0.5 0.5],18,0.0
1979,22,0,65,0,0,[10 10 10 0 0],[0 0 0 10 10],[1 0.9 0.6 0.5 0.5],13,0.0
1980,22,0,66,1,0,[6 6 4 4 4],[4 4 6 6 6],[1 0.9 0.6 0.5 0.5],14,0.0
1981,22,0,67,0,0,[9 9 1 1 1],[1 1 9 9 9],[1 0.9 0.6 0.5 0.5],18,0.0
1982,22,0,68,0,0,[6 6 4 4 4],[4 4 6 6 6],[1 0.9 0.6 0.5 0.5],14,0.0
1983,22,0,69,0,0,[6 6 4 4 4],[4 4 6 6 6],[1 0.9 0.6 0.5 0.5],14,0.0
1984,22,0,70,1,0,[5 5 5 4 4],[4 4 4 5 5],[1 0.9 0.6 0.5 0.5],16,0.0
1985,22,0,71,1,0,[10 10 0 0 0],[0 0 10 10 10],[1 0.9 0.6 0.5 0.5],17,0.0
1986,22,0,72,0,0,[10 10 0 0 0],[0 0 10 10 10],[1 0.9 0.6 0.5 0.5],17,0.0
1987,22,0,73,1,0,[5 5 4 4 4],[4 4 5 5 5],[1 0.9 0.6 0.5 0.5],11,0.0
1988,22,0,74,0,0,[10 10 0 0 0],[0 0 10 10 10],[1 0.9 0.6 0.5 0.5],17,0.0
1989,22,0,75,0,0,[5 5 5 4 4],[4 4 4 5 5],[1 0.9 0.6 0.5 0.5],16,0.0
1990,22,0,76,0,0,[10 10 10 0 0],[0 0 0 10 10],[1 0.9 0.6 0.5 0.5],13,0.0
1991,22,0,77,1,0,[5 5 5 4 4],[4 4 4 5 5],[1 0.9 0.6 0.5 0.5],16,0.0
1992,22,0,78,0,0,[10 10 10 0 0],[0 0 0 10 10],[1 0.9 0.6 0.5 0.5],13,0.0
1993,22,0,79,1,0,[10 10 0 0 0],[0 0 10 10 10],[1 0.9 0.6 0.5 0.5],17,0.0
1994,22,0,80,0,0,[9 9 1 1 1],[1 1 9 9 9],[1 0.9 0.6 0.5 0.5],18,0.0
1995,22,0,81,0,0,[8 8 2 2 2],[2 2 8 8 8],[1 0.9 0.6 0.5 0.5],15,0.0
1996,22,0,82,0,0,[9 9 1 1 1],[1 1 9 9 9],[1 0.9 0.6 0.5 0.5],18,0.0
1997,22,0,83,0,0,[8 8 2 2 2],[2 2 8 8 8],[1 0.9 0.6 0.5 0.5],15,0.0
1998,22,0,84,0,0,[7 7 3 3 3],[3 3 7 7 7],[1 0.9 0.6 0.5 0.5],12,0.0
1999,22,0,85,1,0,[10 10 0 0 0],[0 0 10 10 10],[1 0.9 0.6 0.5 0.5],17,0.0
2000,22,0,86,0,0,[6 6 4 4 4],[4 4 6 6 6],[1 0.9 0.6 0.5 0.5],14,0.0
2001,22,0,87,1,0,[6 6 4 4 4],[4 4 6 6 6],[1 0.9 0.6 0.5 0.5],14,0.0
2002,22,0,88,1,0,[7 7 3 3 3],[3 3 7 7 7],[1 0.9 0.6 0.5 0.5],12,0.0
2003,22,0,89,1,0,[10 10 10 0 0],[0 0 0 10 10],[1 0.9 0.6 0.5 0.5],13,0.0
2004,22,0,90,1,0,[10 10 0 0 0],[0 0 10 10 10],[1 0.9 0.6 0.5 0.5],17,0.0
2005,22,0,91,0,0,[8 8 2 2 2],[2 2 8 8 8],[1 0.9 0.6 0.5 0.5],15,0.0
2006,22,0,92,0,0,[5 5 4 4 4],[4 4 5 5 5],[1 0.9 0.6 0.5 0.5],11,0.0
2007,22,0,93,1,0,[5 5 5 4 4],[4 4 4 5 5],[1 0.9 0.6 0.5 0.5],16,0.0
2008,22,0,94,1,0,[7 7 3 3 3],[3 3 7 7 7],[1 0.9 0.6 0.5 0.5],12,0.0
2009,22,0,95,0,0,[5 5 4 4 4],[4 4 5 5 5],[1 0.9 0.6 0.5 0.5],11,0.0
2010,23,0,0,0,0,[6 6 6 6 6],[7 7 5 5 5],[1 0.9 0.6 0.5 0.5],1,0.0
2011,23,0,1,0,0,[10 10 5 5 5],[6 6 6 6 6],[1 0.9 0.6 0.5 0.5],2,0.0
2012,23,0,2,0,0,[9 5 5 5 5],[1 6 6 6 6],[1 0.9 0.6 0.5 0.5],3,0.0
2013,23,0,3,0,0,[2 2 3 3 3],[10 10 2 2 2],[1 0.9 0.6 0.5 0.5],4,0.0
2014,23,0,4,1,0,[10 10 2 2 2],[2 2 3 3 3],[1 0.9 0.6 0.5 0.5],5,0.0
2015,23,0,5,1,0,[10 10 5 5 5],[6 6 6 6 6],[1 0.9 0.6 0.5 0.5],2,0.0
2016,23,0,6,1,0,[10 10 2 2 2],[2 2 3 3 3],[1 0.9 0.6 0.5 0.5],5,0.0
2017,23,0,7,0,0,[10 10 5 5 5],[6 6 6 6 6],[1 0.9 0.6 0.5 0.5],2,0.0
2018,23,0,8,1,0,[1 6 6 6 6],[9 5 5 5 5],[1 0.9 0.6 0.5 0.5],6,0.0
2019,23,0,9,0,0,[9 5 5 5 5],[1 6 6 6 6],[1 0.9 0.6 0.5 0.5],3,0.0
2020,23,0,10,0,0,[8 8 5 5 5],[6 6 6 6 6],[1 0.9 0.6 0.5 0.5],7,0.0
2021,23,0,11,1,0,[6 6 6 6 6],[8 8 5 5 5],[1 0.9 0.6 0.5 0.5],8,0.0
2022,23,0,12,0,0,[8 8 5 5 5],[6 6 6 6 6],[1 0.9 0.6 0.5 0.5],7,0.0
2023,23,0,13,1,0,[6 6 6 6 6],[8 8 5 5 5],[1 0.9 0.6 0.5 0.5],8,0.0
2024,23,0,14,0,0,[8 8 5 5 5],[6 6 6 6 6],[1 0.9 0.6 0.5 0.5],7,0.0
2025,23,0,15,1,0,[6 6 6 6 6],[10 10 5 5 5],[1 0.9 0.6 0.5 0.5],9,0.0
2026,23,0,16,0,0,[10 10 5 5 5],[6 6 6 6 6],[1 0.9 0.6 0.5 0.5],2,0.0
2027,23,0,17,1,0,[6 6 6 6 6],[8 8 5 5 5],[1 0.9 0.6 0.5 0.5],8,0.0
2028,23,0,18,0,0,[6 6 6 6 6],[7 7 5 5 5],[1 0.9 0.6 0.5 0.5],1,0.0
2029,23,0,19,1,0,[6 6 6 6 6],[8 8 5 5 5],[1 0.9 0.6 0.5 0.5],8,0.0
2030,23,0,20,0,0,[9 5 5 5 5],[1 6 6 6 6],[1 0.9 0.6 0.5 0.5],3,0.0
2031,23,0,21,1,0,[6 6 6 6 6],[10 10 5 5 5],[1 0.9 0.6 0.5 0.5],9,0.0
2032,23,0,22,1,0,[6 6 6 6 6],[8 8 5 5 5],[1 0.9 0.6 0.5 0.5],8,0.0
2033,23,0,23,0,0,[6 6 6 6 6],[7 7 5 5 5],[1 0.9 0.6 0.5 0.5],1,0.0
2034,23,0,24,0,0,[10 10 5 5 5],[6 6 6 6 6],[1 0.9 0.6 0.5 0.5],2,0.0
2035,23,0,25,1,0,[2 2 3 3 3],[10 10 2 2 2],[1 0.9 0.6 0.5 0.5],4,0.0
2036,23,0,26,1,0,[7 7 5 5 5],[6 6 6 6 6],[1 0.9 0.6 0.5 0.5],10,0.0
2037,23,0,27,0,0,[10 10 2 2 2],[2 2 3 3 3],[1 0.9 0.6 0.5 0.5],5,0.0
2038,23,0,28,0,0,[6 6 6 6 6],[7 7 5 5 5],[1 0.9 0.6 0.5 0.5],1,0.0
2039,23,0,29,1,0,[1 6 6 6 6],[9 5 5 5 5],[1 0.9 0.6 0.5 0.5],6,0.0
2040,23,0,30,1,0,[2 2 3 3 3],[10 10 2 2 2],[1 0.9 0.6 0.5 0.5],4,0.0
2041,23,0,31,0,0,[10 10 2 2 2],[2 2 3 3 3],[1 0.9 0.6 0.5 0.5],5,0.0
2042,23,0,32,1,0,[7 7 5 5 5],[6 6 6 6 6],[1 0.9 0.6 0.5 0.5],10,0.0
2043,23,0,33,1,0,[6 6 6 6 6],[8 8 5 5 5],[1 0.9 0.6 0.5 0.5],8,0.0
2044,23,0,34,0,0,[8 8 5 5 5],[6 6 6 6 6],[1 0.9 0.6 0.5 0.5],7,0.0
2045,23,0,35,1,0,[10 10 5 5 5],[6 6 6 6 6],[1 0.9 0.6 0.5 0.5],2,0.0
2046,23,0,36,0,0,[6 6 6 6 6],[7 7 5 5 5],[1 0.9 0.6 0.5 0.5],1,0.0
2047,23,0,37,1,0,[1 6 6 6 6],[9 5 5 5 5],[1 0.9 0.6 0.5 0.5],6,0.0
2048,23,0,38,0,0,[6 6 6 6 6],[7 7 5 5 5],[1 0.9 0.6 0.5 0.5],1,0.0
2049,23,0,39,0,0,[8 8 5 5 5],[6 6 6 6 6],[1 0.9 0.6 0.5 0.5],7,0.0
2050,23,0,40,1,0,[7 7 5 5 5],[6 6 6 6 6],[1 0.9 0.6 0.5 0.5],10,0.0
2051,23,0,41,0,0,[6 6 6 6 6],[7 7 5 5 5],[1 0.9 0.6 0.5 0.5],1,0.0
2052,23,0,42,1,0,[7 7 5 5 5],[6 6 6 6 6],[1 0.9 0.6 0.5 0.5],10,0.0
2053,23,0,43,0,0,[6 6 6 6 6],[7 7 5 5 5],[1 0.9 0.6 0.5 0.5],1,0.0
2054,23,0,44,1,0,[2 2 3 3 3],[10 10 2 2 2],[1 0.9 0.6 0.5 0.5],4,0.0
2055,23,0,45,1,0,[1 6 6 6 6],[9 5 5 5 5],[1 0.9 0.6 0.5 0.5],6,0.0
2056,23,0,46,0,0,[9 5 5 5 5],[1 6 6 6 6],[1 0.9 0.6 0.5 0.5],3,0.0
2057,23,0,47,0,0,[8 8 5 5 5],[6 6 6 6 6],[1 0.9 0.6 0.5 0.5],7,0.0
2058,23,0,48,1,0,[6 6 6 6 6],[10 10 5 5 5],[1 0.9 0.6 0.5 0.5],9,0.0
2059,23,0,49,0,0,[6 6 6 6 6],[7 7 5 5 5],[1 0.9 0.6 0.5 0.5],1,0.0
2060,23,0,50,0,0,[9 5 5 5 5],[1 6 6 6 6],[1 0.9 0.6 0.5 0.5],3,0.0
2061,23,0,51,1,0,[6 6 6 6 6],[8 8 5 5 5],[1 0.9 0.6 0.5 0.5],8,0.0
2062,23,0,52,0,0,[9 5 5 5 5],[1 6 6 6 6],[1 0.9 0.6 0.5 0.5],3,0.0
2063,23,0,53,0,0,[8 8 5 5 5],[6 6 6 6 6],[1 0.9 0.6 0.5 0.5],7,0.0
2064,23,0,54,0,0,[10 10 5 5 5],[6 6 6 6 6],[1 0.9 0.6 0.5 0.5],2,0.0
2065,23,0,55,1,0,[7 7 5 5 5],[6 6 6 6 6],[1 0.9 0.6 0.5 0.5],10,0.0
2066,23,0,56,1,0,[2 2 3 3 3],[10 10 2 2 2],[1 0.9 0.6 0.5 0.5],4,0.0
2067,23,0,57,1,0,[7 7 5 5 5],[6 6 6 6 6],[1 0.9 0.6 0.5 0.5],10,0.0
2068,23,0,58,0,0,[8 8 5 5 5],[6 6 6 6 6],[1 0.9 0.6 0.5 0.5],7,0.0
2069,23,0,59,0,0,[10 10 2 2 2],[2 2 3 3 3],[1 0.9 0.6 0.5 0.5],5,0.0
2070,23,0,60,1,0,[6 6 6 6 6],[10 10 5 5 5],[1 0.9 0.6 0.5 0.5],9,0.0
2071,23,0,61,1,0,[1 6 6 6 6],[9 5 5 5 5],[1 0.9 0.6 0.5 0.5],6,0.0
2072,23,0,62,1,0,[1 6 6 6 6],[9 5 5 5 5],[1 0.9 0.6 0.5 0.5],6,0.0
2073,23,0,63,1,0,[7 7 5 5 5],[6 6 6 6 6],[1 0.9 0.6 0.5 0.5],10,0.0
2074,23,0,64,1,0,[6 6 6 6 6],[10 10 5 5 5],[1 0.9 0.6 0.5 0.5],9,0.0
2075,23,0,65,0,0,[9 5 5 5 5],[1 6 6 6 6],[1 0.9 0.6 0.5 0.5],3,0.0
2076,23,0,66,1,0,[7 7 5 5 5],[6 6 6 6 6],[1 0.9 0.6 0.5 0.5],10,0.0
2077,23,0,67,1,0,[1 6 6 6 6],[9 5 5 5 5],[1 0.9 0.6 0.5 0.5],6,0.0
2078,23,0,68,1,0,[6 6 6 6 6],[8 8 5 5 5],[1 0.9 0.6 0.5 0.5],8,0.0
2079,23,0,69,1,0,[2 2 3 3 3],[10 10 2 2 2],[1 0.9 0.6 0.5 0.5],4,0.0
2080,23,0,70,1,0,[7 7 5 5 5],[6 6 6 6 6],[1 0.9 0.6 0.5 0.5],10,0.0
2081,23,0,71,0,0,[10 10 2 2 2],[2 2 3 3 3],[1 0.9 0.6 0.5 0.5],5,0.0
2082,23,0,72,1,0,[6 6 6 6 6],[8 8 5 5 5],[1 0.9 0.6 0.5 0.5],8,0.0
2083,23,0,73,1,0,[6 6 6 6 6],[10 10 5 5 5],[1 0.9 0.6 0.5 0.5],9,0.0
2084,23,0,74,0,0,[10 10 2 2 2],[2 2 3 3 3],[1 0.9 0.6 0.5 0.5],5,0.0
2085,23,0,75,1,0,[1 6 6 6 6],[9 5 5 5 5],[1 0.9 0.6 0.5 0.5],6,0.0
2086,23,0,76,1,0,[2 2 3 3 3],[10 10 2 2 2],[1 0.9 0.6 0.5 0.5],4,0.0
2087,23,0,77,0,0,[10 10 5 5 5],[6 6 6 6 6],[1 0.9 0.6 0.5 0.5],2,0.0
2088,23,0,78,0,0,[9 5 5 5 5],[1 6 6 6 6],[1 0.9 0.6 0.5 0.5],3,0.0
2089,23,0,79,0,0,[8 8 5 5 5],[6 6 6 6 6],[1 0.9 0.6 0.5 0.5],7,0.0
2090,23,0,80,0,0,[10 10 2 2 2],[2 2 3 3 3],[1 0.9 0.6 0.5 0.5],5,0.0
2091,23,0,81,1,0,[2 2 3 3 3],[10 10 2 2 2],[1 0.9 0.6 0.5 0.5],4,0.0
2092,23,0,82,1,0,[6 6 6 6 6],[10 10 5 5 5],[1 0.9 0.6 0.5 0.5],9,0.0
2093,23,0,83,1,0,[1 6 6 6 6],[9 5 5 5 5],[1 0.9 0.6 0.5 0.5],6,0.0
2094,23,0,84,0,0,[10 10 2 2 2],[2 2 3 3 3],[1 0.9 0.6 0.5 0.5],5,0.0
2095,23,0,85,0,0,[10 10 5 5 5],[6 6 6 6 6],[1 0.9 0.6 0.5 0.5],2,0.0
2096,23,0,86,1,0,[2 2 3 3 3],[10 10 2 2 2],[1 0.9 0.6 0.5 0.5],4,0.0
2097,23,0,87,1,0,[6 6 6 6 6],[10 10 5 5 5],[1 0.9 0.6 0.5 0.5],9,0.0
2098,23,0,88,1,0,[6 6 6 6 6],[10 10 5 5 5],[1 0.9 0.6 0.5 0.5],9,0.0
2099,23,0,89,0,0,[9 5 5 5 5],[1 6 6 6 6],[1 0.9 0.6 0.5 0.5],3,0.0
