,participant,task,trial,choice,reward,stimulus_0,stimulus_1,validities,item_type,tier
0,0,0,0,0,0,[10 10 7 7 7],[9 9 9 9 9],[0.9 0.8 0.7 0.6 0.5],1,0.0
1,0,0,1,1,0,[6 6 6 6 6],[10 10 5 5 5],[0.9 0.8 0.7 0.6 0.5],2,0.0
2,0,0,2,0,0,[8 8 8 8 8],[10 10 7 7 7],[0.9 0.8 0.7 0.6 0.5],3,0.0
3,0,0,3,1,0,[6 6 6 6 6],[10 10 5 5 5],[0.9 0.8 0.7 0.6 0.5],2,0.0
4,0,0,4,0,0,[6 6 6 6 6],[10 10 5 5 5],[0.9 0.8 0.7 0.6 0.5],2,0.0
5,0,0,5,0,0,[6 6 6 6 6],[10 10 5 5 5],[0.9 0.8 0.7 0.6 0.5],2,0.0
6,0,0,6,0,0,[4 4 4 4 4],[10 10 3 3 3],[0.9 0.8 0.7 0.6 0.5],4,0.0
7,0,0,7,1,0,[10 10 2 2 2],[5 5 5 5 5],[0.9 0.8 0.7 0.6 0.5],5,0.0
8,0,0,8,0,0,[10 10 7 7 7],[9 9 9 9 9],[0.9 0.8 0.7 0.6 0.5],1,0.0
9,0,0,9,1,0,[6 6 6 6 6],[10 10 5 5 5],[0.9 0.8 0.7 0.6 0.5],2,0.0
10,0,0,10,0,0,[8 8 8 8 8],[10 10 7 7 7],[0.9 0.8 0.7 0.6 0.5],3,0.0
11,0,0,11,1,0,[8 8 8 8 8],[10 10 7 7 7],[0.9 0.8 0.7 0.6 0.5],3,0.0
12,0,0,12,0,0,[6 6 6 6 6],[10 10 5 5 5],[0.9 0.8 0.7 0.6 0.5],2,0.0
13,0,0,13,1,0,[10 10 2 2 2],[5 5 5 5 5],[0.9 0.8 0.7 0.6 0.5],5,0.0
14,0,0,14,0,0,[4 4 4 4 4],[10 10 3 3 3],[0.9 0.8 0.7 0.6 0.5],4,0.0
15,0,0,15,1,0,[10 10 4 4 4],[7 7 7 7 7],[0.9 0.8 0.7 0.6 0.5],6,0.0
16,0,0,16,0,0,[10 10 4 4 4],[7 7 7 7 7],[0.9 0.8 0.7 0.6 0.5],6,0.0
17,0,0,17,1,0,[10 10 7 7 7],[9 9 9 9 9],[0.9 0.8 0.7 0.6 0.5],1,0.0
18,0,0,18,1,0,[10 10 7 7 7],[9 9 9 9 9],[0.9 0.8 0.7 0.6 0.5],1,0.0
19,0,0,19,1,0,[4 4 4 4 4],[10 10 3 3 3],[0.9 0.8 0.7 0.6 0.5],4,0.0
20,0,0,20,1,0,[10 10 2 2 2],[5 5 5 5 5],[0.9 0.8 0.7 0.6 0.5],5,0.0
21,0,0,21,0,0,[6 6 6 6 6],[10 10 5 5 5],[0.9 0.8 0.7 0.6 0.5],2,0.0
22,0,0,22,0,0,[10 10 7 7 7],[9 9 9 9 9],[0.9 0.8 0.7 0.6 0.5],1,0.0
23,0,0,23,0,0,[10 10 4 4 4],[7 7 7 7 7],[0.9 0.8 0.7 0.6 0.5],6,0.0
24,0,0,24,1,0,[10 10 2 2 2],[5 5 5 5 5],[0.9 0.8 0.7 0.6 0.5],5,0.0
25,0,0,25,0,0,[10 10 2 2 2],[5 5 5 5 5],[0.9 0.8 0.7 0.6 0.5],5,0.0
26,0,0,26,0,0,[8 8 8 8 8],[10 10 7 7 7],[0.9 0.8 0.7 0.6 0.5],3,0.0
27,0,0,27,1,0,[10 10 2 2 2],[5 5 5 5 5],[0.9 0.8 0.7 0.6 0.5],5,0.0
28,0,0,28,1,0,[10 10 4 4 4],[7 7 7 7 7],[0.9 0.8 0.7 0.6 0.5],6,0.0
29,0,0,29,1,0,[10 10 2 2 2],[5 5 5 5 5],[0.9 0.8 0.7 0.6 0.5],5,0.0
30,0,0,30,1,0,[10 10 2 2 2],[5 5 5 5 5],[0.9 0.8 0.7 0.6 0.5],5,0.0
31,0,0,31,1,0,[4 4 4 4 4],[10 10 3 3 3],[0.9 0.8 0.7 0.6 0.5],4,0.0
32,0,0,32,0,0,[6 6 6 6 6],[10 10 5 5 5],[0.9 0.8 0.7 0.6 0.5],2,0.0
33,0,0,33,1,0,[10 10 7 7 7],[9 9 9 9 9],[0.9 0.8 0.7 0.6 0.5],1,0.0
34,0,0,34,0,0,[10 10 2 2 2],[5 5 5 5 5],[0.9 0.8 0.7 0.6 0.5],5,0.0
35,0,0,35,0,0,[6 6 6 6 6],[10 10 5 5 5],[0.9 0.8 0.7 0.6 0.5],2,0.0
36,0,0,36,1,0,[8 8 8 8 8],[10 10 7 7 7],[0.9 0.8 0.7 0.6 0.5],3,0.0
37,0,0,37,1,0,[10 10 7 7 7],[9 9 9 9 9],[0.9 0.8 0.7 0.6 0.5],1,0.0
38,0,0,38,0,0,[4 4 4 4 4],[10 10 3 3 3],[0.9 0.8 0.7 0.6 0.5],4,0.0
39,0,0,39,1,0,[10 10 4 4 4],[7 7 7 7 7],[0.9 0.8 0.7 0.6 0.5],6,0.0
40,0,0,40,1,0,[6 6 6 6 6],[10 10 5 5 5],[0.9 0.8 0.7 0.6 0.5],2,0.0
41,0,0,41,1,0,[10 10 2 2 2],[5 5 5 5 5],[0.9 0.8 0.7 0.6 0.5],5,0.0
42,0,0,42,1,0,[4 4 4 4 4],[10 10 3 3 3],[0.9 0.8 0.7 0.6 0.5],4,0.0
43,0,0,43,0,0,[4 4 4 4 4],[10 10 3 3 3],[0.9 0.8 0.7 0.6 0.5],4,0.0
44,0,0,44,0,0,[8 8 8 8 8],[10 10 7 7 7],[0.9 0.8 0.7 0.6 0.5],3,0.0
45,0,0,45,0,0,[6 6 6 6 6],[10 10 5 5 5],[0.9 0.8 0.7 0.6 0.5],2,0.0
46,0,0,46,0,0,[10 10 7 7 7],[9 9 9 9 9],[0.9 0.8 0.7 0.6 0.5],1,0.0
47,0,0,47,0,0,[8 8 8 8 8],[10 10 7 7 7],[0.9 0.8 0.7 0.6 0.5],3,0.0
48,0,0,48,1,0,[8 8 8 8 8],[10 10 7 7 7],[0.9 0.8 0.7 0.6 0.5],3,0.0
49,0,0,49,1,0,[10 10 4 4 4],[7 7 7 7 7],[0.9 0.8 0.7 0.6 0.5],6,0.0
50,0,0,50,1,0,[4 4 4 4 4],[10 10 3 3 3],[0.9 0.8 0.7 0.6 0.5],4,0.0
51,0,0,51,0,0,[10 10 7 7 7],[9 9 9 9 9],[0.9 0.8 0.7 0.6 0.5],1,0.0
52,0,0,52,0,0,[10 10 4 4 4],[7 7 7 7 7],[0.9 0.8 0.7 0.6 0.5],6,0.0
53,0,0,53,0,0,[4 4 4 4 4],[10 10 3 3 3],[0.9 0.8 0.7 0.6 0.5],4,0.0
54,0,0,54,1,0,[6 6 6 6 6],[10 10 5 5 5],[0.9 0.8 0.7 0.6 0.5],2,0.0
55,0,0,55,1,0,[4 4 4 4 4],[10 10 3 3 3],[0.9 0.8 0.7 0.6 0.5],4,0.0
56,0,0,56,1,0,[8 8 8 8 8],[10 10 7 7 7],[0.9 0.8 0.7 0.6 0.5],3,0.0
57,0,0,57,0,0,[10 10 7 7 7],[9 9 9 9 9],[0.9 0.8 0.7 0.6 0.5],1,0.0
58,0,0,58,0,0,[10 10 4 4 4],[7 7 7 7 7],[0.9 0.8 0.7 0.6 0.5],6,0.0
59,0,0,59,1,0,[10 10 4 4 4],[7 7 7 7 7],[0.9 0.8 0.7 0.6 0.5],6,0.0
60,0,0,60,0,0,[10 10 2 2 2],[5 5 5 5 5],[0.9 0.8 0.7 0.6 0.5],5,0.0
61,0,0,61,0,0,[8 8 8 8 8],[10 10 7 7 7],[0.9 0.8 0.7 0.6 0.5],3,0.0
62,0,0,62,1,0,[8 8 8 8 8],[10 10 7 7 7],[0.9 0.8 0.7 0.6 0.5],3,0.0
63,0,0,63,0,0,[10 10 4 4 4],[7 7 7 7 7],[0.9 0.8 0.7 0.6 0.5],6,0.0
64,0,0,64,0,0,[10 10 7 7 7],[9 9 9 9 9],[0.9 0.8 0.7 0.6 0.5],1,0.0
65,0,0,65,1,0,[6 6 6 6 6],[10 10 5 5 5],[0.9 0.8 0.7 0.6 0.5],2,0.0
66,0,0,66,0,0,[10 10 4 4 4],[7 7 7 7 7],[0.9 0.8 0.7 0.6 0.5],6,0.0
67,0,0,67,1,0,[10 10 2 2 2],[5 5 5 5 5],[0.9 0.8 0.7 0.6 0.5],5,0.0
68,0,0,68,1,0,[10 10 7 7 7],[9 9 9 9 9],[0.9 0.8 0.7 0.6 0.5],1,0.0
69,0,0,69,1,0,[4 4 4 4 4],[10 10 3 3 3],[0.9 0.8 0.7 0.6 0.5],4,0.0
70,0,0,70,0,0,[10 10 4 4 4],[7 7 7 7 7],[0.9 0.8 0.7 0.6 0.5],6,0.0
71,0,0,71,1,0,[8 8 8 8 8],[10 10 7 7 7],[0.9 0.8 0.7 0.6 0.5],3,0.0
72,0,0,72,0,0,[8 8 8 8 8],[10 10 7 7 7],[0.9 0.8 0.7 0.6 0.5],3,0.0
73,0,0,73,1,0,[10 10 2 2 2],[5 5 5 5 5],[0.9 0.8 0.7 0.6 0.5],5,0.0
74,0,0,74,0,0,[10 10 2 2 2],[5 5 5 5 5],[0.9 0.8 0.7 0.6 0.5],5,0.0
75,0,0,75,0,0,[6 6 6 6 6],[10 10 5 5 5],[0.9 0.8 0.7 0.6 0.5],2,0.0
76,0,0,76,1,0,[4 4 4 4 4],[10 10 3 3 3],[0.9 0.8 0.7 0.6 0.5],4,0.0
77,0,0,77,0,0,[4 4 4 4 4],[10 10 3 3 3],[0.9 0.8 0.7 0.6 0.5],4,0.0
78,0,0,78,0,0,[6 6 6 6 6],[10 10 5 5 5],[0.9 0.8 0.7 0.6 0.5],2,0.0
79,0,0,79,0,0,[8 8 8 8 8],[10 10 7 7 7],[0.9 0.8 0.7 0.6 0.5],3,0.0
80,0,0,80,1,0,[10 10 2 2 2],[5 5 5 5 5],[0.9 0.8 0.7 0.6 0.5],5,0.0
81,0,0,81,1,0,[4 4 4 4 4],[10 10 3 3 3],[0.9 0.8 0.7 0.6 0.5],4,0.0
82,0,0,82,0,0,[8 8 8 8 8],[10 10 7 7 7],[0.9 0.8 0.7 0.6 0.5],3,0.0
83,0,0,83,1,0,[10 10 7 7 7],[9 9 9 9 9],[0.9 0.8 0.7 0.6 0.5],1,0.0
84,0,0,84,0,0,[10 10 4 4 4],[7 7 7 7 7],[0.9 0.8 0.7 0.6 0.5],6,0.0
85,0,0,85,0,0,[4 4 4 4 4],[10 10 3 3 3],[0.9 0.8 0.7 0.6 0.5],4,0.0
86,0,0,86,1,0,[10 10 7 7 7],[9 9 9 9 9],[0.9 0.8 0.7 0.6 0.5],1,0.0
87,0,0,87,1,0,[8 8 8 8 8],[10 10 7 7 7],[0.9 0.8 0.7 0.6 0.5],3,0.0
88,0,0,88,0,0,[10 10 4 4 4],[7 7 7 7 7],[0.9 0.8 0.7 0.6 0.5],6,0.0
89,0,0,89,0,0,[10 10 2 2 2],[5 5 5 5 5],[0.9 0.8 0.7 0.6 0.5],5,0.0
90,0,0,90,0,0,[4 4 4 4 4],[10 10 3 3 3],[0.9 0.8 0.7 0.6 0.5],4,0.0
91,0,0,91,0,0,[10 10 4 4 4],[7 7 7 7 7],[0.9 0.8 0.7 0.6 0.5],6,0.0
92,0,0,92,0,0,[6 6 6 6 6],[10 10 5 5 5],[0.9 0.8 0.7 0.6 0.5],2,0.0
93,0,0,93,1,0,[10 10 7 7 7],[9 9 9 9 9],[0.9 0.8 0.7 0.6 0.5],1,0.0
94,0,0,94,0,0,[10 10 4 4 4],[7 7 7 7 7],[0.9 0.8 0.7 0.6 0.5],6,0.0
95,0,0,95,1,0,[10 10 7 7 7],[9 9 9 9 9],[0.9 0.8 0.7 0.6 0.5],1,0.0
96,1,0,0,1,0,[10 10 7 7 7],[9 9 9 9 9],[0.9 0.8 0.7 0.6 0.5],1,0.0
97,1,0,1,1,0,[6 6 6 6 6],[10 10 5 5 5],[0.9 0.8 0.7 0.6 0.5],2,0.0
98,1,0,2,0,0,[8 8 8 8 8],[10 10 7 7 7],[0.9 0.8 0.7 0.6 0.5],3,0.0
99,1,0,3,0,0,[6 6 6 6 6],[10 10 5 5 5],[0.9 0.8 0.7 0.6 0.5],2,0.0
100,1,0,4,1,0,[6 6 6 6 6],[10 10 5 5 5],[0.9 0.8 0.7 0.6 0.5],2,0.0
101,1,0,5,1,0,[6 6 6 6 6],[10 10 5 5 5],[0.9 0.8 0.7 0.6 0.5],2,0.0
102,1,0,6,0,0,[4 4 4 4 4],[10 10 3 3 3],[0.9 0.8 0.7 0.6 0.5],4,0.0
103,1,0,7,0,0,[10 10 2 2 2],[5 5 5 5 5],[0.9 0.8 0.7 0.6 0.5],5,0.0
104,1,0,8,0,0,[10 10 7 7 7],[9 9 9 9 9],[0.9 0.8 0.7 0.6 0.5],1,0.0
105,1,0,9,0,0,[6 6 6 6 6],[10 10 5 5 5],[0.9 0.8 0.7 0.6 0.5],2,0.0
106,1,0,10,0,0,[8 8 8 8 8],[10 10 7 7 7],[0.9 0.8 0.7 0.6 0.5],3,0.0
107,1,0,11,1,0,[8 8 8 8 8],[10 10 7 7 7],[0.9 0.8 0.7 0.6 0.5],3,0.0
108,1,0,12,0,0,[6 6 6 6 6],[10 10 5 5 5],[0.9 0.8 0.7 0.6 0.5],2,0.0
109,1,0,13,1,0,[10 10 2 2 2],[5 5 5 5 5],[0.9 0.8 0.7 0.6 0.5],5,0.0
110,1,0,14,0,0,[4 4 4 4 4],[10 10 3 3 3],[0.9 0.8 0.7 0.6 0.5],4,0.0
111,1,0,15,1,0,[10 10 4 4 4],[7 7 7 7 7],[0.9 0.8 0.7 0.6 0.5],6,0.0
112,1,0,16,0,0,[10 10 4 4 4],[7 7 7 7 7],[0.9 0.8 0.7 0.6 0.5],6,0.0
113,1,0,17,1,0,[10 10 7 7 7],[9 9 9 9 9],[0.9 0.8 0.7 0.6 0.5],1,0.0
114,1,0,18,1,0,[10 10 7 7 7],[9 9 9 9 9],[0.9 0.8 0.7 0.6 0.5],1,0.0
115,1,0,19,1,0,[4 4 4 4 4],[10 10 3 3 3],[0.9 0.8 0.7 0.6 0.5],4,0.0
116,1,0,20,1,0,[10 10 2 2 2],[5 5 5 5 5],[0.9 0.8 0.7 0.6 0.5],5,0.0
117,1,0,21,1,0,[6 6 6 6 6],[10 10 5 5 5],[0.9 0.8 0.7 0.6 0.5],2,0.0
118,1,0,22,0,0,[10 10 7 7 7],[9 9 9 9 9],[0.9 0.8 0.7 0.6 0.5],1,0.0
119,1,0,23,0,0,[10 10 4 4 4],[7 7 7 7 7],[0.9 0.8 0.7 0.6 0.5],6,0.0
120,1,0,24,1,0,[10 10 2 2 2],[5 5 5 5 5],[0.9 0.8 0.7 0.6 0.5],5,0.0
121,1,0,25,1,0,[10 10 2 2 2],[5 5 5 5 5],[0.9 0.8 0.7 0.6 0.5],5,0.0
122,1,0,26,0,0,[8 8 8 8 8],[10 10 7 7 7],[0.9 0.8 0.7 0.6 0.5],3,0.0
123,1,0,27,0,0,[10 10 2 2 2],[5 5 5 5 5],[0.9 0.8 0.7 0.6 0.5],5,0.0
124,1,0,28,1,0,[10 10 4 4 4],[7 7 7 7 7],[0.9 0.8 0.7 0.6 0.5],6,0.0
125,1,0,29,1,0,[10 10 2 2 2],[5 5 5 5 5],[0.9 0.8 0.7 0.6 0.5],5,0.0
126,1,0,30,0,0,[10 10 2 2 2],[5 5 5 5 5],[0.9 0.8 0.7 0.6 0.5],5,0.0
127,1,0,31,1,0,[4 4 4 4 4],[10 10 3 3 3],[0.9 0.8 0.7 0.6 0.5],4,0.0
128,1,0,32,1,0,[6 6 6 6 6],[10 10 5 5 5],[0.9 0.8 0.7 0.6 0.5],2,0.0
129,1,0,33,1,0,[10 10 7 7 7],[9 9 9 9 9],[0.9 0.8 0.7 0.6 0.5],1,0.0
130,1,0,34,1,0,[10 10 2 2 2],[5 5 5 5 5],[0.9 0.8 0.7 0.6 0.5],5,0.0
131,1,0,35,1,0,[6 6 6 6 6],[10 10 5 5 5],[0.9 0.8 0.7 0.6 0.5],2,0.0
132,1,0,36,0,0,[8 8 8 8 8],[10 10 7 7 7],[0.9 0.8 0.7 0.6 0.5],3,0.0
133,1,0,37,1,0,[10 10 7 7 7],[9 9 9 9 9],[0.9 0.8 0.7 0.6 0.5],1,0.0
134,1,0,38,0,0,[4 4 4 4 4],[10 10 3 3 3],[0.9 0.8 0.7 0.6 0.5],4,0.0
135,1,0,39,1,0,[10 10 4 4 4],[7 7 7 7 7],[0.9 0.8 0.7 0.6 0.5],6,0.0
136,1,0,40,0,0,[6 6 6 6 6],[10 10 5 5 5],[0.9 0.8 0.7 0.6 0.5],2,0.0
137,1,0,41,0,0,[10 10 2 2 2],[5 5 5 5 5],[0.9 0.8 0.7 0.6 0.5],5,0.0
138,1,0,42,0,0,[4 4 4 4 4],[10 10 3 3 3],[0.9 0.8 0.7 0.6 0.5],4,0.0
139,1,0,43,1,0,[4 4 4 4 4],[10 10 3 3 3],[0.9 0.8 0.7 0.6 0.5],4,0.0
140,1,0,44,1,0,[8 8 8 8 8],[10 10 7 7 7],[0.9 0.8 0.7 0.6 0.5],3,0.0
141,1,0,45,1,0,[6 6 6 6 6],[10 10 5 5 5],[0.9 0.8 0.7 0.6 0.5],2,0.0
142,1,0,46,0,0,[10 10 7 7 7],[9 9 9 9 9],[0.9 0.8 0.7 0.6 0.5],1,0.0
143,1,0,47,0,0,[8 8 8 8 8],[10 10 7 7 7],[0.9 0.8 0.7 0.6 0.5],3,0.0
144,1,0,48,1,0,[8 8 8 8 8],[10 10 7 7 7],[0.9 0.8 0.7 0.6 0.5],3,0.0
145,1,0,49,1,0,[10 10 4 4 4],[7 7 7 7 7],[0.9 0.8 0.7 0.6 0.5],6,0.0
146,1,0,50,0,0,[4 4 4 4 4],[10 10 3 3 3],[0.9 0.8 0.7 0.6 0.5],4,0.0
147,1,0,51,0,0,[10 10 7 7 7],[9 9 9 9 9],[0.9 0.8 0.7 0.6 0.5],1,0.0
148,1,0,52,0,0,[10 10 4 4 4],[7 7 7 7 7],[0.9 0.8 0.7 0.6 0.5],6,0.0
149,1,0,53,1,0,[4 4 4 4 4],[10 10 3 3 3],[0.9 0.8 0.7 0.6 0.5],4,0.0
150,1,0,54,1,0,[6 6 6 6 6],[10 10 5 5 5],[0.9 0.8 0.7 0.6 0.5],2,0.0
151,1,0,55,0,0,[4 4 4 4 4],[10 10 3 3 3],[0.9 0.8 0.7 0.6 0.5],4,0.0
152,1,0,56,0,0,[8 8 8 8 8],[10 10 7 7 7],[0.9 0.8 0.7 0.6 0.5],3,0.0
153,1,0,57,0,0,[10 10 7 7 7],[9 9 9 9 9],[0.9 0.8 0.7 0.6 0.5],1,0.0
154,1,0,58,0,0,[10 10 4 4 4],[7 7 7 7 7],[0.9 0.8 0.7 0.6 0.5],6,0.0
155,1,0,59,1,0,[10 10 4 4 4],[7 7 7 7 7],[0.9 0.8 0.7 0.6 0.5],6,0.0
156,1,0,60,1,0,[10 10 2 2 2],[5 5 5 5 5],[0.9 0.8 0.7 0.6 0.5],5,0.0
157,1,0,61,0,0,[8 8 8 8 8],[10 10 7 7 7],[0.9 0.8 0.7 0.6 0.5],3,0.0
158,1,0,62,1,0,[8 8 8 8 8],[10 10 7 7 7],[0.9 0.8 0.7 0.6 0.5],3,0.0
159,1,0,63,0,0,[10 10 4 4 4],[7 7 7 7 7],[0.9 0.8 0.7 0.6 0.5],6,0.0
160,1,0,64,1,0,[10 10 7 7 7],[9 9 9 9 9],[0.9 0.8 0.7 0.6 0.5],1,0.0
161,1,0,65,1,0,[6 6 6 6 6],[10 10 5 5 5],[0.9 0.8 0.7 0.6 0.5],2,0.0
162,1,0,66,0,0,[10 10 4 4 4],[7 7 7 7 7],[0.9 0.8 0.7 0.6 0.5],6,0.0
163,1,0,67,0,0,[10 10 2 2 2],[5 5 5 5 5],[0.9 0.8 0.7 0.6 0.5],5,0.0
164,1,0,68,1,0,[10 10 7 7 7],[9 9 9 9 9],[0.9 0.8 0.7 0.6 0.5],1,0.0
165,1,0,69,1,0,[4 4 4 4 4],[10 10 3 3 3],[0.9 0.8 0.7 0.6 0.5],4,0.0
166,1,0,70,0,0,[10 10 4 4 4],[7 7 7 7 7],[0.9 0.8 0.7 0.6 0.5],6,0.0
167,1,0,71,1,0,[8 8 8 8 8],[10 10 7 7 7],[0.9 0.8 0.7 0.6 0.5],3,0.0
168,1,0,72,0,0,[8 8 8 8 8],[10 10 7 7 7],[0.9 0.8 0.7 0.6 0.5],3,0.0
169,1,0,73,1,0,[10 10 2 2 2],[5 5 5 5 5],[0.9 0.8 0.7 0.6 0.5],5,0.0
170,1,0,74,0,0,[10 10 2 2 2],[5 5 5 5 5],[0.9 0.8 0.7 0.6 0.5],5,0.0
171,1,0,75,0,0,[6 6 6 6 6],[10 10 5 5 5],[0.9 0.8 0.7 0.6 0.5],2,0.0
172,1,0,76,1,0,[4 4 4 4 4],[10 10 3 3 3],[0.9 0.8 0.7 0.6 0.5],4,0.0
173,1,0,77,1,0,[4 4 4 4 4],[10 10 3 3 3],[0.9 0.8 0.7 0.6 0.5],4,0.0
174,1,0,78,0,0,[6 6 6 6 6],[10 10 5 5 5],[0.9 0.8 0.7 0.6 0.5],2,0.0
175,1,0,79,1,0,[8 8 8 8 8],[10 10 7 7 7],[0.9 0.8 0.7 0.6 0.5],3,0.0
176,1,0,80,1,0,[10 10 2 2 2],[5 5 5 5 5],[0.9 0.8 0.7 0.6 0.5],5,0.0
177,1,0,81,1,0,[4 4 4 4 4],[10 10 3 3 3],[0.9 0.8 0.7 0.6 0.5],4,0.0
178,1,0,82,0,0,[8 8 8 8 8],[10 10 7 7 7],[0.9 0.8 0.7 0.6 0.5],3,0.0
179,1,0,83,1,0,[10 10 7 7 7],[9 9 9 9 9],[0.9 0.8 0.7 0.6 0.5],1,0.0
180,1,0,84,0,0,[10 10 4 4 4],[7 7 7 7 7],[0.9 0.8 0.7 0.6 0.5],6,0.0
181,1,0,85,1,0,[4 4 4 4 4],[10 10 3 3 3],[0.9 0.8 0.7 0.6 0.5],4,0.0
182,1,0,86,1,0,[10 10 7 7 7],[9 9 9 9 9],[0.9 0.8 0.7 0.6 0.5],1,0.0
183,1,0,87,1,0,[8 8 8 8 8],[10 10 7 7 7],[0.9 0.8 0.7 0.6 0.5],3,0.0
184,1,0,88,0,0,[10 10 4 4 4],[7 7 7 7 7],[0.9 0.8 0.7 0.6 0.5],6,0.0
185,1,0,89,0,0,[10 10 2 2 2],[5 5 5 5 5],[0.9 0.8 0.7 0.6 0.5],5,0.0
186,1,0,90,0,0,[4 4 4 4 4],[10 10 3 3 3],[0.9 0.8 0.7 0.6 0.5],4,0.0
187,1,0,91,0,0,[10 10 4 4 4],[7 7 7 7 7],[0.9 0.8 0.7 0.6 0.5],6,0.0
188,1,0,92,1,0,[6 6 6 6 6],[10 10 5 5 5],[0.9 0.8 0.7 0.6 0.5],2,0.0
189,1,0,93,1,0,[10 10 7 7 7],[9 9 9 9 9],[0.9 0.8 0.7 0.6 0.5],1,0.0
190,1,0,94,0,0,[10 10 4 4 4],[7 7 7 7 7],[0.9 0.8 0.7 0.6 0.5],6,0.0
191,1,0,95,1,0,[10 10 7 7 7],[9 9 9 9 9],[0.9 0.8 0.7 0.6 0.5],1,0.0
192,2,0,0,0,0,[10 10 7 7 7],[9 9 9 9 9],[0.9 0.8 0.7 0.6 0.5],1,0.0
193,2,0,1,1,0,[6 6 6 6 6],[10 10 5 5 5],[0.9 0.8 0.7 0.6 0.5],2,0.0
194,2,0,2,1,0,[8 8 8 8 8],[10 10 7 7 7],[0.9 0.8 0.7 0.6 0.5],3,0.0
195,2,0,3,1,0,[6 6 6 6 6],[10 10 5 5 5],[0.9 0.8 0.7 0.6 0.5],2,0.0
196,2,0,4,1,0,[6 6 6 6 6],[10 10 5 5 5],[0.9 0.8 0.7 0.6 0.5],2,0.0
197,2,0,5,0,0,[6 6 6 6 6],[10 10 5 5 5],[0.9 0.8 0.7 0.6 0.5],2,0.0
198,2,0,6,0,0,[4 4 4 4 4],[10 10 3 3 3],[0.9 0.8 0.7 0.6 0.5],4,0.0
199,2,0,7,0,0,[10 10 2 2 2],[5 5 5 5 5],[0.9 0.8 0.7 0.6 0.5],5,0.0
200,2,0,8,1,0,[10 10 7 7 7],[9 9 9 9 9],[0.9 0.8 0.7 0.6 0.5],1,0.0
201,2,0,9,0,0,[6 6 6 6 6],[10 10 5 5 5],[0.9 0.8 0.7 0.6 0.5],2,0.0
202,2,0,10,1,0,[8 8 8 8 8],[10 10 7 7 7],[0.9 0.8 0.7 0.6 0.5],3,0.0
203,2,0,11,0,0,[8 8 8 8 8],[10 10 7 7 7],[0.9 0.8 0.7 0.6 0.5],3,0.0
204,2,0,12,0,0,[6 6 6 6 6],[10 10 5 5 5],[0.9 0.8 0.7 0.6 0.5],2,0.0
205,2,0,13,1,0,[10 10 2 2 2],[5 5 5 5 5],[0.9 0.8 0.7 0.6 0.5],5,0.0
206,2,0,14,0,0,[4 4 4 4 4],[10 10 3 3 3],[0.9 0.8 0.7 0.6 0.5],4,0.0
207,2,0,15,1,0,[10 10 4 4 4],[7 7 7 7 7],[0.9 0.8 0.7 0.6 0.5],6,0.0
208,2,0,16,0,0,[10 10 4 4 4],[7 7 7 7 7],[0.9 0.8 0.7 0.6 0.5],6,0.0
209,2,0,17,1,0,[10 10 7 7 7],[9 9 9 9 9],[0.9 0.8 0.7 0.6 0.5],1,0.0
210,2,0,18,1,0,[10 10 7 7 7],[9 9 9 9 9],[0.9 0.8 0.7 0.6 0.5],1,0.0
211,2,0,19,1,0,[4 4 4 4 4],[10 10 3 3 3],[0.9 0.8 0.7 0.6 0.5],4,0.0
212,2,0,20,0,0,[10 10 2 2 2],[5 5 5 5 5],[0.9 0.8 0.7 0.6 0.5],5,0.0
213,2,0,21,1,0,[6 6 6 6 6],[10 10 5 5 5],[0.9 0.8 0.7 0.6 0.5],2,0.0
214,2,0,22,0,0,[10 10 7 7 7],[9 9 9 9 9],[0.9 0.8 0.7 0.6 0.5],1,0.0
215,2,0,23,0,0,[10 10 4 4 4],[7 7 7 7 7],[0.9 0.8 0.7 0.6 0.5],6,0.0
216,2,0,24,1,0,[10 10 2 2 2],[5 5 5 5 5],[0.9 0.8 0.7 0.6 0.5],5,0.0
217,2,0,25,0,0,[10 10 2 2 2],[5 5 5 5 5],[0.9 0.8 0.7 0.6 0.5],5,0.0
218,2,0,26,1,0,[8 8 8 8 8],[10 10 7 7 7],[0.9 0.8 0.7 0.6 0.5],3,0.0
219,2,0,27,0,0,[10 10 2 2 2],[5 5 5 5 5],[0.9 0.8 0.7 0.6 0.5],5,0.0
220,2,0,28,1,0,[10 10 4 4 4],[7 7 7 7 7],[0.9 0.8 0.7 0.6 0.5],6,0.0
221,2,0,29,1,0,[10 10 2 2 2],[5 5 5 5 5],[0.9 0.8 0.7 0.6 0.5],5,0.0
222,2,0,30,0,0,[10 10 2 2 2],[5 5 5 5 5],[0.9 0.8 0.7 0.6 0.5],5,0.0
223,2,0,31,1,0,[4 4 4 4 4],[10 10 3 3 3],[0.9 0.8 0.7 0.6 0.5],4,0.0
224,2,0,32,1,0,[6 6 6 6 6],[10 10 5 5 5],[0.9 0.8 0.7 0.6 0.5],2,0.0
225,2,0,33,1,0,[10 10 7 7 7],[9 9 9 9 9],[0.9 0.8 0.7 0.6 0.5],1,0.0
226,2,0,34,0,0,[10 10 2 2 2],[5 5 5 5 5],[0.9 0.8 0.7 0.6 0.5],5,0.0
227,2,0,35,1,0,[6 6 6 6 6],[10 10 5 5 5],[0.9 0.8 0.7 0.6 0.5],2,0.0
228,2,0,36,0,0,[8 8 8 8 8],[10 10 7 7 7],[0.9 0.8 0.7 0.6 0.5],3,0.0
229,2,0,37,1,0,[10 10 7 7 7],[9 9 9 9 9],[0.9 0.8 0.7 0.6 0.5],1,0.0
230,2,0,38,0,0,[4 4 4 4 4],[10 10 3 3 3],[0.9 0.8 0.7 0.6 0.5],4,0.0
231,2,0,39,1,0,[10 10 4 4 4],[7 7 7 7 7],[0.9 0.8 0.7 0.6 0.5],6,0.0
232,2,0,40,0,0,[6 6 6 6 6],[10 10 5 5 5],[0.9 0.8 0.7 0.6 0.5],2,0.0
233,2,0,41,0,0,[10 10 2 2 2],[5 5 5 5 5],[0.9 0.8 0.7 0.6 0.5],5,0.0
234,2,0,42,1,0,[4 4 4 4 4],[10 10 3 3 3],[0.9 0.8 0.7 0.6 0.5],4,0.0
235,2,0,43,1,0,[4 4 4 4 4],[10 10 3 3 3],[0.9 0.8 0.7 0.6 0.5],4,0.0
236,2,0,44,1,0,[8 8 8 8 8],[10 10 7 7 7],[0.9 0.8 0.7 0.6 0.5],3,0.0
237,2,0,45,0,0,[6 6 6 6 6],[10 10 5 5 5],[0.9 0.8 0.7 0.6 0.5],2,0.0
238,2,0,46,0,0,[10 10 7 7 7],[9 9 9 9 9],[0.9 0.8 0.7 0.6 0.5],1,0.0
239,2,0,47,1,0,[8 8 8 8 8],[10 10 7 7 7],[0.9 0.8 0.7 0.6 0.5],3,0.0
240,2,0,48,1,0,[8 8 8 8 8],[10 10 7 7 7],[0.9 0.8 0.7 0.6 0.5],3,0.0
241,2,0,49,1,0,[10 10 4 4 4],[7 7 7 7 7],[0.9 0.8 0.7 0.6 0.5],6,0.0
242,2,0,50,1,0,[4 4 4 4 4],[10 10 3 3 3],[0.9 0.8 0.7 0.6 0.5],4,0.0
243,2,0,51,0,0,[10 10 7 7 7],[9 9 9 9 9],[0.9 0.8 0.7 0.6 0.5],1,0.0
244,2,0,52,0,0,[10 10 4 4 4],[7 7 7 7 7],[0.9 0.8 0.7 0.6 0.5],6,0.0
245,2,0,53,0,0,[4 4 4 4 4],[10 10 3 3 3],[0.9 0.8 0.7 0.6 0.5],4,0.0
246,2,0,54,1,0,[6 6 6 6 6],[10 10 5 5 5],[0.9 0.8 0.7 0.6 0.5],2,0.0
247,2,0,55,0,0,[4 4 4 4 4],[10 10 3 3 3],[0.9 0.8 0.7 0.6 0.5],4,0.0
248,2,0,56,1,0,[8 8 8 8 8],[10 10 7 7 7],[0.9 0.8 0.7 0.6 0.5],3,0.0
249,2,0,57,0,0,[10 10 7 7 7],[9 9 9 9 9],[0.9 0.8 0.7 0.6 0.5],1,0.0
250,2,0,58,0,0,[10 10 4 4 4],[7 7 7 7 7],[0.9 0.8 0.7 0.6 0.5],6,0.0
251,2,0,59,1,0,[10 10 4 4 4],[7 7 7 7 7],[0.9 0.8 0.7 0.6 0.5],6,0.0
252,2,0,60,0,0,[10 10 2 2 2],[5 5 5 5 5],[0.9 0.8 0.7 0.6 0.5],5,0.0
253,2,0,61,1,0,[8 8 8 8 8],[10 10 7 7 7],[0.9 0.8 0.7 0.6 0.5],3,0.0
254,2,0,62,0,0,[8 8 8 8 8],[10 10 7 7 7],[0.9 0.8 0.7 0.6 0.5],3,0.0
255,2,0,63,0,0,[10 10 4 4 4],[7 7 7 7 7],[0.9 0.8 0.7 0.6 0.5],6,0.0
256,2,0,64,0,0,[10 10 7 7 7],[9 9 9 9 9],[0.9 0.8 0.7 0.6 0.5],1,0.0
257,2,0,65,0,0,[6 6 6 6 6],[10 10 5 5 5],[0.9 0.8 0.7 0.6 0.5],2,0.0
258,2,0,66,0,0,[10 10 4 4 4],[7 7 7 7 7],[0.9 0.8 0.7 0.6 0.5],6,0.0
259,2,0,67,0,0,[10 10 2 2 2],[5 5 5 5 5],[0.9 0.8 0.7 0.6 0.5],5,0.0
260,2,0,68,1,0,[10 10 7 7 7],[9 9 9 9 9],[0.9 0.8 0.7 0.6 0.5],1,0.0
261,2,0,69,0,0,[4 4 4 4 4],[10 10 3 3 3],[0.9 0.8 0.7 0.6 0.5],4,0.0
262,2,0,70,0,0,[10 10 4 4 4],[7 7 7 7 7],[0.9 0.8 0.7 0.6 0.5],6,0.0
263,2,0,71,1,0,[8 8 8 8 8],[10 10 7 7 7],[0.9 0.8 0.7 0.6 0.5],3,0.0
264,2,0,72,0,0,[8 8 8 8 8],[10 10 7 7 7],[0.9 0.8 0.7 0.6 0.5],3,0.0
265,2,0,73,0,0,[10 10 2 2 2],[5 5 5 5 5],[0.9 0.8 0.7 0.6 0.5],5,0.0
266,2,0,74,0,0,[10 10 2 2 2],[5 5 5 5 5],[0.9 0.8 0.7 0.6 0.5],5,0.0
267,2,0,75,1,0,[6 6 6 6 6],[10 10 5 5 5],[0.9 0.8 0.7 0.6 0.5],2,0.0
268,2,0,76,0,0,[4 4 4 4 4],[10 10 3 3 3],[0.9 0.8 0.7 0.6 0.5],4,0.0
269,2,0,77,1,0,[4 4 4 4 4],[10 10 3 3 3],[0.9 0.8 0.7 0.6 0.5],4,0.0
270,2,0,78,1,0,[6 6 6 6 6],[10 10 5 5 5],[0.9 0.8 0.7 0.6 0.5],2,0.0
271,2,0,79,0,0,[8 8 8 8 8],[10 10 7 7 7],[0.9 0.8 0.7 0.6 0.5],3,0.0
272,2,0,80,1,0,[10 10 2 2 2],[5 5 5 5 5],[0.9 0.8 0.7 0.6 0.5],5,0.0
273,2,0,81,0,0,[4 4 4 4 4],[10 10 3 3 3],[0.9 0.8 0.7 0.6 0.5],4,0.0
274,2,0,82,0,0,[8 8 8 8 8],[10 10 7 7 7],[0.9 0.8 0.7 0.6 0.5],3,0.0
275,2,0,83,1,0,[10 10 7 7 7],[9 9 9 9 9],[0.9 0.8 0.7 0.6 0.5],1,0.0
276,2,0,84,0,0,[10 10 4 4 4],[7 7 7 7 7],[0.9 0.8 0.7 0.6 0.5],6,0.0
277,2,0,85,0,0,[4 4 4 4 4],[10 10 3 3 3],[0.9 0.8 0.7 0.6 0.5],4,0.0
278,2,0,86,1,0,[10 10 7 7 7],[9 9 9 9 9],[0.9 0.8 0.7 0.6 0.5],1,0.0
279,2,0,87,0,0,[8 8 8 8 8],[10 10 7 7 7],[0.9 0.8 0.7 0.6 0.5],3,0.0
280,2,0,88,0,0,[10 10 4 4 4],[7 7 7 7 7],[0.9 0.8 0.7 0.6 0.5],6,0.0
281,2,0,89,0,0,[10 10 2 2 2],[5 5 5 5 5],[0.9 0.8 0.7 0.6 0.5],5,0.0
282,2,0,90,0,0,[4 4 4 4 4],[10 10 3 3 3],[0.9 0.8 0.7 0.6 0.5],4,0.0
283,2,0,91,0,0,[10 10 4 4 4],[7 7 7 7 7],[0.9 0.8 0.7 0.6 0.5],6,0.0
284,2,0,92,1,0,[6 6 6 6 6],[10 10 5 5 5],[0.9 0.8 0.7 0.6 0.5],2,0.0
285,2,0,93,1,0,[10 10 7 7 7],[9 9 9 9 9],[0.9 0.8 0.7 0.6 0.5],1,0.0
286,2,0,94,0,0,[10 10 4 4 4],[7 7 7 7 7],[0.9 0.8 0.7 0.6 0.5],6,0.0
287,2,0,95,1,0,[10 10 7 7 7],[9 9 9 9 9],[0.9 0.8 0.7 0.6 0.5],1,0.0
288,4,0,0,1,0,[10 10 7 7 7],[9 9 9 9 9],[0.9 0.8 0.7 0.6 0.5],1,0.0
289,4,0,1,1,0,[6 6 6 6 6],[10 10 5 5 5],[0.9 0.8 0.7 0.6 0.5],2,0.0
290,4,0,2,1,0,[8 8 8 8 8],[10 10 7 7 7],[0.9 0.8 0.7 0.6 0.5],3,0.0
291,4,0,3,1,0,[6 6 6 6 6],[10 10 5 5 5],[0.9 0.8 0.7 0.6 0.5],2,0.0
292,4,0,4,0,0,[6 6 6 6 6],[10 10 5 5 5],[0.9 0.8 0.7 0.6 0.5],2,0.0
293,4,0,5,1,0,[6 6 6 6 6],[10 10 5 5 5],[0.9 0.8 0.7 0.6 0.5],2,0.0
294,4,0,6,1,0,[4 4 4 4 4],[10 10 3 3 3],[0.9 0.8 0.7 0.6 0.5],4,0.0
295,4,0,7,1,0,[10 10 2 2 2],[5 5 5 5 5],[0.9 0.8 0.7 0.6 0.5],5,0.0
296,4,0,8,1,0,[10 10 7 7 7],[9 9 9 9 9],[0.9 0.8 0.7 0.6 0.5],1,0.0
297,4,0,9,1,0,[6 6 6 6 6],[10 10 5 5 5],[0.9 0.8 0.7 0.6 0.5],2,0.0
298,4,0,10,0,0,[8 8 8 8 8],[10 10 7 7 7],[0.9 0.8 0.7 0.6 0.5],3,0.0
299,4,0,11,1,0,[8 8 8 8 8],[10 10 7 7 7],[0.9 0.8 0.7 0.6 0.5],3,0.0
300,4,0,12,1,0,[6 6 6 6 6],[10 10 5 5 5],[0.9 0.8 0.7 0.6 0.5],2,0.0
301,4,0,13,1,0,[10 10 2 2 2],[5 5 5 5 5],[0.9 0.8 0.7 0.6 0.5],5,0.0
302,4,0,14,1,0,[4 4 4 4 4],[10 10 3 3 3],[0.9 0.8 0.7 0.6 0.5],4,0.0
303,4,0,15,1,0,[10 10 4 4 4],[7 7 7 7 7],[0.9 0.8 0.7 0.6 0.5],6,0.0
304,4,0,16,1,0,[10 10 4 4 4],[7 7 7 7 7],[0.9 0.8 0.7 0.6 0.5],6,0.0
305,4,0,17,0,0,[10 10 7 7 7],[9 9 9 9 9],[0.9 0.8 0.7 0.6 0.5],1,0.0
306,4,0,18,1,0,[10 10 7 7 7],[9 9 9 9 9],[0.9 0.8 0.7 0.6 0.5],1,0.0
307,4,0,19,1,0,[4 4 4 4 4],[10 10 3 3 3],[0.9 0.8 0.7 0.6 0.5],4,0.0
308,4,0,20,0,0,[10 10 2 2 2],[5 5 5 5 5],[0.9 0.8 0.7 0.6 0.5],5,0.0
309,4,0,21,1,0,[6 6 6 6 6],[10 10 5 5 5],[0.9 0.8 0.7 0.6 0.5],2,0.0
310,4,0,22,1,0,[10 10 7 7 7],[9 9 9 9 9],[0.9 0.8 0.7 0.6 0.5],1,0.0
311,4,0,23,1,0,[10 10 4 4 4],[7 7 7 7 7],[0.9 0.8 0.7 0.6 0.5],6,0.0
312,4,0,24,0,0,[10 10 2 2 2],[5 5 5 5 5],[0.9 0.8 0.7 0.6 0.5],5,0.0
313,4,0,25,0,0,[10 10 2 2 2],[5 5 5 5 5],[0.9 0.8 0.7 0.6 0.5],5,0.0
314,4,0,26,1,0,[8 8 8 8 8],[10 10 7 7 7],[0.9 0.8 0.7 0.6 0.5],3,0.0
315,4,0,27,1,0,[10 10 2 2 2],[5 5 5 5 5],[0.9 0.8 0.7 0.6 0.5],5,0.0
316,4,0,28,1,0,[10 10 4 4 4],[7 7 7 7 7],[0.9 0.8 0.7 0.6 0.5],6,0.0
317,4,0,29,0,0,[10 10 2 2 2],[5 5 5 5 5],[0.9 0.8 0.7 0.6 0.5],5,0.0
318,4,0,30,0,0,[10 10 2 2 2],[5 5 5 5 5],[0.9 0.8 0.7 0.6 0.5],5,0.0
319,4,0,31,1,0,[4 4 4 4 4],[10 10 3 3 3],[0.9 0.8 0.7 0.6 0.5],4,0.0
320,4,0,32,1,0,[6 6 6 6 6],[10 10 5 5 5],[0.9 0.8 0.7 0.6 0.5],2,0.0
321,4,0,33,1,0,[10 10 7 7 7],[9 9 9 9 9],[0.9 0.8 0.7 0.6 0.5],1,0.0
322,4,0,34,1,0,[10 10 2 2 2],[5 5 5 5 5],[0.9 0.8 0.7 0.6 0.5],5,0.0
323,4,0,35,1,0,[6 6 6 6 6],[10 10 5 5 5],[0.9 0.8 0.7 0.6 0.5],2,0.0
324,4,0,36,0,0,[8 8 8 8 8],[10 10 7 7 7],[0.9 0.8 0.7 0.6 0.5],3,0.0
325,4,0,37,1,0,[10 10 7 7 7],[9 9 9 9 9],[0.9 0.8 0.7 0.6 0.5],1,0.0
326,4,0,38,1,0,[4 4 4 4 4],[10 10 3 3 3],[0.9 0.8 0.7 0.6 0.5],4,0.0
327,4,0,39,0,0,[10 10 4 4 4],[7 7 7 7 7],[0.9 0.8 0.7 0.6 0.5],6,0.0
328,4,0,40,1,0,[6 6 6 6 6],[10 10 5 5 5],[0.9 0.8 0.7 0.6 0.5],2,0.0
329,4,0,41,0,0,[10 10 2 2 2],[5 5 5 5 5],[0.9 0.8 0.7 0.6 0.5],5,0.0
330,4,0,42,1,0,[4 4 4 4 4],[10 10 3 3 3],[0.9 0.8 0.7 0.6 0.5],4,0.0
331,4,0,43,1,0,[4 4 4 4 4],[10 10 3 3 3],[0.9 0.8 0.7 0.6 0.5],4,0.0
332,4,0,44,1,0,[8 8 8 8 8],[10 10 7 7 7],[0.9 0.8 0.7 0.6 0.5],3,0.0
333,4,0,45,1,0,[6 6 6 6 6],[10 10 5 5 5],[0.9 0.8 0.7 0.6 0.5],2,0.0
334,4,0,46,0,0,[10 10 7 7 7],[9 9 9 9 9],[0.9 0.8 0.7 0.6 0.5],1,0.0
335,4,0,47,1,0,[8 8 8 8 8],[10 10 7 7 7],[0.9 0.8 0.7 0.6 0.5],3,0.0
336,4,0,48,1,0,[8 8 8 8 8],[10 10 7 7 7],[0.9 0.8 0.7 0.6 0.5],3,0.0
337,4,0,49,0,0,[10 10 4 4 4],[7 7 7 7 7],[0.9 0.8 0.7 0.6 0.5],6,0.0
338,4,0,50,1,0,[4 4 4 4 4],[10 10 3 3 3],[0.9 0.8 0.7 0.6 0.5],4,0.0
339,4,0,51,1,0,[10 10 7 7 7],[9 9 9 9 9],[0.9 0.8 0.7 0.6 0.5],1,0.0
340,4,0,52,1,0,[10 10 4 4 4],[7 7 7 7 7],[0.9 0.8 0.7 0.6 0.5],6,0.0
341,4,0,53,1,0,[4 4 4 4 4],[10 10 3 3 3],[0.9 0.8 0.7 0.6 0.5],4,0.0
342,4,0,54,1,0,[6 6 6 6 6],[10 10 5 5 5],[0.9 0.8 0.7 0.6 0.5],2,0.0
343,4,0,55,1,0,[4 4 4 4 4],[10 10 3 3 3],[0.9 0.8 0.7 0.6 0.5],4,0.0
344,4,0,56,1,0,[8 8 8 8 8],[10 10 7 7 7],[0.9 0.8 0.7 0.6 0.5],3,0.0
345,4,0,57,1,0,[10 10 7 7 7],[9 9 9 9 9],[0.9 0.8 0.7 0.6 0.5],1,0.0
346,4,0,58,1,0,[10 10 4 4 4],[7 7 7 7 7],[0.9 0.8 0.7 0.6 0.5],6,0.0
347,4,0,59,1,0,[10 10 4 4 4],[7 7 7 7 7],[0.9 0.8 0.7 0.6 0.5],6,0.0
348,4,0,60,0,0,[10 10 2 2 2],[5 5 5 5 5],[0.9 0.8 0.7 0.6 0.5],5,0.0
349,4,0,61,1,0,[8 8 8 8 8],[10 10 7 7 7],[0.9 0.8 0.7 0.6 0.5],3,0.0
350,4,0,62,1,0,[8 8 8 8 8],[10 10 7 7 7],[0.9 0.8 0.7 0.6 0.5],3,0.0
351,4,0,63,1,0,[10 10 4 4 4],[7 7 7 7 7],[0.9 0.8 0.7 0.6 0.5],6,0.0
352,4,0,64,0,0,[10 10 7 7 7],[9 9 9 9 9],[0.9 0.8 0.7 0.6 0.5],1,0.0
353,4,0,65,1,0,[6 6 6 6 6],[10 10 5 5 5],[0.9 0.8 0.7 0.6 0.5],2,0.0
354,4,0,66,0,0,[10 10 4 4 4],[7 7 7 7 7],[0.9 0.8 0.7 0.6 0.5],6,0.0
355,4,0,67,1,0,[10 10 2 2 2],[5 5 5 5 5],[0.9 0.8 0.7 0.6 0.5],5,0.0
356,4,0,68,0,0,[10 10 7 7 7],[9 9 9 9 9],[0.9 0.8 0.7 0.6 0.5],1,0.0
357,4,0,69,1,0,[4 4 4 4 4],[10 10 3 3 3],[0.9 0.8 0.7 0.6 0.5],4,0.0
358,4,0,70,1,0,[10 10 4 4 4],[7 7 7 7 7],[0.9 0.8 0.7 0.6 0.5],6,0.0
359,4,0,71,1,0,[8 8 8 8 8],[10 10 7 7 7],[0.9 0.8 0.7 0.6 0.5],3,0.0
360,4,0,72,1,0,[8 8 8 8 8],[10 10 7 7 7],[0.9 0.8 0.7 0.6 0.5],3,0.0
361,4,0,73,1,0,[10 10 2 2 2],[5 5 5 5 5],[0.9 0.8 0.7 0.6 0.5],5,0.0
362,4,0,74,1,0,[10 10 2 2 2],[5 5 5 5 5],[0.9 0.8 0.7 0.6 0.5],5,0.0
363,4,0,75,1,0,[6 6 6 6 6],[10 10 5 5 5],[0.9 0.8 0.7 0.6 0.5],2,0.0
364,4,0,76,1,0,[4 4 4 4 4],[10 10 3 3 3],[0.9 0.8 0.7 0.6 0.5],4,0.0
365,4,0,77,1,0,[4 4 4 4 4],[10 10 3 3 3],[0.9 0.8 0.7 0.6 0.5],4,0.0
366,4,0,78,1,0,[6 6 6 6 6],[10 10 5 5 5],[0.9 0.8 0.7 0.6 0.5],2,0.0
367,4,0,79,1,0,[8 8 8 8 8],[10 10 7 7 7],[0.9 0.8 0.7 0.6 0.5],3,0.0
368,4,0,80,1,0,[10 10 2 2 2],[5 5 5 5 5],[0.9 0.8 0.7 0.6 0.5],5,0.0
369,4,0,81,1,0,[4 4 4 4 4],[10 10 3 3 3],[0.9 0.8 0.7 0.6 0.5],4,0.0
370,4,0,82,1,0,[8 8 8 8 8],[10 10 7 7 7],[0.9 0.8 0.7 0.6 0.5],3,0.0
371,4,0,83,1,0,[10 10 7 7 7],[9 9 9 9 9],[0.9 0.8 0.7 0.6 0.5],1,0.0
372,4,0,84,0,0,[10 10 4 4 4],[7 7 7 7 7],[0.9 0.8 0.7 0.6 0.5],6,0.0
373,4,0,85,1,0,[4 4 4 4 4],[10 10 3 3 3],[0.9 0.8 0.7 0.6 0.5],4,0.0
374,4,0,86,0,0,[10 10 7 7 7],[9 9 9 9 9],[0.9 0.8 0.7 0.6 0.5],1,0.0
375,4,0,87,1,0,[8 8 8 8 8],[10 10 7 7 7],[0.9 0.8 0.7 0.6 0.5],3,0.0
376,4,0,88,1,0,[10 10 4 4 4],[7 7 7 7 7],[0.9 0.8 0.7 0.6 0.5],6,0.0
377,4,0,89,1,0,[10 10 2 2 2],[5 5 5 5 5],[0.9 0.8 0.7 0.6 0.5],5,0.0
378,4,0,90,1,0,[4 4 4 4 4],[10 10 3 3 3],[0.9 0.8 0.7 0.6 0.5],4,0.0
379,4,0,91,1,0,[10 10 4 4 4],[7 7 7 7 7],[0.9 0.8 0.7 0.6 0.5],6,0.0
380,4,0,92,1,0,[6 6 6 6 6],[10 10 5 5 5],[0.9 0.8 0.7 0.6 0.5],2,0.0
381,4,0,93,0,0,[10 10 7 7 7],[9 9 9 9 9],[0.9 0.8 0.7 0.6 0.5],1,0.0
382,4,0,94,1,0,[10 10 4 4 4],[7 7 7 7 7],[0.9 0.8 0.7 0.6 0.5],6,0.0
383,4,0,95,1,0,[10 10 7 7 7],[9 9 9 9 9],[0.9 0.8 0.7 0.6 0.5],1,0.0
384,5,0,0,0,0,[10 10 7 7 7],[9 9 9 9 9],[0.9 0.8 0.7 0.6 0.5],1,0.0
385,5,0,1,1,0,[6 6 6 6 6],[10 10 5 5 5],[0.9 0.8 0.7 0.6 0.5],2,0.0
386,5,0,2,1,0,[8 8 8 8 8],[10 10 7 7 7],[0.9 0.8 0.7 0.6 0.5],3,0.0
387,5,0,3,1,0,[6 6 6 6 6],[10 10 5 5 5],[0.9 0.8 0.7 0.6 0.5],2,0.0
388,5,0,4,1,0,[6 6 6 6 6],[10 10 5 5 5],[0.9 0.8 0.7 0.6 0.5],2,0.0
389,5,0,5,0,0,[6 6 6 6 6],[10 10 5 5 5],[0.9 0.8 0.7 0.6 0.5],2,0.0
390,5,0,6,0,0,[4 4 4 4 4],[10 10 3 3 3],[0.9 0.8 0.7 0.6 0.5],4,0.0
391,5,0,7,0,0,[10 10 2 2 2],[5 5 5 5 5],[0.9 0.8 0.7 0.6 0.5],5,0.0
392,5,0,8,0,0,[10 10 7 7 7],[9 9 9 9 9],[0.9 0.8 0.7 0.6 0.5],1,0.0
393,5,0,9,0,0,[6 6 6 6 6],[10 10 5 5 5],[0.9 0.8 0.7 0.6 0.5],2,0.0
394,5,0,10,1,0,[8 8 8 8 8],[10 10 7 7 7],[0.9 0.8 0.7 0.6 0.5],3,0.0
395,5,0,11,1,0,[8 8 8 8 8],[10 10 7 7 7],[0.9 0.8 0.7 0.6 0.5],3,0.0
396,5,0,12,0,0,[6 6 6 6 6],[10 10 5 5 5],[0.9 0.8 0.7 0.6 0.5],2,0.0
397,5,0,13,1,0,[10 10 2 2 2],[5 5 5 5 5],[0.9 0.8 0.7 0.6 0.5],5,0.0
398,5,0,14,0,0,[4 4 4 4 4],[10 10 3 3 3],[0.9 0.8 0.7 0.6 0.5],4,0.0
399,5,0,15,1,0,[10 10 4 4 4],[7 7 7 7 7],[0.9 0.8 0.7 0.6 0.5],6,0.0
400,5,0,16,0,0,[10 10 4 4 4],[7 7 7 7 7],[0.9 0.8 0.7 0.6 0.5],6,0.0
401,5,0,17,1,0,[10 10 7 7 7],[9 9 9 9 9],[0.9 0.8 0.7 0.6 0.5],1,0.0
402,5,0,18,1,0,[10 10 7 7 7],[9 9 9 9 9],[0.9 0.8 0.7 0.6 0.5],1,0.0
403,5,0,19,0,0,[4 4 4 4 4],[10 10 3 3 3],[0.9 0.8 0.7 0.6 0.5],4,0.0
404,5,0,20,0,0,[10 10 2 2 2],[5 5 5 5 5],[0.9 0.8 0.7 0.6 0.5],5,0.0
405,5,0,21,1,0,[6 6 6 6 6],[10 10 5 5 5],[0.9 0.8 0.7 0.6 0.5],2,0.0
406,5,0,22,0,0,[10 10 7 7 7],[9 9 9 9 9],[0.9 0.8 0.7 0.6 0.5],1,0.0
407,5,0,23,0,0,[10 10 4 4 4],[7 7 7 7 7],[0.9 0.8 0.7 0.6 0.5],6,0.0
408,5,0,24,1,0,[10 10 2 2 2],[5 5 5 5 5],[0.9 0.8 0.7 0.6 0.5],5,0.0
409,5,0,25,0,0,[10 10 2 2 2],[5 5 5 5 5],[0.9 0.8 0.7 0.6 0.5],5,0.0
410,5,0,26,1,0,[8 8 8 8 8],[10 10 7 7 7],[0.9 0.8 0.7 0.6 0.5],3,0.0
411,5,0,27,0,0,[10 10 2 2 2],[5 5 5 5 5],[0.9 0.8 0.7 0.6 0.5],5,0.0
412,5,0,28,1,0,[10 10 4 4 4],[7 7 7 7 7],[0.9 0.8 0.7 0.6 0.5],6,0.0
413,5,0,29,1,0,[10 10 2 2 2],[5 5 5 5 5],[0.9 0.8 0.7 0.6 0.5],5,0.0
414,5,0,30,1,0,[10 10 2 2 2],[5 5 5 5 5],[0.9 0.8 0.7 0.6 0.5],5,0.0
415,5,0,31,0,0,[4 4 4 4 4],[10 10 3 3 3],[0.9 0.8 0.7 0.6 0.5],4,0.0
416,5,0,32,1,0,[6 6 6 6 6],[10 10 5 5 5],[0.9 0.8 0.7 0.6 0.5],2,0.0
417,5,0,33,1,0,[10 10 7 7 7],[9 9 9 9 9],[0.9 0.8 0.7 0.6 0.5],1,0.0
418,5,0,34,0,0,[10 10 2 2 2],[5 5 5 5 5],[0.9 0.8 0.7 0.6 0.5],5,0.0
419,5,0,35,1,0,[6 6 6 6 6],[10 10 5 5 5],[0.9 0.8 0.7 0.6 0.5],2,0.0
420,5,0,36,0,0,[8 8 8 8 8],[10 10 7 7 7],[0.9 0.8 0.7 0.6 0.5],3,0.0
421,5,0,37,1,0,[10 10 7 7 7],[9 9 9 9 9],[0.9 0.8 0.7 0.6 0.5],1,0.0
422,5,0,38,0,0,[4 4 4 4 4],[10 10 3 3 3],[0.9 0.8 0.7 0.6 0.5],4,0.0
423,5,0,39,1,0,[10 10 4 4 4],[7 7 7 7 7],[0.9 0.8 0.7 0.6 0.5],6,0.0
424,5,0,40,1,0,[6 6 6 6 6],[10 10 5 5 5],[0.9 0.8 0.7 0.6 0.5],2,0.0
425,5,0,41,0,0,[10 10 2 2 2],[5 5 5 5 5],[0.9 0.8 0.7 0.6 0.5],5,0.0
426,5,0,42,1,0,[4 4 4 4 4],[10 10 3 3 3],[0.9 0.8 0.7 0.6 0.5],4,0.0
427,5,0,43,1,0,[4 4 4 4 4],[10 10 3 3 3],[0.9 0.8 0.7 0.6 0.5],4,0.0
428,5,0,44,0,0,[8 8 8 8 8],[10 10 7 7 7],[0.9 0.8 0.7 0.6 0.5],3,0.0
429,5,0,45,1,0,[6 6 6 6 6],[10 10 5 5 5],[0.9 0.8 0.7 0.6 0.5],2,0.0
430,5,0,46,0,0,[10 10 7 7 7],[9 9 9 9 9],[0.9 0.8 0.7 0.6 0.5],1,0.0
431,5,0,47,0,0,[8 8 8 8 8],[10 10 7 7 7],[0.9 0.8 0.7 0.6 0.5],3,0.0
432,5,0,48,0,0,[8 8 8 8 8],[10 10 7 7 7],[0.9 0.8 0.7 0.6 0.5],3,0.0
433,5,0,49,1,0,[10 10 4 4 4],[7 7 7 7 7],[0.9 0.8 0.7 0.6 0.5],6,0.0
434,5,0,50,1,0,[4 4 4 4 4],[10 10 3 3 3],[0.9 0.8 0.7 0.6 0.5],4,0.0
435,5,0,51,0,0,[10 10 7 7 7],[9 9 9 9 9],[0.9 0.8 0.7 0.6 0.5],1,0.0
436,5,0,52,0,0,[10 10 4 4 4],[7 7 7 7 7],[0.9 0.8 0.7 0.6 0.5],6,0.0
437,5,0,53,0,0,[4 4 4 4 4],[10 10 3 3 3],[0.9 0.8 0.7 0.6 0.5],4,0.0
438,5,0,54,1,0,[6 6 6 6 6],[10 10 5 5 5],[0.9 0.8 0.7 0.6 0.5],2,0.0
439,5,0,55,1,0,[4 4 4 4 4],[10 10 3 3 3],[0.9 0.8 0.7 0.6 0.5],4,0.0
440,5,0,56,1,0,[8 8 8 8 8],[10 10 7 7 7],[0.9 0.8 0.7 0.6 0.5],3,0.0
441,5,0,57,0,0,[10 10 7 7 7],[9 9 9 9 9],[0.9 0.8 0.7 0.6 0.5],1,0.0
442,5,0,58,1,0,[10 10 4 4 4],[7 7 7 7 7],[0.9 0.8 0.7 0.6 0.5],6,0.0
443,5,0,59,1,0,[10 10 4 4 4],[7 7 7 7 7],[0.9 0.8 0.7 0.6 0.5],6,0.0
444,5,0,60,0,0,[10 10 2 2 2],[5 5 5 5 5],[0.9 0.8 0.7 0.6 0.5],5,0.0
445,5,0,61,1,0,[8 8 8 8 8],[10 10 7 7 7],[0.9 0.8 0.7 0.6 0.5],3,0.0
446,5,0,62,1,0,[8 8 8 8 8],[10 10 7 7 7],[0.9 0.8 0.7 0.6 0.5],3,0.0
447,5,0,63,0,0,[10 10 4 4 4],[7 7 7 7 7],[0.9 0.8 0.7 0.6 0.5],6,0.0
448,5,0,64,0,0,[10 10 7 7 7],[9 9 9 9 9],[0.9 0.8 0.7 0.6 0.5],1,0.0
449,5,0,65,1,0,[6 6 6 6 6],[10 10 5 5 5],[0.9 0.8 0.7 0.6 0.5],2,0.0
450,5,0,66,0,0,[10 10 4 4 4],[7 7 7 7 7],[0.9 0.8 0.7 0.6 0.5],6,0.0
451,5,0,67,1,0,[10 10 2 2 2],[5 5 5 5 5],[0.9 0.8 0.7 0.6 0.5],5,0.0
452,5,0,68,1,0,[10 10 7 7 7],[9 9 9 9 9],[0.9 0.8 0.7 0.6 0.5],1,0.0
453,5,0,69,1,0,[4 4 4 4 4],[10 10 3 3 3],[0.9 0.8 0.7 0.6 0.5],4,0.0
454,5,0,70,0,0,[10 10 4 4 4],[7 7 7 7 7],[0.9 0.8 0.7 0.6 0.5],6,0.0
455,5,0,71,1,0,[8 8 8 8 8],[10 10 7 7 7],[0.9 0.8 0.7 0.6 0.5],3,0.0
456,5,0,72,1,0,[8 8 8 8 8],[10 10 7 7 7],[0.9 0.8 0.7 0.6 0.5],3,0.0
457,5,0,73,0,0,[10 10 2 2 2],[5 5 5 5 5],[0.9 0.8 0.7 0.6 0.5],5,0.0
458,5,0,74,0,0,[10 10 2 2 2],[5 5 5 5 5],[0.9 0.8 0.7 0.6 0.5],5,0.0
459,5,0,75,0,0,[6 6 6 6 6],[10 10 5 5 5],[0.9 0.8 0.7 0.6 0.5],2,0.0
460,5,0,76,0,0,[4 4 4 4 4],[10 10 3 3 3],[0.9 0.8 0.7 0.6 0.5],4,0.0
461,5,0,77,1,0,[4 4 4 4 4],[10 10 3 3 3],[0.9 0.8 0.7 0.6 0.5],4,0.0
462,5,0,78,1,0,[6 6 6 6 6],[10 10 5 5 5],[0.9 0.8 0.7 0.6 0.5],2,0.0
463,5,0,79,1,0,[8 8 8 8 8],[10 10 7 7 7],[0.9 0.8 0.7 0.6 0.5],3,0.0
464,5,0,80,1,0,[10 10 2 2 2],[5 5 5 5 5],[0.9 0.8 0.7 0.6 0.5],5,0.0
465,5,0,81,1,0,[4 4 4 4 4],[10 10 3 3 3],[0.9 0.8 0.7 0.6 0.5],4,0.0
466,5,0,82,0,0,[8 8 8 8 8],[10 10 7 7 7],[0.9 0.8 0.7 0.6 0.5],3,0.0
467,5,0,83,1,0,[10 10 7 7 7],[9 9 9 9 9],[0.9 0.8 0.7 0.6 0.5],1,0.0
468,5,0,84,0,0,[10 10 4 4 4],[7 7 7 7 7],[0.9 0.8 0.7 0.6 0.5],6,0.0
469,5,0,85,0,0,[4 4 4 4 4],[10 10 3 3 3],[0.9 0.8 0.7 0.6 0.5],4,0.0
470,5,0,86,1,0,[10 10 7 7 7],[9 9 9 9 9],[0.9 0.8 0.7 0.6 0.5],1,0.0
471,5,0,87,1,0,[8 8 8 8 8],[10 10 7 7 7],[0.9 0.8 0.7 0.6 0.5],3,0.0
472,5,0,88,0,0,[10 10 4 4 4],[7 7 7 7 7],[0.9 0.8 0.7 0.6 0.5],6,0.0
473,5,0,89,0,0,[10 10 2 2 2],[5 5 5 5 5],[0.9 0.8 0.7 0.6 0.5],5,0.0
474,5,0,90,1,0,[4 4 4 4 4],[10 10 3 3 3],[0.9 0.8 0.7 0.6 0.5],4,0.0
475,5,0,91,0,0,[10 10 4 4 4],[7 7 7 7 7],[0.9 0.8 0.7 0.6 0.5],6,0.0
476,5,0,92,0,0,[6 6 6 6 6],[10 10 5 5 5],[0.9 0.8 0.7 0.6 0.5],2,0.0
477,5,0,93,1,0,[10 10 7 7 7],[9 9 9 9 9],[0.9 0.8 0.7 0.6 0.5],1,0.0
478,5,0,94,0,0,[10 10 4 4 4],[7 7 7 7 7],[0.9 0.8 0.7 0.6 0.5],6,0.0
479,5,0,95,1,0,[10 10 7 7 7],[9 9 9 9 9],[0.9 0.8 0.7 0.6 0.5],1,0.0
480,6,0,0,0,0,[10 10 7 7 7],[9 9 9 9 9],[0.9 0.8 0.7 0.6 0.5],1,0.0
481,6,0,1,1,0,[6 6 6 6 6],[10 10 5 5 5],[0.9 0.8 0.7 0.6 0.5],2,0.0
482,6,0,2,1,0,[8 8 8 8 8],[10 10 7 7 7],[0.9 0.8 0.7 0.6 0.5],3,0.0
483,6,0,3,1,0,[6 6 6 6 6],[10 10 5 5 5],[0.9 0.8 0.7 0.6 0.5],2,0.0
484,6,0,4,1,0,[6 6 6 6 6],[10 10 5 5 5],[0.9 0.8 0.7 0.6 0.5],2,0.0
485,6,0,5,0,0,[6 6 6 6 6],[10 10 5 5 5],[0.9 0.8 0.7 0.6 0.5],2,0.0
486,6,0,6,0,0,[4 4 4 4 4],[10 10 3 3 3],[0.9 0.8 0.7 0.6 0.5],4,0.0
487,6,0,7,1,0,[10 10 2 2 2],[5 5 5 5 5],[0.9 0.8 0.7 0.6 0.5],5,0.0
488,6,0,8,0,0,[10 10 7 7 7],[9 9 9 9 9],[0.9 0.8 0.7 0.6 0.5],1,0.0
489,6,0,9,1,0,[6 6 6 6 6],[10 10 5 5 5],[0.9 0.8 0.7 0.6 0.5],2,0.0
490,6,0,10,0,0,[8 8 8 8 8],[10 10 7 7 7],[0.9 0.8 0.7 0.6 0.5],3,0.0
491,6,0,11,1,0,[8 8 8 8 8],[10 10 7 7 7],[0.9 0.8 0.7 0.6 0.5],3,0.0
492,6,0,12,1,0,[6 6 6 6 6],[10 10 5 5 5],[0.9 0.8 0.7 0.6 0.5],2,0.0
493,6,0,13,0,0,[10 10 2 2 2],[5 5 5 5 5],[0.9 0.8 0.7 0.6 0.5],5,0.0
494,6,0,14,1,0,[4 4 4 4 4],[10 10 3 3 3],[0.9 0.8 0.7 0.6 0.5],4,0.0
495,6,0,15,0,0,[10 10 4 4 4],[7 7 7 7 7],[0.9 0.8 0.7 0.6 0.5],6,0.0
496,6,0,16,1,0,[10 10 4 4 4],[7 7 7 7 7],[0.9 0.8 0.7 0.6 0.5],6,0.0
497,6,0,17,1,0,[10 10 7 7 7],[9 9 9 9 9],[0.9 0.8 0.7 0.6 0.5],1,0.0
498,6,0,18,1,0,[10 10 7 7 7],[9 9 9 9 9],[0.9 0.8 0.7 0.6 0.5],1,0.0
499,6,0,19,1,0,[4 4 4 4 4],[10 10 3 3 3],[0.9 0.8 0.7 0.6 0.5],4,0.0
500,6,0,20,1,0,[10 10 2 2 2],[5 5 5 5 5],[0.9 0.8 0.7 0.6 0.5],5,0.0
501,6,0,21,1,0,[6 6 6 6 6],[10 10 5 5 5],[0.9 0.8 0.7 0.6 0.5],2,0.0
502,6,0,22,1,0,[10 10 7 7 7],[9 9 9 9 9],[0.9 0.8 0.7 0.6 0.5],1,0.0
503,6,0,23,0,0,[10 10 4 4 4],[7 7 7 7 7],[0.9 0.8 0.7 0.6 0.5],6,0.0
504,6,0,24,0,0,[10 10 2 2 2],[5 5 5 5 5],[0.9 0.8 0.7 0.6 0.5],5,0.0
505,6,0,25,0,0,[10 10 2 2 2],[5 5 5 5 5],[0.9 0.8 0.7 0.6 0.5],5,0.0
506,6,0,26,1,0,[8 8 8 8 8],[10 10 7 7 7],[0.9 0.8 0.7 0.6 0.5],3,0.0
507,6,0,27,0,0,[10 10 2 2 2],[5 5 5 5 5],[0.9 0.8 0.7 0.6 0.5],5,0.0
508,6,0,28,1,0,[10 10 4 4 4],[7 7 7 7 7],[0.9 0.8 0.7 0.6 0.5],6,0.0
509,6,0,29,0,0,[10 10 2 2 2],[5 5 5 5 5],[0.9 0.8 0.7 0.6 0.5],5,0.0
510,6,0,30,0,0,[10 10 2 2 2],[5 5 5 5 5],[0.9 0.8 0.7 0.6 0.5],5,0.0
511,6,0,31,1,0,[4 4 4 4 4],[10 10 3 3 3],[0.9 0.8 0.7 0.6 0.5],4,0.0
512,6,0,32,1,0,[6 6 6 6 6],[10 10 5 5 5],[0.9 0.8 0.7 0.6 0.5],2,0.0
513,6,0,33,0,0,[10 10 7 7 7],[9 9 9 9 9],[0.9 0.8 0.7 0.6 0.5],1,0.0
514,6,0,34,0,0,[10 10 2 2 2],[5 5 5 5 5],[0.9 0.8 0.7 0.6 0.5],5,0.0
515,6,0,35,1,0,[6 6 6 6 6],[10 10 5 5 5],[0.9 0.8 0.7 0.6 0.5],2,0.0
516,6,0,36,1,0,[8 8 8 8 8],[10 10 7 7 7],[0.9 0.8 0.7 0.6 0.5],3,0.0
517,6,0,37,0,0,[10 10 7 7 7],[9 9 9 9 9],[0.9 0.8 0.7 0.6 0.5],1,0.0
518,6,0,38,1,0,[4 4 4 4 4],[10 10 3 3 3],[0.9 0.8 0.7 0.6 0.5],4,0.0
519,6,0,39,0,0,[10 10 4 4 4],[7 7 7 7 7],[0.9 0.8 0.7 0.6 0.5],6,0.0
520,6,0,40,1,0,[6 6 6 6 6],[10 10 5 5 5],[0.9 0.8 0.7 0.6 0.5],2,0.0
521,6,0,41,0,0,[10 10 2 2 2],[5 5 5 5 5],[0.9 0.8 0.7 0.6 0.5],5,0.0
522,6,0,42,1,0,[4 4 4 4 4],[10 10 3 3 3],[0.9 0.8 0.7 0.6 0.5],4,0.0
523,6,0,43,1,0,[4 4 4 4 4],[10 10 3 3 3],[0.9 0.8 0.7 0.6 0.5],4,0.0
524,6,0,44,1,0,[8 8 8 8 8],[10 10 7 7 7],[0.9 0.8 0.7 0.6 0.5],3,0.0
525,6,0,45,1,0,[6 6 6 6 6],[10 10 5 5 5],[0.9 0.8 0.7 0.6 0.5],2,0.0
526,6,0,46,0,0,[10 10 7 7 7],[9 9 9 9 9],[0.9 0.8 0.7 0.6 0.5],1,0.0
527,6,0,47,1,0,[8 8 8 8 8],[10 10 7 7 7],[0.9 0.8 0.7 0.6 0.5],3,0.0
528,6,0,48,1,0,[8 8 8 8 8],[10 10 7 7 7],[0.9 0.8 0.7 0.6 0.5],3,0.0
529,6,0,49,0,0,[10 10 4 4 4],[7 7 7 7 7],[0.9 0.8 0.7 0.6 0.5],6,0.0
530,6,0,50,1,0,[4 4 4 4 4],[10 10 3 3 3],[0.9 0.8 0.7 0.6 0.5],4,0.0
531,6,0,51,0,0,[10 10 7 7 7],[9 9 9 9 9],[0.9 0.8 0.7 0.6 0.5],1,0.0
532,6,0,52,0,0,[10 10 4 4 4],[7 7 7 7 7],[0.9 0.8 0.7 0.6 0.5],6,0.0
533,6,0,53,1,0,[4 4 4 4 4],[10 10 3 3 3],[0.9 0.8 0.7 0.6 0.5],4,0.0
534,6,0,54,1,0,[6 6 6 6 6],[10 10 5 5 5],[0.9 0.8 0.7 0.6 0.5],2,0.0
535,6,0,55,1,0,[4 4 4 4 4],[10 10 3 3 3],[0.9 0.8 0.7 0.6 0.5],4,0.0
536,6,0,56,1,0,[8 8 8 8 8],[10 10 7 7 7],[0.9 0.8 0.7 0.6 0.5],3,0.0
537,6,0,57,0,0,[10 10 7 7 7],[9 9 9 9 9],[0.9 0.8 0.7 0.6 0.5],1,0.0
538,6,0,58,0,0,[10 10 4 4 4],[7 7 7 7 7],[0.9 0.8 0.7 0.6 0.5],6,0.0
539,6,0,59,0,0,[10 10 4 4 4],[7 7 7 7 7],[0.9 0.8 0.7 0.6 0.5],6,0.0
540,6,0,60,0,0,[10 10 2 2 2],[5 5 5 5 5],[0.9 0.8 0.7 0.6 0.5],5,0.0
541,6,0,61,1,0,[8 8 8 8 8],[10 10 7 7 7],[0.9 0.8 0.7 0.6 0.5],3,0.0
542,6,0,62,1,0,[8 8 8 8 8],[10 10 7 7 7],[0.9 0.8 0.7 0.6 0.5],3,0.0
543,6,0,63,0,0,[10 10 4 4 4],[7 7 7 7 7],[0.9 0.8 0.7 0.6 0.5],6,0.0
544,6,0,64,0,0,[10 10 7 7 7],[9 9 9 9 9],[0.9 0.8 0.7 0.6 0.5],1,0.0
545,6,0,65,1,0,[6 6 6 6 6],[10 10 5 5 5],[0.9 0.8 0.7 0.6 0.5],2,0.0
546,6,0,66,0,0,[10 10 4 4 4],[7 7 7 7 7],[0.9 0.8 0.7 0.6 0.5],6,0.0
547,6,0,67,0,0,[10 10 2 2 2],[5 5 5 5 5],[0.9 0.8 0.7 0.6 0.5],5,0.0
548,6,0,68,0,0,[10 10 7 7 7],[9 9 9 9 9],[0.9 0.8 0.7 0.6 0.5],1,0.0
549,6,0,69,1,0,[4 4 4 4 4],[10 10 3 3 3],[0.9 0.8 0.7 0.6 0.5],4,0.0
550,6,0,70,0,0,[10 10 4 4 4],[7 7 7 7 7],[0.9 0.8 0.7 0.6 0.5],6,0.0
551,6,0,71,0,0,[8 8 8 8 8],[10 10 7 7 7],[0.9 0.8 0.7 0.6 0.5],3,0.0
552,6,0,72,1,0,[8 8 8 8 8],[10 10 7 7 7],[0.9 0.8 0.7 0.6 0.5],3,0.0
553,6,0,73,0,0,[10 10 2 2 2],[5 5 5 5 5],[0.9 0.8 0.7 0.6 0.5],5,0.0
554,6,0,74,0,0,[10 10 2 2 2],[5 5 5 5 5],[0.9 0.8 0.7 0.6 0.5],5,0.0
555,6,0,75,1,0,[6 6 6 6 6],[10 10 5 5 5],[0.9 0.8 0.7 0.6 0.5],2,0.0
556,6,0,76,1,0,[4 4 4 4 4],[10 10 3 3 3],[0.9 0.8 0.7 0.6 0.5],4,0.0
557,6,0,77,1,0,[4 4 4 4 4],[10 10 3 3 3],[0.9 0.8 0.7 0.6 0.5],4,0.0
558,6,0,78,1,0,[6 6 6 6 6],[10 10 5 5 5],[0.9 0.8 0.7 0.6 0.5],2,0.0
559,6,0,79,1,0,[8 8 8 8 8],[10 10 7 7 7],[0.9 0.8 0.7 0.6 0.5],3,0.0
560,6,0,80,0,0,[10 10 2 2 2],[5 5 5 5 5],[0.9 0.8 0.7 0.6 0.5],5,0.0
561,6,0,81,1,0,[4 4 4 4 4],[10 10 3 3 3],[0.9 0.8 0.7 0.6 0.5],4,0.0
562,6,0,82,1,0,[8 8 8 8 8],[10 10 7 7 7],[0.9 0.8 0.7 0.6 0.5],3,0.0
563,6,0,83,0,0,[10 10 7 7 7],[9 9 9 9 9],[0.9 0.8 0.7 0.6 0.5],1,0.0
564,6,0,84,0,0,[10 10 4 4 4],[7 7 7 7 7],[0.9 0.8 0.7 0.6 0.5],6,0.0
565,6,0,85,1,0,[4 4 4 4 4],[10 10 3 3 3],[0.9 0.8 0.7 0.6 0.5],4,0.0
566,6,0,86,0,0,[10 10 7 7 7],[9 9 9 9 9],[0.9 0.8 0.7 0.6 0.5],1,0.0
567,6,0,87,1,0,[8 8 8 8 8],[10 10 7 7 7],[0.9 0.8 0.7 0.6 0.5],3,0.0
568,6,0,88,0,0,[10 10 4 4 4],[7 7 7 7 7],[0.9 0.8 0.7 0.6 0.5],6,0.0
569,6,0,89,0,0,[10 10 2 2 2],[5 5 5 5 5],[0.9 0.8 0.7 0.6 0.5],5,0.0
570,6,0,90,1,0,[4 4 4 4 4],[10 10 3 3 3],[0.9 0.8 0.7 0.6 0.5],4,0.0
571,6,0,91,0,0,[10 10 4 4 4],[7 7 7 7 7],[0.9 0.8 0.7 0.6 0.5],6,0.0
572,6,0,92,1,0,[6 6 6 6 6],[10 10 5 5 5],[0.9 0.8 0.7 0.6 0.5],2,0.0
573,6,0,93,0,0,[10 10 7 7 7],[9 9 9 9 9],[0.9 0.8 0.7 0.6 0.5],1,0.0
574,6,0,94,0,0,[10 10 4 4 4],[7 7 7 7 7],[0.9 0.8 0.7 0.6 0.5],6,0.0
575,6,0,95,0,0,[10 10 7 7 7],[9 9 9 9 9],[0.9 0.8 0.7 0.6 0.5],1,0.0
576,7,0,0,0,0,[10 10 7 7 7],[9 9 9 9 9],[0.9 0.8 0.7 0.6 0.5],1,0.0
577,7,0,1,1,0,[6 6 6 6 6],[10 10 5 5 5],[0.9 0.8 0.7 0.6 0.5],2,0.0
578,7,0,2,0,0,[8 8 8 8 8],[10 10 7 7 7],[0.9 0.8 0.7 0.6 0.5],3,0.0
579,7,0,3,1,0,[6 6 6 6 6],[10 10 5 5 5],[0.9 0.8 0.7 0.6 0.5],2,0.0
580,7,0,4,1,0,[6 6 6 6 6],[10 10 5 5 5],[0.9 0.8 0.7 0.6 0.5],2,0.0
581,7,0,5,0,0,[6 6 6 6 6],[10 10 5 5 5],[0.9 0.8 0.7 0.6 0.5],2,0.0
582,7,0,6,0,0,[4 4 4 4 4],[10 10 3 3 3],[0.9 0.8 0.7 0.6 0.5],4,0.0
583,7,0,7,1,0,[10 10 2 2 2],[5 5 5 5 5],[0.9 0.8 0.7 0.6 0.5],5,0.0
584,7,0,8,0,0,[10 10 7 7 7],[9 9 9 9 9],[0.9 0.8 0.7 0.6 0.5],1,0.0
585,7,0,9,0,0,[6 6 6 6 6],[10 10 5 5 5],[0.9 0.8 0.7 0.6 0.5],2,0.0
586,7,0,10,1,0,[8 8 8 8 8],[10 10 7 7 7],[0.9 0.8 0.7 0.6 0.5],3,0.0
587,7,0,11,0,0,[8 8 8 8 8],[10 10 7 7 7],[0.9 0.8 0.7 0.6 0.5],3,0.0
588,7,0,12,0,0,[6 6 6 6 6],[10 10 5 5 5],[0.9 0.8 0.7 0.6 0.5],2,0.0
589,7,0,13,1,0,[10 10 2 2 2],[5 5 5 5 5],[0.9 0.8 0.7 0.6 0.5],5,0.0
590,7,0,14,0,0,[4 4 4 4 4],[10 10 3 3 3],[0.9 0.8 0.7 0.6 0.5],4,0.0
591,7,0,15,1,0,[10 10 4 4 4],[7 7 7 7 7],[0.9 0.8 0.7 0.6 0.5],6,0.0
592,7,0,16,1,0,[10 10 4 4 4],[7 7 7 7 7],[0.9 0.8 0.7 0.6 0.5],6,0.0
593,7,0,17,1,0,[10 10 7 7 7],[9 9 9 9 9],[0.9 0.8 0.7 0.6 0.5],1,0.0
594,7,0,18,1,0,[10 10 7 7 7],[9 9 9 9 9],[0.9 0.8 0.7 0.6 0.5],1,0.0
595,7,0,19,1,0,[4 4 4 4 4],[10 10 3 3 3],[0.9 0.8 0.7 0.6 0.5],4,0.0
596,7,0,20,1,0,[10 10 2 2 2],[5 5 5 5 5],[0.9 0.8 0.7 0.6 0.5],5,0.0
597,7,0,21,1,0,[6 6 6 6 6],[10 10 5 5 5],[0.9 0.8 0.7 0.6 0.5],2,0.0
598,7,0,22,0,0,[10 10 7 7 7],[9 9 9 9 9],[0.9 0.8 0.7 0.6 0.5],1,0.0
599,7,0,23,0,0,[10 10 4 4 4],[7 7 7 7 7],[0.9 0.8 0.7 0.6 0.5],6,0.0
600,7,0,24,1,0,[10 10 2 2 2],[5 5 5 5 5],[0.9 0.8 0.7 0.6 0.5],5,0.0
601,7,0,25,0,0,[10 10 2 2 2],[5 5 5 5 5],[0.9 0.8 0.7 0.6 0.5],5,0.0
602,7,0,26,1,0,[8 8 8 8 8],[10 10 7 7 7],[0.9 0.8 0.7 0.6 0.5],3,0.0
603,7,0,27,0,0,[10 10 2 2 2],[5 5 5 5 5],[0.9 0.8 0.7 0.6 0.5],5,0.0
604,7,0,28,1,0,[10 10 4 4 4],[7 7 7 7 7],[0.9 0.8 0.7 0.6 0.5],6,0.0
605,7,0,29,1,0,[10 10 2 2 2],[5 5 5 5 5],[0.9 0.8 0.7 0.6 0.5],5,0.0
606,7,0,30,0,0,[10 10 2 2 2],[5 5 5 5 5],[0.9 0.8 0.7 0.6 0.5],5,0.0
607,7,0,31,1,0,[4 4 4 4 4],[10 10 3 3 3],[0.9 0.8 0.7 0.6 0.5],4,0.0
608,7,0,32,1,0,[6 6 6 6 6],[10 10 5 5 5],[0.9 0.8 0.7 0.6 0.5],2,0.0
609,7,0,33,1,0,[10 10 7 7 7],[9 9 9 9 9],[0.9 0.8 0.7 0.6 0.5],1,0.0
610,7,0,34,0,0,[10 10 2 2 2],[5 5 5 5 5],[0.9 0.8 0.7 0.6 0.5],5,0.0
611,7,0,35,1,0,[6 6 6 6 6],[10 10 5 5 5],[0.9 0.8 0.7 0.6 0.5],2,0.0
612,7,0,36,1,0,[8 8 8 8 8],[10 10 7 7 7],[0.9 0.8 0.7 0.6 0.5],3,0.0
613,7,0,37,1,0,[10 10 7 7 7],[9 9 9 9 9],[0.9 0.8 0.7 0.6 0.5],1,0.0
614,7,0,38,1,0,[4 4 4 4 4],[10 10 3 3 3],[0.9 0.8 0.7 0.6 0.5],4,0.0
615,7,0,39,1,0,[10 10 4 4 4],[7 7 7 7 7],[0.9 0.8 0.7 0.6 0.5],6,0.0
616,7,0,40,1,0,[6 6 6 6 6],[10 10 5 5 5],[0.9 0.8 0.7 0.6 0.5],2,0.0
617,7,0,41,1,0,[10 10 2 2 2],[5 5 5 5 5],[0.9 0.8 0.7 0.6 0.5],5,0.0
618,7,0,42,1,0,[4 4 4 4 4],[10 10 3 3 3],[0.9 0.8 0.7 0.6 0.5],4,0.0
619,7,0,43,1,0,[4 4 4 4 4],[10 10 3 3 3],[0.9 0.8 0.7 0.6 0.5],4,0.0
620,7,0,44,1,0,[8 8 8 8 8],[10 10 7 7 7],[0.9 0.8 0.7 0.6 0.5],3,0.0
621,7,0,45,1,0,[6 6 6 6 6],[10 10 5 5 5],[0.9 0.8 0.7 0.6 0.5],2,0.0
622,7,0,46,1,0,[10 10 7 7 7],[9 9 9 9 9],[0.9 0.8 0.7 0.6 0.5],1,0.0
623,7,0,47,1,0,[8 8 8 8 8],[10 10 7 7 7],[0.9 0.8 0.7 0.6 0.5],3,0.0
624,7,0,48,1,0,[8 8 8 8 8],[10 10 7 7 7],[0.9 0.8 0.7 0.6 0.5],3,0.0
625,7,0,49,1,0,[10 10 4 4 4],[7 7 7 7 7],[0.9 0.8 0.7 0.6 0.5],6,0.0
626,7,0,50,1,0,[4 4 4 4 4],[10 10 3 3 3],[0.9 0.8 0.7 0.6 0.5],4,0.0
627,7,0,51,1,0,[10 10 7 7 7],[9 9 9 9 9],[0.9 0.8 0.7 0.6 0.5],1,0.0
628,7,0,52,1,0,[10 10 4 4 4],[7 7 7 7 7],[0.9 0.8 0.7 0.6 0.5],6,0.0
629,7,0,53,1,0,[4 4 4 4 4],[10 10 3 3 3],[0.9 0.8 0.7 0.6 0.5],4,0.0
630,7,0,54,1,0,[6 6 6 6 6],[10 10 5 5 5],[0.9 0.8 0.7 0.6 0.5],2,0.0
631,7,0,55,1,0,[4 4 4 4 4],[10 10 3 3 3],[0.9 0.8 0.7 0.6 0.5],4,0.0
632,7,0,56,1,0,[8 8 8 8 8],[10 10 7 7 7],[0.9 0.8 0.7 0.6 0.5],3,0.0
633,7,0,57,1,0,[10 10 7 7 7],[9 9 9 9 9],[0.9 0.8 0.7 0.6 0.5],1,0.0
634,7,0,58,1,0,[10 10 4 4 4],[7 7 7 7 7],[0.9 0.8 0.7 0.6 0.5],6,0.0
635,7,0,59,1,0,[10 10 4 4 4],[7 7 7 7 7],[0.9 0.8 0.7 0.6 0.5],6,0.0
636,7,0,60,1,0,[10 10 2 2 2],[5 5 5 5 5],[0.9 0.8 0.7 0.6 0.5],5,0.0
637,7,0,61,1,0,[8 8 8 8 8],[10 10 7 7 7],[0.9 0.8 0.7 0.6 0.5],3,0.0
638,7,0,62,0,0,[8 8 8 8 8],[10 10 7 7 7],[0.9 0.8 0.7 0.6 0.5],3,0.0
639,7,0,63,1,0,[10 10 4 4 4],[7 7 7 7 7],[0.9 0.8 0.7 0.6 0.5],6,0.0
640,7,0,64,1,0,[10 10 7 7 7],[9 9 9 9 9],[0.9 0.8 0.7 0.6 0.5],1,0.0
641,7,0,65,1,0,[6 6 6 6 6],[10 10 5 5 5],[0.9 0.8 0.7 0.6 0.5],2,0.0
642,7,0,66,1,0,[10 10 4 4 4],[7 7 7 7 7],[0.9 0.8 0.7 0.6 0.5],6,0.0
643,7,0,67,1,0,[10 10 2 2 2],[5 5 5 5 5],[0.9 0.8 0.7 0.6 0.5],5,0.0
644,7,0,68,1,0,[10 10 7 7 7],[9 9 9 9 9],[0.9 0.8 0.7 0.6 0.5],1,0.0
645,7,0,69,1,0,[4 4 4 4 4],[10 10 3 3 3],[0.9 0.8 0.7 0.6 0.5],4,0.0
646,7,0,70,1,0,[10 10 4 4 4],[7 7 7 7 7],[0.9 0.8 0.7 0.6 0.5],6,0.0
647,7,0,71,1,0,[8 8 8 8 8],[10 10 7 7 7],[0.9 0.8 0.7 0.6 0.5],3,0.0
648,7,0,72,1,0,[8 8 8 8 8],[10 10 7 7 7],[0.9 0.8 0.7 0.6 0.5],3,0.0
649,7,0,73,1,0,[10 10 2 2 2],[5 5 5 5 5],[0.9 0.8 0.7 0.6 0.5],5,0.0
650,7,0,74,1,0,[10 10 2 2 2],[5 5 5 5 5],[0.9 0.8 0.7 0.6 0.5],5,0.0
651,7,0,75,0,0,[6 6 6 6 6],[10 10 5 5 5],[0.9 0.8 0.7 0.6 0.5],2,0.0
652,7,0,76,0,0,[4 4 4 4 4],[10 10 3 3 3],[0.9 0.8 0.7 0.6 0.5],4,0.0
653,7,0,77,1,0,[4 4 4 4 4],[10 10 3 3 3],[0.9 0.8 0.7 0.6 0.5],4,0.0
654,7,0,78,1,0,[6 6 6 6 6],[10 10 5 5 5],[0.9 0.8 0.7 0.6 0.5],2,0.0
655,7,0,79,1,0,[8 8 8 8 8],[10 10 7 7 7],[0.9 0.8 0.7 0.6 0.5],3,0.0
656,7,0,80,1,0,[10 10 2 2 2],[5 5 5 5 5],[0.9 0.8 0.7 0.6 0.5],5,0.0
657,7,0,81,1,0,[4 4 4 4 4],[10 10 3 3 3],[0.9 0.8 0.7 0.6 0.5],4,0.0
658,7,0,82,1,0,[8 8 8 8 8],[10 10 7 7 7],[0.9 0.8 0.7 0.6 0.5],3,0.0
659,7,0,83,1,0,[10 10 7 7 7],[9 9 9 9 9],[0.9 0.8 0.7 0.6 0.5],1,0.0
660,7,0,84,1,0,[10 10 4 4 4],[7 7 7 7 7],[0.9 0.8 0.7 0.6 0.5],6,0.0
661,7,0,85,0,0,[4 4 4 4 4],[10 10 3 3 3],[0.9 0.8 0.7 0.6 0.5],4,0.0
662,7,0,86,1,0,[10 10 7 7 7],[9 9 9 9 9],[0.9 0.8 0.7 0.6 0.5],1,0.0
663,7,0,87,0,0,[8 8 8 8 8],[10 10 7 7 7],[0.9 0.8 0.7 0.6 0.5],3,0.0
664,7,0,88,1,0,[10 10 4 4 4],[7 7 7 7 7],[0.9 0.8 0.7 0.6 0.5],6,0.0
665,7,0,89,1,0,[10 10 2 2 2],[5 5 5 5 5],[0.9 0.8 0.7 0.6 0.5],5,0.0
666,7,0,90,1,0,[4 4 4 4 4],[10 10 3 3 3],[0.9 0.8 0.7 0.6 0.5],4,0.0
667,7,0,91,1,0,[10 10 4 4 4],[7 7 7 7 7],[0.9 0.8 0.7 0.6 0.5],6,0.0
668,7,0,92,1,0,[6 6 6 6 6],[10 10 5 5 5],[0.9 0.8 0.7 0.6 0.5],2,0.0
669,7,0,93,0,0,[10 10 7 7 7],[9 9 9 9 9],[0.9 0.8 0.7 0.6 0.5],1,0.0
670,7,0,94,1,0,[10 10 4 4 4],[7 7 7 7 7],[0.9 0.8 0.7 0.6 0.5],6,0.0
671,7,0,95,1,0,[10 10 7 7 7],[9 9 9 9 9],[0.9 0.8 0.7 0.6 0.5],1,0.0
672,8,0,0,0,0,[10 10 7 7 7],[9 9 9 9 9],[0.9 0.8 0.7 0.6 0.5],1,0.0
673,8,0,1,1,0,[6 6 6 6 6],[10 10 5 5 5],[0.9 0.8 0.7 0.6 0.5],2,0.0
674,8,0,2,1,0,[8 8 8 8 8],[10 10 7 7 7],[0.9 0.8 0.7 0.6 0.5],3,0.0
675,8,0,3,1,0,[6 6 6 6 6],[10 10 5 5 5],[0.9 0.8 0.7 0.6 0.5],2,0.0
676,8,0,4,1,0,[6 6 6 6 6],[10 10 5 5 5],[0.9 0.8 0.7 0.6 0.5],2,0.0
677,8,0,5,0,0,[6 6 6 6 6],[10 10 5 5 5],[0.9 0.8 0.7 0.6 0.5],2,0.0
678,8,0,6,0,0,[4 4 4 4 4],[10 10 3 3 3],[0.9 0.8 0.7 0.6 0.5],4,0.0
679,8,0,7,0,0,[10 10 2 2 2],[5 5 5 5 5],[0.9 0.8 0.7 0.6 0.5],5,0.0
680,8,0,8,0,0,[10 10 7 7 7],[9 9 9 9 9],[0.9 0.8 0.7 0.6 0.5],1,0.0
681,8,0,9,1,0,[6 6 6 6 6],[10 10 5 5 5],[0.9 0.8 0.7 0.6 0.5],2,0.0
682,8,0,10,1,0,[8 8 8 8 8],[10 10 7 7 7],[0.9 0.8 0.7 0.6 0.5],3,0.0
683,8,0,11,1,0,[8 8 8 8 8],[10 10 7 7 7],[0.9 0.8 0.7 0.6 0.5],3,0.0
684,8,0,12,1,0,[6 6 6 6 6],[10 10 5 5 5],[0.9 0.8 0.7 0.6 0.5],2,0.0
685,8,0,13,0,0,[10 10 2 2 2],[5 5 5 5 5],[0.9 0.8 0.7 0.6 0.5],5,0.0
686,8,0,14,0,0,[4 4 4 4 4],[10 10 3 3 3],[0.9 0.8 0.7 0.6 0.5],4,0.0
687,8,0,15,1,0,[10 10 4 4 4],[7 7 7 7 7],[0.9 0.8 0.7 0.6 0.5],6,0.0
688,8,0,16,0,0,[10 10 4 4 4],[7 7 7 7 7],[0.9 0.8 0.7 0.6 0.5],6,0.0
689,8,0,17,1,0,[10 10 7 7 7],[9 9 9 9 9],[0.9 0.8 0.7 0.6 0.5],1,0.0
690,8,0,18,1,0,[10 10 7 7 7],[9 9 9 9 9],[0.9 0.8 0.7 0.6 0.5],1,0.0
691,8,0,19,1,0,[4 4 4 4 4],[10 10 3 3 3],[0.9 0.8 0.7 0.6 0.5],4,0.0
692,8,0,20,0,0,[10 10 2 2 2],[5 5 5 5 5],[0.9 0.8 0.7 0.6 0.5],5,0.0
693,8,0,21,1,0,[6 6 6 6 6],[10 10 5 5 5],[0.9 0.8 0.7 0.6 0.5],2,0.0
694,8,0,22,1,0,[10 10 7 7 7],[9 9 9 9 9],[0.9 0.8 0.7 0.6 0.5],1,0.0
695,8,0,23,1,0,[10 10 4 4 4],[7 7 7 7 7],[0.9 0.8 0.7 0.6 0.5],6,0.0
696,8,0,24,0,0,[10 10 2 2 2],[5 5 5 5 5],[0.9 0.8 0.7 0.6 0.5],5,0.0
697,8,0,25,1,0,[10 10 2 2 2],[5 5 5 5 5],[0.9 0.8 0.7 0.6 0.5],5,0.0
698,8,0,26,1,0,[8 8 8 8 8],[10 10 7 7 7],[0.9 0.8 0.7 0.6 0.5],3,0.0
699,8,0,27,0,0,[10 10 2 2 2],[5 5 5 5 5],[0.9 0.8 0.7 0.6 0.5],5,0.0
700,8,0,28,0,0,[10 10 4 4 4],[7 7 7 7 7],[0.9 0.8 0.7 0.6 0.5],6,0.0
701,8,0,29,0,0,[10 10 2 2 2],[5 5 5 5 5],[0.9 0.8 0.7 0.6 0.5],5,0.0
702,8,0,30,0,0,[10 10 2 2 2],[5 5 5 5 5],[0.9 0.8 0.7 0.6 0.5],5,0.0
703,8,0,31,1,0,[4 4 4 4 4],[10 10 3 3 3],[0.9 0.8 0.7 0.6 0.5],4,0.0
704,8,0,32,1,0,[6 6 6 6 6],[10 10 5 5 5],[0.9 0.8 0.7 0.6 0.5],2,0.0
705,8,0,33,0,0,[10 10 7 7 7],[9 9 9 9 9],[0.9 0.8 0.7 0.6 0.5],1,0.0
706,8,0,34,1,0,[10 10 2 2 2],[5 5 5 5 5],[0.9 0.8 0.7 0.6 0.5],5,0.0
707,8,0,35,1,0,[6 6 6 6 6],[10 10 5 5 5],[0.9 0.8 0.7 0.6 0.5],2,0.0
708,8,0,36,0,0,[8 8 8 8 8],[10 10 7 7 7],[0.9 0.8 0.7 0.6 0.5],3,0.0
709,8,0,37,1,0,[10 10 7 7 7],[9 9 9 9 9],[0.9 0.8 0.7 0.6 0.5],1,0.0
710,8,0,38,1,0,[4 4 4 4 4],[10 10 3 3 3],[0.9 0.8 0.7 0.6 0.5],4,0.0
711,8,0,39,0,0,[10 10 4 4 4],[7 7 7 7 7],[0.9 0.8 0.7 0.6 0.5],6,0.0
712,8,0,40,1,0,[6 6 6 6 6],[10 10 5 5 5],[0.9 0.8 0.7 0.6 0.5],2,0.0
713,8,0,41,0,0,[10 10 2 2 2],[5 5 5 5 5],[0.9 0.8 0.7 0.6 0.5],5,0.0
714,8,0,42,1,0,[4 4 4 4 4],[10 10 3 3 3],[0.9 0.8 0.7 0.6 0.5],4,0.0
715,8,0,43,1,0,[4 4 4 4 4],[10 10 3 3 3],[0.9 0.8 0.7 0.6 0.5],4,0.0
716,8,0,44,1,0,[8 8 8 8 8],[10 10 7 7 7],[0.9 0.8 0.7 0.6 0.5],3,0.0
717,8,0,45,1,0,[6 6 6 6 6],[10 10 5 5 5],[0.9 0.8 0.7 0.6 0.5],2,0.0
718,8,0,46,0,0,[10 10 7 7 7],[9 9 9 9 9],[0.9 0.8 0.7 0.6 0.5],1,0.0
719,8,0,47,1,0,[8 8 8 8 8],[10 10 7 7 7],[0.9 0.8 0.7 0.6 0.5],3,0.0
720,8,0,48,1,0,[8 8 8 8 8],[10 10 7 7 7],[0.9 0.8 0.7 0.6 0.5],3,0.0
721,8,0,49,1,0,[10 10 4 4 4],[7 7 7 7 7],[0.9 0.8 0.7 0.6 0.5],6,0.0
722,8,0,50,1,0,[4 4 4 4 4],[10 10 3 3 3],[0.9 0.8 0.7 0.6 0.5],4,0.0
723,8,0,51,0,0,[10 10 7 7 7],[9 9 9 9 9],[0.9 0.8 0.7 0.6 0.5],1,0.0
724,8,0,52,1,0,[10 10 4 4 4],[7 7 7 7 7],[0.9 0.8 0.7 0.6 0.5],6,0.0
725,8,0,53,1,0,[4 4 4 4 4],[10 10 3 3 3],[0.9 0.8 0.7 0.6 0.5],4,0.0
726,8,0,54,1,0,[6 6 6 6 6],[10 10 5 5 5],[0.9 0.8 0.7 0.6 0.5],2,0.0
727,8,0,55,1,0,[4 4 4 4 4],[10 10 3 3 3],[0.9 0.8 0.7 0.6 0.5],4,0.0
728,8,0,56,1,0,[8 8 8 8 8],[10 10 7 7 7],[0.9 0.8 0.7 0.6 0.5],3,0.0
729,8,0,57,1,0,[10 10 7 7 7],[9 9 9 9 9],[0.9 0.8 0.7 0.6 0.5],1,0.0
730,8,0,58,1,0,[10 10 4 4 4],[7 7 7 7 7],[0.9 0.8 0.7 0.6 0.5],6,0.0
731,8,0,59,0,0,[10 10 4 4 4],[7 7 7 7 7],[0.9 0.8 0.7 0.6 0.5],6,0.0
732,8,0,60,0,0,[10 10 2 2 2],[5 5 5 5 5],[0.9 0.8 0.7 0.6 0.5],5,0.0
733,8,0,61,1,0,[8 8 8 8 8],[10 10 7 7 7],[0.9 0.8 0.7 0.6 0.5],3,0.0
734,8,0,62,1,0,[8 8 8 8 8],[10 10 7 7 7],[0.9 0.8 0.7 0.6 0.5],3,0.0
735,8,0,63,1,0,[10 10 4 4 4],[7 7 7 7 7],[0.9 0.8 0.7 0.6 0.5],6,0.0
736,8,0,64,1,0,[10 10 7 7 7],[9 9 9 9 9],[0.9 0.8 0.7 0.6 0.5],1,0.0
737,8,0,65,1,0,[6 6 6 6 6],[10 10 5 5 5],[0.9 0.8 0.7 0.6 0.5],2,0.0
738,8,0,66,1,0,[10 10 4 4 4],[7 7 7 7 7],[0.9 0.8 0.7 0.6 0.5],6,0.0
739,8,0,67,0,0,[10 10 2 2 2],[5 5 5 5 5],[0.9 0.8 0.7 0.6 0.5],5,0.0
740,8,0,68,1,0,[10 10 7 7 7],[9 9 9 9 9],[0.9 0.8 0.7 0.6 0.5],1,0.0
741,8,0,69,1,0,[4 4 4 4 4],[10 10 3 3 3],[0.9 0.8 0.7 0.6 0.5],4,0.0
742,8,0,70,1,0,[10 10 4 4 4],[7 7 7 7 7],[0.9 0.8 0.7 0.6 0.5],6,0.0
743,8,0,71,0,0,[8 8 8 8 8],[10 10 7 7 7],[0.9 0.8 0.7 0.6 0.5],3,0.0
744,8,0,72,1,0,[8 8 8 8 8],[10 10 7 7 7],[0.9 0.8 0.7 0.6 0.5],3,0.0
745,8,0,73,0,0,[10 10 2 2 2],[5 5 5 5 5],[0.9 0.8 0.7 0.6 0.5],5,0.0
746,8,0,74,0,0,[10 10 2 2 2],[5 5 5 5 5],[0.9 0.8 0.7 0.6 0.5],5,0.0
747,8,0,75,1,0,[6 6 6 6 6],[10 10 5 5 5],[0.9 0.8 0.7 0.6 0.5],2,0.0
748,8,0,76,1,0,[4 4 4 4 4],[10 10 3 3 3],[0.9 0.8 0.7 0.6 0.5],4,0.0
749,8,0,77,1,0,[4 4 4 4 4],[10 10 3 3 3],[0.9 0.8 0.7 0.6 0.5],4,0.0
750,8,0,78,1,0,[6 6 6 6 6],[10 10 5 5 5],[0.9 0.8 0.7 0.6 0.5],2,0.0
751,8,0,79,1,0,[8 8 8 8 8],[10 10 7 7 7],[0.9 0.8 0.7 0.6 0.5],3,0.0
752,8,0,80,1,0,[10 10 2 2 2],[5 5 5 5 5],[0.9 0.8 0.7 0.6 0.5],5,0.0
753,8,0,81,1,0,[4 4 4 4 4],[10 10 3 3 3],[0.9 0.8 0.7 0.6 0.5],4,0.0
754,8,0,82,1,0,[8 8 8 8 8],[10 10 7 7 7],[0.9 0.8 0.7 0.6 0.5],3,0.0
755,8,0,83,1,0,[10 10 7 7 7],[9 9 9 9 9],[0.9 0.8 0.7 0.6 0.5],1,0.0
756,8,0,84,1,0,[10 10 4 4 4],[7 7 7 7 7],[0.9 0.8 0.7 0.6 0.5],6,0.0
757,8,0,85,1,0,[4 4 4 4 4],[10 10 3 3 3],[0.9 0.8 0.7 0.6 0.5],4,0.0
758,8,0,86,1,0,[10 10 7 7 7],[9 9 9 9 9],[0.9 0.8 0.7 0.6 0.5],1,0.0
759,8,0,87,0,0,[8 8 8 8 8],[10 10 7 7 7],[0.9 0.8 0.7 0.6 0.5],3,0.0
760,8,0,88,1,0,[10 10 4 4 4],[7 7 7 7 7],[0.9 0.8 0.7 0.6 0.5],6,0.0
761,8,0,89,0,0,[10 10 2 2 2],[5 5 5 5 5],[0.9 0.8 0.7 0.6 0.5],5,0.0
762,8,0,90,1,0,[4 4 4 4 4],[10 10 3 3 3],[0.9 0.8 0.7 0.6 0.5],4,0.0
763,8,0,91,0,0,[10 10 4 4 4],[7 7 7 7 7],[0.9 0.8 0.7 0.6 0.5],6,0.0
764,8,0,92,1,0,[6 6 6 6 6],[10 10 5 5 5],[0.9 0.8 0.7 0.6 0.5],2,0.0
765,8,0,93,1,0,[10 10 7 7 7],[9 9 9 9 9],[0.9 0.8 0.7 0.6 0.5],1,0.0
766,8,0,94,0,0,[10 10 4 4 4],[7 7 7 7 7],[0.9 0.8 0.7 0.6 0.5],6,0.0
767,8,0,95,1,0,[10 10 7 7 7],[9 9 9 9 9],[0.9 0.8 0.7 0.6 0.5],1,0.0
768,9,0,0,0,0,[10 10 7 7 7],[9 9 9 9 9],[0.9 0.8 0.7 0.6 0.5],1,0.0
769,9,0,1,1,0,[6 6 6 6 6],[10 10 5 5 5],[0.9 0.8 0.7 0.6 0.5],2,0.0
770,9,0,2,1,0,[8 8 8 8 8],[10 10 7 7 7],[0.9 0.8 0.7 0.6 0.5],3,0.0
771,9,0,3,1,0,[6 6 6 6 6],[10 10 5 5 5],[0.9 0.8 0.7 0.6 0.5],2,0.0
772,9,0,4,1,0,[6 6 6 6 6],[10 10 5 5 5],[0.9 0.8 0.7 0.6 0.5],2,0.0
773,9,0,5,0,0,[6 6 6 6 6],[10 10 5 5 5],[0.9 0.8 0.7 0.6 0.5],2,0.0
774,9,0,6,0,0,[4 4 4 4 4],[10 10 3 3 3],[0.9 0.8 0.7 0.6 0.5],4,0.0
775,9,0,7,1,0,[10 10 2 2 2],[5 5 5 5 5],[0.9 0.8 0.7 0.6 0.5],5,0.0
776,9,0,8,0,0,[10 10 7 7 7],[9 9 9 9 9],[0.9 0.8 0.7 0.6 0.5],1,0.0
777,9,0,9,0,0,[6 6 6 6 6],[10 10 5 5 5],[0.9 0.8 0.7 0.6 0.5],2,0.0
778,9,0,10,1,0,[8 8 8 8 8],[10 10 7 7 7],[0.9 0.8 0.7 0.6 0.5],3,0.0
779,9,0,11,0,0,[8 8 8 8 8],[10 10 7 7 7],[0.9 0.8 0.7 0.6 0.5],3,0.0
780,9,0,12,0,0,[6 6 6 6 6],[10 10 5 5 5],[0.9 0.8 0.7 0.6 0.5],2,0.0
781,9,0,13,0,0,[10 10 2 2 2],[5 5 5 5 5],[0.9 0.8 0.7 0.6 0.5],5,0.0
782,9,0,14,0,0,[4 4 4 4 4],[10 10 3 3 3],[0.9 0.8 0.7 0.6 0.5],4,0.0
783,9,0,15,0,0,[10 10 4 4 4],[7 7 7 7 7],[0.9 0.8 0.7 0.6 0.5],6,0.0
784,9,0,16,1,0,[10 10 4 4 4],[7 7 7 7 7],[0.9 0.8 0.7 0.6 0.5],6,0.0
785,9,0,17,1,0,[10 10 7 7 7],[9 9 9 9 9],[0.9 0.8 0.7 0.6 0.5],1,0.0
786,9,0,18,0,0,[10 10 7 7 7],[9 9 9 9 9],[0.9 0.8 0.7 0.6 0.5],1,0.0
787,9,0,19,1,0,[4 4 4 4 4],[10 10 3 3 3],[0.9 0.8 0.7 0.6 0.5],4,0.0
788,9,0,20,1,0,[10 10 2 2 2],[5 5 5 5 5],[0.9 0.8 0.7 0.6 0.5],5,0.0
789,9,0,21,1,0,[6 6 6 6 6],[10 10 5 5 5],[0.9 0.8 0.7 0.6 0.5],2,0.0
790,9,0,22,0,0,[10 10 7 7 7],[9 9 9 9 9],[0.9 0.8 0.7 0.6 0.5],1,0.0
791,9,0,23,0,0,[10 10 4 4 4],[7 7 7 7 7],[0.9 0.8 0.7 0.6 0.5],6,0.0
792,9,0,24,0,0,[10 10 2 2 2],[5 5 5 5 5],[0.9 0.8 0.7 0.6 0.5],5,0.0
793,9,0,25,1,0,[10 10 2 2 2],[5 5 5 5 5],[0.9 0.8 0.7 0.6 0.5],5,0.0
794,9,0,26,1,0,[8 8 8 8 8],[10 10 7 7 7],[0.9 0.8 0.7 0.6 0.5],3,0.0
795,9,0,27,1,0,[10 10 2 2 2],[5 5 5 5 5],[0.9 0.8 0.7 0.6 0.5],5,0.0
796,9,0,28,0,0,[10 10 4 4 4],[7 7 7 7 7],[0.9 0.8 0.7 0.6 0.5],6,0.0
797,9,0,29,0,0,[10 10 2 2 2],[5 5 5 5 5],[0.9 0.8 0.7 0.6 0.5],5,0.0
798,9,0,30,1,0,[10 10 2 2 2],[5 5 5 5 5],[0.9 0.8 0.7 0.6 0.5],5,0.0
799,9,0,31,1,0,[4 4 4 4 4],[10 10 3 3 3],[0.9 0.8 0.7 0.6 0.5],4,0.0
800,9,0,32,1,0,[6 6 6 6 6],[10 10 5 5 5],[0.9 0.8 0.7 0.6 0.5],2,0.0
801,9,0,33,1,0,[10 10 7 7 7],[9 9 9 9 9],[0.9 0.8 0.7 0.6 0.5],1,0.0
802,9,0,34,1,0,[10 10 2 2 2],[5 5 5 5 5],[0.9 0.8 0.7 0.6 0.5],5,0.0
803,9,0,35,1,0,[6 6 6 6 6],[10 10 5 5 5],[0.9 0.8 0.7 0.6 0.5],2,0.0
804,9,0,36,0,0,[8 8 8 8 8],[10 10 7 7 7],[0.9 0.8 0.7 0.6 0.5],3,0.0
805,9,0,37,1,0,[10 10 7 7 7],[9 9 9 9 9],[0.9 0.8 0.7 0.6 0.5],1,0.0
806,9,0,38,0,0,[4 4 4 4 4],[10 10 3 3 3],[0.9 0.8 0.7 0.6 0.5],4,0.0
807,9,0,39,0,0,[10 10 4 4 4],[7 7 7 7 7],[0.9 0.8 0.7 0.6 0.5],6,0.0
808,9,0,40,0,0,[6 6 6 6 6],[10 10 5 5 5],[0.9 0.8 0.7 0.6 0.5],2,0.0
809,9,0,41,1,0,[10 10 2 2 2],[5 5 5 5 5],[0.9 0.8 0.7 0.6 0.5],5,0.0
810,9,0,42,1,0,[4 4 4 4 4],[10 10 3 3 3],[0.9 0.8 0.7 0.6 0.5],4,0.0
811,9,0,43,1,0,[4 4 4 4 4],[10 10 3 3 3],[0.9 0.8 0.7 0.6 0.5],4,0.0
812,9,0,44,1,0,[8 8 8 8 8],[10 10 7 7 7],[0.9 0.8 0.7 0.6 0.5],3,0.0
813,9,0,45,1,0,[6 6 6 6 6],[10 10 5 5 5],[0.9 0.8 0.7 0.6 0.5],2,0.0
814,9,0,46,0,0,[10 10 7 7 7],[9 9 9 9 9],[0.9 0.8 0.7 0.6 0.5],1,0.0
815,9,0,47,1,0,[8 8 8 8 8],[10 10 7 7 7],[0.9 0.8 0.7 0.6 0.5],3,0.0
816,9,0,48,0,0,[8 8 8 8 8],[10 10 7 7 7],[0.9 0.8 0.7 0.6 0.5],3,0.0
817,9,0,49,0,0,[10 10 4 4 4],[7 7 7 7 7],[0.9 0.8 0.7 0.6 0.5],6,0.0
818,9,0,50,1,0,[4 4 4 4 4],[10 10 3 3 3],[0.9 0.8 0.7 0.6 0.5],4,0.0
819,9,0,51,0,0,[10 10 7 7 7],[9 9 9 9 9],[0.9 0.8 0.7 0.6 0.5],1,0.0
820,9,0,52,1,0,[10 10 4 4 4],[7 7 7 7 7],[0.9 0.8 0.7 0.6 0.5],6,0.0
821,9,0,53,0,0,[4 4 4 4 4],[10 10 3 3 3],[0.9 0.8 0.7 0.6 0.5],4,0.0
822,9,0,54,1,0,[6 6 6 6 6],[10 10 5 5 5],[0.9 0.8 0.7 0.6 0.5],2,0.0
823,9,0,55,1,0,[4 4 4 4 4],[10 10 3 3 3],[0.9 0.8 0.7 0.6 0.5],4,0.0
824,9,0,56,1,0,[8 8 8 8 8],[10 10 7 7 7],[0.9 0.8 0.7 0.6 0.5],3,0.0
825,9,0,57,0,0,[10 10 7 7 7],[9 9 9 9 9],[0.9 0.8 0.7 0.6 0.5],1,0.0
826,9,0,58,1,0,[10 10 4 4 4],[7 7 7 7 7],[0.9 0.8 0.7 0.6 0.5],6,0.0
827,9,0,59,0,0,[10 10 4 4 4],[7 7 7 7 7],[0.9 0.8 0.7 0.6 0.5],6,0.0
828,9,0,60,1,0,[10 10 2 2 2],[5 5 5 5 5],[0.9 0.8 0.7 0.6 0.5],5,0.0
829,9,0,61,1,0,[8 8 8 8 8],[10 10 7 7 7],[0.9 0.8 0.7 0.6 0.5],3,0.0
830,9,0,62,0,0,[8 8 8 8 8],[10 10 7 7 7],[0.9 0.8 0.7 0.6 0.5],3,0.0
831,9,0,63,1,0,[10 10 4 4 4],[7 7 7 7 7],[0.9 0.8 0.7 0.6 0.5],6,0.0
832,9,0,64,0,0,[10 10 7 7 7],[9 9 9 9 9],[0.9 0.8 0.7 0.6 0.5],1,0.0
833,9,0,65,0,0,[6 6 6 6 6],[10 10 5 5 5],[0.9 0.8 0.7 0.6 0.5],2,0.0
834,9,0,66,1,0,[10 10 4 4 4],[7 7 7 7 7],[0.9 0.8 0.7 0.6 0.5],6,0.0
835,9,0,67,1,0,[10 10 2 2 2],[5 5 5 5 5],[0.9 0.8 0.7 0.6 0.5],5,0.0
836,9,0,68,1,0,[10 10 7 7 7],[9 9 9 9 9],[0.9 0.8 0.7 0.6 0.5],1,0.0
837,9,0,69,1,0,[4 4 4 4 4],[10 10 3 3 3],[0.9 0.8 0.7 0.6 0.5],4,0.0
838,9,0,70,1,0,[10 10 4 4 4],[7 7 7 7 7],[0.9 0.8 0.7 0.6 0.5],6,0.0
839,9,0,71,0,0,[8 8 8 8 8],[10 10 7 7 7],[0.9 0.8 0.7 0.6 0.5],3,0.0
840,9,0,72,1,0,[8 8 8 8 8],[10 10 7 7 7],[0.9 0.8 0.7 0.6 0.5],3,0.0
841,9,0,73,1,0,[10 10 2 2 2],[5 5 5 5 5],[0.9 0.8 0.7 0.6 0.5],5,0.0
842,9,0,74,1,0,[10 10 2 2 2],[5 5 5 5 5],[0.9 0.8 0.7 0.6 0.5],5,0.0
843,9,0,75,1,0,[6 6 6 6 6],[10 10 5 5 5],[0.9 0.8 0.7 0.6 0.5],2,0.0
844,9,0,76,1,0,[4 4 4 4 4],[10 10 3 3 3],[0.9 0.8 0.7 0.6 0.5],4,0.0
845,9,0,77,0,0,[4 4 4 4 4],[10 10 3 3 3],[0.9 0.8 0.7 0.6 0.5],4,0.0
846,9,0,78,1,0,[6 6 6 6 6],[10 10 5 5 5],[0.9 0.8 0.7 0.6 0.5],2,0.0
847,9,0,79,1,0,[8 8 8 8 8],[10 10 7 7 7],[0.9 0.8 0.7 0.6 0.5],3,0.0
848,9,0,80,0,0,[10 10 2 2 2],[5 5 5 5 5],[0.9 0.8 0.7 0.6 0.5],5,0.0
849,9,0,81,1,0,[4 4 4 4 4],[10 10 3 3 3],[0.9 0.8 0.7 0.6 0.5],4,0.0
850,9,0,82,1,0,[8 8 8 8 8],[10 10 7 7 7],[0.9 0.8 0.7 0.6 0.5],3,0.0
851,9,0,83,1,0,[10 10 7 7 7],[9 9 9 9 9],[0.9 0.8 0.7 0.6 0.5],1,0.0
852,9,0,84,1,0,[10 10 4 4 4],[7 7 7 7 7],[0.9 0.8 0.7 0.6 0.5],6,0.0
853,9,0,85,0,0,[4 4 4 4 4],[10 10 3 3 3],[0.9 0.8 0.7 0.6 0.5],4,0.0
854,9,0,86,1,0,[10 10 7 7 7],[9 9 9 9 9],[0.9 0.8 0.7 0.6 0.5],1,0.0
855,9,0,87,0,0,[8 8 8 8 8],[10 10 7 7 7],[0.9 0.8 0.7 0.6 0.5],3,0.0
856,9,0,88,1,0,[10 10 4 4 4],[7 7 7 7 7],[0.9 0.8 0.7 0.6 0.5],6,0.0
857,9,0,89,1,0,[10 10 2 2 2],[5 5 5 5 5],[0.9 0.8 0.7 0.6 0.5],5,0.0
858,9,0,90,0,0,[4 4 4 4 4],[10 10 3 3 3],[0.9 0.8 0.7 0.6 0.5],4,0.0
859,9,0,91,1,0,[10 10 4 4 4],[7 7 7 7 7],[0.9 0.8 0.7 0.6 0.5],6,0.0
860,9,0,92,1,0,[6 6 6 6 6],[10 10 5 5 5],[0.9 0.8 0.7 0.6 0.5],2,0.0
861,9,0,93,1,0,[10 10 7 7 7],[9 9 9 9 9],[0.9 0.8 0.7 0.6 0.5],1,0.0
862,9,0,94,1,0,[10 10 4 4 4],[7 7 7 7 7],[0.9 0.8 0.7 0.6 0.5],6,0.0
863,9,0,95,1,0,[10 10 7 7 7],[9 9 9 9 9],[0.9 0.8 0.7 0.6 0.5],1,0.0
864,10,0,0,1,0,[10 10 7 7 7],[9 9 9 9 9],[0.9 0.8 0.7 0.6 0.5],1,0.0
865,10,0,1,1,0,[6 6 6 6 6],[10 10 5 5 5],[0.9 0.8 0.7 0.6 0.5],2,0.0
866,10,0,2,1,0,[8 8 8 8 8],[10 10 7 7 7],[0.9 0.8 0.7 0.6 0.5],3,0.0
867,10,0,3,1,0,[6 6 6 6 6],[10 10 5 5 5],[0.9 0.8 0.7 0.6 0.5],2,0.0
868,10,0,4,1,0,[6 6 6 6 6],[10 10 5 5 5],[0.9 0.8 0.7 0.6 0.5],2,0.0
869,10,0,5,1,0,[6 6 6 6 6],[10 10 5 5 5],[0.9 0.8 0.7 0.6 0.5],2,0.0
870,10,0,6,1,0,[4 4 4 4 4],[10 10 3 3 3],[0.9 0.8 0.7 0.6 0.5],4,0.0
871,10,0,7,0,0,[10 10 2 2 2],[5 5 5 5 5],[0.9 0.8 0.7 0.6 0.5],5,0.0
872,10,0,8,1,0,[10 10 7 7 7],[9 9 9 9 9],[0.9 0.8 0.7 0.6 0.5],1,0.0
873,10,0,9,1,0,[6 6 6 6 6],[10 10 5 5 5],[0.9 0.8 0.7 0.6 0.5],2,0.0
874,10,0,10,0,0,[8 8 8 8 8],[10 10 7 7 7],[0.9 0.8 0.7 0.6 0.5],3,0.0
875,10,0,11,1,0,[8 8 8 8 8],[10 10 7 7 7],[0.9 0.8 0.7 0.6 0.5],3,0.0
876,10,0,12,1,0,[6 6 6 6 6],[10 10 5 5 5],[0.9 0.8 0.7 0.6 0.5],2,0.0
877,10,0,13,0,0,[10 10 2 2 2],[5 5 5 5 5],[0.9 0.8 0.7 0.6 0.5],5,0.0
878,10,0,14,1,0,[4 4 4 4 4],[10 10 3 3 3],[0.9 0.8 0.7 0.6 0.5],4,0.0
879,10,0,15,0,0,[10 10 4 4 4],[7 7 7 7 7],[0.9 0.8 0.7 0.6 0.5],6,0.0
880,10,0,16,0,0,[10 10 4 4 4],[7 7 7 7 7],[0.9 0.8 0.7 0.6 0.5],6,0.0
881,10,0,17,1,0,[10 10 7 7 7],[9 9 9 9 9],[0.9 0.8 0.7 0.6 0.5],1,0.0
882,10,0,18,1,0,[10 10 7 7 7],[9 9 9 9 9],[0.9 0.8 0.7 0.6 0.5],1,0.0
883,10,0,19,1,0,[4 4 4 4 4],[10 10 3 3 3],[0.9 0.8 0.7 0.6 0.5],4,0.0
884,10,0,20,0,0,[10 10 2 2 2],[5 5 5 5 5],[0.9 0.8 0.7 0.6 0.5],5,0.0
885,10,0,21,1,0,[6 6 6 6 6],[10 10 5 5 5],[0.9 0.8 0.7 0.6 0.5],2,0.0
886,10,0,22,1,0,[10 10 7 7 7],[9 9 9 9 9],[0.9 0.8 0.7 0.6 0.5],1,0.0
887,10,0,23,1,0,[10 10 4 4 4],[7 7 7 7 7],[0.9 0.8 0.7 0.6 0.5],6,0.0
888,10,0,24,1,0,[10 10 2 2 2],[5 5 5 5 5],[0.9 0.8 0.7 0.6 0.5],5,0.0
889,10,0,25,1,0,[10 10 2 2 2],[5 5 5 5 5],[0.9 0.8 0.7 0.6 0.5],5,0.0
890,10,0,26,1,0,[8 8 8 8 8],[10 10 7 7 7],[0.9 0.8 0.7 0.6 0.5],3,0.0
891,10,0,27,0,0,[10 10 2 2 2],[5 5 5 5 5],[0.9 0.8 0.7 0.6 0.5],5,0.0
892,10,0,28,1,0,[10 10 4 4 4],[7 7 7 7 7],[0.9 0.8 0.7 0.6 0.5],6,0.0
893,10,0,29,1,0,[10 10 2 2 2],[5 5 5 5 5],[0.9 0.8 0.7 0.6 0.5],5,0.0
894,10,0,30,1,0,[10 10 2 2 2],[5 5 5 5 5],[0.9 0.8 0.7 0.6 0.5],5,0.0
895,10,0,31,0,0,[4 4 4 4 4],[10 10 3 3 3],[0.9 0.8 0.7 0.6 0.5],4,0.0
896,10,0,32,1,0,[6 6 6 6 6],[10 10 5 5 5],[0.9 0.8 0.7 0.6 0.5],2,0.0
897,10,0,33,1,0,[10 10 7 7 7],[9 9 9 9 9],[0.9 0.8 0.7 0.6 0.5],1,0.0
898,10,0,34,1,0,[10 10 2 2 2],[5 5 5 5 5],[0.9 0.8 0.7 0.6 0.5],5,0.0
899,10,0,35,1,0,[6 6 6 6 6],[10 10 5 5 5],[0.9 0.8 0.7 0.6 0.5],2,0.0
900,10,0,36,1,0,[8 8 8 8 8],[10 10 7 7 7],[0.9 0.8 0.7 0.6 0.5],3,0.0
901,10,0,37,1,0,[10 10 7 7 7],[9 9 9 9 9],[0.9 0.8 0.7 0.6 0.5],1,0.0
902,10,0,38,1,0,[4 4 4 4 4],[10 10 3 3 3],[0.9 0.8 0.7 0.6 0.5],4,0.0
903,10,0,39,1,0,[10 10 4 4 4],[7 7 7 7 7],[0.9 0.8 0.7 0.6 0.5],6,0.0
904,10,0,40,1,0,[6 6 6 6 6],[10 10 5 5 5],[0.9 0.8 0.7 0.6 0.5],2,0.0
905,10,0,41,1,0,[10 10 2 2 2],[5 5 5 5 5],[0.9 0.8 0.7 0.6 0.5],5,0.0
906,10,0,42,1,0,[4 4 4 4 4],[10 10 3 3 3],[0.9 0.8 0.7 0.6 0.5],4,0.0
907,10,0,43,1,0,[4 4 4 4 4],[10 10 3 3 3],[0.9 0.8 0.7 0.6 0.5],4,0.0
908,10,0,44,0,0,[8 8 8 8 8],[10 10 7 7 7],[0.9 0.8 0.7 0.6 0.5],3,0.0
909,10,0,45,1,0,[6 6 6 6 6],[10 10 5 5 5],[0.9 0.8 0.7 0.6 0.5],2,0.0
910,10,0,46,1,0,[10 10 7 7 7],[9 9 9 9 9],[0.9 0.8 0.7 0.6 0.5],1,0.0
911,10,0,47,1,0,[8 8 8 8 8],[10 10 7 7 7],[0.9 0.8 0.7 0.6 0.5],3,0.0
912,10,0,48,1,0,[8 8 8 8 8],[10 10 7 7 7],[0.9 0.8 0.7 0.6 0.5],3,0.0
913,10,0,49,1,0,[10 10 4 4 4],[7 7 7 7 7],[0.9 0.8 0.7 0.6 0.5],6,0.0
914,10,0,50,1,0,[4 4 4 4 4],[10 10 3 3 3],[0.9 0.8 0.7 0.6 0.5],4,0.0
915,10,0,51,1,0,[10 10 7 7 7],[9 9 9 9 9],[0.9 0.8 0.7 0.6 0.5],1,0.0
916,10,0,52,1,0,[10 10 4 4 4],[7 7 7 7 7],[0.9 0.8 0.7 0.6 0.5],6,0.0
917,10,0,53,1,0,[4 4 4 4 4],[10 10 3 3 3],[0.9 0.8 0.7 0.6 0.5],4,0.0
918,10,0,54,1,0,[6 6 6 6 6],[10 10 5 5 5],[0.9 0.8 0.7 0.6 0.5],2,0.0
919,10,0,55,1,0,[4 4 4 4 4],[10 10 3 3 3],[0.9 0.8 0.7 0.6 0.5],4,0.0
920,10,0,56,1,0,[8 8 8 8 8],[10 10 7 7 7],[0.9 0.8 0.7 0.6 0.5],3,0.0
921,10,0,57,1,0,[10 10 7 7 7],[9 9 9 9 9],[0.9 0.8 0.7 0.6 0.5],1,0.0
922,10,0,58,1,0,[10 10 4 4 4],[7 7 7 7 7],[0.9 0.8 0.7 0.6 0.5],6,0.0
923,10,0,59,1,0,[10 10 4 4 4],[7 7 7 7 7],[0.9 0.8 0.7 0.6 0.5],6,0.0
924,10,0,60,0,0,[10 10 2 2 2],[5 5 5 5 5],[0.9 0.8 0.7 0.6 0.5],5,0.0
925,10,0,61,0,0,[8 8 8 8 8],[10 10 7 7 7],[0.9 0.8 0.7 0.6 0.5],3,0.0
926,10,0,62,1,0,[8 8 8 8 8],[10 10 7 7 7],[0.9 0.8 0.7 0.6 0.5],3,0.0
927,10,0,63,1,0,[10 10 4 4 4],[7 7 7 7 7],[0.9 0.8 0.7 0.6 0.5],6,0.0
928,10,0,64,1,0,[10 10 7 7 7],[9 9 9 9 9],[0.9 0.8 0.7 0.6 0.5],1,0.0
929,10,0,65,1,0,[6 6 6 6 6],[10 10 5 5 5],[0.9 0.8 0.7 0.6 0.5],2,0.0
930,10,0,66,0,0,[10 10 4 4 4],[7 7 7 7 7],[0.9 0.8 0.7 0.6 0.5],6,0.0
931,10,0,67,1,0,[10 10 2 2 2],[5 5 5 5 5],[0.9 0.8 0.7 0.6 0.5],5,0.0
932,10,0,68,1,0,[10 10 7 7 7],[9 9 9 9 9],[0.9 0.8 0.7 0.6 0.5],1,0.0
933,10,0,69,1,0,[4 4 4 4 4],[10 10 3 3 3],[0.9 0.8 0.7 0.6 0.5],4,0.0
934,10,0,70,0,0,[10 10 4 4 4],[7 7 7 7 7],[0.9 0.8 0.7 0.6 0.5],6,0.0
935,10,0,71,1,0,[8 8 8 8 8],[10 10 7 7 7],[0.9 0.8 0.7 0.6 0.5],3,0.0
936,10,0,72,1,0,[8 8 8 8 8],[10 10 7 7 7],[0.9 0.8 0.7 0.6 0.5],3,0.0
937,10,0,73,1,0,[10 10 2 2 2],[5 5 5 5 5],[0.9 0.8 0.7 0.6 0.5],5,0.0
938,10,0,74,1,0,[10 10 2 2 2],[5 5 5 5 5],[0.9 0.8 0.7 0.6 0.5],5,0.0
939,10,0,75,1,0,[6 6 6 6 6],[10 10 5 5 5],[0.9 0.8 0.7 0.6 0.5],2,0.0
940,10,0,76,0,0,[4 4 4 4 4],[10 10 3 3 3],[0.9 0.8 0.7 0.6 0.5],4,0.0
941,10,0,77,0,0,[4 4 4 4 4],[10 10 3 3 3],[0.9 0.8 0.7 0.6 0.5],4,0.0
942,10,0,78,1,0,[6 6 6 6 6],[10 10 5 5 5],[0.9 0.8 0.7 0.6 0.5],2,0.0
943,10,0,79,0,0,[8 8 8 8 8],[10 10 7 7 7],[0.9 0.8 0.7 0.6 0.5],3,0.0
944,10,0,80,1,0,[10 10 2 2 2],[5 5 5 5 5],[0.9 0.8 0.7 0.6 0.5],5,0.0
945,10,0,81,1,0,[4 4 4 4 4],[10 10 3 3 3],[0.9 0.8 0.7 0.6 0.5],4,0.0
946,10,0,82,1,0,[8 8 8 8 8],[10 10 7 7 7],[0.9 0.8 0.7 0.6 0.5],3,0.0
947,10,0,83,1,0,[10 10 7 7 7],[9 9 9 9 9],[0.9 0.8 0.7 0.6 0.5],1,0.0
948,10,0,84,1,0,[10 10 4 4 4],[7 7 7 7 7],[0.9 0.8 0.7 0.6 0.5],6,0.0
949,10,0,85,1,0,[4 4 4 4 4],[10 10 3 3 3],[0.9 0.8 0.7 0.6 0.5],4,0.0
950,10,0,86,1,0,[10 10 7 7 7],[9 9 9 9 9],[0.9 0.8 0.7 0.6 0.5],1,0.0
951,10,0,87,0,0,[8 8 8 8 8],[10 10 7 7 7],[0.9 0.8 0.7 0.6 0.5],3,0.0
952,10,0,88,1,0,[10 10 4 4 4],[7 7 7 7 7],[0.9 0.8 0.7 0.6 0.5],6,0.0
953,10,0,89,1,0,[10 10 2 2 2],[5 5 5 5 5],[0.9 0.8 0.7 0.6 0.5],5,0.0
954,10,0,90,1,0,[4 4 4 4 4],[10 10 3 3 3],[0.9 0.8 0.7 0.6 0.5],4,0.0
955,10,0,91,1,0,[10 10 4 4 4],[7 7 7 7 7],[0.9 0.8 0.7 0.6 0.5],6,0.0
956,10,0,92,0,0,[6 6 6 6 6],[10 10 5 5 5],[0.9 0.8 0.7 0.6 0.5],2,0.0
957,10,0,93,1,0,[10 10 7 7 7],[9 9 9 9 9],[0.9 0.8 0.7 0.6 0.5],1,0.0
958,10,0,94,1,0,[10 10 4 4 4],[7 7 7 7 7],[0.9 0.8 0.7 0.6 0.5],6,0.0
959,10,0,95,1,0,[10 10 7 7 7],[9 9 9 9 9],[0.9 0.8 0.7 0.6 0.5],1,0.0
960,11,0,0,0,0,[10 10 7 7 7],[9 9 9 9 9],[0.9 0.8 0.7 0.6 0.5],1,0.0
961,11,0,1,1,0,[6 6 6 6 6],[10 10 5 5 5],[0.9 0.8 0.7 0.6 0.5],2,0.0
962,11,0,2,1,0,[8 8 8 8 8],[10 10 7 7 7],[0.9 0.8 0.7 0.6 0.5],3,0.0
963,11,0,3,1,0,[6 6 6 6 6],[10 10 5 5 5],[0.9 0.8 0.7 0.6 0.5],2,0.0
964,11,0,4,1,0,[6 6 6 6 6],[10 10 5 5 5],[0.9 0.8 0.7 0.6 0.5],2,0.0
965,11,0,5,0,0,[6 6 6 6 6],[10 10 5 5 5],[0.9 0.8 0.7 0.6 0.5],2,0.0
966,11,0,6,0,0,[4 4 4 4 4],[10 10 3 3 3],[0.9 0.8 0.7 0.6 0.5],4,0.0
967,11,0,7,0,0,[10 10 2 2 2],[5 5 5 5 5],[0.9 0.8 0.7 0.6 0.5],5,0.0
968,11,0,8,0,0,[10 10 7 7 7],[9 9 9 9 9],[0.9 0.8 0.7 0.6 0.5],1,0.0
969,11,0,9,0,0,[6 6 6 6 6],[10 10 5 5 5],[0.9 0.8 0.7 0.6 0.5],2,0.0
970,11,0,10,1,0,[8 8 8 8 8],[10 10 7 7 7],[0.9 0.8 0.7 0.6 0.5],3,0.0
971,11,0,11,0,0,[8 8 8 8 8],[10 10 7 7 7],[0.9 0.8 0.7 0.6 0.5],3,0.0
972,11,0,12,0,0,[6 6 6 6 6],[10 10 5 5 5],[0.9 0.8 0.7 0.6 0.5],2,0.0
973,11,0,13,1,0,[10 10 2 2 2],[5 5 5 5 5],[0.9 0.8 0.7 0.6 0.5],5,0.0
974,11,0,14,0,0,[4 4 4 4 4],[10 10 3 3 3],[0.9 0.8 0.7 0.6 0.5],4,0.0
975,11,0,15,0,0,[10 10 4 4 4],[7 7 7 7 7],[0.9 0.8 0.7 0.6 0.5],6,0.0
976,11,0,16,0,0,[10 10 4 4 4],[7 7 7 7 7],[0.9 0.8 0.7 0.6 0.5],6,0.0
977,11,0,17,1,0,[10 10 7 7 7],[9 9 9 9 9],[0.9 0.8 0.7 0.6 0.5],1,0.0
978,11,0,18,1,0,[10 10 7 7 7],[9 9 9 9 9],[0.9 0.8 0.7 0.6 0.5],1,0.0
979,11,0,19,1,0,[4 4 4 4 4],[10 10 3 3 3],[0.9 0.8 0.7 0.6 0.5],4,0.0
980,11,0,20,0,0,[10 10 2 2 2],[5 5 5 5 5],[0.9 0.8 0.7 0.6 0.5],5,0.0
981,11,0,21,1,0,[6 6 6 6 6],[10 10 5 5 5],[0.9 0.8 0.7 0.6 0.5],2,0.0
982,11,0,22,0,0,[10 10 7 7 7],[9 9 9 9 9],[0.9 0.8 0.7 0.6 0.5],1,0.0
983,11,0,23,1,0,[10 10 4 4 4],[7 7 7 7 7],[0.9 0.8 0.7 0.6 0.5],6,0.0
984,11,0,24,0,0,[10 10 2 2 2],[5 5 5 5 5],[0.9 0.8 0.7 0.6 0.5],5,0.0
985,11,0,25,0,0,[10 10 2 2 2],[5 5 5 5 5],[0.9 0.8 0.7 0.6 0.5],5,0.0
986,11,0,26,0,0,[8 8 8 8 8],[10 10 7 7 7],[0.9 0.8 0.7 0.6 0.5],3,0.0
987,11,0,27,0,0,[10 10 2 2 2],[5 5 5 5 5],[0.9 0.8 0.7 0.6 0.5],5,0.0
988,11,0,28,1,0,[10 10 4 4 4],[7 7 7 7 7],[0.9 0.8 0.7 0.6 0.5],6,0.0
989,11,0,29,1,0,[10 10 2 2 2],[5 5 5 5 5],[0.9 0.8 0.7 0.6 0.5],5,0.0
990,11,0,30,0,0,[10 10 2 2 2],[5 5 5 5 5],[0.9 0.8 0.7 0.6 0.5],5,0.0
991,11,0,31,1,0,[4 4 4 4 4],[10 10 3 3 3],[0.9 0.8 0.7 0.6 0.5],4,0.0
992,11,0,32,1,0,[6 6 6 6 6],[10 10 5 5 5],[0.9 0.8 0.7 0.6 0.5],2,0.0
993,11,0,33,1,0,[10 10 7 7 7],[9 9 9 9 9],[0.9 0.8 0.7 0.6 0.5],1,0.0
994,11,0,34,0,0,[10 10 2 2 2],[5 5 5 5 5],[0.9 0.8 0.7 0.6 0.5],5,0.0
995,11,0,35,0,0,[6 6 6 6 6],[10 10 5 5 5],[0.9 0.8 0.7 0.6 0.5],2,0.0
996,11,0,36,0,0,[8 8 8 8 8],[10 10 7 7 7],[0.9 0.8 0.7 0.6 0.5],3,0.0
997,11,0,37,1,0,[10 10 7 7 7],[9 9 9 9 9],[0.9 0.8 0.7 0.6 0.5],1,0.0
998,11,0,38,0,0,[4 4 4 4 4],[10 10 3 3 3],[0.9 0.8 0.7 0.6 0.5],4,0.0
999,11,0,39,1,0,[10 10 4 4 4],[7 7 7 7 7],[0.9 0.8 0.7 0.6 0.5],6,0.0
1000,11,0,40,0,0,[6 6 6 6 6],[10 10 5 5 5],[0.9 0.8 0.7 0.6 0.5],2,0.0
1001,11,0,41,0,0,[10 10 2 2 2],[5 5 5 5 5],[0.9 0.8 0.7 0.6 0.5],5,0.0
1002,11,0,42,1,0,[4 4 4 4 4],[10 10 3 3 3],[0.9 0.8 0.7 0.6 0.5],4,0.0
1003,11,0,43,1,0,[4 4 4 4 4],[10 10 3 3 3],[0.9 0.8 0.7 0.6 0.5],4,0.0
1004,11,0,44,1,0,[8 8 8 8 8],[10 10 7 7 7],[0.9 0.8 0.7 0.6 0.5],3,0.0
1005,11,0,45,1,0,[6 6 6 6 6],[10 10 5 5 5],[0.9 0.8 0.7 0.6 0.5],2,0.0
1006,11,0,46,0,0,[10 10 7 7 7],[9 9 9 9 9],[0.9 0.8 0.7 0.6 0.5],1,0.0
1007,11,0,47,1,0,[8 8 8 8 8],[10 10 7 7 7],[0.9 0.8 0.7 0.6 0.5],3,0.0
1008,11,0,48,0,0,[8 8 8 8 8],[10 10 7 7 7],[0.9 0.8 0.7 0.6 0.5],3,0.0
1009,11,0,49,1,0,[10 10 4 4 4],[7 7 7 7 7],[0.9 0.8 0.7 0.6 0.5],6,0.0
1010,11,0,50,1,0,[4 4 4 4 4],[10 10 3 3 3],[0.9 0.8 0.7 0.6 0.5],4,0.0
1011,11,0,51,0,0,[10 10 7 7 7],[9 9 9 9 9],[0.9 0.8 0.7 0.6 0.5],1,0.0
1012,11,0,52,0,0,[10 10 4 4 4],[7 7 7 7 7],[0.9 0.8 0.7 0.6 0.5],6,0.0
1013,11,0,53,0,0,[4 4 4 4 4],[10 10 3 3 3],[0.9 0.8 0.7 0.6 0.5],4,0.0
1014,11,0,54,1,0,[6 6 6 6 6],[10 10 5 5 5],[0.9 0.8 0.7 0.6 0.5],2,0.0
1015,11,0,55,1,0,[4 4 4 4 4],[10 10 3 3 3],[0.9 0.8 0.7 0.6 0.5],4,0.0
1016,11,0,56,1,0,[8 8 8 8 8],[10 10 7 7 7],[0.9 0.8 0.7 0.6 0.5],3,0.0
1017,11,0,57,1,0,[10 10 7 7 7],[9 9 9 9 9],[0.9 0.8 0.7 0.6 0.5],1,0.0
1018,11,0,58,1,0,[10 10 4 4 4],[7 7 7 7 7],[0.9 0.8 0.7 0.6 0.5],6,0.0
1019,11,0,59,0,0,[10 10 4 4 4],[7 7 7 7 7],[0.9 0.8 0.7 0.6 0.5],6,0.0
1020,11,0,60,0,0,[10 10 2 2 2],[5 5 5 5 5],[0.9 0.8 0.7 0.6 0.5],5,0.0
1021,11,0,61,1,0,[8 8 8 8 8],[10 10 7 7 7],[0.9 0.8 0.7 0.6 0.5],3,0.0
1022,11,0,62,0,0,[8 8 8 8 8],[10 10 7 7 7],[0.9 0.8 0.7 0.6 0.5],3,0.0
1023,11,0,63,1,0,[10 10 4 4 4],[7 7 7 7 7],[0.9 0.8 0.7 0.6 0.5],6,0.0
1024,11,0,64,0,0,[10 10 7 7 7],[9 9 9 9 9],[0.9 0.8 0.7 0.6 0.5],1,0.0
1025,11,0,65,0,0,[6 6 6 6 6],[10 10 5 5 5],[0.9 0.8 0.7 0.6 0.5],2,0.0
1026,11,0,66,0,0,[10 10 4 4 4],[7 7 7 7 7],[0.9 0.8 0.7 0.6 0.5],6,0.0
1027,11,0,67,1,0,[10 10 2 2 2],[5 5 5 5 5],[0.9 0.8 0.7 0.6 0.5],5,0.0
1028,11,0,68,0,0,[10 10 7 7 7],[9 9 9 9 9],[0.9 0.8 0.7 0.6 0.5],1,0.0
1029,11,0,69,0,0,[4 4 4 4 4],[10 10 3 3 3],[0.9 0.8 0.7 0.6 0.5],4,0.0
1030,11,0,70,1,0,[10 10 4 4 4],[7 7 7 7 7],[0.9 0.8 0.7 0.6 0.5],6,0.0
1031,11,0,71,0,0,[8 8 8 8 8],[10 10 7 7 7],[0.9 0.8 0.7 0.6 0.5],3,0.0
1032,11,0,72,1,0,[8 8 8 8 8],[10 10 7 7 7],[0.9 0.8 0.7 0.6 0.5],3,0.0
1033,11,0,73,1,0,[10 10 2 2 2],[5 5 5 5 5],[0.9 0.8 0.7 0.6 0.5],5,0.0
1034,11,0,74,1,0,[10 10 2 2 2],[5 5 5 5 5],[0.9 0.8 0.7 0.6 0.5],5,0.0
1035,11,0,75,0,0,[6 6 6 6 6],[10 10 5 5 5],[0.9 0.8 0.7 0.6 0.5],2,0.0
1036,11,0,76,1,0,[4 4 4 4 4],[10 10 3 3 3],[0.9 0.8 0.7 0.6 0.5],4,0.0
1037,11,0,77,0,0,[4 4 4 4 4],[10 10 3 3 3],[0.9 0.8 0.7 0.6 0.5],4,0.0
1038,11,0,78,1,0,[6 6 6 6 6],[10 10 5 5 5],[0.9 0.8 0.7 0.6 0.5],2,0.0
1039,11,0,79,1,0,[8 8 8 8 8],[10 10 7 7 7],[0.9 0.8 0.7 0.6 0.5],3,0.0
1040,11,0,80,1,0,[10 10 2 2 2],[5 5 5 5 5],[0.9 0.8 0.7 0.6 0.5],5,0.0
1041,11,0,81,0,0,[4 4 4 4 4],[10 10 3 3 3],[0.9 0.8 0.7 0.6 0.5],4,0.0
1042,11,0,82,1,0,[8 8 8 8 8],[10 10 7 7 7],[0.9 0.8 0.7 0.6 0.5],3,0.0
1043,11,0,83,1,0,[10 10 7 7 7],[9 9 9 9 9],[0.9 0.8 0.7 0.6 0.5],1,0.0
1044,11,0,84,0,0,[10 10 4 4 4],[7 7 7 7 7],[0.9 0.8 0.7 0.6 0.5],6,0.0
1045,11,0,85,1,0,[4 4 4 4 4],[10 10 3 3 3],[0.9 0.8 0.7 0.6 0.5],4,0.0
1046,11,0,86,0,0,[10 10 7 7 7],[9 9 9 9 9],[0.9 0.8 0.7 0.6 0.5],1,0.0
1047,11,0,87,0,0,[8 8 8 8 8],[10 10 7 7 7],[0.9 0.8 0.7 0.6 0.5],3,0.0
1048,11,0,88,1,0,[10 10 4 4 4],[7 7 7 7 7],[0.9 0.8 0.7 0.6 0.5],6,0.0
1049,11,0,89,1,0,[10 10 2 2 2],[5 5 5 5 5],[0.9 0.8 0.7 0.6 0.5],5,0.0
1050,11,0,90,0,0,[4 4 4 4 4],[10 10 3 3 3],[0.9 0.8 0.7 0.6 0.5],4,0.0
1051,11,0,91,1,0,[10 10 4 4 4],[7 7 7 7 7],[0.9 0.8 0.7 0.6 0.5],6,0.0
1052,11,0,92,1,0,[6 6 6 6 6],[10 10 5 5 5],[0.9 0.8 0.7 0.6 0.5],2,0.0
1053,11,0,93,0,0,[10 10 7 7 7],[9 9 9 9 9],[0.9 0.8 0.7 0.6 0.5],1,0.0
1054,11,0,94,1,0,[10 10 4 4 4],[7 7 7 7 7],[0.9 0.8 0.7 0.6 0.5],6,0.0
1055,11,0,95,1,0,[10 10 7 7 7],[9 9 9 9 9],[0.9 0.8 0.7 0.6 0.5],1,0.0
1056,12,0,0,0,0,[10 10 7 7 7],[9 9 9 9 9],[0.9 0.8 0.7 0.6 0.5],1,0.0
1057,12,0,1,1,0,[6 6 6 6 6],[10 10 5 5 5],[0.9 0.8 0.7 0.6 0.5],2,0.0
1058,12,0,2,1,0,[8 8 8 8 8],[10 10 7 7 7],[0.9 0.8 0.7 0.6 0.5],3,0.0
1059,12,0,3,1,0,[6 6 6 6 6],[10 10 5 5 5],[0.9 0.8 0.7 0.6 0.5],2,0.0
1060,12,0,4,1,0,[6 6 6 6 6],[10 10 5 5 5],[0.9 0.8 0.7 0.6 0.5],2,0.0
1061,12,0,5,0,0,[6 6 6 6 6],[10 10 5 5 5],[0.9 0.8 0.7 0.6 0.5],2,0.0
1062,12,0,6,1,0,[4 4 4 4 4],[10 10 3 3 3],[0.9 0.8 0.7 0.6 0.5],4,0.0
1063,12,0,7,0,0,[10 10 2 2 2],[5 5 5 5 5],[0.9 0.8 0.7 0.6 0.5],5,0.0
1064,12,0,8,1,0,[10 10 7 7 7],[9 9 9 9 9],[0.9 0.8 0.7 0.6 0.5],1,0.0
1065,12,0,9,1,0,[6 6 6 6 6],[10 10 5 5 5],[0.9 0.8 0.7 0.6 0.5],2,0.0
1066,12,0,10,0,0,[8 8 8 8 8],[10 10 7 7 7],[0.9 0.8 0.7 0.6 0.5],3,0.0
1067,12,0,11,1,0,[8 8 8 8 8],[10 10 7 7 7],[0.9 0.8 0.7 0.6 0.5],3,0.0
1068,12,0,12,1,0,[6 6 6 6 6],[10 10 5 5 5],[0.9 0.8 0.7 0.6 0.5],2,0.0
1069,12,0,13,0,0,[10 10 2 2 2],[5 5 5 5 5],[0.9 0.8 0.7 0.6 0.5],5,0.0
1070,12,0,14,1,0,[4 4 4 4 4],[10 10 3 3 3],[0.9 0.8 0.7 0.6 0.5],4,0.0
1071,12,0,15,0,0,[10 10 4 4 4],[7 7 7 7 7],[0.9 0.8 0.7 0.6 0.5],6,0.0
1072,12,0,16,0,0,[10 10 4 4 4],[7 7 7 7 7],[0.9 0.8 0.7 0.6 0.5],6,0.0
1073,12,0,17,1,0,[10 10 7 7 7],[9 9 9 9 9],[0.9 0.8 0.7 0.6 0.5],1,0.0
1074,12,0,18,1,0,[10 10 7 7 7],[9 9 9 9 9],[0.9 0.8 0.7 0.6 0.5],1,0.0
1075,12,0,19,1,0,[4 4 4 4 4],[10 10 3 3 3],[0.9 0.8 0.7 0.6 0.5],4,0.0
1076,12,0,20,0,0,[10 10 2 2 2],[5 5 5 5 5],[0.9 0.8 0.7 0.6 0.5],5,0.0
1077,12,0,21,1,0,[6 6 6 6 6],[10 10 5 5 5],[0.9 0.8 0.7 0.6 0.5],2,0.0
1078,12,0,22,1,0,[10 10 7 7 7],[9 9 9 9 9],[0.9 0.8 0.7 0.6 0.5],1,0.0
1079,12,0,23,0,0,[10 10 4 4 4],[7 7 7 7 7],[0.9 0.8 0.7 0.6 0.5],6,0.0
1080,12,0,24,0,0,[10 10 2 2 2],[5 5 5 5 5],[0.9 0.8 0.7 0.6 0.5],5,0.0
1081,12,0,25,0,0,[10 10 2 2 2],[5 5 5 5 5],[0.9 0.8 0.7 0.6 0.5],5,0.0
1082,12,0,26,0,0,[8 8 8 8 8],[10 10 7 7 7],[0.9 0.8 0.7 0.6 0.5],3,0.0
1083,12,0,27,0,0,[10 10 2 2 2],[5 5 5 5 5],[0.9 0.8 0.7 0.6 0.5],5,0.0
1084,12,0,28,0,0,[10 10 4 4 4],[7 7 7 7 7],[0.9 0.8 0.7 0.6 0.5],6,0.0
1085,12,0,29,0,0,[10 10 2 2 2],[5 5 5 5 5],[0.9 0.8 0.7 0.6 0.5],5,0.0
1086,12,0,30,0,0,[10 10 2 2 2],[5 5 5 5 5],[0.9 0.8 0.7 0.6 0.5],5,0.0
1087,12,0,31,1,0,[4 4 4 4 4],[10 10 3 3 3],[0.9 0.8 0.7 0.6 0.5],4,0.0
1088,12,0,32,1,0,[6 6 6 6 6],[10 10 5 5 5],[0.9 0.8 0.7 0.6 0.5],2,0.0
1089,12,0,33,1,0,[10 10 7 7 7],[9 9 9 9 9],[0.9 0.8 0.7 0.6 0.5],1,0.0
1090,12,0,34,0,0,[10 10 2 2 2],[5 5 5 5 5],[0.9 0.8 0.7 0.6 0.5],5,0.0
1091,12,0,35,1,0,[6 6 6 6 6],[10 10 5 5 5],[0.9 0.8 0.7 0.6 0.5],2,0.0
1092,12,0,36,1,0,[8 8 8 8 8],[10 10 7 7 7],[0.9 0.8 0.7 0.6 0.5],3,0.0
1093,12,0,37,1,0,[10 10 7 7 7],[9 9 9 9 9],[0.9 0.8 0.7 0.6 0.5],1,0.0
1094,12,0,38,1,0,[4 4 4 4 4],[10 10 3 3 3],[0.9 0.8 0.7 0.6 0.5],4,0.0
1095,12,0,39,0,0,[10 10 4 4 4],[7 7 7 7 7],[0.9 0.8 0.7 0.6 0.5],6,0.0
1096,12,0,40,1,0,[6 6 6 6 6],[10 10 5 5 5],[0.9 0.8 0.7 0.6 0.5],2,0.0
1097,12,0,41,0,0,[10 10 2 2 2],[5 5 5 5 5],[0.9 0.8 0.7 0.6 0.5],5,0.0
1098,12,0,42,1,0,[4 4 4 4 4],[10 10 3 3 3],[0.9 0.8 0.7 0.6 0.5],4,0.0
1099,12,0,43,1,0,[4 4 4 4 4],[10 10 3 3 3],[0.9 0.8 0.7 0.6 0.5],4,0.0
1100,12,0,44,1,0,[8 8 8 8 8],[10 10 7 7 7],[0.9 0.8 0.7 0.6 0.5],3,0.0
1101,12,0,45,1,0,[6 6 6 6 6],[10 10 5 5 5],[0.9 0.8 0.7 0.6 0.5],2,0.0
1102,12,0,46,1,0,[10 10 7 7 7],[9 9 9 9 9],[0.9 0.8 0.7 0.6 0.5],1,0.0
1103,12,0,47,1,0,[8 8 8 8 8],[10 10 7 7 7],[0.9 0.8 0.7 0.6 0.5],3,0.0
1104,12,0,48,1,0,[8 8 8 8 8],[10 10 7 7 7],[0.9 0.8 0.7 0.6 0.5],3,0.0
1105,12,0,49,1,0,[10 10 4 4 4],[7 7 7 7 7],[0.9 0.8 0.7 0.6 0.5],6,0.0
1106,12,0,50,1,0,[4 4 4 4 4],[10 10 3 3 3],[0.9 0.8 0.7 0.6 0.5],4,0.0
1107,12,0,51,1,0,[10 10 7 7 7],[9 9 9 9 9],[0.9 0.8 0.7 0.6 0.5],1,0.0
1108,12,0,52,1,0,[10 10 4 4 4],[7 7 7 7 7],[0.9 0.8 0.7 0.6 0.5],6,0.0
1109,12,0,53,1,0,[4 4 4 4 4],[10 10 3 3 3],[0.9 0.8 0.7 0.6 0.5],4,0.0
1110,12,0,54,1,0,[6 6 6 6 6],[10 10 5 5 5],[0.9 0.8 0.7 0.6 0.5],2,0.0
1111,12,0,55,1,0,[4 4 4 4 4],[10 10 3 3 3],[0.9 0.8 0.7 0.6 0.5],4,0.0
1112,12,0,56,1,0,[8 8 8 8 8],[10 10 7 7 7],[0.9 0.8 0.7 0.6 0.5],3,0.0
1113,12,0,57,1,0,[10 10 7 7 7],[9 9 9 9 9],[0.9 0.8 0.7 0.6 0.5],1,0.0
1114,12,0,58,0,0,[10 10 4 4 4],[7 7 7 7 7],[0.9 0.8 0.7 0.6 0.5],6,0.0
1115,12,0,59,0,0,[10 10 4 4 4],[7 7 7 7 7],[0.9 0.8 0.7 0.6 0.5],6,0.0
1116,12,0,60,0,0,[10 10 2 2 2],[5 5 5 5 5],[0.9 0.8 0.7 0.6 0.5],5,0.0
1117,12,0,61,1,0,[8 8 8 8 8],[10 10 7 7 7],[0.9 0.8 0.7 0.6 0.5],3,0.0
1118,12,0,62,1,0,[8 8 8 8 8],[10 10 7 7 7],[0.9 0.8 0.7 0.6 0.5],3,0.0
1119,12,0,63,0,0,[10 10 4 4 4],[7 7 7 7 7],[0.9 0.8 0.7 0.6 0.5],6,0.0
1120,12,0,64,1,0,[10 10 7 7 7],[9 9 9 9 9],[0.9 0.8 0.7 0.6 0.5],1,0.0
1121,12,0,65,1,0,[6 6 6 6 6],[10 10 5 5 5],[0.9 0.8 0.7 0.6 0.5],2,0.0
1122,12,0,66,0,0,[10 10 4 4 4],[7 7 7 7 7],[0.9 0.8 0.7 0.6 0.5],6,0.0
1123,12,0,67,0,0,[10 10 2 2 2],[5 5 5 5 5],[0.9 0.8 0.7 0.6 0.5],5,0.0
1124,12,0,68,1,0,[10 10 7 7 7],[9 9 9 9 9],[0.9 0.8 0.7 0.6 0.5],1,0.0
1125,12,0,69,1,0,[4 4 4 4 4],[10 10 3 3 3],[0.9 0.8 0.7 0.6 0.5],4,0.0
1126,12,0,70,1,0,[10 10 4 4 4],[7 7 7 7 7],[0.9 0.8 0.7 0.6 0.5],6,0.0
1127,12,0,71,0,0,[8 8 8 8 8],[10 10 7 7 7],[0.9 0.8 0.7 0.6 0.5],3,0.0
1128,12,0,72,1,0,[8 8 8 8 8],[10 10 7 7 7],[0.9 0.8 0.7 0.6 0.5],3,0.0
1129,12,0,73,0,0,[10 10 2 2 2],[5 5 5 5 5],[0.9 0.8 0.7 0.6 0.5],5,0.0
1130,12,0,74,0,0,[10 10 2 2 2],[5 5 5 5 5],[0.9 0.8 0.7 0.6 0.5],5,0.0
1131,12,0,75,1,0,[6 6 6 6 6],[10 10 5 5 5],[0.9 0.8 0.7 0.6 0.5],2,0.0
1132,12,0,76,1,0,[4 4 4 4 4],[10 10 3 3 3],[0.9 0.8 0.7 0.6 0.5],4,0.0
1133,12,0,77,1,0,[4 4 4 4 4],[10 10 3 3 3],[0.9 0.8 0.7 0.6 0.5],4,0.0
1134,12,0,78,1,0,[6 6 6 6 6],[10 10 5 5 5],[0.9 0.8 0.7 0.6 0.5],2,0.0
1135,12,0,79,1,0,[8 8 8 8 8],[10 10 7 7 7],[0.9 0.8 0.7 0.6 0.5],3,0.0
1136,12,0,80,0,0,[10 10 2 2 2],[5 5 5 5 5],[0.9 0.8 0.7 0.6 0.5],5,0.0
1137,12,0,81,1,0,[4 4 4 4 4],[10 10 3 3 3],[0.9 0.8 0.7 0.6 0.5],4,0.0
1138,12,0,82,1,0,[8 8 8 8 8],[10 10 7 7 7],[0.9 0.8 0.7 0.6 0.5],3,0.0
1139,12,0,83,0,0,[10 10 7 7 7],[9 9 9 9 9],[0.9 0.8 0.7 0.6 0.5],1,0.0
1140,12,0,84,0,0,[10 10 4 4 4],[7 7 7 7 7],[0.9 0.8 0.7 0.6 0.5],6,0.0
1141,12,0,85,1,0,[4 4 4 4 4],[10 10 3 3 3],[0.9 0.8 0.7 0.6 0.5],4,0.0
1142,12,0,86,1,0,[10 10 7 7 7],[9 9 9 9 9],[0.9 0.8 0.7 0.6 0.5],1,0.0
1143,12,0,87,1,0,[8 8 8 8 8],[10 10 7 7 7],[0.9 0.8 0.7 0.6 0.5],3,0.0
1144,12,0,88,0,0,[10 10 4 4 4],[7 7 7 7 7],[0.9 0.8 0.7 0.6 0.5],6,0.0
1145,12,0,89,0,0,[10 10 2 2 2],[5 5 5 5 5],[0.9 0.8 0.7 0.6 0.5],5,0.0
1146,12,0,90,1,0,[4 4 4 4 4],[10 10 3 3 3],[0.9 0.8 0.7 0.6 0.5],4,0.0
1147,12,0,91,0,0,[10 10 4 4 4],[7 7 7 7 7],[0.9 0.8 0.7 0.6 0.5],6,0.0
1148,12,0,92,1,0,[6 6 6 6 6],[10 10 5 5 5],[0.9 0.8 0.7 0.6 0.5],2,0.0
1149,12,0,93,1,0,[10 10 7 7 7],[9 9 9 9 9],[0.9 0.8 0.7 0.6 0.5],1,0.0
1150,12,0,94,0,0,[10 10 4 4 4],[7 7 7 7 7],[0.9 0.8 0.7 0.6 0.5],6,0.0
1151,12,0,95,1,0,[10 10 7 7 7],[9 9 9 9 9],[0.9 0.8 0.7 0.6 0.5],1,0.0
1152,13,0,0,1,0,[10 10 7 7 7],[9 9 9 9 9],[0.9 0.8 0.7 0.6 0.5],1,0.0
1153,13,0,1,1,0,[6 6 6 6 6],[10 10 5 5 5],[0.9 0.8 0.7 0.6 0.5],2,0.0
1154,13,0,2,0,0,[8 8 8 8 8],[10 10 7 7 7],[0.9 0.8 0.7 0.6 0.5],3,0.0
1155,13,0,3,0,0,[6 6 6 6 6],[10 10 5 5 5],[0.9 0.8 0.7 0.6 0.5],2,0.0
1156,13,0,4,0,0,[6 6 6 6 6],[10 10 5 5 5],[0.9 0.8 0.7 0.6 0.5],2,0.0
1157,13,0,5,0,0,[6 6 6 6 6],[10 10 5 5 5],[0.9 0.8 0.7 0.6 0.5],2,0.0
1158,13,0,6,1,0,[4 4 4 4 4],[10 10 3 3 3],[0.9 0.8 0.7 0.6 0.5],4,0.0
1159,13,0,7,1,0,[10 10 2 2 2],[5 5 5 5 5],[0.9 0.8 0.7 0.6 0.5],5,0.0
1160,13,0,8,1,0,[10 10 7 7 7],[9 9 9 9 9],[0.9 0.8 0.7 0.6 0.5],1,0.0
1161,13,0,9,0,0,[6 6 6 6 6],[10 10 5 5 5],[0.9 0.8 0.7 0.6 0.5],2,0.0
1162,13,0,10,0,0,[8 8 8 8 8],[10 10 7 7 7],[0.9 0.8 0.7 0.6 0.5],3,0.0
1163,13,0,11,0,0,[8 8 8 8 8],[10 10 7 7 7],[0.9 0.8 0.7 0.6 0.5],3,0.0
1164,13,0,12,0,0,[6 6 6 6 6],[10 10 5 5 5],[0.9 0.8 0.7 0.6 0.5],2,0.0
1165,13,0,13,1,0,[10 10 2 2 2],[5 5 5 5 5],[0.9 0.8 0.7 0.6 0.5],5,0.0
1166,13,0,14,1,0,[4 4 4 4 4],[10 10 3 3 3],[0.9 0.8 0.7 0.6 0.5],4,0.0
1167,13,0,15,1,0,[10 10 4 4 4],[7 7 7 7 7],[0.9 0.8 0.7 0.6 0.5],6,0.0
1168,13,0,16,1,0,[10 10 4 4 4],[7 7 7 7 7],[0.9 0.8 0.7 0.6 0.5],6,0.0
1169,13,0,17,1,0,[10 10 7 7 7],[9 9 9 9 9],[0.9 0.8 0.7 0.6 0.5],1,0.0
1170,13,0,18,1,0,[10 10 7 7 7],[9 9 9 9 9],[0.9 0.8 0.7 0.6 0.5],1,0.0
1171,13,0,19,1,0,[4 4 4 4 4],[10 10 3 3 3],[0.9 0.8 0.7 0.6 0.5],4,0.0
1172,13,0,20,1,0,[10 10 2 2 2],[5 5 5 5 5],[0.9 0.8 0.7 0.6 0.5],5,0.0
1173,13,0,21,0,0,[6 6 6 6 6],[10 10 5 5 5],[0.9 0.8 0.7 0.6 0.5],2,0.0
1174,13,0,22,1,0,[10 10 7 7 7],[9 9 9 9 9],[0.9 0.8 0.7 0.6 0.5],1,0.0
1175,13,0,23,1,0,[10 10 4 4 4],[7 7 7 7 7],[0.9 0.8 0.7 0.6 0.5],6,0.0
1176,13,0,24,1,0,[10 10 2 2 2],[5 5 5 5 5],[0.9 0.8 0.7 0.6 0.5],5,0.0
1177,13,0,25,1,0,[10 10 2 2 2],[5 5 5 5 5],[0.9 0.8 0.7 0.6 0.5],5,0.0
1178,13,0,26,0,0,[8 8 8 8 8],[10 10 7 7 7],[0.9 0.8 0.7 0.6 0.5],3,0.0
1179,13,0,27,1,0,[10 10 2 2 2],[5 5 5 5 5],[0.9 0.8 0.7 0.6 0.5],5,0.0
1180,13,0,28,1,0,[10 10 4 4 4],[7 7 7 7 7],[0.9 0.8 0.7 0.6 0.5],6,0.0
1181,13,0,29,1,0,[10 10 2 2 2],[5 5 5 5 5],[0.9 0.8 0.7 0.6 0.5],5,0.0
1182,13,0,30,1,0,[10 10 2 2 2],[5 5 5 5 5],[0.9 0.8 0.7 0.6 0.5],5,0.0
1183,13,0,31,1,0,[4 4 4 4 4],[10 10 3 3 3],[0.9 0.8 0.7 0.6 0.5],4,0.0
1184,13,0,32,1,0,[6 6 6 6 6],[10 10 5 5 5],[0.9 0.8 0.7 0.6 0.5],2,0.0
1185,13,0,33,1,0,[10 10 7 7 7],[9 9 9 9 9],[0.9 0.8 0.7 0.6 0.5],1,0.0
1186,13,0,34,1,0,[10 10 2 2 2],[5 5 5 5 5],[0.9 0.8 0.7 0.6 0.5],5,0.0
1187,13,0,35,1,0,[6 6 6 6 6],[10 10 5 5 5],[0.9 0.8 0.7 0.6 0.5],2,0.0
1188,13,0,36,1,0,[8 8 8 8 8],[10 10 7 7 7],[0.9 0.8 0.7 0.6 0.5],3,0.0
1189,13,0,37,1,0,[10 10 7 7 7],[9 9 9 9 9],[0.9 0.8 0.7 0.6 0.5],1,0.0
1190,13,0,38,1,0,[4 4 4 4 4],[10 10 3 3 3],[0.9 0.8 0.7 0.6 0.5],4,0.0
1191,13,0,39,1,0,[10 10 4 4 4],[7 7 7 7 7],[0.9 0.8 0.7 0.6 0.5],6,0.0
1192,13,0,40,1,0,[6 6 6 6 6],[10 10 5 5 5],[0.9 0.8 0.7 0.6 0.5],2,0.0
1193,13,0,41,1,0,[10 10 2 2 2],[5 5 5 5 5],[0.9 0.8 0.7 0.6 0.5],5,0.0
1194,13,0,42,1,0,[4 4 4 4 4],[10 10 3 3 3],[0.9 0.8 0.7 0.6 0.5],4,0.0
1195,13,0,43,1,0,[4 4 4 4 4],[10 10 3 3 3],[0.9 0.8 0.7 0.6 0.5],4,0.0
1196,13,0,44,0,0,[8 8 8 8 8],[10 10 7 7 7],[0.9 0.8 0.7 0.6 0.5],3,0.0
1197,13,0,45,1,0,[6 6 6 6 6],[10 10 5 5 5],[0.9 0.8 0.7 0.6 0.5],2,0.0
1198,13,0,46,1,0,[10 10 7 7 7],[9 9 9 9 9],[0.9 0.8 0.7 0.6 0.5],1,0.0
1199,13,0,47,1,0,[8 8 8 8 8],[10 10 7 7 7],[0.9 0.8 0.7 0.6 0.5],3,0.0
1200,13,0,48,1,0,[8 8 8 8 8],[10 10 7 7 7],[0.9 0.8 0.7 0.6 0.5],3,0.0
1201,13,0,49,1,0,[10 10 4 4 4],[7 7 7 7 7],[0.9 0.8 0.7 0.6 0.5],6,0.0
1202,13,0,50,1,0,[4 4 4 4 4],[10 10 3 3 3],[0.9 0.8 0.7 0.6 0.5],4,0.0
1203,13,0,51,1,0,[10 10 7 7 7],[9 9 9 9 9],[0.9 0.8 0.7 0.6 0.5],1,0.0
1204,13,0,52,1,0,[10 10 4 4 4],[7 7 7 7 7],[0.9 0.8 0.7 0.6 0.5],6,0.0
1205,13,0,53,1,0,[4 4 4 4 4],[10 10 3 3 3],[0.9 0.8 0.7 0.6 0.5],4,0.0
1206,13,0,54,1,0,[6 6 6 6 6],[10 10 5 5 5],[0.9 0.8 0.7 0.6 0.5],2,0.0
1207,13,0,55,1,0,[4 4 4 4 4],[10 10 3 3 3],[0.9 0.8 0.7 0.6 0.5],4,0.0
1208,13,0,56,0,0,[8 8 8 8 8],[10 10 7 7 7],[0.9 0.8 0.7 0.6 0.5],3,0.0
1209,13,0,57,1,0,[10 10 7 7 7],[9 9 9 9 9],[0.9 0.8 0.7 0.6 0.5],1,0.0
1210,13,0,58,1,0,[10 10 4 4 4],[7 7 7 7 7],[0.9 0.8 0.7 0.6 0.5],6,0.0
1211,13,0,59,1,0,[10 10 4 4 4],[7 7 7 7 7],[0.9 0.8 0.7 0.6 0.5],6,0.0
1212,13,0,60,1,0,[10 10 2 2 2],[5 5 5 5 5],[0.9 0.8 0.7 0.6 0.5],5,0.0
1213,13,0,61,1,0,[8 8 8 8 8],[10 10 7 7 7],[0.9 0.8 0.7 0.6 0.5],3,0.0
1214,13,0,62,1,0,[8 8 8 8 8],[10 10 7 7 7],[0.9 0.8 0.7 0.6 0.5],3,0.0
1215,13,0,63,1,0,[10 10 4 4 4],[7 7 7 7 7],[0.9 0.8 0.7 0.6 0.5],6,0.0
1216,13,0,64,1,0,[10 10 7 7 7],[9 9 9 9 9],[0.9 0.8 0.7 0.6 0.5],1,0.0
1217,13,0,65,1,0,[6 6 6 6 6],[10 10 5 5 5],[0.9 0.8 0.7 0.6 0.5],2,0.0
1218,13,0,66,1,0,[10 10 4 4 4],[7 7 7 7 7],[0.9 0.8 0.7 0.6 0.5],6,0.0
1219,13,0,67,1,0,[10 10 2 2 2],[5 5 5 5 5],[0.9 0.8 0.7 0.6 0.5],5,0.0
1220,13,0,68,1,0,[10 10 7 7 7],[9 9 9 9 9],[0.9 0.8 0.7 0.6 0.5],1,0.0
1221,13,0,69,1,0,[4 4 4 4 4],[10 10 3 3 3],[0.9 0.8 0.7 0.6 0.5],4,0.0
1222,13,0,70,1,0,[10 10 4 4 4],[7 7 7 7 7],[0.9 0.8 0.7 0.6 0.5],6,0.0
1223,13,0,71,1,0,[8 8 8 8 8],[10 10 7 7 7],[0.9 0.8 0.7 0.6 0.5],3,0.0
1224,13,0,72,1,0,[8 8 8 8 8],[10 10 7 7 7],[0.9 0.8 0.7 0.6 0.5],3,0.0
1225,13,0,73,1,0,[10 10 2 2 2],[5 5 5 5 5],[0.9 0.8 0.7 0.6 0.5],5,0.0
1226,13,0,74,1,0,[10 10 2 2 2],[5 5 5 5 5],[0.9 0.8 0.7 0.6 0.5],5,0.0
1227,13,0,75,1,0,[6 6 6 6 6],[10 10 5 5 5],[0.9 0.8 0.7 0.6 0.5],2,0.0
1228,13,0,76,1,0,[4 4 4 4 4],[10 10 3 3 3],[0.9 0.8 0.7 0.6 0.5],4,0.0
1229,13,0,77,1,0,[4 4 4 4 4],[10 10 3 3 3],[0.9 0.8 0.7 0.6 0.5],4,0.0
1230,13,0,78,0,0,[6 6 6 6 6],[10 10 5 5 5],[0.9 0.8 0.7 0.6 0.5],2,0.0
1231,13,0,79,1,0,[8 8 8 8 8],[10 10 7 7 7],[0.9 0.8 0.7 0.6 0.5],3,0.0
1232,13,0,80,1,0,[10 10 2 2 2],[5 5 5 5 5],[0.9 0.8 0.7 0.6 0.5],5,0.0
1233,13,0,81,1,0,[4 4 4 4 4],[10 10 3 3 3],[0.9 0.8 0.7 0.6 0.5],4,0.0
1234,13,0,82,0,0,[8 8 8 8 8],[10 10 7 7 7],[0.9 0.8 0.7 0.6 0.5],3,0.0
1235,13,0,83,1,0,[10 10 7 7 7],[9 9 9 9 9],[0.9 0.8 0.7 0.6 0.5],1,0.0
1236,13,0,84,1,0,[10 10 4 4 4],[7 7 7 7 7],[0.9 0.8 0.7 0.6 0.5],6,0.0
1237,13,0,85,1,0,[4 4 4 4 4],[10 10 3 3 3],[0.9 0.8 0.7 0.6 0.5],4,0.0
1238,13,0,86,1,0,[10 10 7 7 7],[9 9 9 9 9],[0.9 0.8 0.7 0.6 0.5],1,0.0
1239,13,0,87,1,0,[8 8 8 8 8],[10 10 7 7 7],[0.9 0.8 0.7 0.6 0.5],3,0.0
1240,13,0,88,1,0,[10 10 4 4 4],[7 7 7 7 7],[0.9 0.8 0.7 0.6 0.5],6,0.0
1241,13,0,89,1,0,[10 10 2 2 2],[5 5 5 5 5],[0.9 0.8 0.7 0.6 0.5],5,0.0
1242,13,0,90,1,0,[4 4 4 4 4],[10 10 3 3 3],[0.9 0.8 0.7 0.6 0.5],4,0.0
1243,13,0,91,1,0,[10 10 4 4 4],[7 7 7 7 7],[0.9 0.8 0.7 0.6 0.5],6,0.0
1244,13,0,92,1,0,[6 6 6 6 6],[10 10 5 5 5],[0.9 0.8 0.7 0.6 0.5],2,0.0
1245,13,0,93,1,0,[10 10 7 7 7],[9 9 9 9 9],[0.9 0.8 0.7 0.6 0.5],1,0.0
1246,13,0,94,1,0,[10 10 4 4 4],[7 7 7 7 7],[0.9 0.8 0.7 0.6 0.5],6,0.0
1247,13,0,95,1,0,[10 10 7 7 7],[9 9 9 9 9],[0.9 0.8 0.7 0.6 0.5],1,0.0
1248,14,0,0,0,0,[10 10 7 7 7],[9 9 9 9 9],[0.9 0.8 0.7 0.6 0.5],1,0.0
1249,14,0,1,1,0,[6 6 6 6 6],[10 10 5 5 5],[0.9 0.8 0.7 0.6 0.5],2,0.0
1250,14,0,2,0,0,[8 8 8 8 8],[10 10 7 7 7],[0.9 0.8 0.7 0.6 0.5],3,0.0
1251,14,0,3,0,0,[6 6 6 6 6],[10 10 5 5 5],[0.9 0.8 0.7 0.6 0.5],2,0.0
1252,14,0,4,0,0,[6 6 6 6 6],[10 10 5 5 5],[0.9 0.8 0.7 0.6 0.5],2,0.0
1253,14,0,5,0,0,[6 6 6 6 6],[10 10 5 5 5],[0.9 0.8 0.7 0.6 0.5],2,0.0
1254,14,0,6,1,0,[4 4 4 4 4],[10 10 3 3 3],[0.9 0.8 0.7 0.6 0.5],4,0.0
1255,14,0,7,1,0,[10 10 2 2 2],[5 5 5 5 5],[0.9 0.8 0.7 0.6 0.5],5,0.0
1256,14,0,8,1,0,[10 10 7 7 7],[9 9 9 9 9],[0.9 0.8 0.7 0.6 0.5],1,0.0
1257,14,0,9,0,0,[6 6 6 6 6],[10 10 5 5 5],[0.9 0.8 0.7 0.6 0.5],2,0.0
1258,14,0,10,1,0,[8 8 8 8 8],[10 10 7 7 7],[0.9 0.8 0.7 0.6 0.5],3,0.0
1259,14,0,11,1,0,[8 8 8 8 8],[10 10 7 7 7],[0.9 0.8 0.7 0.6 0.5],3,0.0
1260,14,0,12,0,0,[6 6 6 6 6],[10 10 5 5 5],[0.9 0.8 0.7 0.6 0.5],2,0.0
1261,14,0,13,1,0,[10 10 2 2 2],[5 5 5 5 5],[0.9 0.8 0.7 0.6 0.5],5,0.0
1262,14,0,14,0,0,[4 4 4 4 4],[10 10 3 3 3],[0.9 0.8 0.7 0.6 0.5],4,0.0
1263,14,0,15,1,0,[10 10 4 4 4],[7 7 7 7 7],[0.9 0.8 0.7 0.6 0.5],6,0.0
1264,14,0,16,1,0,[10 10 4 4 4],[7 7 7 7 7],[0.9 0.8 0.7 0.6 0.5],6,0.0
1265,14,0,17,1,0,[10 10 7 7 7],[9 9 9 9 9],[0.9 0.8 0.7 0.6 0.5],1,0.0
1266,14,0,18,1,0,[10 10 7 7 7],[9 9 9 9 9],[0.9 0.8 0.7 0.6 0.5],1,0.0
1267,14,0,19,1,0,[4 4 4 4 4],[10 10 3 3 3],[0.9 0.8 0.7 0.6 0.5],4,0.0
1268,14,0,20,1,0,[10 10 2 2 2],[5 5 5 5 5],[0.9 0.8 0.7 0.6 0.5],5,0.0
1269,14,0,21,1,0,[6 6 6 6 6],[10 10 5 5 5],[0.9 0.8 0.7 0.6 0.5],2,0.0
1270,14,0,22,1,0,[10 10 7 7 7],[9 9 9 9 9],[0.9 0.8 0.7 0.6 0.5],1,0.0
1271,14,0,23,1,0,[10 10 4 4 4],[7 7 7 7 7],[0.9 0.8 0.7 0.6 0.5],6,0.0
1272,14,0,24,1,0,[10 10 2 2 2],[5 5 5 5 5],[0.9 0.8 0.7 0.6 0.5],5,0.0
1273,14,0,25,1,0,[10 10 2 2 2],[5 5 5 5 5],[0.9 0.8 0.7 0.6 0.5],5,0.0
1274,14,0,26,0,0,[8 8 8 8 8],[10 10 7 7 7],[0.9 0.8 0.7 0.6 0.5],3,0.0
1275,14,0,27,1,0,[10 10 2 2 2],[5 5 5 5 5],[0.9 0.8 0.7 0.6 0.5],5,0.0
1276,14,0,28,1,0,[10 10 4 4 4],[7 7 7 7 7],[0.9 0.8 0.7 0.6 0.5],6,0.0
1277,14,0,29,1,0,[10 10 2 2 2],[5 5 5 5 5],[0.9 0.8 0.7 0.6 0.5],5,0.0
1278,14,0,30,1,0,[10 10 2 2 2],[5 5 5 5 5],[0.9 0.8 0.7 0.6 0.5],5,0.0
1279,14,0,31,1,0,[4 4 4 4 4],[10 10 3 3 3],[0.9 0.8 0.7 0.6 0.5],4,0.0
1280,14,0,32,1,0,[6 6 6 6 6],[10 10 5 5 5],[0.9 0.8 0.7 0.6 0.5],2,0.0
1281,14,0,33,1,0,[10 10 7 7 7],[9 9 9 9 9],[0.9 0.8 0.7 0.6 0.5],1,0.0
1282,14,0,34,1,0,[10 10 2 2 2],[5 5 5 5 5],[0.9 0.8 0.7 0.6 0.5],5,0.0
1283,14,0,35,1,0,[6 6 6 6 6],[10 10 5 5 5],[0.9 0.8 0.7 0.6 0.5],2,0.0
1284,14,0,36,0,0,[8 8 8 8 8],[10 10 7 7 7],[0.9 0.8 0.7 0.6 0.5],3,0.0
1285,14,0,37,0,0,[10 10 7 7 7],[9 9 9 9 9],[0.9 0.8 0.7 0.6 0.5],1,0.0
1286,14,0,38,1,0,[4 4 4 4 4],[10 10 3 3 3],[0.9 0.8 0.7 0.6 0.5],4,0.0
1287,14,0,39,1,0,[10 10 4 4 4],[7 7 7 7 7],[0.9 0.8 0.7 0.6 0.5],6,0.0
1288,14,0,40,1,0,[6 6 6 6 6],[10 10 5 5 5],[0.9 0.8 0.7 0.6 0.5],2,0.0
1289,14,0,41,1,0,[10 10 2 2 2],[5 5 5 5 5],[0.9 0.8 0.7 0.6 0.5],5,0.0
1290,14,0,42,1,0,[4 4 4 4 4],[10 10 3 3 3],[0.9 0.8 0.7 0.6 0.5],4,0.0
1291,14,0,43,1,0,[4 4 4 4 4],[10 10 3 3 3],[0.9 0.8 0.7 0.6 0.5],4,0.0
1292,14,0,44,0,0,[8 8 8 8 8],[10 10 7 7 7],[0.9 0.8 0.7 0.6 0.5],3,0.0
1293,14,0,45,0,0,[6 6 6 6 6],[10 10 5 5 5],[0.9 0.8 0.7 0.6 0.5],2,0.0
1294,14,0,46,0,0,[10 10 7 7 7],[9 9 9 9 9],[0.9 0.8 0.7 0.6 0.5],1,0.0
1295,14,0,47,1,0,[8 8 8 8 8],[10 10 7 7 7],[0.9 0.8 0.7 0.6 0.5],3,0.0
1296,14,0,48,1,0,[8 8 8 8 8],[10 10 7 7 7],[0.9 0.8 0.7 0.6 0.5],3,0.0
1297,14,0,49,1,0,[10 10 4 4 4],[7 7 7 7 7],[0.9 0.8 0.7 0.6 0.5],6,0.0
1298,14,0,50,0,0,[4 4 4 4 4],[10 10 3 3 3],[0.9 0.8 0.7 0.6 0.5],4,0.0
1299,14,0,51,0,0,[10 10 7 7 7],[9 9 9 9 9],[0.9 0.8 0.7 0.6 0.5],1,0.0
1300,14,0,52,1,0,[10 10 4 4 4],[7 7 7 7 7],[0.9 0.8 0.7 0.6 0.5],6,0.0
1301,14,0,53,1,0,[4 4 4 4 4],[10 10 3 3 3],[0.9 0.8 0.7 0.6 0.5],4,0.0
1302,14,0,54,1,0,[6 6 6 6 6],[10 10 5 5 5],[0.9 0.8 0.7 0.6 0.5],2,0.0
1303,14,0,55,1,0,[4 4 4 4 4],[10 10 3 3 3],[0.9 0.8 0.7 0.6 0.5],4,0.0
1304,14,0,56,1,0,[8 8 8 8 8],[10 10 7 7 7],[0.9 0.8 0.7 0.6 0.5],3,0.0
1305,14,0,57,0,0,[10 10 7 7 7],[9 9 9 9 9],[0.9 0.8 0.7 0.6 0.5],1,0.0
1306,14,0,58,1,0,[10 10 4 4 4],[7 7 7 7 7],[0.9 0.8 0.7 0.6 0.5],6,0.0
1307,14,0,59,1,0,[10 10 4 4 4],[7 7 7 7 7],[0.9 0.8 0.7 0.6 0.5],6,0.0
1308,14,0,60,0,0,[10 10 2 2 2],[5 5 5 5 5],[0.9 0.8 0.7 0.6 0.5],5,0.0
1309,14,0,61,0,0,[8 8 8 8 8],[10 10 7 7 7],[0.9 0.8 0.7 0.6 0.5],3,0.0
1310,14,0,62,0,0,[8 8 8 8 8],[10 10 7 7 7],[0.9 0.8 0.7 0.6 0.5],3,0.0
1311,14,0,63,1,0,[10 10 4 4 4],[7 7 7 7 7],[0.9 0.8 0.7 0.6 0.5],6,0.0
1312,14,0,64,1,0,[10 10 7 7 7],[9 9 9 9 9],[0.9 0.8 0.7 0.6 0.5],1,0.0
1313,14,0,65,1,0,[6 6 6 6 6],[10 10 5 5 5],[0.9 0.8 0.7 0.6 0.5],2,0.0
1314,14,0,66,1,0,[10 10 4 4 4],[7 7 7 7 7],[0.9 0.8 0.7 0.6 0.5],6,0.0
1315,14,0,67,1,0,[10 10 2 2 2],[5 5 5 5 5],[0.9 0.8 0.7 0.6 0.5],5,0.0
1316,14,0,68,1,0,[10 10 7 7 7],[9 9 9 9 9],[0.9 0.8 0.7 0.6 0.5],1,0.0
1317,14,0,69,1,0,[4 4 4 4 4],[10 10 3 3 3],[0.9 0.8 0.7 0.6 0.5],4,0.0
1318,14,0,70,1,0,[10 10 4 4 4],[7 7 7 7 7],[0.9 0.8 0.7 0.6 0.5],6,0.0
1319,14,0,71,0,0,[8 8 8 8 8],[10 10 7 7 7],[0.9 0.8 0.7 0.6 0.5],3,0.0
1320,14,0,72,1,0,[8 8 8 8 8],[10 10 7 7 7],[0.9 0.8 0.7 0.6 0.5],3,0.0
1321,14,0,73,1,0,[10 10 2 2 2],[5 5 5 5 5],[0.9 0.8 0.7 0.6 0.5],5,0.0
1322,14,0,74,1,0,[10 10 2 2 2],[5 5 5 5 5],[0.9 0.8 0.7 0.6 0.5],5,0.0
1323,14,0,75,1,0,[6 6 6 6 6],[10 10 5 5 5],[0.9 0.8 0.7 0.6 0.5],2,0.0
1324,14,0,76,1,0,[4 4 4 4 4],[10 10 3 3 3],[0.9 0.8 0.7 0.6 0.5],4,0.0
1325,14,0,77,1,0,[4 4 4 4 4],[10 10 3 3 3],[0.9 0.8 0.7 0.6 0.5],4,0.0
1326,14,0,78,1,0,[6 6 6 6 6],[10 10 5 5 5],[0.9 0.8 0.7 0.6 0.5],2,0.0
1327,14,0,79,0,0,[8 8 8 8 8],[10 10 7 7 7],[0.9 0.8 0.7 0.6 0.5],3,0.0
1328,14,0,80,1,0,[10 10 2 2 2],[5 5 5 5 5],[0.9 0.8 0.7 0.6 0.5],5,0.0
1329,14,0,81,1,0,[4 4 4 4 4],[10 10 3 3 3],[0.9 0.8 0.7 0.6 0.5],4,0.0
1330,14,0,82,0,0,[8 8 8 8 8],[10 10 7 7 7],[0.9 0.8 0.7 0.6 0.5],3,0.0
1331,14,0,83,1,0,[10 10 7 7 7],[9 9 9 9 9],[0.9 0.8 0.7 0.6 0.5],1,0.0
1332,14,0,84,1,0,[10 10 4 4 4],[7 7 7 7 7],[0.9 0.8 0.7 0.6 0.5],6,0.0
1333,14,0,85,0,0,[4 4 4 4 4],[10 10 3 3 3],[0.9 0.8 0.7 0.6 0.5],4,0.0
1334,14,0,86,1,0,[10 10 7 7 7],[9 9 9 9 9],[0.9 0.8 0.7 0.6 0.5],1,0.0
1335,14,0,87,1,0,[8 8 8 8 8],[10 10 7 7 7],[0.9 0.8 0.7 0.6 0.5],3,0.0
1336,14,0,88,1,0,[10 10 4 4 4],[7 7 7 7 7],[0.9 0.8 0.7 0.6 0.5],6,0.0
1337,14,0,89,1,0,[10 10 2 2 2],[5 5 5 5 5],[0.9 0.8 0.7 0.6 0.5],5,0.0
1338,14,0,90,1,0,[4 4 4 4 4],[10 10 3 3 3],[0.9 0.8 0.7 0.6 0.5],4,0.0
1339,14,0,91,1,0,[10 10 4 4 4],[7 7 7 7 7],[0.9 0.8 0.7 0.6 0.5],6,0.0
1340,14,0,92,1,0,[6 6 6 6 6],[10 10 5 5 5],[0.9 0.8 0.7 0.6 0.5],2,0.0
1341,14,0,93,1,0,[10 10 7 7 7],[9 9 9 9 9],[0.9 0.8 0.7 0.6 0.5],1,0.0
1342,14,0,94,1,0,[10 10 4 4 4],[7 7 7 7 7],[0.9 0.8 0.7 0.6 0.5],6,0.0
1343,14,0,95,1,0,[10 10 7 7 7],[9 9 9 9 9],[0.9 0.8 0.7 0.6 0.5],1,0.0
1344,15,0,0,0,0,[10 10 7 7 7],[9 9 9 9 9],[0.9 0.8 0.7 0.6 0.5],1,0.0
1345,15,0,1,1,0,[6 6 6 6 6],[10 10 5 5 5],[0.9 0.8 0.7 0.6 0.5],2,0.0
1346,15,0,2,1,0,[8 8 8 8 8],[10 10 7 7 7],[0.9 0.8 0.7 0.6 0.5],3,0.0
1347,15,0,3,0,0,[6 6 6 6 6],[10 10 5 5 5],[0.9 0.8 0.7 0.6 0.5],2,0.0
1348,15,0,4,1,0,[6 6 6 6 6],[10 10 5 5 5],[0.9 0.8 0.7 0.6 0.5],2,0.0
1349,15,0,5,0,0,[6 6 6 6 6],[10 10 5 5 5],[0.9 0.8 0.7 0.6 0.5],2,0.0
1350,15,0,6,0,0,[4 4 4 4 4],[10 10 3 3 3],[0.9 0.8 0.7 0.6 0.5],4,0.0
1351,15,0,7,0,0,[10 10 2 2 2],[5 5 5 5 5],[0.9 0.8 0.7 0.6 0.5],5,0.0
1352,15,0,8,0,0,[10 10 7 7 7],[9 9 9 9 9],[0.9 0.8 0.7 0.6 0.5],1,0.0
1353,15,0,9,0,0,[6 6 6 6 6],[10 10 5 5 5],[0.9 0.8 0.7 0.6 0.5],2,0.0
1354,15,0,10,1,0,[8 8 8 8 8],[10 10 7 7 7],[0.9 0.8 0.7 0.6 0.5],3,0.0
1355,15,0,11,0,0,[8 8 8 8 8],[10 10 7 7 7],[0.9 0.8 0.7 0.6 0.5],3,0.0
1356,15,0,12,0,0,[6 6 6 6 6],[10 10 5 5 5],[0.9 0.8 0.7 0.6 0.5],2,0.0
1357,15,0,13,1,0,[10 10 2 2 2],[5 5 5 5 5],[0.9 0.8 0.7 0.6 0.5],5,0.0
1358,15,0,14,0,0,[4 4 4 4 4],[10 10 3 3 3],[0.9 0.8 0.7 0.6 0.5],4,0.0
1359,15,0,15,1,0,[10 10 4 4 4],[7 7 7 7 7],[0.9 0.8 0.7 0.6 0.5],6,0.0
1360,15,0,16,1,0,[10 10 4 4 4],[7 7 7 7 7],[0.9 0.8 0.7 0.6 0.5],6,0.0
1361,15,0,17,1,0,[10 10 7 7 7],[9 9 9 9 9],[0.9 0.8 0.7 0.6 0.5],1,0.0
1362,15,0,18,1,0,[10 10 7 7 7],[9 9 9 9 9],[0.9 0.8 0.7 0.6 0.5],1,0.0
1363,15,0,19,1,0,[4 4 4 4 4],[10 10 3 3 3],[0.9 0.8 0.7 0.6 0.5],4,0.0
1364,15,0,20,1,0,[10 10 2 2 2],[5 5 5 5 5],[0.9 0.8 0.7 0.6 0.5],5,0.0
1365,15,0,21,1,0,[6 6 6 6 6],[10 10 5 5 5],[0.9 0.8 0.7 0.6 0.5],2,0.0
1366,15,0,22,0,0,[10 10 7 7 7],[9 9 9 9 9],[0.9 0.8 0.7 0.6 0.5],1,0.0
1367,15,0,23,0,0,[10 10 4 4 4],[7 7 7 7 7],[0.9 0.8 0.7 0.6 0.5],6,0.0
1368,15,0,24,0,0,[10 10 2 2 2],[5 5 5 5 5],[0.9 0.8 0.7 0.6 0.5],5,0.0
1369,15,0,25,1,0,[10 10 2 2 2],[5 5 5 5 5],[0.9 0.8 0.7 0.6 0.5],5,0.0
1370,15,0,26,1,0,[8 8 8 8 8],[10 10 7 7 7],[0.9 0.8 0.7 0.6 0.5],3,0.0
1371,15,0,27,1,0,[10 10 2 2 2],[5 5 5 5 5],[0.9 0.8 0.7 0.6 0.5],5,0.0
1372,15,0,28,1,0,[10 10 4 4 4],[7 7 7 7 7],[0.9 0.8 0.7 0.6 0.5],6,0.0
1373,15,0,29,0,0,[10 10 2 2 2],[5 5 5 5 5],[0.9 0.8 0.7 0.6 0.5],5,0.0
1374,15,0,30,1,0,[10 10 2 2 2],[5 5 5 5 5],[0.9 0.8 0.7 0.6 0.5],5,0.0
1375,15,0,31,1,0,[4 4 4 4 4],[10 10 3 3 3],[0.9 0.8 0.7 0.6 0.5],4,0.0
1376,15,0,32,1,0,[6 6 6 6 6],[10 10 5 5 5],[0.9 0.8 0.7 0.6 0.5],2,0.0
1377,15,0,33,1,0,[10 10 7 7 7],[9 9 9 9 9],[0.9 0.8 0.7 0.6 0.5],1,0.0
1378,15,0,34,1,0,[10 10 2 2 2],[5 5 5 5 5],[0.9 0.8 0.7 0.6 0.5],5,0.0
1379,15,0,35,1,0,[6 6 6 6 6],[10 10 5 5 5],[0.9 0.8 0.7 0.6 0.5],2,0.0
1380,15,0,36,0,0,[8 8 8 8 8],[10 10 7 7 7],[0.9 0.8 0.7 0.6 0.5],3,0.0
1381,15,0,37,1,0,[10 10 7 7 7],[9 9 9 9 9],[0.9 0.8 0.7 0.6 0.5],1,0.0
1382,15,0,38,0,0,[4 4 4 4 4],[10 10 3 3 3],[0.9 0.8 0.7 0.6 0.5],4,0.0
1383,15,0,39,1,0,[10 10 4 4 4],[7 7 7 7 7],[0.9 0.8 0.7 0.6 0.5],6,0.0
1384,15,0,40,0,0,[6 6 6 6 6],[10 10 5 5 5],[0.9 0.8 0.7 0.6 0.5],2,0.0
1385,15,0,41,1,0,[10 10 2 2 2],[5 5 5 5 5],[0.9 0.8 0.7 0.6 0.5],5,0.0
1386,15,0,42,1,0,[4 4 4 4 4],[10 10 3 3 3],[0.9 0.8 0.7 0.6 0.5],4,0.0
1387,15,0,43,1,0,[4 4 4 4 4],[10 10 3 3 3],[0.9 0.8 0.7 0.6 0.5],4,0.0
1388,15,0,44,1,0,[8 8 8 8 8],[10 10 7 7 7],[0.9 0.8 0.7 0.6 0.5],3,0.0
1389,15,0,45,1,0,[6 6 6 6 6],[10 10 5 5 5],[0.9 0.8 0.7 0.6 0.5],2,0.0
1390,15,0,46,0,0,[10 10 7 7 7],[9 9 9 9 9],[0.9 0.8 0.7 0.6 0.5],1,0.0
1391,15,0,47,1,0,[8 8 8 8 8],[10 10 7 7 7],[0.9 0.8 0.7 0.6 0.5],3,0.0
1392,15,0,48,0,0,[8 8 8 8 8],[10 10 7 7 7],[0.9 0.8 0.7 0.6 0.5],3,0.0
1393,15,0,49,1,0,[10 10 4 4 4],[7 7 7 7 7],[0.9 0.8 0.7 0.6 0.5],6,0.0
1394,15,0,50,1,0,[4 4 4 4 4],[10 10 3 3 3],[0.9 0.8 0.7 0.6 0.5],4,0.0
1395,15,0,51,0,0,[10 10 7 7 7],[9 9 9 9 9],[0.9 0.8 0.7 0.6 0.5],1,0.0
1396,15,0,52,0,0,[10 10 4 4 4],[7 7 7 7 7],[0.9 0.8 0.7 0.6 0.5],6,0.0
1397,15,0,53,0,0,[4 4 4 4 4],[10 10 3 3 3],[0.9 0.8 0.7 0.6 0.5],4,0.0
1398,15,0,54,1,0,[6 6 6 6 6],[10 10 5 5 5],[0.9 0.8 0.7 0.6 0.5],2,0.0
1399,15,0,55,1,0,[4 4 4 4 4],[10 10 3 3 3],[0.9 0.8 0.7 0.6 0.5],4,0.0
1400,15,0,56,1,0,[8 8 8 8 8],[10 10 7 7 7],[0.9 0.8 0.7 0.6 0.5],3,0.0
1401,15,0,57,0,0,[10 10 7 7 7],[9 9 9 9 9],[0.9 0.8 0.7 0.6 0.5],1,0.0
1402,15,0,58,0,0,[10 10 4 4 4],[7 7 7 7 7],[0.9 0.8 0.7 0.6 0.5],6,0.0
1403,15,0,59,1,0,[10 10 4 4 4],[7 7 7 7 7],[0.9 0.8 0.7 0.6 0.5],6,0.0
1404,15,0,60,1,0,[10 10 2 2 2],[5 5 5 5 5],[0.9 0.8 0.7 0.6 0.5],5,0.0
1405,15,0,61,1,0,[8 8 8 8 8],[10 10 7 7 7],[0.9 0.8 0.7 0.6 0.5],3,0.0
1406,15,0,62,0,0,[8 8 8 8 8],[10 10 7 7 7],[0.9 0.8 0.7 0.6 0.5],3,0.0
1407,15,0,63,0,0,[10 10 4 4 4],[7 7 7 7 7],[0.9 0.8 0.7 0.6 0.5],6,0.0
1408,15,0,64,0,0,[10 10 7 7 7],[9 9 9 9 9],[0.9 0.8 0.7 0.6 0.5],1,0.0
1409,15,0,65,0,0,[6 6 6 6 6],[10 10 5 5 5],[0.9 0.8 0.7 0.6 0.5],2,0.0
1410,15,0,66,0,0,[10 10 4 4 4],[7 7 7 7 7],[0.9 0.8 0.7 0.6 0.5],6,0.0
1411,15,0,67,1,0,[10 10 2 2 2],[5 5 5 5 5],[0.9 0.8 0.7 0.6 0.5],5,0.0
1412,15,0,68,1,0,[10 10 7 7 7],[9 9 9 9 9],[0.9 0.8 0.7 0.6 0.5],1,0.0
1413,15,0,69,1,0,[4 4 4 4 4],[10 10 3 3 3],[0.9 0.8 0.7 0.6 0.5],4,0.0
1414,15,0,70,0,0,[10 10 4 4 4],[7 7 7 7 7],[0.9 0.8 0.7 0.6 0.5],6,0.0
1415,15,0,71,0,0,[8 8 8 8 8],[10 10 7 7 7],[0.9 0.8 0.7 0.6 0.5],3,0.0
1416,15,0,72,1,0,[8 8 8 8 8],[10 10 7 7 7],[0.9 0.8 0.7 0.6 0.5],3,0.0
1417,15,0,73,1,0,[10 10 2 2 2],[5 5 5 5 5],[0.9 0.8 0.7 0.6 0.5],5,0.0
1418,15,0,74,1,0,[10 10 2 2 2],[5 5 5 5 5],[0.9 0.8 0.7 0.6 0.5],5,0.0
1419,15,0,75,1,0,[6 6 6 6 6],[10 10 5 5 5],[0.9 0.8 0.7 0.6 0.5],2,0.0
1420,15,0,76,1,0,[4 4 4 4 4],[10 10 3 3 3],[0.9 0.8 0.7 0.6 0.5],4,0.0
1421,15,0,77,0,0,[4 4 4 4 4],[10 10 3 3 3],[0.9 0.8 0.7 0.6 0.5],4,0.0
1422,15,0,78,1,0,[6 6 6 6 6],[10 10 5 5 5],[0.9 0.8 0.7 0.6 0.5],2,0.0
1423,15,0,79,1,0,[8 8 8 8 8],[10 10 7 7 7],[0.9 0.8 0.7 0.6 0.5],3,0.0
1424,15,0,80,0,0,[10 10 2 2 2],[5 5 5 5 5],[0.9 0.8 0.7 0.6 0.5],5,0.0
1425,15,0,81,1,0,[4 4 4 4 4],[10 10 3 3 3],[0.9 0.8 0.7 0.6 0.5],4,0.0
1426,15,0,82,1,0,[8 8 8 8 8],[10 10 7 7 7],[0.9 0.8 0.7 0.6 0.5],3,0.0
1427,15,0,83,1,0,[10 10 7 7 7],[9 9 9 9 9],[0.9 0.8 0.7 0.6 0.5],1,0.0
1428,15,0,84,0,0,[10 10 4 4 4],[7 7 7 7 7],[0.9 0.8 0.7 0.6 0.5],6,0.0
1429,15,0,85,0,0,[4 4 4 4 4],[10 10 3 3 3],[0.9 0.8 0.7 0.6 0.5],4,0.0
1430,15,0,86,1,0,[10 10 7 7 7],[9 9 9 9 9],[0.9 0.8 0.7 0.6 0.5],1,0.0
1431,15,0,87,0,0,[8 8 8 8 8],[10 10 7 7 7],[0.9 0.8 0.7 0.6 0.5],3,0.0
1432,15,0,88,0,0,[10 10 4 4 4],[7 7 7 7 7],[0.9 0.8 0.7 0.6 0.5],6,0.0
1433,15,0,89,1,0,[10 10 2 2 2],[5 5 5 5 5],[0.9 0.8 0.7 0.6 0.5],5,0.0
1434,15,0,90,0,0,[4 4 4 4 4],[10 10 3 3 3],[0.9 0.8 0.7 0.6 0.5],4,0.0
1435,15,0,91,0,0,[10 10 4 4 4],[7 7 7 7 7],[0.9 0.8 0.7 0.6 0.5],6,0.0
1436,15,0,92,1,0,[6 6 6 6 6],[10 10 5 5 5],[0.9 0.8 0.7 0.6 0.5],2,0.0
1437,15,0,93,1,0,[10 10 7 7 7],[9 9 9 9 9],[0.9 0.8 0.7 0.6 0.5],1,0.0
1438,15,0,94,0,0,[10 10 4 4 4],[7 7 7 7 7],[0.9 0.8 0.7 0.6 0.5],6,0.0
1439,15,0,95,1,0,[10 10 7 7 7],[9 9 9 9 9],[0.9 0.8 0.7 0.6 0.5],1,0.0
1440,16,0,0,0,0,[10 10 7 7 7],[9 9 9 9 9],[0.9 0.8 0.7 0.6 0.5],1,0.0
1441,16,0,1,1,0,[6 6 6 6 6],[10 10 5 5 5],[0.9 0.8 0.7 0.6 0.5],2,0.0
1442,16,0,2,0,0,[8 8 8 8 8],[10 10 7 7 7],[0.9 0.8 0.7 0.6 0.5],3,0.0
1443,16,0,3,1,0,[6 6 6 6 6],[10 10 5 5 5],[0.9 0.8 0.7 0.6 0.5],2,0.0
1444,16,0,4,1,0,[6 6 6 6 6],[10 10 5 5 5],[0.9 0.8 0.7 0.6 0.5],2,0.0
1445,16,0,5,0,0,[6 6 6 6 6],[10 10 5 5 5],[0.9 0.8 0.7 0.6 0.5],2,0.0
1446,16,0,6,0,0,[4 4 4 4 4],[10 10 3 3 3],[0.9 0.8 0.7 0.6 0.5],4,0.0
1447,16,0,7,0,0,[10 10 2 2 2],[5 5 5 5 5],[0.9 0.8 0.7 0.6 0.5],5,0.0
1448,16,0,8,0,0,[10 10 7 7 7],[9 9 9 9 9],[0.9 0.8 0.7 0.6 0.5],1,0.0
1449,16,0,9,0,0,[6 6 6 6 6],[10 10 5 5 5],[0.9 0.8 0.7 0.6 0.5],2,0.0
1450,16,0,10,0,0,[8 8 8 8 8],[10 10 7 7 7],[0.9 0.8 0.7 0.6 0.5],3,0.0
1451,16,0,11,1,0,[8 8 8 8 8],[10 10 7 7 7],[0.9 0.8 0.7 0.6 0.5],3,0.0
1452,16,0,12,0,0,[6 6 6 6 6],[10 10 5 5 5],[0.9 0.8 0.7 0.6 0.5],2,0.0
1453,16,0,13,1,0,[10 10 2 2 2],[5 5 5 5 5],[0.9 0.8 0.7 0.6 0.5],5,0.0
1454,16,0,14,0,0,[4 4 4 4 4],[10 10 3 3 3],[0.9 0.8 0.7 0.6 0.5],4,0.0
1455,16,0,15,1,0,[10 10 4 4 4],[7 7 7 7 7],[0.9 0.8 0.7 0.6 0.5],6,0.0
1456,16,0,16,0,0,[10 10 4 4 4],[7 7 7 7 7],[0.9 0.8 0.7 0.6 0.5],6,0.0
1457,16,0,17,1,0,[10 10 7 7 7],[9 9 9 9 9],[0.9 0.8 0.7 0.6 0.5],1,0.0
1458,16,0,18,1,0,[10 10 7 7 7],[9 9 9 9 9],[0.9 0.8 0.7 0.6 0.5],1,0.0
1459,16,0,19,0,0,[4 4 4 4 4],[10 10 3 3 3],[0.9 0.8 0.7 0.6 0.5],4,0.0
1460,16,0,20,0,0,[10 10 2 2 2],[5 5 5 5 5],[0.9 0.8 0.7 0.6 0.5],5,0.0
1461,16,0,21,1,0,[6 6 6 6 6],[10 10 5 5 5],[0.9 0.8 0.7 0.6 0.5],2,0.0
1462,16,0,22,0,0,[10 10 7 7 7],[9 9 9 9 9],[0.9 0.8 0.7 0.6 0.5],1,0.0
1463,16,0,23,0,0,[10 10 4 4 4],[7 7 7 7 7],[0.9 0.8 0.7 0.6 0.5],6,0.0
1464,16,0,24,1,0,[10 10 2 2 2],[5 5 5 5 5],[0.9 0.8 0.7 0.6 0.5],5,0.0
1465,16,0,25,0,0,[10 10 2 2 2],[5 5 5 5 5],[0.9 0.8 0.7 0.6 0.5],5,0.0
1466,16,0,26,0,0,[8 8 8 8 8],[10 10 7 7 7],[0.9 0.8 0.7 0.6 0.5],3,0.0
1467,16,0,27,0,0,[10 10 2 2 2],[5 5 5 5 5],[0.9 0.8 0.7 0.6 0.5],5,0.0
1468,16,0,28,1,0,[10 10 4 4 4],[7 7 7 7 7],[0.9 0.8 0.7 0.6 0.5],6,0.0
1469,16,0,29,1,0,[10 10 2 2 2],[5 5 5 5 5],[0.9 0.8 0.7 0.6 0.5],5,0.0
1470,16,0,30,0,0,[10 10 2 2 2],[5 5 5 5 5],[0.9 0.8 0.7 0.6 0.5],5,0.0
1471,16,0,31,0,0,[4 4 4 4 4],[10 10 3 3 3],[0.9 0.8 0.7 0.6 0.5],4,0.0
1472,16,0,32,0,0,[6 6 6 6 6],[10 10 5 5 5],[0.9 0.8 0.7 0.6 0.5],2,0.0
1473,16,0,33,1,0,[10 10 7 7 7],[9 9 9 9 9],[0.9 0.8 0.7 0.6 0.5],1,0.0
1474,16,0,34,0,0,[10 10 2 2 2],[5 5 5 5 5],[0.9 0.8 0.7 0.6 0.5],5,0.0
1475,16,0,35,0,0,[6 6 6 6 6],[10 10 5 5 5],[0.9 0.8 0.7 0.6 0.5],2,0.0
1476,16,0,36,1,0,[8 8 8 8 8],[10 10 7 7 7],[0.9 0.8 0.7 0.6 0.5],3,0.0
1477,16,0,37,1,0,[10 10 7 7 7],[9 9 9 9 9],[0.9 0.8 0.7 0.6 0.5],1,0.0
1478,16,0,38,1,0,[4 4 4 4 4],[10 10 3 3 3],[0.9 0.8 0.7 0.6 0.5],4,0.0
1479,16,0,39,1,0,[10 10 4 4 4],[7 7 7 7 7],[0.9 0.8 0.7 0.6 0.5],6,0.0
1480,16,0,40,0,0,[6 6 6 6 6],[10 10 5 5 5],[0.9 0.8 0.7 0.6 0.5],2,0.0
1481,16,0,41,0,0,[10 10 2 2 2],[5 5 5 5 5],[0.9 0.8 0.7 0.6 0.5],5,0.0
1482,16,0,42,0,0,[4 4 4 4 4],[10 10 3 3 3],[0.9 0.8 0.7 0.6 0.5],4,0.0
1483,16,0,43,0,0,[4 4 4 4 4],[10 10 3 3 3],[0.9 0.8 0.7 0.6 0.5],4,0.0
1484,16,0,44,0,0,[8 8 8 8 8],[10 10 7 7 7],[0.9 0.8 0.7 0.6 0.5],3,0.0
1485,16,0,45,1,0,[6 6 6 6 6],[10 10 5 5 5],[0.9 0.8 0.7 0.6 0.5],2,0.0
1486,16,0,46,0,0,[10 10 7 7 7],[9 9 9 9 9],[0.9 0.8 0.7 0.6 0.5],1,0.0
1487,16,0,47,0,0,[8 8 8 8 8],[10 10 7 7 7],[0.9 0.8 0.7 0.6 0.5],3,0.0
1488,16,0,48,1,0,[8 8 8 8 8],[10 10 7 7 7],[0.9 0.8 0.7 0.6 0.5],3,0.0
1489,16,0,49,1,0,[10 10 4 4 4],[7 7 7 7 7],[0.9 0.8 0.7 0.6 0.5],6,0.0
1490,16,0,50,0,0,[4 4 4 4 4],[10 10 3 3 3],[0.9 0.8 0.7 0.6 0.5],4,0.0
1491,16,0,51,0,0,[10 10 7 7 7],[9 9 9 9 9],[0.9 0.8 0.7 0.6 0.5],1,0.0
1492,16,0,52,0,0,[10 10 4 4 4],[7 7 7 7 7],[0.9 0.8 0.7 0.6 0.5],6,0.0
1493,16,0,53,0,0,[4 4 4 4 4],[10 10 3 3 3],[0.9 0.8 0.7 0.6 0.5],4,0.0
1494,16,0,54,1,0,[6 6 6 6 6],[10 10 5 5 5],[0.9 0.8 0.7 0.6 0.5],2,0.0
1495,16,0,55,1,0,[4 4 4 4 4],[10 10 3 3 3],[0.9 0.8 0.7 0.6 0.5],4,0.0
1496,16,0,56,0,0,[8 8 8 8 8],[10 10 7 7 7],[0.9 0.8 0.7 0.6 0.5],3,0.0
1497,16,0,57,0,0,[10 10 7 7 7],[9 9 9 9 9],[0.9 0.8 0.7 0.6 0.5],1,0.0
1498,16,0,58,0,0,[10 10 4 4 4],[7 7 7 7 7],[0.9 0.8 0.7 0.6 0.5],6,0.0
1499,16,0,59,1,0,[10 10 4 4 4],[7 7 7 7 7],[0.9 0.8 0.7 0.6 0.5],6,0.0
1500,16,0,60,0,0,[10 10 2 2 2],[5 5 5 5 5],[0.9 0.8 0.7 0.6 0.5],5,0.0
1501,16,0,61,0,0,[8 8 8 8 8],[10 10 7 7 7],[0.9 0.8 0.7 0.6 0.5],3,0.0
1502,16,0,62,0,0,[8 8 8 8 8],[10 10 7 7 7],[0.9 0.8 0.7 0.6 0.5],3,0.0
1503,16,0,63,0,0,[10 10 4 4 4],[7 7 7 7 7],[0.9 0.8 0.7 0.6 0.5],6,0.0
1504,16,0,64,0,0,[10 10 7 7 7],[9 9 9 9 9],[0.9 0.8 0.7 0.6 0.5],1,0.0
1505,16,0,65,0,0,[6 6 6 6 6],[10 10 5 5 5],[0.9 0.8 0.7 0.6 0.5],2,0.0
1506,16,0,66,0,0,[10 10 4 4 4],[7 7 7 7 7],[0.9 0.8 0.7 0.6 0.5],6,0.0
1507,16,0,67,0,0,[10 10 2 2 2],[5 5 5 5 5],[0.9 0.8 0.7 0.6 0.5],5,0.0
1508,16,0,68,1,0,[10 10 7 7 7],[9 9 9 9 9],[0.9 0.8 0.7 0.6 0.5],1,0.0
1509,16,0,69,1,0,[4 4 4 4 4],[10 10 3 3 3],[0.9 0.8 0.7 0.6 0.5],4,0.0
1510,16,0,70,0,0,[10 10 4 4 4],[7 7 7 7 7],[0.9 0.8 0.7 0.6 0.5],6,0.0
1511,16,0,71,1,0,[8 8 8 8 8],[10 10 7 7 7],[0.9 0.8 0.7 0.6 0.5],3,0.0
1512,16,0,72,1,0,[8 8 8 8 8],[10 10 7 7 7],[0.9 0.8 0.7 0.6 0.5],3,0.0
1513,16,0,73,0,0,[10 10 2 2 2],[5 5 5 5 5],[0.9 0.8 0.7 0.6 0.5],5,0.0
1514,16,0,74,0,0,[10 10 2 2 2],[5 5 5 5 5],[0.9 0.8 0.7 0.6 0.5],5,0.0
1515,16,0,75,1,0,[6 6 6 6 6],[10 10 5 5 5],[0.9 0.8 0.7 0.6 0.5],2,0.0
1516,16,0,76,1,0,[4 4 4 4 4],[10 10 3 3 3],[0.9 0.8 0.7 0.6 0.5],4,0.0
1517,16,0,77,0,0,[4 4 4 4 4],[10 10 3 3 3],[0.9 0.8 0.7 0.6 0.5],4,0.0
1518,16,0,78,1,0,[6 6 6 6 6],[10 10 5 5 5],[0.9 0.8 0.7 0.6 0.5],2,0.0
1519,16,0,79,0,0,[8 8 8 8 8],[10 10 7 7 7],[0.9 0.8 0.7 0.6 0.5],3,0.0
1520,16,0,80,1,0,[10 10 2 2 2],[5 5 5 5 5],[0.9 0.8 0.7 0.6 0.5],5,0.0
1521,16,0,81,1,0,[4 4 4 4 4],[10 10 3 3 3],[0.9 0.8 0.7 0.6 0.5],4,0.0
1522,16,0,82,0,0,[8 8 8 8 8],[10 10 7 7 7],[0.9 0.8 0.7 0.6 0.5],3,0.0
1523,16,0,83,1,0,[10 10 7 7 7],[9 9 9 9 9],[0.9 0.8 0.7 0.6 0.5],1,0.0
1524,16,0,84,0,0,[10 10 4 4 4],[7 7 7 7 7],[0.9 0.8 0.7 0.6 0.5],6,0.0
1525,16,0,85,0,0,[4 4 4 4 4],[10 10 3 3 3],[0.9 0.8 0.7 0.6 0.5],4,0.0
1526,16,0,86,1,0,[10 10 7 7 7],[9 9 9 9 9],[0.9 0.8 0.7 0.6 0.5],1,0.0
1527,16,0,87,1,0,[8 8 8 8 8],[10 10 7 7 7],[0.9 0.8 0.7 0.6 0.5],3,0.0
1528,16,0,88,0,0,[10 10 4 4 4],[7 7 7 7 7],[0.9 0.8 0.7 0.6 0.5],6,0.0
1529,16,0,89,0,0,[10 10 2 2 2],[5 5 5 5 5],[0.9 0.8 0.7 0.6 0.5],5,0.0
1530,16,0,90,0,0,[4 4 4 4 4],[10 10 3 3 3],[0.9 0.8 0.7 0.6 0.5],4,0.0
1531,16,0,91,0,0,[10 10 4 4 4],[7 7 7 7 7],[0.9 0.8 0.7 0.6 0.5],6,0.0
1532,16,0,92,1,0,[6 6 6 6 6],[10 10 5 5 5],[0.9 0.8 0.7 0.6 0.5],2,0.0
1533,16,0,93,1,0,[10 10 7 7 7],[9 9 9 9 9],[0.9 0.8 0.7 0.6 0.5],1,0.0
1534,16,0,94,0,0,[10 10 4 4 4],[7 7 7 7 7],[0.9 0.8 0.7 0.6 0.5],6,0.0
1535,16,0,95,1,0,[10 10 7 7 7],[9 9 9 9 9],[0.9 0.8 0.7 0.6 0.5],1,0.0
1536,17,0,0,1,0,[10 10 7 7 7],[9 9 9 9 9],[0.9 0.8 0.7 0.6 0.5],1,0.0
1537,17,0,1,1,0,[6 6 6 6 6],[10 10 5 5 5],[0.9 0.8 0.7 0.6 0.5],2,0.0
1538,17,0,2,0,0,[8 8 8 8 8],[10 10 7 7 7],[0.9 0.8 0.7 0.6 0.5],3,0.0
1539,17,0,3,0,0,[6 6 6 6 6],[10 10 5 5 5],[0.9 0.8 0.7 0.6 0.5],2,0.0
1540,17,0,4,0,0,[6 6 6 6 6],[10 10 5 5 5],[0.9 0.8 0.7 0.6 0.5],2,0.0
1541,17,0,5,1,0,[6 6 6 6 6],[10 10 5 5 5],[0.9 0.8 0.7 0.6 0.5],2,0.0
1542,17,0,6,0,0,[4 4 4 4 4],[10 10 3 3 3],[0.9 0.8 0.7 0.6 0.5],4,0.0
1543,17,0,7,1,0,[10 10 2 2 2],[5 5 5 5 5],[0.9 0.8 0.7 0.6 0.5],5,0.0
1544,17,0,8,0,0,[10 10 7 7 7],[9 9 9 9 9],[0.9 0.8 0.7 0.6 0.5],1,0.0
1545,17,0,9,0,0,[6 6 6 6 6],[10 10 5 5 5],[0.9 0.8 0.7 0.6 0.5],2,0.0
1546,17,0,10,0,0,[8 8 8 8 8],[10 10 7 7 7],[0.9 0.8 0.7 0.6 0.5],3,0.0
1547,17,0,11,1,0,[8 8 8 8 8],[10 10 7 7 7],[0.9 0.8 0.7 0.6 0.5],3,0.0
1548,17,0,12,0,0,[6 6 6 6 6],[10 10 5 5 5],[0.9 0.8 0.7 0.6 0.5],2,0.0
1549,17,0,13,1,0,[10 10 2 2 2],[5 5 5 5 5],[0.9 0.8 0.7 0.6 0.5],5,0.0
1550,17,0,14,0,0,[4 4 4 4 4],[10 10 3 3 3],[0.9 0.8 0.7 0.6 0.5],4,0.0
1551,17,0,15,1,0,[10 10 4 4 4],[7 7 7 7 7],[0.9 0.8 0.7 0.6 0.5],6,0.0
1552,17,0,16,0,0,[10 10 4 4 4],[7 7 7 7 7],[0.9 0.8 0.7 0.6 0.5],6,0.0
1553,17,0,17,1,0,[10 10 7 7 7],[9 9 9 9 9],[0.9 0.8 0.7 0.6 0.5],1,0.0
1554,17,0,18,1,0,[10 10 7 7 7],[9 9 9 9 9],[0.9 0.8 0.7 0.6 0.5],1,0.0
1555,17,0,19,1,0,[4 4 4 4 4],[10 10 3 3 3],[0.9 0.8 0.7 0.6 0.5],4,0.0
1556,17,0,20,0,0,[10 10 2 2 2],[5 5 5 5 5],[0.9 0.8 0.7 0.6 0.5],5,0.0
1557,17,0,21,0,0,[6 6 6 6 6],[10 10 5 5 5],[0.9 0.8 0.7 0.6 0.5],2,0.0
1558,17,0,22,0,0,[10 10 7 7 7],[9 9 9 9 9],[0.9 0.8 0.7 0.6 0.5],1,0.0
1559,17,0,23,0,0,[10 10 4 4 4],[7 7 7 7 7],[0.9 0.8 0.7 0.6 0.5],6,0.0
1560,17,0,24,0,0,[10 10 2 2 2],[5 5 5 5 5],[0.9 0.8 0.7 0.6 0.5],5,0.0
1561,17,0,25,1,0,[10 10 2 2 2],[5 5 5 5 5],[0.9 0.8 0.7 0.6 0.5],5,0.0
1562,17,0,26,0,0,[8 8 8 8 8],[10 10 7 7 7],[0.9 0.8 0.7 0.6 0.5],3,0.0
1563,17,0,27,1,0,[10 10 2 2 2],[5 5 5 5 5],[0.9 0.8 0.7 0.6 0.5],5,0.0
1564,17,0,28,1,0,[10 10 4 4 4],[7 7 7 7 7],[0.9 0.8 0.7 0.6 0.5],6,0.0
1565,17,0,29,0,0,[10 10 2 2 2],[5 5 5 5 5],[0.9 0.8 0.7 0.6 0.5],5,0.0
1566,17,0,30,1,0,[10 10 2 2 2],[5 5 5 5 5],[0.9 0.8 0.7 0.6 0.5],5,0.0
1567,17,0,31,1,0,[4 4 4 4 4],[10 10 3 3 3],[0.9 0.8 0.7 0.6 0.5],4,0.0
1568,17,0,32,0,0,[6 6 6 6 6],[10 10 5 5 5],[0.9 0.8 0.7 0.6 0.5],2,0.0
1569,17,0,33,1,0,[10 10 7 7 7],[9 9 9 9 9],[0.9 0.8 0.7 0.6 0.5],1,0.0
1570,17,0,34,0,0,[10 10 2 2 2],[5 5 5 5 5],[0.9 0.8 0.7 0.6 0.5],5,0.0
1571,17,0,35,0,0,[6 6 6 6 6],[10 10 5 5 5],[0.9 0.8 0.7 0.6 0.5],2,0.0
1572,17,0,36,1,0,[8 8 8 8 8],[10 10 7 7 7],[0.9 0.8 0.7 0.6 0.5],3,0.0
1573,17,0,37,1,0,[10 10 7 7 7],[9 9 9 9 9],[0.9 0.8 0.7 0.6 0.5],1,0.0
1574,17,0,38,0,0,[4 4 4 4 4],[10 10 3 3 3],[0.9 0.8 0.7 0.6 0.5],4,0.0
1575,17,0,39,1,0,[10 10 4 4 4],[7 7 7 7 7],[0.9 0.8 0.7 0.6 0.5],6,0.0
1576,17,0,40,0,0,[6 6 6 6 6],[10 10 5 5 5],[0.9 0.8 0.7 0.6 0.5],2,0.0
1577,17,0,41,0,0,[10 10 2 2 2],[5 5 5 5 5],[0.9 0.8 0.7 0.6 0.5],5,0.0
1578,17,0,42,1,0,[4 4 4 4 4],[10 10 3 3 3],[0.9 0.8 0.7 0.6 0.5],4,0.0
1579,17,0,43,1,0,[4 4 4 4 4],[10 10 3 3 3],[0.9 0.8 0.7 0.6 0.5],4,0.0
1580,17,0,44,0,0,[8 8 8 8 8],[10 10 7 7 7],[0.9 0.8 0.7 0.6 0.5],3,0.0
1581,17,0,45,0,0,[6 6 6 6 6],[10 10 5 5 5],[0.9 0.8 0.7 0.6 0.5],2,0.0
1582,17,0,46,0,0,[10 10 7 7 7],[9 9 9 9 9],[0.9 0.8 0.7 0.6 0.5],1,0.0
1583,17,0,47,0,0,[8 8 8 8 8],[10 10 7 7 7],[0.9 0.8 0.7 0.6 0.5],3,0.0
1584,17,0,48,1,0,[8 8 8 8 8],[10 10 7 7 7],[0.9 0.8 0.7 0.6 0.5],3,0.0
1585,17,0,49,1,0,[10 10 4 4 4],[7 7 7 7 7],[0.9 0.8 0.7 0.6 0.5],6,0.0
1586,17,0,50,1,0,[4 4 4 4 4],[10 10 3 3 3],[0.9 0.8 0.7 0.6 0.5],4,0.0
1587,17,0,51,0,0,[10 10 7 7 7],[9 9 9 9 9],[0.9 0.8 0.7 0.6 0.5],1,0.0
1588,17,0,52,0,0,[10 10 4 4 4],[7 7 7 7 7],[0.9 0.8 0.7 0.6 0.5],6,0.0
1589,17,0,53,0,0,[4 4 4 4 4],[10 10 3 3 3],[0.9 0.8 0.7 0.6 0.5],4,0.0
1590,17,0,54,0,0,[6 6 6 6 6],[10 10 5 5 5],[0.9 0.8 0.7 0.6 0.5],2,0.0
1591,17,0,55,1,0,[4 4 4 4 4],[10 10 3 3 3],[0.9 0.8 0.7 0.6 0.5],4,0.0
1592,17,0,56,0,0,[8 8 8 8 8],[10 10 7 7 7],[0.9 0.8 0.7 0.6 0.5],3,0.0
1593,17,0,57,1,0,[10 10 7 7 7],[9 9 9 9 9],[0.9 0.8 0.7 0.6 0.5],1,0.0
1594,17,0,58,0,0,[10 10 4 4 4],[7 7 7 7 7],[0.9 0.8 0.7 0.6 0.5],6,0.0
1595,17,0,59,1,0,[10 10 4 4 4],[7 7 7 7 7],[0.9 0.8 0.7 0.6 0.5],6,0.0
1596,17,0,60,0,0,[10 10 2 2 2],[5 5 5 5 5],[0.9 0.8 0.7 0.6 0.5],5,0.0
1597,17,0,61,1,0,[8 8 8 8 8],[10 10 7 7 7],[0.9 0.8 0.7 0.6 0.5],3,0.0
1598,17,0,62,1,0,[8 8 8 8 8],[10 10 7 7 7],[0.9 0.8 0.7 0.6 0.5],3,0.0
1599,17,0,63,0,0,[10 10 4 4 4],[7 7 7 7 7],[0.9 0.8 0.7 0.6 0.5],6,0.0
1600,17,0,64,0,0,[10 10 7 7 7],[9 9 9 9 9],[0.9 0.8 0.7 0.6 0.5],1,0.0
1601,17,0,65,0,0,[6 6 6 6 6],[10 10 5 5 5],[0.9 0.8 0.7 0.6 0.5],2,0.0
1602,17,0,66,0,0,[10 10 4 4 4],[7 7 7 7 7],[0.9 0.8 0.7 0.6 0.5],6,0.0
1603,17,0,67,1,0,[10 10 2 2 2],[5 5 5 5 5],[0.9 0.8 0.7 0.6 0.5],5,0.0
1604,17,0,68,1,0,[10 10 7 7 7],[9 9 9 9 9],[0.9 0.8 0.7 0.6 0.5],1,0.0
1605,17,0,69,1,0,[4 4 4 4 4],[10 10 3 3 3],[0.9 0.8 0.7 0.6 0.5],4,0.0
1606,17,0,70,0,0,[10 10 4 4 4],[7 7 7 7 7],[0.9 0.8 0.7 0.6 0.5],6,0.0
1607,17,0,71,1,0,[8 8 8 8 8],[10 10 7 7 7],[0.9 0.8 0.7 0.6 0.5],3,0.0
1608,17,0,72,1,0,[8 8 8 8 8],[10 10 7 7 7],[0.9 0.8 0.7 0.6 0.5],3,0.0
1609,17,0,73,1,0,[10 10 2 2 2],[5 5 5 5 5],[0.9 0.8 0.7 0.6 0.5],5,0.0
1610,17,0,74,1,0,[10 10 2 2 2],[5 5 5 5 5],[0.9 0.8 0.7 0.6 0.5],5,0.0
1611,17,0,75,0,0,[6 6 6 6 6],[10 10 5 5 5],[0.9 0.8 0.7 0.6 0.5],2,0.0
1612,17,0,76,1,0,[4 4 4 4 4],[10 10 3 3 3],[0.9 0.8 0.7 0.6 0.5],4,0.0
1613,17,0,77,0,0,[4 4 4 4 4],[10 10 3 3 3],[0.9 0.8 0.7 0.6 0.5],4,0.0
1614,17,0,78,1,0,[6 6 6 6 6],[10 10 5 5 5],[0.9 0.8 0.7 0.6 0.5],2,0.0
1615,17,0,79,0,0,[8 8 8 8 8],[10 10 7 7 7],[0.9 0.8 0.7 0.6 0.5],3,0.0
1616,17,0,80,0,0,[10 10 2 2 2],[5 5 5 5 5],[0.9 0.8 0.7 0.6 0.5],5,0.0
1617,17,0,81,1,0,[4 4 4 4 4],[10 10 3 3 3],[0.9 0.8 0.7 0.6 0.5],4,0.0
1618,17,0,82,0,0,[8 8 8 8 8],[10 10 7 7 7],[0.9 0.8 0.7 0.6 0.5],3,0.0
1619,17,0,83,1,0,[10 10 7 7 7],[9 9 9 9 9],[0.9 0.8 0.7 0.6 0.5],1,0.0
1620,17,0,84,0,0,[10 10 4 4 4],[7 7 7 7 7],[0.9 0.8 0.7 0.6 0.5],6,0.0
1621,17,0,85,0,0,[4 4 4 4 4],[10 10 3 3 3],[0.9 0.8 0.7 0.6 0.5],4,0.0
1622,17,0,86,1,0,[10 10 7 7 7],[9 9 9 9 9],[0.9 0.8 0.7 0.6 0.5],1,0.0
1623,17,0,87,1,0,[8 8 8 8 8],[10 10 7 7 7],[0.9 0.8 0.7 0.6 0.5],3,0.0
1624,17,0,88,0,0,[10 10 4 4 4],[7 7 7 7 7],[0.9 0.8 0.7 0.6 0.5],6,0.0
1625,17,0,89,1,0,[10 10 2 2 2],[5 5 5 5 5],[0.9 0.8 0.7 0.6 0.5],5,0.0
1626,17,0,90,0,0,[4 4 4 4 4],[10 10 3 3 3],[0.9 0.8 0.7 0.6 0.5],4,0.0
1627,17,0,91,0,0,[10 10 4 4 4],[7 7 7 7 7],[0.9 0.8 0.7 0.6 0.5],6,0.0
1628,17,0,92,1,0,[6 6 6 6 6],[10 10 5 5 5],[0.9 0.8 0.7 0.6 0.5],2,0.0
1629,17,0,93,1,0,[10 10 7 7 7],[9 9 9 9 9],[0.9 0.8 0.7 0.6 0.5],1,0.0
1630,17,0,94,0,0,[10 10 4 4 4],[7 7 7 7 7],[0.9 0.8 0.7 0.6 0.5],6,0.0
1631,17,0,95,1,0,[10 10 7 7 7],[9 9 9 9 9],[0.9 0.8 0.7 0.6 0.5],1,0.0
1632,18,0,0,0,0,[8 4 4 4 4],[5 5 5 5 5],[0.9 0.8 0.7 0.6 0.5],7,0.0
1633,18,0,1,1,0,[4 4 4 4 4],[7 2 2 2 2],[0.9 0.8 0.7 0.6 0.5],8,0.0
1634,18,0,2,0,0,[10 8 8 8 8],[9 9 8 8 8],[0.9 0.8 0.7 0.6 0.5],9,0.0
1635,18,0,3,1,0,[7 7 7 7 7],[10 6 6 6 6],[0.9 0.8 0.7 0.6 0.5],10,0.0
1636,18,0,4,1,0,[6 2 2 2 2],[3 3 3 3 3],[0.9 0.8 0.7 0.6 0.5],11,0.0
1637,18,0,5,1,0,[3 3 3 3 3],[6 2 2 2 2],[0.9 0.8 0.7 0.6 0.5],12,0.0
1638,18,0,6,0,0,[3 3 3 3 3],[6 2 2 2 2],[0.9 0.8 0.7 0.6 0.5],12,0.0
1639,18,0,7,0,0,[10 6 6 6 6],[7 7 7 7 7],[0.9 0.8 0.7 0.6 0.5],13,0.0
1640,18,0,8,1,0,[10 6 6 6 6],[7 7 7 7 7],[0.9 0.8 0.7 0.6 0.5],13,0.0
1641,18,0,9,0,0,[5 5 5 5 5],[8 4 4 4 4],[0.9 0.8 0.7 0.6 0.5],14,0.0
1642,18,0,10,0,0,[3 3 3 3 3],[6 2 2 2 2],[0.9 0.8 0.7 0.6 0.5],12,0.0
1643,18,0,11,0,0,[5 5 5 5 5],[8 4 4 4 4],[0.9 0.8 0.7 0.6 0.5],14,0.0
1644,18,0,12,1,0,[7 7 7 7 7],[10 6 6 6 6],[0.9 0.8 0.7 0.6 0.5],10,0.0
1645,18,0,13,1,0,[9 9 8 8 8],[10 8 8 8 8],[0.9 0.8 0.7 0.6 0.5],15,0.0
1646,18,0,14,0,0,[6 2 2 2 2],[3 3 3 3 3],[0.9 0.8 0.7 0.6 0.5],11,0.0
1647,18,0,15,0,0,[9 3 3 3 3],[6 5 5 5 5],[0.9 0.8 0.7 0.6 0.5],16,0.0
1648,18,0,16,0,0,[6 2 2 2 2],[3 3 3 3 3],[0.9 0.8 0.7 0.6 0.5],11,0.0
1649,18,0,17,0,0,[3 3 3 3 3],[6 2 2 2 2],[0.9 0.8 0.7 0.6 0.5],12,0.0
1650,18,0,18,0,0,[9 9 8 8 8],[10 8 8 8 8],[0.9 0.8 0.7 0.6 0.5],15,0.0
1651,18,0,19,1,0,[5 5 5 5 5],[8 4 4 4 4],[0.9 0.8 0.7 0.6 0.5],14,0.0
1652,18,0,20,1,0,[4 4 4 4 4],[7 2 2 2 2],[0.9 0.8 0.7 0.6 0.5],8,0.0
1653,18,0,21,1,0,[10 6 6 6 6],[7 7 7 7 7],[0.9 0.8 0.7 0.6 0.5],13,0.0
1654,18,0,22,1,0,[9 9 8 8 8],[10 8 8 8 8],[0.9 0.8 0.7 0.6 0.5],15,0.0
1655,18,0,23,1,0,[10 8 8 8 8],[9 9 8 8 8],[0.9 0.8 0.7 0.6 0.5],9,0.0
1656,18,0,24,1,0,[9 9 8 8 8],[10 8 8 8 8],[0.9 0.8 0.7 0.6 0.5],15,0.0
1657,18,0,25,1,0,[10 8 8 8 8],[9 9 8 8 8],[0.9 0.8 0.7 0.6 0.5],9,0.0
1658,18,0,26,1,0,[9 3 3 3 3],[6 5 5 5 5],[0.9 0.8 0.7 0.6 0.5],16,0.0
1659,18,0,27,1,0,[10 8 8 8 8],[9 9 8 8 8],[0.9 0.8 0.7 0.6 0.5],9,0.0
1660,18,0,28,1,0,[7 7 7 7 7],[10 6 6 6 6],[0.9 0.8 0.7 0.6 0.5],10,0.0
1661,18,0,29,1,0,[6 2 2 2 2],[3 3 3 3 3],[0.9 0.8 0.7 0.6 0.5],11,0.0
1662,18,0,30,1,0,[5 5 5 5 5],[8 4 4 4 4],[0.9 0.8 0.7 0.6 0.5],14,0.0
1663,18,0,31,1,0,[9 9 8 8 8],[10 8 8 8 8],[0.9 0.8 0.7 0.6 0.5],15,0.0
1664,18,0,32,0,0,[7 7 7 7 7],[10 6 6 6 6],[0.9 0.8 0.7 0.6 0.5],10,0.0
1665,18,0,33,0,0,[6 2 2 2 2],[3 3 3 3 3],[0.9 0.8 0.7 0.6 0.5],11,0.0
1666,18,0,34,0,0,[10 8 8 8 8],[9 9 8 8 8],[0.9 0.8 0.7 0.6 0.5],9,0.0
1667,18,0,35,0,0,[3 3 3 3 3],[6 2 2 2 2],[0.9 0.8 0.7 0.6 0.5],12,0.0
1668,18,0,36,0,0,[7 7 7 7 7],[10 6 6 6 6],[0.9 0.8 0.7 0.6 0.5],10,0.0
1669,18,0,37,0,0,[10 8 8 8 8],[9 9 8 8 8],[0.9 0.8 0.7 0.6 0.5],9,0.0
1670,18,0,38,1,0,[9 3 3 3 3],[6 5 5 5 5],[0.9 0.8 0.7 0.6 0.5],16,0.0
1671,18,0,39,1,0,[5 5 5 5 5],[8 4 4 4 4],[0.9 0.8 0.7 0.6 0.5],14,0.0
1672,18,0,40,1,0,[9 9 8 8 8],[10 8 8 8 8],[0.9 0.8 0.7 0.6 0.5],15,0.0
1673,18,0,41,1,0,[10 8 8 8 8],[9 9 8 8 8],[0.9 0.8 0.7 0.6 0.5],9,0.0
1674,18,0,42,1,0,[4 4 4 4 4],[7 2 2 2 2],[0.9 0.8 0.7 0.6 0.5],8,0.0
1675,18,0,43,1,0,[10 6 6 6 6],[7 7 7 7 7],[0.9 0.8 0.7 0.6 0.5],13,0.0
1676,18,0,44,1,0,[6 2 2 2 2],[3 3 3 3 3],[0.9 0.8 0.7 0.6 0.5],11,0.0
1677,18,0,45,0,0,[9 3 3 3 3],[6 5 5 5 5],[0.9 0.8 0.7 0.6 0.5],16,0.0
1678,18,0,46,0,0,[10 6 6 6 6],[7 7 7 7 7],[0.9 0.8 0.7 0.6 0.5],13,0.0
1679,18,0,47,0,0,[9 3 3 3 3],[6 5 5 5 5],[0.9 0.8 0.7 0.6 0.5],16,0.0
1680,18,0,48,1,0,[5 5 5 5 5],[8 4 4 4 4],[0.9 0.8 0.7 0.6 0.5],14,0.0
1681,18,0,49,1,0,[10 6 6 6 6],[7 7 7 7 7],[0.9 0.8 0.7 0.6 0.5],13,0.0
1682,18,0,50,1,0,[5 5 5 5 5],[8 4 4 4 4],[0.9 0.8 0.7 0.6 0.5],14,0.0
1683,18,0,51,1,0,[8 4 4 4 4],[5 5 5 5 5],[0.9 0.8 0.7 0.6 0.5],7,0.0
1684,18,0,52,1,0,[7 7 7 7 7],[10 6 6 6 6],[0.9 0.8 0.7 0.6 0.5],10,0.0
1685,18,0,53,1,0,[7 7 7 7 7],[10 6 6 6 6],[0.9 0.8 0.7 0.6 0.5],10,0.0
1686,18,0,54,0,0,[9 9 8 8 8],[10 8 8 8 8],[0.9 0.8 0.7 0.6 0.5],15,0.0
1687,18,0,55,1,0,[9 3 3 3 3],[6 5 5 5 5],[0.9 0.8 0.7 0.6 0.5],16,0.0
1688,18,0,56,0,0,[8 4 4 4 4],[5 5 5 5 5],[0.9 0.8 0.7 0.6 0.5],7,0.0
1689,18,0,57,0,0,[5 5 5 5 5],[8 4 4 4 4],[0.9 0.8 0.7 0.6 0.5],14,0.0
1690,18,0,58,1,0,[6 2 2 2 2],[3 3 3 3 3],[0.9 0.8 0.7 0.6 0.5],11,0.0
1691,18,0,59,0,0,[10 8 8 8 8],[9 9 8 8 8],[0.9 0.8 0.7 0.6 0.5],9,0.0
1692,18,0,60,1,0,[7 7 7 7 7],[10 6 6 6 6],[0.9 0.8 0.7 0.6 0.5],10,0.0
1693,18,0,61,1,0,[9 3 3 3 3],[6 5 5 5 5],[0.9 0.8 0.7 0.6 0.5],16,0.0
1694,18,0,62,0,0,[8 4 4 4 4],[5 5 5 5 5],[0.9 0.8 0.7 0.6 0.5],7,0.0
1695,18,0,63,0,0,[4 4 4 4 4],[7 2 2 2 2],[0.9 0.8 0.7 0.6 0.5],8,0.0
1696,18,0,64,0,0,[4 4 4 4 4],[7 2 2 2 2],[0.9 0.8 0.7 0.6 0.5],8,0.0
1697,18,0,65,1,0,[9 9 8 8 8],[10 8 8 8 8],[0.9 0.8 0.7 0.6 0.5],15,0.0
1698,18,0,66,1,0,[8 4 4 4 4],[5 5 5 5 5],[0.9 0.8 0.7 0.6 0.5],7,0.0
1699,18,0,67,1,0,[9 3 3 3 3],[6 5 5 5 5],[0.9 0.8 0.7 0.6 0.5],16,0.0
1700,18,0,68,1,0,[6 2 2 2 2],[3 3 3 3 3],[0.9 0.8 0.7 0.6 0.5],11,0.0
1701,18,0,69,1,0,[4 4 4 4 4],[7 2 2 2 2],[0.9 0.8 0.7 0.6 0.5],8,0.0
1702,18,0,70,1,0,[4 4 4 4 4],[7 2 2 2 2],[0.9 0.8 0.7 0.6 0.5],8,0.0
1703,18,0,71,1,0,[10 6 6 6 6],[7 7 7 7 7],[0.9 0.8 0.7 0.6 0.5],13,0.0
1704,18,0,72,1,0,[8 4 4 4 4],[5 5 5 5 5],[0.9 0.8 0.7 0.6 0.5],7,0.0
1705,18,0,73,1,0,[9 9 8 8 8],[10 8 8 8 8],[0.9 0.8 0.7 0.6 0.5],15,0.0
1706,18,0,74,1,0,[7 7 7 7 7],[10 6 6 6 6],[0.9 0.8 0.7 0.6 0.5],10,0.0
1707,18,0,75,1,0,[10 8 8 8 8],[9 9 8 8 8],[0.9 0.8 0.7 0.6 0.5],9,0.0
1708,18,0,76,1,0,[3 3 3 3 3],[6 2 2 2 2],[0.9 0.8 0.7 0.6 0.5],12,0.0
1709,18,0,77,1,0,[8 4 4 4 4],[5 5 5 5 5],[0.9 0.8 0.7 0.6 0.5],7,0.0
1710,18,0,78,1,0,[4 4 4 4 4],[7 2 2 2 2],[0.9 0.8 0.7 0.6 0.5],8,0.0
1711,18,0,79,1,0,[8 4 4 4 4],[5 5 5 5 5],[0.9 0.8 0.7 0.6 0.5],7,0.0
1712,18,0,80,1,0,[3 3 3 3 3],[6 2 2 2 2],[0.9 0.8 0.7 0.6 0.5],12,0.0
1713,18,0,81,0,0,[6 2 2 2 2],[3 3 3 3 3],[0.9 0.8 0.7 0.6 0.5],11,0.0
1714,18,0,82,0,0,[10 6 6 6 6],[7 7 7 7 7],[0.9 0.8 0.7 0.6 0.5],13,0.0
1715,18,0,83,0,0,[5 5 5 5 5],[8 4 4 4 4],[0.9 0.8 0.7 0.6 0.5],14,0.0
1716,18,0,84,0,0,[4 4 4 4 4],[7 2 2 2 2],[0.9 0.8 0.7 0.6 0.5],8,0.0
1717,18,0,85,1,0,[3 3 3 3 3],[6 2 2 2 2],[0.9 0.8 0.7 0.6 0.5],12,0.0
1718,18,0,86,1,0,[3 3 3 3 3],[6 2 2 2 2],[0.9 0.8 0.7 0.6 0.5],12,0.0
1719,18,0,87,1,0,[9 3 3 3 3],[6 5 5 5 5],[0.9 0.8 0.7 0.6 0.5],16,0.0
1720,18,0,88,1,0,[10 6 6 6 6],[7 7 7 7 7],[0.9 0.8 0.7 0.6 0.5],13,0.0
1721,18,0,89,0,0,[8 4 4 4 4],[5 5 5 5 5],[0.9 0.8 0.7 0.6 0.5],7,0.0
1722,19,0,0,1,0,[8 4 4 4 4],[5 5 5 5 5],[0.9 0.8 0.7 0.6 0.5],7,0.0
1723,19,0,1,0,0,[4 4 4 4 4],[7 2 2 2 2],[0.9 0.8 0.7 0.6 0.5],8,0.0
1724,19,0,2,0,0,[10 8 8 8 8],[9 9 8 8 8],[0.9 0.8 0.7 0.6 0.5],9,0.0
1725,19,0,3,1,0,[7 7 7 7 7],[10 6 6 6 6],[0.9 0.8 0.7 0.6 0.5],10,0.0
1726,19,0,4,1,0,[6 2 2 2 2],[3 3 3 3 3],[0.9 0.8 0.7 0.6 0.5],11,0.0
1727,19,0,5,0,0,[3 3 3 3 3],[6 2 2 2 2],[0.9 0.8 0.7 0.6 0.5],12,0.0
1728,19,0,6,1,0,[3 3 3 3 3],[6 2 2 2 2],[0.9 0.8 0.7 0.6 0.5],12,0.0
1729,19,0,7,1,0,[10 6 6 6 6],[7 7 7 7 7],[0.9 0.8 0.7 0.6 0.5],13,0.0
1730,19,0,8,0,0,[10 6 6 6 6],[7 7 7 7 7],[0.9 0.8 0.7 0.6 0.5],13,0.0
1731,19,0,9,1,0,[5 5 5 5 5],[8 4 4 4 4],[0.9 0.8 0.7 0.6 0.5],14,0.0
1732,19,0,10,0,0,[3 3 3 3 3],[6 2 2 2 2],[0.9 0.8 0.7 0.6 0.5],12,0.0
1733,19,0,11,0,0,[5 5 5 5 5],[8 4 4 4 4],[0.9 0.8 0.7 0.6 0.5],14,0.0
1734,19,0,12,1,0,[7 7 7 7 7],[10 6 6 6 6],[0.9 0.8 0.7 0.6 0.5],10,0.0
1735,19,0,13,0,0,[9 9 8 8 8],[10 8 8 8 8],[0.9 0.8 0.7 0.6 0.5],15,0.0
1736,19,0,14,1,0,[6 2 2 2 2],[3 3 3 3 3],[0.9 0.8 0.7 0.6 0.5],11,0.0
1737,19,0,15,0,0,[9 3 3 3 3],[6 5 5 5 5],[0.9 0.8 0.7 0.6 0.5],16,0.0
1738,19,0,16,1,0,[6 2 2 2 2],[3 3 3 3 3],[0.9 0.8 0.7 0.6 0.5],11,0.0
1739,19,0,17,1,0,[3 3 3 3 3],[6 2 2 2 2],[0.9 0.8 0.7 0.6 0.5],12,0.0
1740,19,0,18,1,0,[9 9 8 8 8],[10 8 8 8 8],[0.9 0.8 0.7 0.6 0.5],15,0.0
1741,19,0,19,1,0,[5 5 5 5 5],[8 4 4 4 4],[0.9 0.8 0.7 0.6 0.5],14,0.0
1742,19,0,20,0,0,[4 4 4 4 4],[7 2 2 2 2],[0.9 0.8 0.7 0.6 0.5],8,0.0
1743,19,0,21,1,0,[10 6 6 6 6],[7 7 7 7 7],[0.9 0.8 0.7 0.6 0.5],13,0.0
1744,19,0,22,0,0,[9 9 8 8 8],[10 8 8 8 8],[0.9 0.8 0.7 0.6 0.5],15,0.0
1745,19,0,23,1,0,[10 8 8 8 8],[9 9 8 8 8],[0.9 0.8 0.7 0.6 0.5],9,0.0
1746,19,0,24,1,0,[9 9 8 8 8],[10 8 8 8 8],[0.9 0.8 0.7 0.6 0.5],15,0.0
1747,19,0,25,1,0,[10 8 8 8 8],[9 9 8 8 8],[0.9 0.8 0.7 0.6 0.5],9,0.0
1748,19,0,26,1,0,[9 3 3 3 3],[6 5 5 5 5],[0.9 0.8 0.7 0.6 0.5],16,0.0
1749,19,0,27,1,0,[10 8 8 8 8],[9 9 8 8 8],[0.9 0.8 0.7 0.6 0.5],9,0.0
1750,19,0,28,1,0,[7 7 7 7 7],[10 6 6 6 6],[0.9 0.8 0.7 0.6 0.5],10,0.0
1751,19,0,29,1,0,[6 2 2 2 2],[3 3 3 3 3],[0.9 0.8 0.7 0.6 0.5],11,0.0
1752,19,0,30,1,0,[5 5 5 5 5],[8 4 4 4 4],[0.9 0.8 0.7 0.6 0.5],14,0.0
1753,19,0,31,1,0,[9 9 8 8 8],[10 8 8 8 8],[0.9 0.8 0.7 0.6 0.5],15,0.0
1754,19,0,32,1,0,[7 7 7 7 7],[10 6 6 6 6],[0.9 0.8 0.7 0.6 0.5],10,0.0
1755,19,0,33,1,0,[6 2 2 2 2],[3 3 3 3 3],[0.9 0.8 0.7 0.6 0.5],11,0.0
1756,19,0,34,0,0,[10 8 8 8 8],[9 9 8 8 8],[0.9 0.8 0.7 0.6 0.5],9,0.0
1757,19,0,35,0,0,[3 3 3 3 3],[6 2 2 2 2],[0.9 0.8 0.7 0.6 0.5],12,0.0
1758,19,0,36,1,0,[7 7 7 7 7],[10 6 6 6 6],[0.9 0.8 0.7 0.6 0.5],10,0.0
1759,19,0,37,1,0,[10 8 8 8 8],[9 9 8 8 8],[0.9 0.8 0.7 0.6 0.5],9,0.0
1760,19,0,38,1,0,[9 3 3 3 3],[6 5 5 5 5],[0.9 0.8 0.7 0.6 0.5],16,0.0
1761,19,0,39,1,0,[5 5 5 5 5],[8 4 4 4 4],[0.9 0.8 0.7 0.6 0.5],14,0.0
1762,19,0,40,0,0,[9 9 8 8 8],[10 8 8 8 8],[0.9 0.8 0.7 0.6 0.5],15,0.0
1763,19,0,41,0,0,[10 8 8 8 8],[9 9 8 8 8],[0.9 0.8 0.7 0.6 0.5],9,0.0
1764,19,0,42,0,0,[4 4 4 4 4],[7 2 2 2 2],[0.9 0.8 0.7 0.6 0.5],8,0.0
1765,19,0,43,1,0,[10 6 6 6 6],[7 7 7 7 7],[0.9 0.8 0.7 0.6 0.5],13,0.0
1766,19,0,44,1,0,[6 2 2 2 2],[3 3 3 3 3],[0.9 0.8 0.7 0.6 0.5],11,0.0
1767,19,0,45,1,0,[9 3 3 3 3],[6 5 5 5 5],[0.9 0.8 0.7 0.6 0.5],16,0.0
1768,19,0,46,1,0,[10 6 6 6 6],[7 7 7 7 7],[0.9 0.8 0.7 0.6 0.5],13,0.0
1769,19,0,47,1,0,[9 3 3 3 3],[6 5 5 5 5],[0.9 0.8 0.7 0.6 0.5],16,0.0
1770,19,0,48,1,0,[5 5 5 5 5],[8 4 4 4 4],[0.9 0.8 0.7 0.6 0.5],14,0.0
1771,19,0,49,1,0,[10 6 6 6 6],[7 7 7 7 7],[0.9 0.8 0.7 0.6 0.5],13,0.0
1772,19,0,50,1,0,[5 5 5 5 5],[8 4 4 4 4],[0.9 0.8 0.7 0.6 0.5],14,0.0
1773,19,0,51,0,0,[8 4 4 4 4],[5 5 5 5 5],[0.9 0.8 0.7 0.6 0.5],7,0.0
1774,19,0,52,1,0,[7 7 7 7 7],[10 6 6 6 6],[0.9 0.8 0.7 0.6 0.5],10,0.0
1775,19,0,53,1,0,[7 7 7 7 7],[10 6 6 6 6],[0.9 0.8 0.7 0.6 0.5],10,0.0
1776,19,0,54,1,0,[9 9 8 8 8],[10 8 8 8 8],[0.9 0.8 0.7 0.6 0.5],15,0.0
1777,19,0,55,1,0,[9 3 3 3 3],[6 5 5 5 5],[0.9 0.8 0.7 0.6 0.5],16,0.0
1778,19,0,56,0,0,[8 4 4 4 4],[5 5 5 5 5],[0.9 0.8 0.7 0.6 0.5],7,0.0
1779,19,0,57,0,0,[5 5 5 5 5],[8 4 4 4 4],[0.9 0.8 0.7 0.6 0.5],14,0.0
1780,19,0,58,1,0,[6 2 2 2 2],[3 3 3 3 3],[0.9 0.8 0.7 0.6 0.5],11,0.0
1781,19,0,59,1,0,[10 8 8 8 8],[9 9 8 8 8],[0.9 0.8 0.7 0.6 0.5],9,0.0
1782,19,0,60,0,0,[7 7 7 7 7],[10 6 6 6 6],[0.9 0.8 0.7 0.6 0.5],10,0.0
1783,19,0,61,0,0,[9 3 3 3 3],[6 5 5 5 5],[0.9 0.8 0.7 0.6 0.5],16,0.0
1784,19,0,62,0,0,[8 4 4 4 4],[5 5 5 5 5],[0.9 0.8 0.7 0.6 0.5],7,0.0
1785,19,0,63,0,0,[4 4 4 4 4],[7 2 2 2 2],[0.9 0.8 0.7 0.6 0.5],8,0.0
1786,19,0,64,0,0,[4 4 4 4 4],[7 2 2 2 2],[0.9 0.8 0.7 0.6 0.5],8,0.0
1787,19,0,65,1,0,[9 9 8 8 8],[10 8 8 8 8],[0.9 0.8 0.7 0.6 0.5],15,0.0
1788,19,0,66,0,0,[8 4 4 4 4],[5 5 5 5 5],[0.9 0.8 0.7 0.6 0.5],7,0.0
1789,19,0,67,0,0,[9 3 3 3 3],[6 5 5 5 5],[0.9 0.8 0.7 0.6 0.5],16,0.0
1790,19,0,68,0,0,[6 2 2 2 2],[3 3 3 3 3],[0.9 0.8 0.7 0.6 0.5],11,0.0
1791,19,0,69,0,0,[4 4 4 4 4],[7 2 2 2 2],[0.9 0.8 0.7 0.6 0.5],8,0.0
1792,19,0,70,0,0,[4 4 4 4 4],[7 2 2 2 2],[0.9 0.8 0.7 0.6 0.5],8,0.0
1793,19,0,71,1,0,[10 6 6 6 6],[7 7 7 7 7],[0.9 0.8 0.7 0.6 0.5],13,0.0
1794,19,0,72,1,0,[8 4 4 4 4],[5 5 5 5 5],[0.9 0.8 0.7 0.6 0.5],7,0.0
1795,19,0,73,1,0,[9 9 8 8 8],[10 8 8 8 8],[0.9 0.8 0.7 0.6 0.5],15,0.0
1796,19,0,74,1,0,[7 7 7 7 7],[10 6 6 6 6],[0.9 0.8 0.7 0.6 0.5],10,0.0
1797,19,0,75,1,0,[10 8 8 8 8],[9 9 8 8 8],[0.9 0.8 0.7 0.6 0.5],9,0.0
1798,19,0,76,1,0,[3 3 3 3 3],[6 2 2 2 2],[0.9 0.8 0.7 0.6 0.5],12,0.0
1799,19,0,77,0,0,[8 4 4 4 4],[5 5 5 5 5],[0.9 0.8 0.7 0.6 0.5],7,0.0
1800,19,0,78,0,0,[4 4 4 4 4],[7 2 2 2 2],[0.9 0.8 0.7 0.6 0.5],8,0.0
1801,19,0,79,0,0,[8 4 4 4 4],[5 5 5 5 5],[0.9 0.8 0.7 0.6 0.5],7,0.0
1802,19,0,80,1,0,[3 3 3 3 3],[6 2 2 2 2],[0.9 0.8 0.7 0.6 0.5],12,0.0
1803,19,0,81,1,0,[6 2 2 2 2],[3 3 3 3 3],[0.9 0.8 0.7 0.6 0.5],11,0.0
1804,19,0,82,0,0,[10 6 6 6 6],[7 7 7 7 7],[0.9 0.8 0.7 0.6 0.5],13,0.0
1805,19,0,83,1,0,[5 5 5 5 5],[8 4 4 4 4],[0.9 0.8 0.7 0.6 0.5],14,0.0
1806,19,0,84,1,0,[4 4 4 4 4],[7 2 2 2 2],[0.9 0.8 0.7 0.6 0.5],8,0.0
1807,19,0,85,0,0,[3 3 3 3 3],[6 2 2 2 2],[0.9 0.8 0.7 0.6 0.5],12,0.0
1808,19,0,86,0,0,[3 3 3 3 3],[6 2 2 2 2],[0.9 0.8 0.7 0.6 0.5],12,0.0
1809,19,0,87,0,0,[9 3 3 3 3],[6 5 5 5 5],[0.9 0.8 0.7 0.6 0.5],16,0.0
1810,19,0,88,0,0,[10 6 6 6 6],[7 7 7 7 7],[0.9 0.8 0.7 0.6 0.5],13,0.0
1811,19,0,89,1,0,[8 4 4 4 4],[5 5 5 5 5],[0.9 0.8 0.7 0.6 0.5],7,0.0
1812,20,0,0,0,0,[8 4 4 4 4],[5 5 5 5 5],[0.9 0.8 0.7 0.6 0.5],7,0.0
1813,20,0,1,1,0,[4 4 4 4 4],[7 2 2 2 2],[0.9 0.8 0.7 0.6 0.5],8,0.0
1814,20,0,2,0,0,[10 8 8 8 8],[9 9 8 8 8],[0.9 0.8 0.7 0.6 0.5],9,0.0
1815,20,0,3,1,0,[7 7 7 7 7],[10 6 6 6 6],[0.9 0.8 0.7 0.6 0.5],10,0.0
1816,20,0,4,0,0,[6 2 2 2 2],[3 3 3 3 3],[0.9 0.8 0.7 0.6 0.5],11,0.0
1817,20,0,5,1,0,[3 3 3 3 3],[6 2 2 2 2],[0.9 0.8 0.7 0.6 0.5],12,0.0
1818,20,0,6,1,0,[3 3 3 3 3],[6 2 2 2 2],[0.9 0.8 0.7 0.6 0.5],12,0.0
1819,20,0,7,0,0,[10 6 6 6 6],[7 7 7 7 7],[0.9 0.8 0.7 0.6 0.5],13,0.0
1820,20,0,8,0,0,[10 6 6 6 6],[7 7 7 7 7],[0.9 0.8 0.7 0.6 0.5],13,0.0
1821,20,0,9,1,0,[5 5 5 5 5],[8 4 4 4 4],[0.9 0.8 0.7 0.6 0.5],14,0.0
1822,20,0,10,1,0,[3 3 3 3 3],[6 2 2 2 2],[0.9 0.8 0.7 0.6 0.5],12,0.0
1823,20,0,11,1,0,[5 5 5 5 5],[8 4 4 4 4],[0.9 0.8 0.7 0.6 0.5],14,0.0
1824,20,0,12,1,0,[7 7 7 7 7],[10 6 6 6 6],[0.9 0.8 0.7 0.6 0.5],10,0.0
1825,20,0,13,1,0,[9 9 8 8 8],[10 8 8 8 8],[0.9 0.8 0.7 0.6 0.5],15,0.0
1826,20,0,14,0,0,[6 2 2 2 2],[3 3 3 3 3],[0.9 0.8 0.7 0.6 0.5],11,0.0
1827,20,0,15,0,0,[9 3 3 3 3],[6 5 5 5 5],[0.9 0.8 0.7 0.6 0.5],16,0.0
1828,20,0,16,0,0,[6 2 2 2 2],[3 3 3 3 3],[0.9 0.8 0.7 0.6 0.5],11,0.0
1829,20,0,17,1,0,[3 3 3 3 3],[6 2 2 2 2],[0.9 0.8 0.7 0.6 0.5],12,0.0
1830,20,0,18,1,0,[9 9 8 8 8],[10 8 8 8 8],[0.9 0.8 0.7 0.6 0.5],15,0.0
1831,20,0,19,1,0,[5 5 5 5 5],[8 4 4 4 4],[0.9 0.8 0.7 0.6 0.5],14,0.0
1832,20,0,20,1,0,[4 4 4 4 4],[7 2 2 2 2],[0.9 0.8 0.7 0.6 0.5],8,0.0
1833,20,0,21,0,0,[10 6 6 6 6],[7 7 7 7 7],[0.9 0.8 0.7 0.6 0.5],13,0.0
1834,20,0,22,1,0,[9 9 8 8 8],[10 8 8 8 8],[0.9 0.8 0.7 0.6 0.5],15,0.0
1835,20,0,23,0,0,[10 8 8 8 8],[9 9 8 8 8],[0.9 0.8 0.7 0.6 0.5],9,0.0
1836,20,0,24,0,0,[9 9 8 8 8],[10 8 8 8 8],[0.9 0.8 0.7 0.6 0.5],15,0.0
1837,20,0,25,0,0,[10 8 8 8 8],[9 9 8 8 8],[0.9 0.8 0.7 0.6 0.5],9,0.0
1838,20,0,26,0,0,[9 3 3 3 3],[6 5 5 5 5],[0.9 0.8 0.7 0.6 0.5],16,0.0
1839,20,0,27,0,0,[10 8 8 8 8],[9 9 8 8 8],[0.9 0.8 0.7 0.6 0.5],9,0.0
1840,20,0,28,0,0,[7 7 7 7 7],[10 6 6 6 6],[0.9 0.8 0.7 0.6 0.5],10,0.0
1841,20,0,29,0,0,[6 2 2 2 2],[3 3 3 3 3],[0.9 0.8 0.7 0.6 0.5],11,0.0
1842,20,0,30,1,0,[5 5 5 5 5],[8 4 4 4 4],[0.9 0.8 0.7 0.6 0.5],14,0.0
1843,20,0,31,1,0,[9 9 8 8 8],[10 8 8 8 8],[0.9 0.8 0.7 0.6 0.5],15,0.0
1844,20,0,32,1,0,[7 7 7 7 7],[10 6 6 6 6],[0.9 0.8 0.7 0.6 0.5],10,0.0
1845,20,0,33,0,0,[6 2 2 2 2],[3 3 3 3 3],[0.9 0.8 0.7 0.6 0.5],11,0.0
1846,20,0,34,0,0,[10 8 8 8 8],[9 9 8 8 8],[0.9 0.8 0.7 0.6 0.5],9,0.0
1847,20,0,35,1,0,[3 3 3 3 3],[6 2 2 2 2],[0.9 0.8 0.7 0.6 0.5],12,0.0
1848,20,0,36,1,0,[7 7 7 7 7],[10 6 6 6 6],[0.9 0.8 0.7 0.6 0.5],10,0.0
1849,20,0,37,1,0,[10 8 8 8 8],[9 9 8 8 8],[0.9 0.8 0.7 0.6 0.5],9,0.0
1850,20,0,38,0,0,[9 3 3 3 3],[6 5 5 5 5],[0.9 0.8 0.7 0.6 0.5],16,0.0
1851,20,0,39,1,0,[5 5 5 5 5],[8 4 4 4 4],[0.9 0.8 0.7 0.6 0.5],14,0.0
1852,20,0,40,1,0,[9 9 8 8 8],[10 8 8 8 8],[0.9 0.8 0.7 0.6 0.5],15,0.0
1853,20,0,41,0,0,[10 8 8 8 8],[9 9 8 8 8],[0.9 0.8 0.7 0.6 0.5],9,0.0
1854,20,0,42,1,0,[4 4 4 4 4],[7 2 2 2 2],[0.9 0.8 0.7 0.6 0.5],8,0.0
1855,20,0,43,0,0,[10 6 6 6 6],[7 7 7 7 7],[0.9 0.8 0.7 0.6 0.5],13,0.0
1856,20,0,44,0,0,[6 2 2 2 2],[3 3 3 3 3],[0.9 0.8 0.7 0.6 0.5],11,0.0
1857,20,0,45,0,0,[9 3 3 3 3],[6 5 5 5 5],[0.9 0.8 0.7 0.6 0.5],16,0.0
1858,20,0,46,0,0,[10 6 6 6 6],[7 7 7 7 7],[0.9 0.8 0.7 0.6 0.5],13,0.0
1859,20,0,47,0,0,[9 3 3 3 3],[6 5 5 5 5],[0.9 0.8 0.7 0.6 0.5],16,0.0
1860,20,0,48,1,0,[5 5 5 5 5],[8 4 4 4 4],[0.9 0.8 0.7 0.6 0.5],14,0.0
1861,20,0,49,0,0,[10 6 6 6 6],[7 7 7 7 7],[0.9 0.8 0.7 0.6 0.5],13,0.0
1862,20,0,50,1,0,[5 5 5 5 5],[8 4 4 4 4],[0.9 0.8 0.7 0.6 0.5],14,0.0
1863,20,0,51,0,0,[8 4 4 4 4],[5 5 5 5 5],[0.9 0.8 0.7 0.6 0.5],7,0.0
1864,20,0,52,1,0,[7 7 7 7 7],[10 6 6 6 6],[0.9 0.8 0.7 0.6 0.5],10,0.0
1865,20,0,53,1,0,[7 7 7 7 7],[10 6 6 6 6],[0.9 0.8 0.7 0.6 0.5],10,0.0
1866,20,0,54,1,0,[9 9 8 8 8],[10 8 8 8 8],[0.9 0.8 0.7 0.6 0.5],15,0.0
1867,20,0,55,0,0,[9 3 3 3 3],[6 5 5 5 5],[0.9 0.8 0.7 0.6 0.5],16,0.0
1868,20,0,56,0,0,[8 4 4 4 4],[5 5 5 5 5],[0.9 0.8 0.7 0.6 0.5],7,0.0
1869,20,0,57,0,0,[5 5 5 5 5],[8 4 4 4 4],[0.9 0.8 0.7 0.6 0.5],14,0.0
1870,20,0,58,0,0,[6 2 2 2 2],[3 3 3 3 3],[0.9 0.8 0.7 0.6 0.5],11,0.0
1871,20,0,59,0,0,[10 8 8 8 8],[9 9 8 8 8],[0.9 0.8 0.7 0.6 0.5],9,0.0
1872,20,0,60,1,0,[7 7 7 7 7],[10 6 6 6 6],[0.9 0.8 0.7 0.6 0.5],10,0.0
1873,20,0,61,0,0,[9 3 3 3 3],[6 5 5 5 5],[0.9 0.8 0.7 0.6 0.5],16,0.0
1874,20,0,62,0,0,[8 4 4 4 4],[5 5 5 5 5],[0.9 0.8 0.7 0.6 0.5],7,0.0
1875,20,0,63,1,0,[4 4 4 4 4],[7 2 2 2 2],[0.9 0.8 0.7 0.6 0.5],8,0.0
1876,20,0,64,1,0,[4 4 4 4 4],[7 2 2 2 2],[0.9 0.8 0.7 0.6 0.5],8,0.0
1877,20,0,65,1,0,[9 9 8 8 8],[10 8 8 8 8],[0.9 0.8 0.7 0.6 0.5],15,0.0
1878,20,0,66,0,0,[8 4 4 4 4],[5 5 5 5 5],[0.9 0.8 0.7 0.6 0.5],7,0.0
1879,20,0,67,0,0,[9 3 3 3 3],[6 5 5 5 5],[0.9 0.8 0.7 0.6 0.5],16,0.0
1880,20,0,68,0,0,[6 2 2 2 2],[3 3 3 3 3],[0.9 0.8 0.7 0.6 0.5],11,0.0
1881,20,0,69,1,0,[4 4 4 4 4],[7 2 2 2 2],[0.9 0.8 0.7 0.6 0.5],8,0.0
1882,20,0,70,1,0,[4 4 4 4 4],[7 2 2 2 2],[0.9 0.8 0.7 0.6 0.5],8,0.0
1883,20,0,71,0,0,[10 6 6 6 6],[7 7 7 7 7],[0.9 0.8 0.7 0.6 0.5],13,0.0
1884,20,0,72,0,0,[8 4 4 4 4],[5 5 5 5 5],[0.9 0.8 0.7 0.6 0.5],7,0.0
1885,20,0,73,1,0,[9 9 8 8 8],[10 8 8 8 8],[0.9 0.8 0.7 0.6 0.5],15,0.0
1886,20,0,74,1,0,[7 7 7 7 7],[10 6 6 6 6],[0.9 0.8 0.7 0.6 0.5],10,0.0
1887,20,0,75,0,0,[10 8 8 8 8],[9 9 8 8 8],[0.9 0.8 0.7 0.6 0.5],9,0.0
1888,20,0,76,1,0,[3 3 3 3 3],[6 2 2 2 2],[0.9 0.8 0.7 0.6 0.5],12,0.0
1889,20,0,77,0,0,[8 4 4 4 4],[5 5 5 5 5],[0.9 0.8 0.7 0.6 0.5],7,0.0
1890,20,0,78,0,0,[4 4 4 4 4],[7 2 2 2 2],[0.9 0.8 0.7 0.6 0.5],8,0.0
1891,20,0,79,0,0,[8 4 4 4 4],[5 5 5 5 5],[0.9 0.8 0.7 0.6 0.5],7,0.0
1892,20,0,80,1,0,[3 3 3 3 3],[6 2 2 2 2],[0.9 0.8 0.7 0.6 0.5],12,0.0
1893,20,0,81,0,0,[6 2 2 2 2],[3 3 3 3 3],[0.9 0.8 0.7 0.6 0.5],11,0.0
1894,20,0,82,0,0,[10 6 6 6 6],[7 7 7 7 7],[0.9 0.8 0.7 0.6 0.5],13,0.0
1895,20,0,83,1,0,[5 5 5 5 5],[8 4 4 4 4],[0.9 0.8 0.7 0.6 0.5],14,0.0
1896,20,0,84,1,0,[4 4 4 4 4],[7 2 2 2 2],[0.9 0.8 0.7 0.6 0.5],8,0.0
1897,20,0,85,1,0,[3 3 3 3 3],[6 2 2 2 2],[0.9 0.8 0.7 0.6 0.5],12,0.0
1898,20,0,86,1,0,[3 3 3 3 3],[6 2 2 2 2],[0.9 0.8 0.7 0.6 0.5],12,0.0
1899,20,0,87,0,0,[9 3 3 3 3],[6 5 5 5 5],[0.9 0.8 0.7 0.6 0.5],16,0.0
1900,20,0,88,0,0,[10 6 6 6 6],[7 7 7 7 7],[0.9 0.8 0.7 0.6 0.5],13,0.0
1901,20,0,89,1,0,[8 4 4 4 4],[5 5 5 5 5],[0.9 0.8 0.7 0.6 0.5],7,0.0
1902,21,0,0,0,0,[8 4 4 4 4],[5 5 5 5 5],[0.9 0.8 0.7 0.6 0.5],7,0.0
1903,21,0,1,1,0,[4 4 4 4 4],[7 2 2 2 2],[0.9 0.8 0.7 0.6 0.5],8,0.0
1904,21,0,2,0,0,[10 8 8 8 8],[9 9 8 8 8],[0.9 0.8 0.7 0.6 0.5],9,0.0
1905,21,0,3,1,0,[7 7 7 7 7],[10 6 6 6 6],[0.9 0.8 0.7 0.6 0.5],10,0.0
1906,21,0,4,0,0,[6 2 2 2 2],[3 3 3 3 3],[0.9 0.8 0.7 0.6 0.5],11,0.0
1907,21,0,5,1,0,[3 3 3 3 3],[6 2 2 2 2],[0.9 0.8 0.7 0.6 0.5],12,0.0
1908,21,0,6,1,0,[3 3 3 3 3],[6 2 2 2 2],[0.9 0.8 0.7 0.6 0.5],12,0.0
1909,21,0,7,0,0,[10 6 6 6 6],[7 7 7 7 7],[0.9 0.8 0.7 0.6 0.5],13,0.0
1910,21,0,8,0,0,[10 6 6 6 6],[7 7 7 7 7],[0.9 0.8 0.7 0.6 0.5],13,0.0
1911,21,0,9,1,0,[5 5 5 5 5],[8 4 4 4 4],[0.9 0.8 0.7 0.6 0.5],14,0.0
1912,21,0,10,1,0,[3 3 3 3 3],[6 2 2 2 2],[0.9 0.8 0.7 0.6 0.5],12,0.0
1913,21,0,11,1,0,[5 5 5 5 5],[8 4 4 4 4],[0.9 0.8 0.7 0.6 0.5],14,0.0
1914,21,0,12,1,0,[7 7 7 7 7],[10 6 6 6 6],[0.9 0.8 0.7 0.6 0.5],10,0.0
1915,21,0,13,1,0,[9 9 8 8 8],[10 8 8 8 8],[0.9 0.8 0.7 0.6 0.5],15,0.0
1916,21,0,14,0,0,[6 2 2 2 2],[3 3 3 3 3],[0.9 0.8 0.7 0.6 0.5],11,0.0
1917,21,0,15,0,0,[9 3 3 3 3],[6 5 5 5 5],[0.9 0.8 0.7 0.6 0.5],16,0.0
1918,21,0,16,0,0,[6 2 2 2 2],[3 3 3 3 3],[0.9 0.8 0.7 0.6 0.5],11,0.0
1919,21,0,17,1,0,[3 3 3 3 3],[6 2 2 2 2],[0.9 0.8 0.7 0.6 0.5],12,0.0
1920,21,0,18,1,0,[9 9 8 8 8],[10 8 8 8 8],[0.9 0.8 0.7 0.6 0.5],15,0.0
1921,21,0,19,1,0,[5 5 5 5 5],[8 4 4 4 4],[0.9 0.8 0.7 0.6 0.5],14,0.0
1922,21,0,20,1,0,[4 4 4 4 4],[7 2 2 2 2],[0.9 0.8 0.7 0.6 0.5],8,0.0
1923,21,0,21,0,0,[10 6 6 6 6],[7 7 7 7 7],[0.9 0.8 0.7 0.6 0.5],13,0.0
1924,21,0,22,1,0,[9 9 8 8 8],[10 8 8 8 8],[0.9 0.8 0.7 0.6 0.5],15,0.0
1925,21,0,23,0,0,[10 8 8 8 8],[9 9 8 8 8],[0.9 0.8 0.7 0.6 0.5],9,0.0
1926,21,0,24,1,0,[9 9 8 8 8],[10 8 8 8 8],[0.9 0.8 0.7 0.6 0.5],15,0.0
1927,21,0,25,0,0,[10 8 8 8 8],[9 9 8 8 8],[0.9 0.8 0.7 0.6 0.5],9,0.0
1928,21,0,26,0,0,[9 3 3 3 3],[6 5 5 5 5],[0.9 0.8 0.7 0.6 0.5],16,0.0
1929,21,0,27,0,0,[10 8 8 8 8],[9 9 8 8 8],[0.9 0.8 0.7 0.6 0.5],9,0.0
1930,21,0,28,1,0,[7 7 7 7 7],[10 6 6 6 6],[0.9 0.8 0.7 0.6 0.5],10,0.0
1931,21,0,29,0,0,[6 2 2 2 2],[3 3 3 3 3],[0.9 0.8 0.7 0.6 0.5],11,0.0
1932,21,0,30,1,0,[5 5 5 5 5],[8 4 4 4 4],[0.9 0.8 0.7 0.6 0.5],14,0.0
1933,21,0,31,1,0,[9 9 8 8 8],[10 8 8 8 8],[0.9 0.8 0.7 0.6 0.5],15,0.0
1934,21,0,32,1,0,[7 7 7 7 7],[10 6 6 6 6],[0.9 0.8 0.7 0.6 0.5],10,0.0
1935,21,0,33,0,0,[6 2 2 2 2],[3 3 3 3 3],[0.9 0.8 0.7 0.6 0.5],11,0.0
1936,21,0,34,0,0,[10 8 8 8 8],[9 9 8 8 8],[0.9 0.8 0.7 0.6 0.5],9,0.0
1937,21,0,35,1,0,[3 3 3 3 3],[6 2 2 2 2],[0.9 0.8 0.7 0.6 0.5],12,0.0
1938,21,0,36,1,0,[7 7 7 7 7],[10 6 6 6 6],[0.9 0.8 0.7 0.6 0.5],10,0.0
1939,21,0,37,0,0,[10 8 8 8 8],[9 9 8 8 8],[0.9 0.8 0.7 0.6 0.5],9,0.0
1940,21,0,38,0,0,[9 3 3 3 3],[6 5 5 5 5],[0.9 0.8 0.7 0.6 0.5],16,0.0
1941,21,0,39,1,0,[5 5 5 5 5],[8 4 4 4 4],[0.9 0.8 0.7 0.6 0.5],14,0.0
1942,21,0,40,1,0,[9 9 8 8 8],[10 8 8 8 8],[0.9 0.8 0.7 0.6 0.5],15,0.0
1943,21,0,41,0,0,[10 8 8 8 8],[9 9 8 8 8],[0.9 0.8 0.7 0.6 0.5],9,0.0
1944,21,0,42,1,0,[4 4 4 4 4],[7 2 2 2 2],[0.9 0.8 0.7 0.6 0.5],8,0.0
1945,21,0,43,0,0,[10 6 6 6 6],[7 7 7 7 7],[0.9 0.8 0.7 0.6 0.5],13,0.0
1946,21,0,44,0,0,[6 2 2 2 2],[3 3 3 3 3],[0.9 0.8 0.7 0.6 0.5],11,0.0
1947,21,0,45,0,0,[9 3 3 3 3],[6 5 5 5 5],[0.9 0.8 0.7 0.6 0.5],16,0.0
1948,21,0,46,0,0,[10 6 6 6 6],[7 7 7 7 7],[0.9 0.8 0.7 0.6 0.5],13,0.0
1949,21,0,47,0,0,[9 3 3 3 3],[6 5 5 5 5],[0.9 0.8 0.7 0.6 0.5],16,0.0
1950,21,0,48,1,0,[5 5 5 5 5],[8 4 4 4 4],[0.9 0.8 0.7 0.6 0.5],14,0.0
1951,21,0,49,0,0,[10 6 6 6 6],[7 7 7 7 7],[0.9 0.8 0.7 0.6 0.5],13,0.0
1952,21,0,50,1,0,[5 5 5 5 5],[8 4 4 4 4],[0.9 0.8 0.7 0.6 0.5],14,0.0
1953,21,0,51,0,0,[8 4 4 4 4],[5 5 5 5 5],[0.9 0.8 0.7 0.6 0.5],7,0.0
1954,21,0,52,1,0,[7 7 7 7 7],[10 6 6 6 6],[0.9 0.8 0.7 0.6 0.5],10,0.0
1955,21,0,53,1,0,[7 7 7 7 7],[10 6 6 6 6],[0.9 0.8 0.7 0.6 0.5],10,0.0
1956,21,0,54,1,0,[9 9 8 8 8],[10 8 8 8 8],[0.9 0.8 0.7 0.6 0.5],15,0.0
1957,21,0,55,0,0,[9 3 3 3 3],[6 5 5 5 5],[0.9 0.8 0.7 0.6 0.5],16,0.0
1958,21,0,56,0,0,[8 4 4 4 4],[5 5 5 5 5],[0.9 0.8 0.7 0.6 0.5],7,0.0
1959,21,0,57,1,0,[5 5 5 5 5],[8 4 4 4 4],[0.9 0.8 0.7 0.6 0.5],14,0.0
1960,21,0,58,0,0,[6 2 2 2 2],[3 3 3 3 3],[0.9 0.8 0.7 0.6 0.5],11,0.0
1961,21,0,59,0,0,[10 8 8 8 8],[9 9 8 8 8],[0.9 0.8 0.7 0.6 0.5],9,0.0
1962,21,0,60,1,0,[7 7 7 7 7],[10 6 6 6 6],[0.9 0.8 0.7 0.6 0.5],10,0.0
1963,21,0,61,0,0,[9 3 3 3 3],[6 5 5 5 5],[0.9 0.8 0.7 0.6 0.5],16,0.0
1964,21,0,62,0,0,[8 4 4 4 4],[5 5 5 5 5],[0.9 0.8 0.7 0.6 0.5],7,0.0
1965,21,0,63,1,0,[4 4 4 4 4],[7 2 2 2 2],[0.9 0.8 0.7 0.6 0.5],8,0.0
1966,21,0,64,1,0,[4 4 4 4 4],[7 2 2 2 2],[0.9 0.8 0.7 0.6 0.5],8,0.0
1967,21,0,65,1,0,[9 9 8 8 8],[10 8 8 8 8],[0.9 0.8 0.7 0.6 0.5],15,0.0
1968,21,0,66,0,0,[8 4 4 4 4],[5 5 5 5 5],[0.9 0.8 0.7 0.6 0.5],7,0.0
1969,21,0,67,0,0,[9 3 3 3 3],[6 5 5 5 5],[0.9 0.8 0.7 0.6 0.5],16,0.0
1970,21,0,68,0,0,[6 2 2 2 2],[3 3 3 3 3],[0.9 0.8 0.7 0.6 0.5],11,0.0
1971,21,0,69,1,0,[4 4 4 4 4],[7 2 2 2 2],[0.9 0.8 0.7 0.6 0.5],8,0.0
1972,21,0,70,1,0,[4 4 4 4 4],[7 2 2 2 2],[0.9 0.8 0.7 0.6 0.5],8,0.0
1973,21,0,71,0,0,[10 6 6 6 6],[7 7 7 7 7],[0.9 0.8 0.7 0.6 0.5],13,0.0
1974,21,0,72,0,0,[8 4 4 4 4],[5 5 5 5 5],[0.9 0.8 0.7 0.6 0.5],7,0.0
1975,21,0,73,1,0,[9 9 8 8 8],[10 8 8 8 8],[0.9 0.8 0.7 0.6 0.5],15,0.0
1976,21,0,74,1,0,[7 7 7 7 7],[10 6 6 6 6],[0.9 0.8 0.7 0.6 0.5],10,0.0
1977,21,0,75,0,0,[10 8 8 8 8],[9 9 8 8 8],[0.9 0.8 0.7 0.6 0.5],9,0.0
1978,21,0,76,1,0,[3 3 3 3 3],[6 2 2 2 2],[0.9 0.8 0.7 0.6 0.5],12,0.0
1979,21,0,77,0,0,[8 4 4 4 4],[5 5 5 5 5],[0.9 0.8 0.7 0.6 0.5],7,0.0
1980,21,0,78,1,0,[4 4 4 4 4],[7 2 2 2 2],[0.9 0.8 0.7 0.6 0.5],8,0.0
1981,21,0,79,0,0,[8 4 4 4 4],[5 5 5 5 5],[0.9 0.8 0.7 0.6 0.5],7,0.0
1982,21,0,80,1,0,[3 3 3 3 3],[6 2 2 2 2],[0.9 0.8 0.7 0.6 0.5],12,0.0
1983,21,0,81,0,0,[6 2 2 2 2],[3 3 3 3 3],[0.9 0.8 0.7 0.6 0.5],11,0.0
1984,21,0,82,0,0,[10 6 6 6 6],[7 7 7 7 7],[0.9 0.8 0.7 0.6 0.5],13,0.0
1985,21,0,83,1,0,[5 5 5 5 5],[8 4 4 4 4],[0.9 0.8 0.7 0.6 0.5],14,0.0
1986,21,0,84,1,0,[4 4 4 4 4],[7 2 2 2 2],[0.9 0.8 0.7 0.6 0.5],8,0.0
1987,21,0,85,1,0,[3 3 3 3 3],[6 2 2 2 2],[0.9 0.8 0.7 0.6 0.5],12,0.0
1988,21,0,86,1,0,[3 3 3 3 3],[6 2 2 2 2],[0.9 0.8 0.7 0.6 0.5],12,0.0
1989,21,0,87,0,0,[9 3 3 3 3],[6 5 5 5 5],[0.9 0.8 0.7 0.6 0.5],16,0.0
1990,21,0,88,0,0,[10 6 6 6 6],[7 7 7 7 7],[0.9 0.8 0.7 0.6 0.5],13,0.0
1991,21,0,89,0,0,[8 4 4 4 4],[5 5 5 5 5],[0.9 0.8 0.7 0.6 0.5],7,0.0
1992,22,0,0,1,0,[8 4 4 4 4],[5 5 5 5 5],[0.9 0.8 0.7 0.6 0.5],7,0.0
1993,22,0,1,0,0,[4 4 4 4 4],[7 2 2 2 2],[0.9 0.8 0.7 0.6 0.5],8,0.0
1994,22,0,2,0,0,[10 8 8 8 8],[9 9 8 8 8],[0.9 0.8 0.7 0.6 0.5],9,0.0
1995,22,0,3,1,0,[7 7 7 7 7],[10 6 6 6 6],[0.9 0.8 0.7 0.6 0.5],10,0.0
1996,22,0,4,0,0,[6 2 2 2 2],[3 3 3 3 3],[0.9 0.8 0.7 0.6 0.5],11,0.0
1997,22,0,5,1,0,[3 3 3 3 3],[6 2 2 2 2],[0.9 0.8 0.7 0.6 0.5],12,0.0
1998,22,0,6,1,0,[3 3 3 3 3],[6 2 2 2 2],[0.9 0.8 0.7 0.6 0.5],12,0.0
1999,22,0,7,0,0,[10 6 6 6 6],[7 7 7 7 7],[0.9 0.8 0.7 0.6 0.5],13,0.0
2000,22,0,8,0,0,[10 6 6 6 6],[7 7 7 7 7],[0.9 0.8 0.7 0.6 0.5],13,0.0
2001,22,0,9,1,0,[5 5 5 5 5],[8 4 4 4 4],[0.9 0.8 0.7 0.6 0.5],14,0.0
2002,22,0,10,1,0,[3 3 3 3 3],[6 2 2 2 2],[0.9 0.8 0.7 0.6 0.5],12,0.0
2003,22,0,11,1,0,[5 5 5 5 5],[8 4 4 4 4],[0.9 0.8 0.7 0.6 0.5],14,0.0
2004,22,0,12,1,0,[7 7 7 7 7],[10 6 6 6 6],[0.9 0.8 0.7 0.6 0.5],10,0.0
2005,22,0,13,0,0,[9 9 8 8 8],[10 8 8 8 8],[0.9 0.8 0.7 0.6 0.5],15,0.0
2006,22,0,14,0,0,[6 2 2 2 2],[3 3 3 3 3],[0.9 0.8 0.7 0.6 0.5],11,0.0
2007,22,0,15,0,0,[9 3 3 3 3],[6 5 5 5 5],[0.9 0.8 0.7 0.6 0.5],16,0.0
2008,22,0,16,0,0,[6 2 2 2 2],[3 3 3 3 3],[0.9 0.8 0.7 0.6 0.5],11,0.0
2009,22,0,17,1,0,[3 3 3 3 3],[6 2 2 2 2],[0.9 0.8 0.7 0.6 0.5],12,0.0
2010,22,0,18,0,0,[9 9 8 8 8],[10 8 8 8 8],[0.9 0.8 0.7 0.6 0.5],15,0.0
2011,22,0,19,1,0,[5 5 5 5 5],[8 4 4 4 4],[0.9 0.8 0.7 0.6 0.5],14,0.0
2012,22,0,20,1,0,[4 4 4 4 4],[7 2 2 2 2],[0.9 0.8 0.7 0.6 0.5],8,0.0
2013,22,0,21,0,0,[10 6 6 6 6],[7 7 7 7 7],[0.9 0.8 0.7 0.6 0.5],13,0.0
2014,22,0,22,0,0,[9 9 8 8 8],[10 8 8 8 8],[0.9 0.8 0.7 0.6 0.5],15,0.0
2015,22,0,23,1,0,[10 8 8 8 8],[9 9 8 8 8],[0.9 0.8 0.7 0.6 0.5],9,0.0
2016,22,0,24,0,0,[9 9 8 8 8],[10 8 8 8 8],[0.9 0.8 0.7 0.6 0.5],15,0.0
2017,22,0,25,1,0,[10 8 8 8 8],[9 9 8 8 8],[0.9 0.8 0.7 0.6 0.5],9,0.0
2018,22,0,26,0,0,[9 3 3 3 3],[6 5 5 5 5],[0.9 0.8 0.7 0.6 0.5],16,0.0
2019,22,0,27,1,0,[10 8 8 8 8],[9 9 8 8 8],[0.9 0.8 0.7 0.6 0.5],9,0.0
2020,22,0,28,1,0,[7 7 7 7 7],[10 6 6 6 6],[0.9 0.8 0.7 0.6 0.5],10,0.0
2021,22,0,29,0,0,[6 2 2 2 2],[3 3 3 3 3],[0.9 0.8 0.7 0.6 0.5],11,0.0
2022,22,0,30,0,0,[5 5 5 5 5],[8 4 4 4 4],[0.9 0.8 0.7 0.6 0.5],14,0.0
2023,22,0,31,0,0,[9 9 8 8 8],[10 8 8 8 8],[0.9 0.8 0.7 0.6 0.5],15,0.0
2024,22,0,32,1,0,[7 7 7 7 7],[10 6 6 6 6],[0.9 0.8 0.7 0.6 0.5],10,0.0
2025,22,0,33,0,0,[6 2 2 2 2],[3 3 3 3 3],[0.9 0.8 0.7 0.6 0.5],11,0.0
2026,22,0,34,1,0,[10 8 8 8 8],[9 9 8 8 8],[0.9 0.8 0.7 0.6 0.5],9,0.0
2027,22,0,35,1,0,[3 3 3 3 3],[6 2 2 2 2],[0.9 0.8 0.7 0.6 0.5],12,0.0
2028,22,0,36,1,0,[7 7 7 7 7],[10 6 6 6 6],[0.9 0.8 0.7 0.6 0.5],10,0.0
2029,22,0,37,1,0,[10 8 8 8 8],[9 9 8 8 8],[0.9 0.8 0.7 0.6 0.5],9,0.0
2030,22,0,38,0,0,[9 3 3 3 3],[6 5 5 5 5],[0.9 0.8 0.7 0.6 0.5],16,0.0
2031,22,0,39,1,0,[5 5 5 5 5],[8 4 4 4 4],[0.9 0.8 0.7 0.6 0.5],14,0.0
2032,22,0,40,0,0,[9 9 8 8 8],[10 8 8 8 8],[0.9 0.8 0.7 0.6 0.5],15,0.0
2033,22,0,41,1,0,[10 8 8 8 8],[9 9 8 8 8],[0.9 0.8 0.7 0.6 0.5],9,0.0
2034,22,0,42,1,0,[4 4 4 4 4],[7 2 2 2 2],[0.9 0.8 0.7 0.6 0.5],8,0.0
2035,22,0,43,0,0,[10 6 6 6 6],[7 7 7 7 7],[0.9 0.8 0.7 0.6 0.5],13,0.0
2036,22,0,44,0,0,[6 2 2 2 2],[3 3 3 3 3],[0.9 0.8 0.7 0.6 0.5],11,0.0
2037,22,0,45,0,0,[9 3 3 3 3],[6 5 5 5 5],[0.9 0.8 0.7 0.6 0.5],16,0.0
2038,22,0,46,0,0,[10 6 6 6 6],[7 7 7 7 7],[0.9 0.8 0.7 0.6 0.5],13,0.0
2039,22,0,47,1,0,[9 3 3 3 3],[6 5 5 5 5],[0.9 0.8 0.7 0.6 0.5],16,0.0
2040,22,0,48,1,0,[5 5 5 5 5],[8 4 4 4 4],[0.9 0.8 0.7 0.6 0.5],14,0.0
2041,22,0,49,0,0,[10 6 6 6 6],[7 7 7 7 7],[0.9 0.8 0.7 0.6 0.5],13,0.0
2042,22,0,50,1,0,[5 5 5 5 5],[8 4 4 4 4],[0.9 0.8 0.7 0.6 0.5],14,0.0
2043,22,0,51,0,0,[8 4 4 4 4],[5 5 5 5 5],[0.9 0.8 0.7 0.6 0.5],7,0.0
2044,22,0,52,1,0,[7 7 7 7 7],[10 6 6 6 6],[0.9 0.8 0.7 0.6 0.5],10,0.0
2045,22,0,53,1,0,[7 7 7 7 7],[10 6 6 6 6],[0.9 0.8 0.7 0.6 0.5],10,0.0
2046,22,0,54,0,0,[9 9 8 8 8],[10 8 8 8 8],[0.9 0.8 0.7 0.6 0.5],15,0.0
2047,22,0,55,1,0,[9 3 3 3 3],[6 5 5 5 5],[0.9 0.8 0.7 0.6 0.5],16,0.0
2048,22,0,56,0,0,[8 4 4 4 4],[5 5 5 5 5],[0.9 0.8 0.7 0.6 0.5],7,0.0
2049,22,0,57,1,0,[5 5 5 5 5],[8 4 4 4 4],[0.9 0.8 0.7 0.6 0.5],14,0.0
2050,22,0,58,0,0,[6 2 2 2 2],[3 3 3 3 3],[0.9 0.8 0.7 0.6 0.5],11,0.0
2051,22,0,59,1,0,[10 8 8 8 8],[9 9 8 8 8],[0.9 0.8 0.7 0.6 0.5],9,0.0
2052,22,0,60,0,0,[7 7 7 7 7],[10 6 6 6 6],[0.9 0.8 0.7 0.6 0.5],10,0.0
2053,22,0,61,1,0,[9 3 3 3 3],[6 5 5 5 5],[0.9 0.8 0.7 0.6 0.5],16,0.0
2054,22,0,62,0,0,[8 4 4 4 4],[5 5 5 5 5],[0.9 0.8 0.7 0.6 0.5],7,0.0
2055,22,0,63,0,0,[4 4 4 4 4],[7 2 2 2 2],[0.9 0.8 0.7 0.6 0.5],8,0.0
2056,22,0,64,0,0,[4 4 4 4 4],[7 2 2 2 2],[0.9 0.8 0.7 0.6 0.5],8,0.0
2057,22,0,65,0,0,[9 9 8 8 8],[10 8 8 8 8],[0.9 0.8 0.7 0.6 0.5],15,0.0
2058,22,0,66,0,0,[8 4 4 4 4],[5 5 5 5 5],[0.9 0.8 0.7 0.6 0.5],7,0.0
2059,22,0,67,1,0,[9 3 3 3 3],[6 5 5 5 5],[0.9 0.8 0.7 0.6 0.5],16,0.0
2060,22,0,68,0,0,[6 2 2 2 2],[3 3 3 3 3],[0.9 0.8 0.7 0.6 0.5],11,0.0
2061,22,0,69,0,0,[4 4 4 4 4],[7 2 2 2 2],[0.9 0.8 0.7 0.6 0.5],8,0.0
2062,22,0,70,0,0,[4 4 4 4 4],[7 2 2 2 2],[0.9 0.8 0.7 0.6 0.5],8,0.0
2063,22,0,71,0,0,[10 6 6 6 6],[7 7 7 7 7],[0.9 0.8 0.7 0.6 0.5],13,0.0
2064,22,0,72,0,0,[8 4 4 4 4],[5 5 5 5 5],[0.9 0.8 0.7 0.6 0.5],7,0.0
2065,22,0,73,0,0,[9 9 8 8 8],[10 8 8 8 8],[0.9 0.8 0.7 0.6 0.5],15,0.0
2066,22,0,74,1,0,[7 7 7 7 7],[10 6 6 6 6],[0.9 0.8 0.7 0.6 0.5],10,0.0
2067,22,0,75,1,0,[10 8 8 8 8],[9 9 8 8 8],[0.9 0.8 0.7 0.6 0.5],9,0.0
2068,22,0,76,1,0,[3 3 3 3 3],[6 2 2 2 2],[0.9 0.8 0.7 0.6 0.5],12,0.0
2069,22,0,77,0,0,[8 4 4 4 4],[5 5 5 5 5],[0.9 0.8 0.7 0.6 0.5],7,0.0
2070,22,0,78,0,0,[4 4 4 4 4],[7 2 2 2 2],[0.9 0.8 0.7 0.6 0.5],8,0.0
2071,22,0,79,1,0,[8 4 4 4 4],[5 5 5 5 5],[0.9 0.8 0.7 0.6 0.5],7,0.0
2072,22,0,80,0,0,[3 3 3 3 3],[6 2 2 2 2],[0.9 0.8 0.7 0.6 0.5],12,0.0
2073,22,0,81,0,0,[6 2 2 2 2],[3 3 3 3 3],[0.9 0.8 0.7 0.6 0.5],11,0.0
2074,22,0,82,0,0,[10 6 6 6 6],[7 7 7 7 7],[0.9 0.8 0.7 0.6 0.5],13,0.0
2075,22,0,83,1,0,[5 5 5 5 5],[8 4 4 4 4],[0.9 0.8 0.7 0.6 0.5],14,0.0
2076,22,0,84,0,0,[4 4 4 4 4],[7 2 2 2 2],[0.9 0.8 0.7 0.6 0.5],8,0.0
2077,22,0,85,1,0,[3 3 3 3 3],[6 2 2 2 2],[0.9 0.8 0.7 0.6 0.5],12,0.0
2078,22,0,86,1,0,[3 3 3 3 3],[6 2 2 2 2],[0.9 0.8 0.7 0.6 0.5],12,0.0
2079,22,0,87,1,0,[9 3 3 3 3],[6 5 5 5 5],[0.9 0.8 0.7 0.6 0.5],16,0.0
2080,22,0,88,0,0,[10 6 6 6 6],[7 7 7 7 7],[0.9 0.8 0.7 0.6 0.5],13,0.0
2081,22,0,89,0,0,[8 4 4 4 4],[5 5 5 5 5],[0.9 0.8 0.7 0.6 0.5],7,0.0
2082,23,0,0,0,0,[10 10 7 7 7],[9 9 9 9 9],[0.9 0.8 0.7 0.6 0.5],1,0.0
2083,23,0,1,1,0,[6 6 6 6 6],[10 10 5 5 5],[0.9 0.8 0.7 0.6 0.5],2,0.0
2084,23,0,2,1,0,[8 8 8 8 8],[10 10 7 7 7],[0.9 0.8 0.7 0.6 0.5],3,0.0
2085,23,0,3,1,0,[6 6 6 6 6],[10 10 5 5 5],[0.9 0.8 0.7 0.6 0.5],2,0.0
2086,23,0,4,1,0,[6 6 6 6 6],[10 10 5 5 5],[0.9 0.8 0.7 0.6 0.5],2,0.0
2087,23,0,5,0,0,[6 6 6 6 6],[10 10 5 5 5],[0.9 0.8 0.7 0.6 0.5],2,0.0
2088,23,0,6,0,0,[4 4 4 4 4],[10 10 3 3 3],[0.9 0.8 0.7 0.6 0.5],4,0.0
2089,23,0,7,0,0,[10 10 2 2 2],[5 5 5 5 5],[0.9 0.8 0.7 0.6 0.5],5,0.0
2090,23,0,8,0,0,[10 10 7 7 7],[9 9 9 9 9],[0.9 0.8 0.7 0.6 0.5],1,0.0
2091,23,0,9,0,0,[6 6 6 6 6],[10 10 5 5 5],[0.9 0.8 0.7 0.6 0.5],2,0.0
2092,23,0,10,0,0,[8 8 8 8 8],[10 10 7 7 7],[0.9 0.8 0.7 0.6 0.5],3,0.0
2093,23,0,11,1,0,[8 8 8 8 8],[10 10 7 7 7],[0.9 0.8 0.7 0.6 0.5],3,0.0
2094,23,0,12,0,0,[6 6 6 6 6],[10 10 5 5 5],[0.9 0.8 0.7 0.6 0.5],2,0.0
2095,23,0,13,1,0,[10 10 2 2 2],[5 5 5 5 5],[0.9 0.8 0.7 0.6 0.5],5,0.0
2096,23,0,14,0,0,[4 4 4 4 4],[10 10 3 3 3],[0.9 0.8 0.7 0.6 0.5],4,0.0
2097,23,0,15,1,0,[10 10 4 4 4],[7 7 7 7 7],[0.9 0.8 0.7 0.6 0.5],6,0.0
2098,23,0,16,0,0,[10 10 4 4 4],[7 7 7 7 7],[0.9 0.8 0.7 0.6 0.5],6,0.0
2099,23,0,17,1,0,[10 10 7 7 7],[9 9 9 9 9],[0.9 0.8 0.7 0.6 0.5],1,0.0
2100,23,0,18,1,0,[10 10 7 7 7],[9 9 9 9 9],[0.9 0.8 0.7 0.6 0.5],1,0.0
2101,23,0,19,1,0,[4 4 4 4 4],[10 10 3 3 3],[0.9 0.8 0.7 0.6 0.5],4,0.0
2102,23,0,20,0,0,[10 10 2 2 2],[5 5 5 5 5],[0.9 0.8 0.7 0.6 0.5],5,0.0
2103,23,0,21,1,0,[6 6 6 6 6],[10 10 5 5 5],[0.9 0.8 0.7 0.6 0.5],2,0.0
2104,23,0,22,0,0,[10 10 7 7 7],[9 9 9 9 9],[0.9 0.8 0.7 0.6 0.5],1,0.0
2105,23,0,23,0,0,[10 10 4 4 4],[7 7 7 7 7],[0.9 0.8 0.7 0.6 0.5],6,0.0
2106,23,0,24,1,0,[10 10 2 2 2],[5 5 5 5 5],[0.9 0.8 0.7 0.6 0.5],5,0.0
2107,23,0,25,0,0,[10 10 2 2 2],[5 5 5 5 5],[0.9 0.8 0.7 0.6 0.5],5,0.0
2108,23,0,26,1,0,[8 8 8 8 8],[10 10 7 7 7],[0.9 0.8 0.7 0.6 0.5],3,0.0
2109,23,0,27,0,0,[10 10 2 2 2],[5 5 5 5 5],[0.9 0.8 0.7 0.6 0.5],5,0.0
2110,23,0,28,1,0,[10 10 4 4 4],[7 7 7 7 7],[0.9 0.8 0.7 0.6 0.5],6,0.0
2111,23,0,29,1,0,[10 10 2 2 2],[5 5 5 5 5],[0.9 0.8 0.7 0.6 0.5],5,0.0
2112,23,0,30,0,0,[10 10 2 2 2],[5 5 5 5 5],[0.9 0.8 0.7 0.6 0.5],5,0.0
2113,23,0,31,1,0,[4 4 4 4 4],[10 10 3 3 3],[0.9 0.8 0.7 0.6 0.5],4,0.0
2114,23,0,32,1,0,[6 6 6 6 6],[10 10 5 5 5],[0.9 0.8 0.7 0.6 0.5],2,0.0
2115,23,0,33,1,0,[10 10 7 7 7],[9 9 9 9 9],[0.9 0.8 0.7 0.6 0.5],1,0.0
2116,23,0,34,0,0,[10 10 2 2 2],[5 5 5 5 5],[0.9 0.8 0.7 0.6 0.5],5,0.0
2117,23,0,35,1,0,[6 6 6 6 6],[10 10 5 5 5],[0.9 0.8 0.7 0.6 0.5],2,0.0
2118,23,0,36,0,0,[8 8 8 8 8],[10 10 7 7 7],[0.9 0.8 0.7 0.6 0.5],3,0.0
2119,23,0,37,1,0,[10 10 7 7 7],[9 9 9 9 9],[0.9 0.8 0.7 0.6 0.5],1,0.0
2120,23,0,38,0,0,[4 4 4 4 4],[10 10 3 3 3],[0.9 0.8 0.7 0.6 0.5],4,0.0
2121,23,0,39,1,0,[10 10 4 4 4],[7 7 7 7 7],[0.9 0.8 0.7 0.6 0.5],6,0.0
2122,23,0,40,0,0,[6 6 6 6 6],[10 10 5 5 5],[0.9 0.8 0.7 0.6 0.5],2,0.0
2123,23,0,41,0,0,[10 10 2 2 2],[5 5 5 5 5],[0.9 0.8 0.7 0.6 0.5],5,0.0
2124,23,0,42,1,0,[4 4 4 4 4],[10 10 3 3 3],[0.9 0.8 0.7 0.6 0.5],4,0.0
2125,23,0,43,1,0,[4 4 4 4 4],[10 10 3 3 3],[0.9 0.8 0.7 0.6 0.5],4,0.0
2126,23,0,44,1,0,[8 8 8 8 8],[10 10 7 7 7],[0.9 0.8 0.7 0.6 0.5],3,0.0
2127,23,0,45,1,0,[6 6 6 6 6],[10 10 5 5 5],[0.9 0.8 0.7 0.6 0.5],2,0.0
2128,23,0,46,0,0,[10 10 7 7 7],[9 9 9 9 9],[0.9 0.8 0.7 0.6 0.5],1,0.0
2129,23,0,47,1,0,[8 8 8 8 8],[10 10 7 7 7],[0.9 0.8 0.7 0.6 0.5],3,0.0
2130,23,0,48,0,0,[8 8 8 8 8],[10 10 7 7 7],[0.9 0.8 0.7 0.6 0.5],3,0.0
2131,23,0,49,1,0,[10 10 4 4 4],[7 7 7 7 7],[0.9 0.8 0.7 0.6 0.5],6,0.0
2132,23,0,50,1,0,[4 4 4 4 4],[10 10 3 3 3],[0.9 0.8 0.7 0.6 0.5],4,0.0
2133,23,0,51,1,0,[10 10 7 7 7],[9 9 9 9 9],[0.9 0.8 0.7 0.6 0.5],1,0.0
2134,23,0,52,0,0,[10 10 4 4 4],[7 7 7 7 7],[0.9 0.8 0.7 0.6 0.5],6,0.0
2135,23,0,53,0,0,[4 4 4 4 4],[10 10 3 3 3],[0.9 0.8 0.7 0.6 0.5],4,0.0
2136,23,0,54,1,0,[6 6 6 6 6],[10 10 5 5 5],[0.9 0.8 0.7 0.6 0.5],2,0.0
2137,23,0,55,1,0,[4 4 4 4 4],[10 10 3 3 3],[0.9 0.8 0.7 0.6 0.5],4,0.0
2138,23,0,56,1,0,[8 8 8 8 8],[10 10 7 7 7],[0.9 0.8 0.7 0.6 0.5],3,0.0
2139,23,0,57,0,0,[10 10 7 7 7],[9 9 9 9 9],[0.9 0.8 0.7 0.6 0.5],1,0.0
2140,23,0,58,0,0,[10 10 4 4 4],[7 7 7 7 7],[0.9 0.8 0.7 0.6 0.5],6,0.0
2141,23,0,59,1,0,[10 10 4 4 4],[7 7 7 7 7],[0.9 0.8 0.7 0.6 0.5],6,0.0
2142,23,0,60,0,0,[10 10 2 2 2],[5 5 5 5 5],[0.9 0.8 0.7 0.6 0.5],5,0.0
2143,23,0,61,1,0,[8 8 8 8 8],[10 10 7 7 7],[0.9 0.8 0.7 0.6 0.5],3,0.0
2144,23,0,62,0,0,[8 8 8 8 8],[10 10 7 7 7],[0.9 0.8 0.7 0.6 0.5],3,0.0
2145,23,0,63,0,0,[10 10 4 4 4],[7 7 7 7 7],[0.9 0.8 0.7 0.6 0.5],6,0.0
2146,23,0,64,0,0,[10 10 7 7 7],[9 9 9 9 9],[0.9 0.8 0.7 0.6 0.5],1,0.0
2147,23,0,65,1,0,[6 6 6 6 6],[10 10 5 5 5],[0.9 0.8 0.7 0.6 0.5],2,0.0
2148,23,0,66,0,0,[10 10 4 4 4],[7 7 7 7 7],[0.9 0.8 0.7 0.6 0.5],6,0.0
2149,23,0,67,0,0,[10 10 2 2 2],[5 5 5 5 5],[0.9 0.8 0.7 0.6 0.5],5,0.0
2150,23,0,68,1,0,[10 10 7 7 7],[9 9 9 9 9],[0.9 0.8 0.7 0.6 0.5],1,0.0
2151,23,0,69,1,0,[4 4 4 4 4],[10 10 3 3 3],[0.9 0.8 0.7 0.6 0.5],4,0.0
2152,23,0,70,0,0,[10 10 4 4 4],[7 7 7 7 7],[0.9 0.8 0.7 0.6 0.5],6,0.0
2153,23,0,71,1,0,[8 8 8 8 8],[10 10 7 7 7],[0.9 0.8 0.7 0.6 0.5],3,0.0
2154,23,0,72,1,0,[8 8 8 8 8],[10 10 7 7 7],[0.9 0.8 0.7 0.6 0.5],3,0.0
2155,23,0,73,0,0,[10 10 2 2 2],[5 5 5 5 5],[0.9 0.8 0.7 0.6 0.5],5,0.0
2156,23,0,74,0,0,[10 10 2 2 2],[5 5 5 5 5],[0.9 0.8 0.7 0.6 0.5],5,0.0
2157,23,0,75,1,0,[6 6 6 6 6],[10 10 5 5 5],[0.9 0.8 0.7 0.6 0.5],2,0.0
2158,23,0,76,1,0,[4 4 4 4 4],[10 10 3 3 3],[0.9 0.8 0.7 0.6 0.5],4,0.0
2159,23,0,77,0,0,[4 4 4 4 4],[10 10 3 3 3],[0.9 0.8 0.7 0.6 0.5],4,0.0
2160,23,0,78,1,0,[6 6 6 6 6],[10 10 5 5 5],[0.9 0.8 0.7 0.6 0.5],2,0.0
2161,23,0,79,1,0,[8 8 8 8 8],[10 10 7 7 7],[0.9 0.8 0.7 0.6 0.5],3,0.0
2162,23,0,80,1,0,[10 10 2 2 2],[5 5 5 5 5],[0.9 0.8 0.7 0.6 0.5],5,0.0
2163,23,0,81,1,0,[4 4 4 4 4],[10 10 3 3 3],[0.9 0.8 0.7 0.6 0.5],4,0.0
2164,23,0,82,1,0,[8 8 8 8 8],[10 10 7 7 7],[0.9 0.8 0.7 0.6 0.5],3,0.0
2165,23,0,83,1,0,[10 10 7 7 7],[9 9 9 9 9],[0.9 0.8 0.7 0.6 0.5],1,0.0
2166,23,0,84,0,0,[10 10 4 4 4],[7 7 7 7 7],[0.9 0.8 0.7 0.6 0.5],6,0.0
2167,23,0,85,0,0,[4 4 4 4 4],[10 10 3 3 3],[0.9 0.8 0.7 0.6 0.5],4,0.0
2168,23,0,86,1,0,[10 10 7 7 7],[9 9 9 9 9],[0.9 0.8 0.7 0.6 0.5],1,0.0
2169,23,0,87,0,0,[8 8 8 8 8],[10 10 7 7 7],[0.9 0.8 0.7 0.6 0.5],3,0.0
2170,23,0,88,0,0,[10 10 4 4 4],[7 7 7 7 7],[0.9 0.8 0.7 0.6 0.5],6,0.0
2171,23,0,89,0,0,[10 10 2 2 2],[5 5 5 5 5],[0.9 0.8 0.7 0.6 0.5],5,0.0
2172,23,0,90,0,0,[4 4 4 4 4],[10 10 3 3 3],[0.9 0.8 0.7 0.6 0.5],4,0.0
2173,23,0,91,0,0,[10 10 4 4 4],[7 7 7 7 7],[0.9 0.8 0.7 0.6 0.5],6,0.0
2174,23,0,92,1,0,[6 6 6 6 6],[10 10 5 5 5],[0.9 0.8 0.7 0.6 0.5],2,0.0
2175,23,0,93,1,0,[10 10 7 7 7],[9 9 9 9 9],[0.9 0.8 0.7 0.6 0.5],1,0.0
2176,23,0,94,0,0,[10 10 4 4 4],[7 7 7 7 7],[0.9 0.8 0.7 0.6 0.5],6,0.0
2177,23,0,95,1,0,[10 10 7 7 7],[9 9 9 9 9],[0.9 0.8 0.7 0.6 0.5],1,0.0
2178,24,0,0,0,0,[8 4 4 4 4],[5 5 5 5 5],[0.9 0.8 0.7 0.6 0.5],7,0.0
2179,24,0,1,0,0,[4 4 4 4 4],[7 2 2 2 2],[0.9 0.8 0.7 0.6 0.5],8,0.0
2180,24,0,2,1,0,[10 8 8 8 8],[9 9 8 8 8],[0.9 0.8 0.7 0.6 0.5],9,0.0
2181,24,0,3,1,0,[7 7 7 7 7],[10 6 6 6 6],[0.9 0.8 0.7 0.6 0.5],10,0.0
2182,24,0,4,1,0,[6 2 2 2 2],[3 3 3 3 3],[0.9 0.8 0.7 0.6 0.5],11,0.0
2183,24,0,5,0,0,[3 3 3 3 3],[6 2 2 2 2],[0.9 0.8 0.7 0.6 0.5],12,0.0
2184,24,0,6,1,0,[3 3 3 3 3],[6 2 2 2 2],[0.9 0.8 0.7 0.6 0.5],12,0.0
2185,24,0,7,1,0,[10 6 6 6 6],[7 7 7 7 7],[0.9 0.8 0.7 0.6 0.5],13,0.0
2186,24,0,8,0,0,[10 6 6 6 6],[7 7 7 7 7],[0.9 0.8 0.7 0.6 0.5],13,0.0
2187,24,0,9,0,0,[5 5 5 5 5],[8 4 4 4 4],[0.9 0.8 0.7 0.6 0.5],14,0.0
2188,24,0,10,0,0,[3 3 3 3 3],[6 2 2 2 2],[0.9 0.8 0.7 0.6 0.5],12,0.0
2189,24,0,11,0,0,[5 5 5 5 5],[8 4 4 4 4],[0.9 0.8 0.7 0.6 0.5],14,0.0
2190,24,0,12,0,0,[7 7 7 7 7],[10 6 6 6 6],[0.9 0.8 0.7 0.6 0.5],10,0.0
2191,24,0,13,1,0,[9 9 8 8 8],[10 8 8 8 8],[0.9 0.8 0.7 0.6 0.5],15,0.0
2192,24,0,14,1,0,[6 2 2 2 2],[3 3 3 3 3],[0.9 0.8 0.7 0.6 0.5],11,0.0
2193,24,0,15,0,0,[9 3 3 3 3],[6 5 5 5 5],[0.9 0.8 0.7 0.6 0.5],16,0.0
2194,24,0,16,1,0,[6 2 2 2 2],[3 3 3 3 3],[0.9 0.8 0.7 0.6 0.5],11,0.0
2195,24,0,17,0,0,[3 3 3 3 3],[6 2 2 2 2],[0.9 0.8 0.7 0.6 0.5],12,0.0
2196,24,0,18,1,0,[9 9 8 8 8],[10 8 8 8 8],[0.9 0.8 0.7 0.6 0.5],15,0.0
2197,24,0,19,1,0,[5 5 5 5 5],[8 4 4 4 4],[0.9 0.8 0.7 0.6 0.5],14,0.0
2198,24,0,20,0,0,[4 4 4 4 4],[7 2 2 2 2],[0.9 0.8 0.7 0.6 0.5],8,0.0
2199,24,0,21,1,0,[10 6 6 6 6],[7 7 7 7 7],[0.9 0.8 0.7 0.6 0.5],13,0.0
2200,24,0,22,0,0,[9 9 8 8 8],[10 8 8 8 8],[0.9 0.8 0.7 0.6 0.5],15,0.0
2201,24,0,23,1,0,[10 8 8 8 8],[9 9 8 8 8],[0.9 0.8 0.7 0.6 0.5],9,0.0
2202,24,0,24,1,0,[9 9 8 8 8],[10 8 8 8 8],[0.9 0.8 0.7 0.6 0.5],15,0.0
2203,24,0,25,1,0,[10 8 8 8 8],[9 9 8 8 8],[0.9 0.8 0.7 0.6 0.5],9,0.0
2204,24,0,26,1,0,[9 3 3 3 3],[6 5 5 5 5],[0.9 0.8 0.7 0.6 0.5],16,0.0
2205,24,0,27,0,0,[10 8 8 8 8],[9 9 8 8 8],[0.9 0.8 0.7 0.6 0.5],9,0.0
2206,24,0,28,1,0,[7 7 7 7 7],[10 6 6 6 6],[0.9 0.8 0.7 0.6 0.5],10,0.0
2207,24,0,29,1,0,[6 2 2 2 2],[3 3 3 3 3],[0.9 0.8 0.7 0.6 0.5],11,0.0
2208,24,0,30,1,0,[5 5 5 5 5],[8 4 4 4 4],[0.9 0.8 0.7 0.6 0.5],14,0.0
2209,24,0,31,1,0,[9 9 8 8 8],[10 8 8 8 8],[0.9 0.8 0.7 0.6 0.5],15,0.0
2210,24,0,32,0,0,[7 7 7 7 7],[10 6 6 6 6],[0.9 0.8 0.7 0.6 0.5],10,0.0
2211,24,0,33,1,0,[6 2 2 2 2],[3 3 3 3 3],[0.9 0.8 0.7 0.6 0.5],11,0.0
2212,24,0,34,1,0,[10 8 8 8 8],[9 9 8 8 8],[0.9 0.8 0.7 0.6 0.5],9,0.0
2213,24,0,35,0,0,[3 3 3 3 3],[6 2 2 2 2],[0.9 0.8 0.7 0.6 0.5],12,0.0
2214,24,0,36,1,0,[7 7 7 7 7],[10 6 6 6 6],[0.9 0.8 0.7 0.6 0.5],10,0.0
2215,24,0,37,1,0,[10 8 8 8 8],[9 9 8 8 8],[0.9 0.8 0.7 0.6 0.5],9,0.0
2216,24,0,38,0,0,[9 3 3 3 3],[6 5 5 5 5],[0.9 0.8 0.7 0.6 0.5],16,0.0
2217,24,0,39,1,0,[5 5 5 5 5],[8 4 4 4 4],[0.9 0.8 0.7 0.6 0.5],14,0.0
2218,24,0,40,1,0,[9 9 8 8 8],[10 8 8 8 8],[0.9 0.8 0.7 0.6 0.5],15,0.0
2219,24,0,41,0,0,[10 8 8 8 8],[9 9 8 8 8],[0.9 0.8 0.7 0.6 0.5],9,0.0
2220,24,0,42,0,0,[4 4 4 4 4],[7 2 2 2 2],[0.9 0.8 0.7 0.6 0.5],8,0.0
2221,24,0,43,1,0,[10 6 6 6 6],[7 7 7 7 7],[0.9 0.8 0.7 0.6 0.5],13,0.0
2222,24,0,44,1,0,[6 2 2 2 2],[3 3 3 3 3],[0.9 0.8 0.7 0.6 0.5],11,0.0
2223,24,0,45,1,0,[9 3 3 3 3],[6 5 5 5 5],[0.9 0.8 0.7 0.6 0.5],16,0.0
2224,24,0,46,0,0,[10 6 6 6 6],[7 7 7 7 7],[0.9 0.8 0.7 0.6 0.5],13,0.0
2225,24,0,47,1,0,[9 3 3 3 3],[6 5 5 5 5],[0.9 0.8 0.7 0.6 0.5],16,0.0
2226,24,0,48,1,0,[5 5 5 5 5],[8 4 4 4 4],[0.9 0.8 0.7 0.6 0.5],14,0.0
2227,24,0,49,1,0,[10 6 6 6 6],[7 7 7 7 7],[0.9 0.8 0.7 0.6 0.5],13,0.0
2228,24,0,50,0,0,[5 5 5 5 5],[8 4 4 4 4],[0.9 0.8 0.7 0.6 0.5],14,0.0
2229,24,0,51,1,0,[8 4 4 4 4],[5 5 5 5 5],[0.9 0.8 0.7 0.6 0.5],7,0.0
2230,24,0,52,0,0,[7 7 7 7 7],[10 6 6 6 6],[0.9 0.8 0.7 0.6 0.5],10,0.0
2231,24,0,53,0,0,[7 7 7 7 7],[10 6 6 6 6],[0.9 0.8 0.7 0.6 0.5],10,0.0
2232,24,0,54,0,0,[9 9 8 8 8],[10 8 8 8 8],[0.9 0.8 0.7 0.6 0.5],15,0.0
2233,24,0,55,1,0,[9 3 3 3 3],[6 5 5 5 5],[0.9 0.8 0.7 0.6 0.5],16,0.0
2234,24,0,56,1,0,[8 4 4 4 4],[5 5 5 5 5],[0.9 0.8 0.7 0.6 0.5],7,0.0
2235,24,0,57,0,0,[5 5 5 5 5],[8 4 4 4 4],[0.9 0.8 0.7 0.6 0.5],14,0.0
2236,24,0,58,1,0,[6 2 2 2 2],[3 3 3 3 3],[0.9 0.8 0.7 0.6 0.5],11,0.0
2237,24,0,59,1,0,[10 8 8 8 8],[9 9 8 8 8],[0.9 0.8 0.7 0.6 0.5],9,0.0
2238,24,0,60,1,0,[7 7 7 7 7],[10 6 6 6 6],[0.9 0.8 0.7 0.6 0.5],10,0.0
2239,24,0,61,0,0,[9 3 3 3 3],[6 5 5 5 5],[0.9 0.8 0.7 0.6 0.5],16,0.0
2240,24,0,62,1,0,[8 4 4 4 4],[5 5 5 5 5],[0.9 0.8 0.7 0.6 0.5],7,0.0
2241,24,0,63,0,0,[4 4 4 4 4],[7 2 2 2 2],[0.9 0.8 0.7 0.6 0.5],8,0.0
2242,24,0,64,0,0,[4 4 4 4 4],[7 2 2 2 2],[0.9 0.8 0.7 0.6 0.5],8,0.0
2243,24,0,65,0,0,[9 9 8 8 8],[10 8 8 8 8],[0.9 0.8 0.7 0.6 0.5],15,0.0
2244,24,0,66,1,0,[8 4 4 4 4],[5 5 5 5 5],[0.9 0.8 0.7 0.6 0.5],7,0.0
2245,24,0,67,1,0,[9 3 3 3 3],[6 5 5 5 5],[0.9 0.8 0.7 0.6 0.5],16,0.0
2246,24,0,68,1,0,[6 2 2 2 2],[3 3 3 3 3],[0.9 0.8 0.7 0.6 0.5],11,0.0
2247,24,0,69,0,0,[4 4 4 4 4],[7 2 2 2 2],[0.9 0.8 0.7 0.6 0.5],8,0.0
2248,24,0,70,0,0,[4 4 4 4 4],[7 2 2 2 2],[0.9 0.8 0.7 0.6 0.5],8,0.0
2249,24,0,71,1,0,[10 6 6 6 6],[7 7 7 7 7],[0.9 0.8 0.7 0.6 0.5],13,0.0
2250,24,0,72,1,0,[8 4 4 4 4],[5 5 5 5 5],[0.9 0.8 0.7 0.6 0.5],7,0.0
2251,24,0,73,0,0,[9 9 8 8 8],[10 8 8 8 8],[0.9 0.8 0.7 0.6 0.5],15,0.0
2252,24,0,74,0,0,[7 7 7 7 7],[10 6 6 6 6],[0.9 0.8 0.7 0.6 0.5],10,0.0
2253,24,0,75,1,0,[10 8 8 8 8],[9 9 8 8 8],[0.9 0.8 0.7 0.6 0.5],9,0.0
2254,24,0,76,0,0,[3 3 3 3 3],[6 2 2 2 2],[0.9 0.8 0.7 0.6 0.5],12,0.0
2255,24,0,77,1,0,[8 4 4 4 4],[5 5 5 5 5],[0.9 0.8 0.7 0.6 0.5],7,0.0
2256,24,0,78,0,0,[4 4 4 4 4],[7 2 2 2 2],[0.9 0.8 0.7 0.6 0.5],8,0.0
2257,24,0,79,1,0,[8 4 4 4 4],[5 5 5 5 5],[0.9 0.8 0.7 0.6 0.5],7,0.0
2258,24,0,80,0,0,[3 3 3 3 3],[6 2 2 2 2],[0.9 0.8 0.7 0.6 0.5],12,0.0
2259,24,0,81,1,0,[6 2 2 2 2],[3 3 3 3 3],[0.9 0.8 0.7 0.6 0.5],11,0.0
2260,24,0,82,0,0,[10 6 6 6 6],[7 7 7 7 7],[0.9 0.8 0.7 0.6 0.5],13,0.0
2261,24,0,83,1,0,[5 5 5 5 5],[8 4 4 4 4],[0.9 0.8 0.7 0.6 0.5],14,0.0
2262,24,0,84,1,0,[4 4 4 4 4],[7 2 2 2 2],[0.9 0.8 0.7 0.6 0.5],8,0.0
2263,24,0,85,0,0,[3 3 3 3 3],[6 2 2 2 2],[0.9 0.8 0.7 0.6 0.5],12,0.0
2264,24,0,86,0,0,[3 3 3 3 3],[6 2 2 2 2],[0.9 0.8 0.7 0.6 0.5],12,0.0
2265,24,0,87,1,0,[9 3 3 3 3],[6 5 5 5 5],[0.9 0.8 0.7 0.6 0.5],16,0.0
2266,24,0,88,1,0,[10 6 6 6 6],[7 7 7 7 7],[0.9 0.8 0.7 0.6 0.5],13,0.0
2267,24,0,89,1,0,[8 4 4 4 4],[5 5 5 5 5],[0.9 0.8 0.7 0.6 0.5],7,0.0
