,participant,task,trial,choice,reward,stimulus_0,stimulus_1,validities,item_type,tier
0,0,0,0,1,0,[5 5 4 4 4],[4 4 5 5 5],[1 0.9 0.6 0.5 0.5],1,0.0
1,0,0,1,0,0,[7 7 3 3 3],[3 3 7 7 7],[1 0.9 0.6 0.5 0.5],2,0.0
2,0,0,2,1,0,[10 10 10 0 0],[0 0 0 10 10],[1 0.9 0.6 0.5 0.5],3,0.0
3,0,0,3,1,0,[6 6 4 4 4],[4 4 6 6 6],[1 0.9 0.6 0.5 0.5],4,0.0
4,0,0,4,0,0,[6 6 4 4 4],[4 4 6 6 6],[1 0.9 0.6 0.5 0.5],4,0.0
5,0,0,5,0,0,[8 8 2 2 2],[2 2 8 8 8],[1 0.9 0.6 0.5 0.5],5,0.0
6,0,0,6,0,0,[5 5 5 4 4],[4 4 4 5 5],[1 0.9 0.6 0.5 0.5],6,0.0
7,0,0,7,1,0,[5 5 4 4 4],[4 4 5 5 5],[1 0.9 0.6 0.5 0.5],1,0.0
8,0,0,8,0,0,[10 10 0 0 0],[0 0 10 10 10],[1 0.9 0.6 0.5 0.5],7,0.0
9,0,0,9,0,0,[10 10 10 0 0],[0 0 0 10 10],[1 0.9 0.6 0.5 0.5],3,0.0
10,0,0,10,1,0,[9 9 1 1 1],[1 1 9 9 9],[1 0.9 0.6 0.5 0.5],8,0.0
11,0,0,11,1,0,[7 7 3 3 3],[3 3 7 7 7],[1 0.9 0.6 0.5 0.5],2,0.0
12,0,0,12,1,0,[7 7 3 3 3],[3 3 7 7 7],[1 0.9 0.6 0.5 0.5],2,0.0
13,0,0,13,1,0,[7 7 3 3 3],[3 3 7 7 7],[1 0.9 0.6 0.5 0.5],2,0.0
14,0,0,14,1,0,[6 6 4 4 4],[4 4 6 6 6],[1 0.9 0.6 0.5 0.5],4,0.0
15,0,0,15,0,0,[8 8 2 2 2],[2 2 8 8 8],[1 0.9 0.6 0.5 0.5],5,0.0
16,0,0,16,0,0,[9 9 1 1 1],[1 1 9 9 9],[1 0.9 0.6 0.5 0.5],8,0.0
17,0,0,17,0,0,[8 8 2 2 2],[2 2 8 8 8],[1 0.9 0.6 0.5 0.5],5,0.0
18,0,0,18,0,0,[8 8 2 2 2],[2 2 8 8 8],[1 0.9 0.6 0.5 0.5],5,0.0
19,0,0,19,1,0,[5 5 4 4 4],[4 4 5 5 5],[1 0.9 0.6 0.5 0.5],1,0.0
20,0,0,20,0,0,[7 7 3 3 3],[3 3 7 7 7],[1 0.9 0.6 0.5 0.5],2,0.0
21,0,0,21,1,0,[7 7 3 3 3],[3 3 7 7 7],[1 0.9 0.6 0.5 0.5],2,0.0
22,0,0,22,1,0,[8 8 2 2 2],[2 2 8 8 8],[1 0.9 0.6 0.5 0.5],5,0.0
23,0,0,23,0,0,[5 5 5 4 4],[4 4 4 5 5],[1 0.9 0.6 0.5 0.5],6,0.0
24,0,0,24,0,0,[7 7 3 3 3],[3 3 7 7 7],[1 0.9 0.6 0.5 0.5],2,0.0
25,0,0,25,1,0,[8 8 2 2 2],[2 2 8 8 8],[1 0.9 0.6 0.5 0.5],5,0.0
26,0,0,26,1,0,[10 10 0 0 0],[0 0 10 10 10],[1 0.9 0.6 0.5 0.5],7,0.0
27,0,0,27,0,0,[5 5 4 4 4],[4 4 5 5 5],[1 0.9 0.6 0.5 0.5],1,0.0
28,0,0,28,0,0,[5 5 4 4 4],[4 4 5 5 5],[1 0.9 0.6 0.5 0.5],1,0.0
29,0,0,29,1,0,[5 5 4 4 4],[4 4 5 5 5],[1 0.9 0.6 0.5 0.5],1,0.0
30,0,0,30,0,0,[9 9 1 1 1],[1 1 9 9 9],[1 0.9 0.6 0.5 0.5],8,0.0
31,0,0,31,1,0,[6 6 4 4 4],[4 4 6 6 6],[1 0.9 0.6 0.5 0.5],4,0.0
32,0,0,32,1,0,[5 5 5 4 4],[4 4 4 5 5],[1 0.9 0.6 0.5 0.5],6,0.0
33,0,0,33,1,0,[6 6 4 4 4],[4 4 6 6 6],[1 0.9 0.6 0.5 0.5],4,0.0
34,0,0,34,1,0,[10 10 10 0 0],[0 0 0 10 10],[1 0.9 0.6 0.5 0.5],3,0.0
35,0,0,35,0,0,[9 9 1 1 1],[1 1 9 9 9],[1 0.9 0.6 0.5 0.5],8,0.0
36,0,0,36,1,0,[5 5 4 4 4],[4 4 5 5 5],[1 0.9 0.6 0.5 0.5],1,0.0
37,0,0,37,1,0,[5 5 5 4 4],[4 4 4 5 5],[1 0.9 0.6 0.5 0.5],6,0.0
38,0,0,38,0,0,[5 5 4 4 4],[4 4 5 5 5],[1 0.9 0.6 0.5 0.5],1,0.0
39,0,0,39,0,0,[5 5 4 4 4],[4 4 5 5 5],[1 0.9 0.6 0.5 0.5],1,0.0
40,0,0,40,1,0,[5 5 5 4 4],[4 4 4 5 5],[1 0.9 0.6 0.5 0.5],6,0.0
41,0,0,41,0,0,[8 8 2 2 2],[2 2 8 8 8],[1 0.9 0.6 0.5 0.5],5,0.0
42,0,0,42,0,0,[6 6 4 4 4],[4 4 6 6 6],[1 0.9 0.6 0.5 0.5],4,0.0
43,0,0,43,0,0,[10 10 10 0 0],[0 0 0 10 10],[1 0.9 0.6 0.5 0.5],3,0.0
44,0,0,44,0,0,[10 10 0 0 0],[0 0 10 10 10],[1 0.9 0.6 0.5 0.5],7,0.0
45,0,0,45,1,0,[6 6 4 4 4],[4 4 6 6 6],[1 0.9 0.6 0.5 0.5],4,0.0
46,0,0,46,1,0,[7 7 3 3 3],[3 3 7 7 7],[1 0.9 0.6 0.5 0.5],2,0.0
47,0,0,47,1,0,[8 8 2 2 2],[2 2 8 8 8],[1 0.9 0.6 0.5 0.5],5,0.0
48,0,0,48,1,0,[10 10 10 0 0],[0 0 0 10 10],[1 0.9 0.6 0.5 0.5],3,0.0
49,0,0,49,0,0,[10 10 10 0 0],[0 0 0 10 10],[1 0.9 0.6 0.5 0.5],3,0.0
50,0,0,50,0,0,[9 9 1 1 1],[1 1 9 9 9],[1 0.9 0.6 0.5 0.5],8,0.0
51,0,0,51,0,0,[5 5 5 4 4],[4 4 4 5 5],[1 0.9 0.6 0.5 0.5],6,0.0
52,0,0,52,1,0,[5 5 5 4 4],[4 4 4 5 5],[1 0.9 0.6 0.5 0.5],6,0.0
53,0,0,53,1,0,[10 10 10 0 0],[0 0 0 10 10],[1 0.9 0.6 0.5 0.5],3,0.0
54,0,0,54,0,0,[10 10 0 0 0],[0 0 10 10 10],[1 0.9 0.6 0.5 0.5],7,0.0
55,0,0,55,1,0,[10 10 10 0 0],[0 0 0 10 10],[1 0.9 0.6 0.5 0.5],3,0.0
56,0,0,56,1,0,[9 9 1 1 1],[1 1 9 9 9],[1 0.9 0.6 0.5 0.5],8,0.0
57,0,0,57,0,0,[5 5 5 4 4],[4 4 4 5 5],[1 0.9 0.6 0.5 0.5],6,0.0
58,0,0,58,0,0,[8 8 2 2 2],[2 2 8 8 8],[1 0.9 0.6 0.5 0.5],5,0.0
59,0,0,59,0,0,[7 7 3 3 3],[3 3 7 7 7],[1 0.9 0.6 0.5 0.5],2,0.0
60,0,0,60,0,0,[10 10 0 0 0],[0 0 10 10 10],[1 0.9 0.6 0.5 0.5],7,0.0
61,0,0,61,0,0,[9 9 1 1 1],[1 1 9 9 9],[1 0.9 0.6 0.5 0.5],8,0.0
62,0,0,62,1,0,[10 10 0 0 0],[0 0 10 10 10],[1 0.9 0.6 0.5 0.5],7,0.0
63,0,0,63,1,0,[9 9 1 1 1],[1 1 9 9 9],[1 0.9 0.6 0.5 0.5],8,0.0
64,0,0,64,1,0,[9 9 1 1 1],[1 1 9 9 9],[1 0.9 0.6 0.5 0.5],8,0.0
65,0,0,65,0,0,[10 10 10 0 0],[0 0 0 10 10],[1 0.9 0.6 0.5 0.5],3,0.0
66,0,0,66,1,0,[6 6 4 4 4],[4 4 6 6 6],[1 0.9 0.6 0.5 0.5],4,0.0
67,0,0,67,0,0,[9 9 1 1 1],[1 1 9 9 9],[1 0.9 0.6 0.5 0.5],8,0.0
68,0,0,68,0,0,[6 6 4 4 4],[4 4 6 6 6],[1 0.9 0.6 0.5 0.5],4,0.0
69,0,0,69,1,0,[6 6 4 4 4],[4 4 6 6 6],[1 0.9 0.6 0.5 0.5],4,0.0
70,0,0,70,1,0,[5 5 5 4 4],[4 4 4 5 5],[1 0.9 0.6 0.5 0.5],6,0.0
71,0,0,71,0,0,[10 10 0 0 0],[0 0 10 10 10],[1 0.9 0.6 0.5 0.5],7,0.0
72,0,0,72,0,0,[10 10 0 0 0],[0 0 10 10 10],[1 0.9 0.6 0.5 0.5],7,0.0
73,0,0,73,0,0,[5 5 4 4 4],[4 4 5 5 5],[1 0.9 0.6 0.5 0.5],1,0.0
74,0,0,74,1,0,[10 10 0 0 0],[0 0 10 10 10],[1 0.9 0.6 0.5 0.5],7,0.0
75,0,0,75,0,0,[5 5 5 4 4],[4 4 4 5 5],[1 0.9 0.6 0.5 0.5],6,0.0
76,0,0,76,0,0,[10 10 10 0 0],[0 0 0 10 10],[1 0.9 0.6 0.5 0.5],3,0.0
77,0,0,77,1,0,[5 5 5 4 4],[4 4 4 5 5],[1 0.9 0.6 0.5 0.5],6,0.0
78,0,0,78,0,0,[10 10 10 0 0],[0 0 0 10 10],[1 0.9 0.6 0.5 0.5],3,0.0
79,0,0,79,0,0,[10 10 0 0 0],[0 0 10 10 10],[1 0.9 0.6 0.5 0.5],7,0.0
80,0,0,80,1,0,[9 9 1 1 1],[1 1 9 9 9],[1 0.9 0.6 0.5 0.5],8,0.0
81,0,0,81,0,0,[8 8 2 2 2],[2 2 8 8 8],[1 0.9 0.6 0.5 0.5],5,0.0
82,0,0,82,0,0,[9 9 1 1 1],[1 1 9 9 9],[1 0.9 0.6 0.5 0.5],8,0.0
83,0,0,83,1,0,[8 8 2 2 2],[2 2 8 8 8],[1 0.9 0.6 0.5 0.5],5,0.0
84,0,0,84,0,0,[7 7 3 3 3],[3 3 7 7 7],[1 0.9 0.6 0.5 0.5],2,0.0
85,0,0,85,1,0,[10 10 0 0 0],[0 0 10 10 10],[1 0.9 0.6 0.5 0.5],7,0.0
86,0,0,86,1,0,[6 6 4 4 4],[4 4 6 6 6],[1 0.9 0.6 0.5 0.5],4,0.0
87,0,0,87,0,0,[6 6 4 4 4],[4 4 6 6 6],[1 0.9 0.6 0.5 0.5],4,0.0
88,0,0,88,1,0,[7 7 3 3 3],[3 3 7 7 7],[1 0.9 0.6 0.5 0.5],2,0.0
89,0,0,89,1,0,[10 10 10 0 0],[0 0 0 10 10],[1 0.9 0.6 0.5 0.5],3,0.0
90,0,0,90,1,0,[10 10 0 0 0],[0 0 10 10 10],[1 0.9 0.6 0.5 0.5],7,0.0
91,0,0,91,0,0,[8 8 2 2 2],[2 2 8 8 8],[1 0.9 0.6 0.5 0.5],5,0.0
92,0,0,92,0,0,[5 5 4 4 4],[4 4 5 5 5],[1 0.9 0.6 0.5 0.5],1,0.0
93,0,0,93,1,0,[5 5 5 4 4],[4 4 4 5 5],[1 0.9 0.6 0.5 0.5],6,0.0
94,0,0,94,1,0,[7 7 3 3 3],[3 3 7 7 7],[1 0.9 0.6 0.5 0.5],2,0.0
95,0,0,95,1,0,[5 5 4 4 4],[4 4 5 5 5],[1 0.9 0.6 0.5 0.5],1,0.0
96,2,0,0,0,0,[5 5 4 4 4],[4 4 5 5 5],[1 0.9 0.6 0.5 0.5],1,0.0
97,2,0,1,0,0,[7 7 3 3 3],[3 3 7 7 7],[1 0.9 0.6 0.5 0.5],2,0.0
98,2,0,2,0,0,[10 10 10 0 0],[0 0 0 10 10],[1 0.9 0.6 0.5 0.5],3,0.0
99,2,0,3,0,0,[6 6 4 4 4],[4 4 6 6 6],[1 0.9 0.6 0.5 0.5],4,0.0
100,2,0,4,1,0,[6 6 4 4 4],[4 4 6 6 6],[1 0.9 0.6 0.5 0.5],4,0.0
101,2,0,5,0,0,[8 8 2 2 2],[2 2 8 8 8],[1 0.9 0.6 0.5 0.5],5,0.0
102,2,0,6,0,0,[5 5 5 4 4],[4 4 4 5 5],[1 0.9 0.6 0.5 0.5],6,0.0
103,2,0,7,0,0,[5 5 4 4 4],[4 4 5 5 5],[1 0.9 0.6 0.5 0.5],1,0.0
104,2,0,8,1,0,[10 10 0 0 0],[0 0 10 10 10],[1 0.9 0.6 0.5 0.5],7,0.0
105,2,0,9,0,0,[10 10 10 0 0],[0 0 0 10 10],[1 0.9 0.6 0.5 0.5],3,0.0
106,2,0,10,1,0,[9 9 1 1 1],[1 1 9 9 9],[1 0.9 0.6 0.5 0.5],8,0.0
107,2,0,11,1,0,[7 7 3 3 3],[3 3 7 7 7],[1 0.9 0.6 0.5 0.5],2,0.0
108,2,0,12,0,0,[7 7 3 3 3],[3 3 7 7 7],[1 0.9 0.6 0.5 0.5],2,0.0
109,2,0,13,0,0,[7 7 3 3 3],[3 3 7 7 7],[1 0.9 0.6 0.5 0.5],2,0.0
110,2,0,14,1,0,[6 6 4 4 4],[4 4 6 6 6],[1 0.9 0.6 0.5 0.5],4,0.0
111,2,0,15,0,0,[8 8 2 2 2],[2 2 8 8 8],[1 0.9 0.6 0.5 0.5],5,0.0
112,2,0,16,1,0,[9 9 1 1 1],[1 1 9 9 9],[1 0.9 0.6 0.5 0.5],8,0.0
113,2,0,17,1,0,[8 8 2 2 2],[2 2 8 8 8],[1 0.9 0.6 0.5 0.5],5,0.0
114,2,0,18,1,0,[8 8 2 2 2],[2 2 8 8 8],[1 0.9 0.6 0.5 0.5],5,0.0
115,2,0,19,1,0,[5 5 4 4 4],[4 4 5 5 5],[1 0.9 0.6 0.5 0.5],1,0.0
116,2,0,20,1,0,[7 7 3 3 3],[3 3 7 7 7],[1 0.9 0.6 0.5 0.5],2,0.0
117,2,0,21,0,0,[7 7 3 3 3],[3 3 7 7 7],[1 0.9 0.6 0.5 0.5],2,0.0
118,2,0,22,1,0,[8 8 2 2 2],[2 2 8 8 8],[1 0.9 0.6 0.5 0.5],5,0.0
119,2,0,23,0,0,[5 5 5 4 4],[4 4 4 5 5],[1 0.9 0.6 0.5 0.5],6,0.0
120,2,0,24,0,0,[7 7 3 3 3],[3 3 7 7 7],[1 0.9 0.6 0.5 0.5],2,0.0
121,2,0,25,0,0,[8 8 2 2 2],[2 2 8 8 8],[1 0.9 0.6 0.5 0.5],5,0.0
122,2,0,26,1,0,[10 10 0 0 0],[0 0 10 10 10],[1 0.9 0.6 0.5 0.5],7,0.0
123,2,0,27,1,0,[5 5 4 4 4],[4 4 5 5 5],[1 0.9 0.6 0.5 0.5],1,0.0
124,2,0,28,1,0,[5 5 4 4 4],[4 4 5 5 5],[1 0.9 0.6 0.5 0.5],1,0.0
125,2,0,29,0,0,[5 5 4 4 4],[4 4 5 5 5],[1 0.9 0.6 0.5 0.5],1,0.0
126,2,0,30,1,0,[9 9 1 1 1],[1 1 9 9 9],[1 0.9 0.6 0.5 0.5],8,0.0
127,2,0,31,1,0,[6 6 4 4 4],[4 4 6 6 6],[1 0.9 0.6 0.5 0.5],4,0.0
128,2,0,32,1,0,[5 5 5 4 4],[4 4 4 5 5],[1 0.9 0.6 0.5 0.5],6,0.0
129,2,0,33,1,0,[6 6 4 4 4],[4 4 6 6 6],[1 0.9 0.6 0.5 0.5],4,0.0
130,2,0,34,0,0,[10 10 10 0 0],[0 0 0 10 10],[1 0.9 0.6 0.5 0.5],3,0.0
131,2,0,35,0,0,[9 9 1 1 1],[1 1 9 9 9],[1 0.9 0.6 0.5 0.5],8,0.0
132,2,0,36,1,0,[5 5 4 4 4],[4 4 5 5 5],[1 0.9 0.6 0.5 0.5],1,0.0
133,2,0,37,0,0,[5 5 5 4 4],[4 4 4 5 5],[1 0.9 0.6 0.5 0.5],6,0.0
134,2,0,38,1,0,[5 5 4 4 4],[4 4 5 5 5],[1 0.9 0.6 0.5 0.5],1,0.0
135,2,0,39,1,0,[5 5 4 4 4],[4 4 5 5 5],[1 0.9 0.6 0.5 0.5],1,0.0
136,2,0,40,1,0,[5 5 5 4 4],[4 4 4 5 5],[1 0.9 0.6 0.5 0.5],6,0.0
137,2,0,41,0,0,[8 8 2 2 2],[2 2 8 8 8],[1 0.9 0.6 0.5 0.5],5,0.0
138,2,0,42,0,0,[6 6 4 4 4],[4 4 6 6 6],[1 0.9 0.6 0.5 0.5],4,0.0
139,2,0,43,0,0,[10 10 10 0 0],[0 0 0 10 10],[1 0.9 0.6 0.5 0.5],3,0.0
140,2,0,44,1,0,[10 10 0 0 0],[0 0 10 10 10],[1 0.9 0.6 0.5 0.5],7,0.0
141,2,0,45,1,0,[6 6 4 4 4],[4 4 6 6 6],[1 0.9 0.6 0.5 0.5],4,0.0
142,2,0,46,1,0,[7 7 3 3 3],[3 3 7 7 7],[1 0.9 0.6 0.5 0.5],2,0.0
143,2,0,47,1,0,[8 8 2 2 2],[2 2 8 8 8],[1 0.9 0.6 0.5 0.5],5,0.0
144,2,0,48,0,0,[10 10 10 0 0],[0 0 0 10 10],[1 0.9 0.6 0.5 0.5],3,0.0
145,2,0,49,0,0,[10 10 10 0 0],[0 0 0 10 10],[1 0.9 0.6 0.5 0.5],3,0.0
146,2,0,50,1,0,[9 9 1 1 1],[1 1 9 9 9],[1 0.9 0.6 0.5 0.5],8,0.0
147,2,0,51,1,0,[5 5 5 4 4],[4 4 4 5 5],[1 0.9 0.6 0.5 0.5],6,0.0
148,2,0,52,0,0,[5 5 5 4 4],[4 4 4 5 5],[1 0.9 0.6 0.5 0.5],6,0.0
149,2,0,53,0,0,[10 10 10 0 0],[0 0 0 10 10],[1 0.9 0.6 0.5 0.5],3,0.0
150,2,0,54,1,0,[10 10 0 0 0],[0 0 10 10 10],[1 0.9 0.6 0.5 0.5],7,0.0
151,2,0,55,0,0,[10 10 10 0 0],[0 0 0 10 10],[1 0.9 0.6 0.5 0.5],3,0.0
152,2,0,56,1,0,[9 9 1 1 1],[1 1 9 9 9],[1 0.9 0.6 0.5 0.5],8,0.0
153,2,0,57,1,0,[5 5 5 4 4],[4 4 4 5 5],[1 0.9 0.6 0.5 0.5],6,0.0
154,2,0,58,1,0,[8 8 2 2 2],[2 2 8 8 8],[1 0.9 0.6 0.5 0.5],5,0.0
155,2,0,59,1,0,[7 7 3 3 3],[3 3 7 7 7],[1 0.9 0.6 0.5 0.5],2,0.0
156,2,0,60,1,0,[10 10 0 0 0],[0 0 10 10 10],[1 0.9 0.6 0.5 0.5],7,0.0
157,2,0,61,1,0,[9 9 1 1 1],[1 1 9 9 9],[1 0.9 0.6 0.5 0.5],8,0.0
158,2,0,62,1,0,[10 10 0 0 0],[0 0 10 10 10],[1 0.9 0.6 0.5 0.5],7,0.0
159,2,0,63,1,0,[9 9 1 1 1],[1 1 9 9 9],[1 0.9 0.6 0.5 0.5],8,0.0
160,2,0,64,0,0,[9 9 1 1 1],[1 1 9 9 9],[1 0.9 0.6 0.5 0.5],8,0.0
161,2,0,65,0,0,[10 10 10 0 0],[0 0 0 10 10],[1 0.9 0.6 0.5 0.5],3,0.0
162,2,0,66,0,0,[6 6 4 4 4],[4 4 6 6 6],[1 0.9 0.6 0.5 0.5],4,0.0
163,2,0,67,1,0,[9 9 1 1 1],[1 1 9 9 9],[1 0.9 0.6 0.5 0.5],8,0.0
164,2,0,68,1,0,[6 6 4 4 4],[4 4 6 6 6],[1 0.9 0.6 0.5 0.5],4,0.0
165,2,0,69,0,0,[6 6 4 4 4],[4 4 6 6 6],[1 0.9 0.6 0.5 0.5],4,0.0
166,2,0,70,0,0,[5 5 5 4 4],[4 4 4 5 5],[1 0.9 0.6 0.5 0.5],6,0.0
167,2,0,71,1,0,[10 10 0 0 0],[0 0 10 10 10],[1 0.9 0.6 0.5 0.5],7,0.0
168,2,0,72,1,0,[10 10 0 0 0],[0 0 10 10 10],[1 0.9 0.6 0.5 0.5],7,0.0
169,2,0,73,1,0,[5 5 4 4 4],[4 4 5 5 5],[1 0.9 0.6 0.5 0.5],1,0.0
170,2,0,74,0,0,[10 10 0 0 0],[0 0 10 10 10],[1 0.9 0.6 0.5 0.5],7,0.0
171,2,0,75,0,0,[5 5 5 4 4],[4 4 4 5 5],[1 0.9 0.6 0.5 0.5],6,0.0
172,2,0,76,0,0,[10 10 10 0 0],[0 0 0 10 10],[1 0.9 0.6 0.5 0.5],3,0.0
173,2,0,77,1,0,[5 5 5 4 4],[4 4 4 5 5],[1 0.9 0.6 0.5 0.5],6,0.0
174,2,0,78,0,0,[10 10 10 0 0],[0 0 0 10 10],[1 0.9 0.6 0.5 0.5],3,0.0
175,2,0,79,0,0,[10 10 0 0 0],[0 0 10 10 10],[1 0.9 0.6 0.5 0.5],7,0.0
176,2,0,80,0,0,[9 9 1 1 1],[1 1 9 9 9],[1 0.9 0.6 0.5 0.5],8,0.0
177,2,0,81,1,0,[8 8 2 2 2],[2 2 8 8 8],[1 0.9 0.6 0.5 0.5],5,0.0
178,2,0,82,0,0,[9 9 1 1 1],[1 1 9 9 9],[1 0.9 0.6 0.5 0.5],8,0.0
179,2,0,83,1,0,[8 8 2 2 2],[2 2 8 8 8],[1 0.9 0.6 0.5 0.5],5,0.0
180,2,0,84,1,0,[7 7 3 3 3],[3 3 7 7 7],[1 0.9 0.6 0.5 0.5],2,0.0
181,2,0,85,0,0,[10 10 0 0 0],[0 0 10 10 10],[1 0.9 0.6 0.5 0.5],7,0.0
182,2,0,86,0,0,[6 6 4 4 4],[4 4 6 6 6],[1 0.9 0.6 0.5 0.5],4,0.0
183,2,0,87,1,0,[6 6 4 4 4],[4 4 6 6 6],[1 0.9 0.6 0.5 0.5],4,0.0
184,2,0,88,1,0,[7 7 3 3 3],[3 3 7 7 7],[1 0.9 0.6 0.5 0.5],2,0.0
185,2,0,89,0,0,[10 10 10 0 0],[0 0 0 10 10],[1 0.9 0.6 0.5 0.5],3,0.0
186,2,0,90,1,0,[10 10 0 0 0],[0 0 10 10 10],[1 0.9 0.6 0.5 0.5],7,0.0
187,2,0,91,1,0,[8 8 2 2 2],[2 2 8 8 8],[1 0.9 0.6 0.5 0.5],5,0.0
188,2,0,92,0,0,[5 5 4 4 4],[4 4 5 5 5],[1 0.9 0.6 0.5 0.5],1,0.0
189,2,0,93,1,0,[5 5 5 4 4],[4 4 4 5 5],[1 0.9 0.6 0.5 0.5],6,0.0
190,2,0,94,0,0,[7 7 3 3 3],[3 3 7 7 7],[1 0.9 0.6 0.5 0.5],2,0.0
191,2,0,95,0,0,[5 5 4 4 4],[4 4 5 5 5],[1 0.9 0.6 0.5 0.5],1,0.0
192,3,0,0,0,0,[5 5 4 4 4],[4 4 5 5 5],[1 0.9 0.6 0.5 0.5],1,0.0
193,3,0,1,1,0,[7 7 3 3 3],[3 3 7 7 7],[1 0.9 0.6 0.5 0.5],2,0.0
194,3,0,2,1,0,[10 10 10 0 0],[0 0 0 10 10],[1 0.9 0.6 0.5 0.5],3,0.0
195,3,0,3,1,0,[6 6 4 4 4],[4 4 6 6 6],[1 0.9 0.6 0.5 0.5],4,0.0
196,3,0,4,1,0,[6 6 4 4 4],[4 4 6 6 6],[1 0.9 0.6 0.5 0.5],4,0.0
197,3,0,5,1,0,[8 8 2 2 2],[2 2 8 8 8],[1 0.9 0.6 0.5 0.5],5,0.0
198,3,0,6,1,0,[5 5 5 4 4],[4 4 4 5 5],[1 0.9 0.6 0.5 0.5],6,0.0
199,3,0,7,1,0,[5 5 4 4 4],[4 4 5 5 5],[1 0.9 0.6 0.5 0.5],1,0.0
200,3,0,8,1,0,[10 10 0 0 0],[0 0 10 10 10],[1 0.9 0.6 0.5 0.5],7,0.0
201,3,0,9,0,0,[10 10 10 0 0],[0 0 0 10 10],[1 0.9 0.6 0.5 0.5],3,0.0
202,3,0,10,1,0,[9 9 1 1 1],[1 1 9 9 9],[1 0.9 0.6 0.5 0.5],8,0.0
203,3,0,11,1,0,[7 7 3 3 3],[3 3 7 7 7],[1 0.9 0.6 0.5 0.5],2,0.0
204,3,0,12,1,0,[7 7 3 3 3],[3 3 7 7 7],[1 0.9 0.6 0.5 0.5],2,0.0
205,3,0,13,1,0,[7 7 3 3 3],[3 3 7 7 7],[1 0.9 0.6 0.5 0.5],2,0.0
206,3,0,14,1,0,[6 6 4 4 4],[4 4 6 6 6],[1 0.9 0.6 0.5 0.5],4,0.0
207,3,0,15,1,0,[8 8 2 2 2],[2 2 8 8 8],[1 0.9 0.6 0.5 0.5],5,0.0
208,3,0,16,1,0,[9 9 1 1 1],[1 1 9 9 9],[1 0.9 0.6 0.5 0.5],8,0.0
209,3,0,17,1,0,[8 8 2 2 2],[2 2 8 8 8],[1 0.9 0.6 0.5 0.5],5,0.0
210,3,0,18,1,0,[8 8 2 2 2],[2 2 8 8 8],[1 0.9 0.6 0.5 0.5],5,0.0
211,3,0,19,1,0,[5 5 4 4 4],[4 4 5 5 5],[1 0.9 0.6 0.5 0.5],1,0.0
212,3,0,20,1,0,[7 7 3 3 3],[3 3 7 7 7],[1 0.9 0.6 0.5 0.5],2,0.0
213,3,0,21,1,0,[7 7 3 3 3],[3 3 7 7 7],[1 0.9 0.6 0.5 0.5],2,0.0
214,3,0,22,1,0,[8 8 2 2 2],[2 2 8 8 8],[1 0.9 0.6 0.5 0.5],5,0.0
215,3,0,23,0,0,[5 5 5 4 4],[4 4 4 5 5],[1 0.9 0.6 0.5 0.5],6,0.0
216,3,0,24,1,0,[7 7 3 3 3],[3 3 7 7 7],[1 0.9 0.6 0.5 0.5],2,0.0
217,3,0,25,1,0,[8 8 2 2 2],[2 2 8 8 8],[1 0.9 0.6 0.5 0.5],5,0.0
218,3,0,26,1,0,[10 10 0 0 0],[0 0 10 10 10],[1 0.9 0.6 0.5 0.5],7,0.0
219,3,0,27,0,0,[5 5 4 4 4],[4 4 5 5 5],[1 0.9 0.6 0.5 0.5],1,0.0
220,3,0,28,1,0,[5 5 4 4 4],[4 4 5 5 5],[1 0.9 0.6 0.5 0.5],1,0.0
221,3,0,29,1,0,[5 5 4 4 4],[4 4 5 5 5],[1 0.9 0.6 0.5 0.5],1,0.0
222,3,0,30,1,0,[9 9 1 1 1],[1 1 9 9 9],[1 0.9 0.6 0.5 0.5],8,0.0
223,3,0,31,1,0,[6 6 4 4 4],[4 4 6 6 6],[1 0.9 0.6 0.5 0.5],4,0.0
224,3,0,32,0,0,[5 5 5 4 4],[4 4 4 5 5],[1 0.9 0.6 0.5 0.5],6,0.0
225,3,0,33,1,0,[6 6 4 4 4],[4 4 6 6 6],[1 0.9 0.6 0.5 0.5],4,0.0
226,3,0,34,0,0,[10 10 10 0 0],[0 0 0 10 10],[1 0.9 0.6 0.5 0.5],3,0.0
227,3,0,35,1,0,[9 9 1 1 1],[1 1 9 9 9],[1 0.9 0.6 0.5 0.5],8,0.0
228,3,0,36,1,0,[5 5 4 4 4],[4 4 5 5 5],[1 0.9 0.6 0.5 0.5],1,0.0
229,3,0,37,0,0,[5 5 5 4 4],[4 4 4 5 5],[1 0.9 0.6 0.5 0.5],6,0.0
230,3,0,38,1,0,[5 5 4 4 4],[4 4 5 5 5],[1 0.9 0.6 0.5 0.5],1,0.0
231,3,0,39,1,0,[5 5 4 4 4],[4 4 5 5 5],[1 0.9 0.6 0.5 0.5],1,0.0
232,3,0,40,0,0,[5 5 5 4 4],[4 4 4 5 5],[1 0.9 0.6 0.5 0.5],6,0.0
233,3,0,41,1,0,[8 8 2 2 2],[2 2 8 8 8],[1 0.9 0.6 0.5 0.5],5,0.0
234,3,0,42,1,0,[6 6 4 4 4],[4 4 6 6 6],[1 0.9 0.6 0.5 0.5],4,0.0
235,3,0,43,0,0,[10 10 10 0 0],[0 0 0 10 10],[1 0.9 0.6 0.5 0.5],3,0.0
236,3,0,44,1,0,[10 10 0 0 0],[0 0 10 10 10],[1 0.9 0.6 0.5 0.5],7,0.0
237,3,0,45,1,0,[6 6 4 4 4],[4 4 6 6 6],[1 0.9 0.6 0.5 0.5],4,0.0
238,3,0,46,1,0,[7 7 3 3 3],[3 3 7 7 7],[1 0.9 0.6 0.5 0.5],2,0.0
239,3,0,47,1,0,[8 8 2 2 2],[2 2 8 8 8],[1 0.9 0.6 0.5 0.5],5,0.0
240,3,0,48,0,0,[10 10 10 0 0],[0 0 0 10 10],[1 0.9 0.6 0.5 0.5],3,0.0
241,3,0,49,0,0,[10 10 10 0 0],[0 0 0 10 10],[1 0.9 0.6 0.5 0.5],3,0.0
242,3,0,50,1,0,[9 9 1 1 1],[1 1 9 9 9],[1 0.9 0.6 0.5 0.5],8,0.0
243,3,0,51,0,0,[5 5 5 4 4],[4 4 4 5 5],[1 0.9 0.6 0.5 0.5],6,0.0
244,3,0,52,0,0,[5 5 5 4 4],[4 4 4 5 5],[1 0.9 0.6 0.5 0.5],6,0.0
245,3,0,53,0,0,[10 10 10 0 0],[0 0 0 10 10],[1 0.9 0.6 0.5 0.5],3,0.0
246,3,0,54,1,0,[10 10 0 0 0],[0 0 10 10 10],[1 0.9 0.6 0.5 0.5],7,0.0
247,3,0,55,0,0,[10 10 10 0 0],[0 0 0 10 10],[1 0.9 0.6 0.5 0.5],3,0.0
248,3,0,56,1,0,[9 9 1 1 1],[1 1 9 9 9],[1 0.9 0.6 0.5 0.5],8,0.0
249,3,0,57,0,0,[5 5 5 4 4],[4 4 4 5 5],[1 0.9 0.6 0.5 0.5],6,0.0
250,3,0,58,1,0,[8 8 2 2 2],[2 2 8 8 8],[1 0.9 0.6 0.5 0.5],5,0.0
251,3,0,59,1,0,[7 7 3 3 3],[3 3 7 7 7],[1 0.9 0.6 0.5 0.5],2,0.0
252,3,0,60,1,0,[10 10 0 0 0],[0 0 10 10 10],[1 0.9 0.6 0.5 0.5],7,0.0
253,3,0,61,1,0,[9 9 1 1 1],[1 1 9 9 9],[1 0.9 0.6 0.5 0.5],8,0.0
254,3,0,62,1,0,[10 10 0 0 0],[0 0 10 10 10],[1 0.9 0.6 0.5 0.5],7,0.0
255,3,0,63,1,0,[9 9 1 1 1],[1 1 9 9 9],[1 0.9 0.6 0.5 0.5],8,0.0
256,3,0,64,1,0,[9 9 1 1 1],[1 1 9 9 9],[1 0.9 0.6 0.5 0.5],8,0.0
257,3,0,65,0,0,[10 10 10 0 0],[0 0 0 10 10],[1 0.9 0.6 0.5 0.5],3,0.0
258,3,0,66,1,0,[6 6 4 4 4],[4 4 6 6 6],[1 0.9 0.6 0.5 0.5],4,0.0
259,3,0,67,1,0,[9 9 1 1 1],[1 1 9 9 9],[1 0.9 0.6 0.5 0.5],8,0.0
260,3,0,68,1,0,[6 6 4 4 4],[4 4 6 6 6],[1 0.9 0.6 0.5 0.5],4,0.0
261,3,0,69,1,0,[6 6 4 4 4],[4 4 6 6 6],[1 0.9 0.6 0.5 0.5],4,0.0
262,3,0,70,0,0,[5 5 5 4 4],[4 4 4 5 5],[1 0.9 0.6 0.5 0.5],6,0.0
263,3,0,71,1,0,[10 10 0 0 0],[0 0 10 10 10],[1 0.9 0.6 0.5 0.5],7,0.0
264,3,0,72,1,0,[10 10 0 0 0],[0 0 10 10 10],[1 0.9 0.6 0.5 0.5],7,0.0
265,3,0,73,1,0,[5 5 4 4 4],[4 4 5 5 5],[1 0.9 0.6 0.5 0.5],1,0.0
266,3,0,74,1,0,[10 10 0 0 0],[0 0 10 10 10],[1 0.9 0.6 0.5 0.5],7,0.0
267,3,0,75,0,0,[5 5 5 4 4],[4 4 4 5 5],[1 0.9 0.6 0.5 0.5],6,0.0
268,3,0,76,0,0,[10 10 10 0 0],[0 0 0 10 10],[1 0.9 0.6 0.5 0.5],3,0.0
269,3,0,77,0,0,[5 5 5 4 4],[4 4 4 5 5],[1 0.9 0.6 0.5 0.5],6,0.0
270,3,0,78,0,0,[10 10 10 0 0],[0 0 0 10 10],[1 0.9 0.6 0.5 0.5],3,0.0
271,3,0,79,1,0,[10 10 0 0 0],[0 0 10 10 10],[1 0.9 0.6 0.5 0.5],7,0.0
272,3,0,80,1,0,[9 9 1 1 1],[1 1 9 9 9],[1 0.9 0.6 0.5 0.5],8,0.0
273,3,0,81,1,0,[8 8 2 2 2],[2 2 8 8 8],[1 0.9 0.6 0.5 0.5],5,0.0
274,3,0,82,1,0,[9 9 1 1 1],[1 1 9 9 9],[1 0.9 0.6 0.5 0.5],8,0.0
275,3,0,83,1,0,[8 8 2 2 2],[2 2 8 8 8],[1 0.9 0.6 0.5 0.5],5,0.0
276,3,0,84,1,0,[7 7 3 3 3],[3 3 7 7 7],[1 0.9 0.6 0.5 0.5],2,0.0
277,3,0,85,1,0,[10 10 0 0 0],[0 0 10 10 10],[1 0.9 0.6 0.5 0.5],7,0.0
278,3,0,86,1,0,[6 6 4 4 4],[4 4 6 6 6],[1 0.9 0.6 0.5 0.5],4,0.0
279,3,0,87,1,0,[6 6 4 4 4],[4 4 6 6 6],[1 0.9 0.6 0.5 0.5],4,0.0
280,3,0,88,1,0,[7 7 3 3 3],[3 3 7 7 7],[1 0.9 0.6 0.5 0.5],2,0.0
281,3,0,89,0,0,[10 10 10 0 0],[0 0 0 10 10],[1 0.9 0.6 0.5 0.5],3,0.0
282,3,0,90,1,0,[10 10 0 0 0],[0 0 10 10 10],[1 0.9 0.6 0.5 0.5],7,0.0
283,3,0,91,1,0,[8 8 2 2 2],[2 2 8 8 8],[1 0.9 0.6 0.5 0.5],5,0.0
284,3,0,92,1,0,[5 5 4 4 4],[4 4 5 5 5],[1 0.9 0.6 0.5 0.5],1,0.0
285,3,0,93,1,0,[5 5 5 4 4],[4 4 4 5 5],[1 0.9 0.6 0.5 0.5],6,0.0
286,3,0,94,1,0,[7 7 3 3 3],[3 3 7 7 7],[1 0.9 0.6 0.5 0.5],2,0.0
287,3,0,95,1,0,[5 5 4 4 4],[4 4 5 5 5],[1 0.9 0.6 0.5 0.5],1,0.0
288,4,0,0,0,0,[5 5 4 4 4],[4 4 5 5 5],[1 0.9 0.6 0.5 0.5],1,0.0
289,4,0,1,1,0,[7 7 3 3 3],[3 3 7 7 7],[1 0.9 0.6 0.5 0.5],2,0.0
290,4,0,2,1,0,[10 10 10 0 0],[0 0 0 10 10],[1 0.9 0.6 0.5 0.5],3,0.0
291,4,0,3,0,0,[6 6 4 4 4],[4 4 6 6 6],[1 0.9 0.6 0.5 0.5],4,0.0
292,4,0,4,1,0,[6 6 4 4 4],[4 4 6 6 6],[1 0.9 0.6 0.5 0.5],4,0.0
293,4,0,5,1,0,[8 8 2 2 2],[2 2 8 8 8],[1 0.9 0.6 0.5 0.5],5,0.0
294,4,0,6,0,0,[5 5 5 4 4],[4 4 4 5 5],[1 0.9 0.6 0.5 0.5],6,0.0
295,4,0,7,0,0,[5 5 4 4 4],[4 4 5 5 5],[1 0.9 0.6 0.5 0.5],1,0.0
296,4,0,8,1,0,[10 10 0 0 0],[0 0 10 10 10],[1 0.9 0.6 0.5 0.5],7,0.0
297,4,0,9,0,0,[10 10 10 0 0],[0 0 0 10 10],[1 0.9 0.6 0.5 0.5],3,0.0
298,4,0,10,0,0,[9 9 1 1 1],[1 1 9 9 9],[1 0.9 0.6 0.5 0.5],8,0.0
299,4,0,11,0,0,[7 7 3 3 3],[3 3 7 7 7],[1 0.9 0.6 0.5 0.5],2,0.0
300,4,0,12,0,0,[7 7 3 3 3],[3 3 7 7 7],[1 0.9 0.6 0.5 0.5],2,0.0
301,4,0,13,0,0,[7 7 3 3 3],[3 3 7 7 7],[1 0.9 0.6 0.5 0.5],2,0.0
302,4,0,14,0,0,[6 6 4 4 4],[4 4 6 6 6],[1 0.9 0.6 0.5 0.5],4,0.0
303,4,0,15,1,0,[8 8 2 2 2],[2 2 8 8 8],[1 0.9 0.6 0.5 0.5],5,0.0
304,4,0,16,1,0,[9 9 1 1 1],[1 1 9 9 9],[1 0.9 0.6 0.5 0.5],8,0.0
305,4,0,17,1,0,[8 8 2 2 2],[2 2 8 8 8],[1 0.9 0.6 0.5 0.5],5,0.0
306,4,0,18,1,0,[8 8 2 2 2],[2 2 8 8 8],[1 0.9 0.6 0.5 0.5],5,0.0
307,4,0,19,0,0,[5 5 4 4 4],[4 4 5 5 5],[1 0.9 0.6 0.5 0.5],1,0.0
308,4,0,20,1,0,[7 7 3 3 3],[3 3 7 7 7],[1 0.9 0.6 0.5 0.5],2,0.0
309,4,0,21,0,0,[7 7 3 3 3],[3 3 7 7 7],[1 0.9 0.6 0.5 0.5],2,0.0
310,4,0,22,0,0,[8 8 2 2 2],[2 2 8 8 8],[1 0.9 0.6 0.5 0.5],5,0.0
311,4,0,23,0,0,[5 5 5 4 4],[4 4 4 5 5],[1 0.9 0.6 0.5 0.5],6,0.0
312,4,0,24,1,0,[7 7 3 3 3],[3 3 7 7 7],[1 0.9 0.6 0.5 0.5],2,0.0
313,4,0,25,0,0,[8 8 2 2 2],[2 2 8 8 8],[1 0.9 0.6 0.5 0.5],5,0.0
314,4,0,26,0,0,[10 10 0 0 0],[0 0 10 10 10],[1 0.9 0.6 0.5 0.5],7,0.0
315,4,0,27,1,0,[5 5 4 4 4],[4 4 5 5 5],[1 0.9 0.6 0.5 0.5],1,0.0
316,4,0,28,1,0,[5 5 4 4 4],[4 4 5 5 5],[1 0.9 0.6 0.5 0.5],1,0.0
317,4,0,29,0,0,[5 5 4 4 4],[4 4 5 5 5],[1 0.9 0.6 0.5 0.5],1,0.0
318,4,0,30,1,0,[9 9 1 1 1],[1 1 9 9 9],[1 0.9 0.6 0.5 0.5],8,0.0
319,4,0,31,0,0,[6 6 4 4 4],[4 4 6 6 6],[1 0.9 0.6 0.5 0.5],4,0.0
320,4,0,32,1,0,[5 5 5 4 4],[4 4 4 5 5],[1 0.9 0.6 0.5 0.5],6,0.0
321,4,0,33,0,0,[6 6 4 4 4],[4 4 6 6 6],[1 0.9 0.6 0.5 0.5],4,0.0
322,4,0,34,1,0,[10 10 10 0 0],[0 0 0 10 10],[1 0.9 0.6 0.5 0.5],3,0.0
323,4,0,35,1,0,[9 9 1 1 1],[1 1 9 9 9],[1 0.9 0.6 0.5 0.5],8,0.0
324,4,0,36,0,0,[5 5 4 4 4],[4 4 5 5 5],[1 0.9 0.6 0.5 0.5],1,0.0
325,4,0,37,1,0,[5 5 5 4 4],[4 4 4 5 5],[1 0.9 0.6 0.5 0.5],6,0.0
326,4,0,38,1,0,[5 5 4 4 4],[4 4 5 5 5],[1 0.9 0.6 0.5 0.5],1,0.0
327,4,0,39,1,0,[5 5 4 4 4],[4 4 5 5 5],[1 0.9 0.6 0.5 0.5],1,0.0
328,4,0,40,1,0,[5 5 5 4 4],[4 4 4 5 5],[1 0.9 0.6 0.5 0.5],6,0.0
329,4,0,41,1,0,[8 8 2 2 2],[2 2 8 8 8],[1 0.9 0.6 0.5 0.5],5,0.0
330,4,0,42,1,0,[6 6 4 4 4],[4 4 6 6 6],[1 0.9 0.6 0.5 0.5],4,0.0
331,4,0,43,0,0,[10 10 10 0 0],[0 0 0 10 10],[1 0.9 0.6 0.5 0.5],3,0.0
332,4,0,44,1,0,[10 10 0 0 0],[0 0 10 10 10],[1 0.9 0.6 0.5 0.5],7,0.0
333,4,0,45,0,0,[6 6 4 4 4],[4 4 6 6 6],[1 0.9 0.6 0.5 0.5],4,0.0
334,4,0,46,0,0,[7 7 3 3 3],[3 3 7 7 7],[1 0.9 0.6 0.5 0.5],2,0.0
335,4,0,47,0,0,[8 8 2 2 2],[2 2 8 8 8],[1 0.9 0.6 0.5 0.5],5,0.0
336,4,0,48,1,0,[10 10 10 0 0],[0 0 0 10 10],[1 0.9 0.6 0.5 0.5],3,0.0
337,4,0,49,0,0,[10 10 10 0 0],[0 0 0 10 10],[1 0.9 0.6 0.5 0.5],3,0.0
338,4,0,50,1,0,[9 9 1 1 1],[1 1 9 9 9],[1 0.9 0.6 0.5 0.5],8,0.0
339,4,0,51,0,0,[5 5 5 4 4],[4 4 4 5 5],[1 0.9 0.6 0.5 0.5],6,0.0
340,4,0,52,1,0,[5 5 5 4 4],[4 4 4 5 5],[1 0.9 0.6 0.5 0.5],6,0.0
341,4,0,53,1,0,[10 10 10 0 0],[0 0 0 10 10],[1 0.9 0.6 0.5 0.5],3,0.0
342,4,0,54,1,0,[10 10 0 0 0],[0 0 10 10 10],[1 0.9 0.6 0.5 0.5],7,0.0
343,4,0,55,1,0,[10 10 10 0 0],[0 0 0 10 10],[1 0.9 0.6 0.5 0.5],3,0.0
344,4,0,56,0,0,[9 9 1 1 1],[1 1 9 9 9],[1 0.9 0.6 0.5 0.5],8,0.0
345,4,0,57,0,0,[5 5 5 4 4],[4 4 4 5 5],[1 0.9 0.6 0.5 0.5],6,0.0
346,4,0,58,1,0,[8 8 2 2 2],[2 2 8 8 8],[1 0.9 0.6 0.5 0.5],5,0.0
347,4,0,59,1,0,[7 7 3 3 3],[3 3 7 7 7],[1 0.9 0.6 0.5 0.5],2,0.0
348,4,0,60,1,0,[10 10 0 0 0],[0 0 10 10 10],[1 0.9 0.6 0.5 0.5],7,0.0
349,4,0,61,1,0,[9 9 1 1 1],[1 1 9 9 9],[1 0.9 0.6 0.5 0.5],8,0.0
350,4,0,62,0,0,[10 10 0 0 0],[0 0 10 10 10],[1 0.9 0.6 0.5 0.5],7,0.0
351,4,0,63,0,0,[9 9 1 1 1],[1 1 9 9 9],[1 0.9 0.6 0.5 0.5],8,0.0
352,4,0,64,0,0,[9 9 1 1 1],[1 1 9 9 9],[1 0.9 0.6 0.5 0.5],8,0.0
353,4,0,65,0,0,[10 10 10 0 0],[0 0 0 10 10],[1 0.9 0.6 0.5 0.5],3,0.0
354,4,0,66,0,0,[6 6 4 4 4],[4 4 6 6 6],[1 0.9 0.6 0.5 0.5],4,0.0
355,4,0,67,1,0,[9 9 1 1 1],[1 1 9 9 9],[1 0.9 0.6 0.5 0.5],8,0.0
356,4,0,68,1,0,[6 6 4 4 4],[4 4 6 6 6],[1 0.9 0.6 0.5 0.5],4,0.0
357,4,0,69,0,0,[6 6 4 4 4],[4 4 6 6 6],[1 0.9 0.6 0.5 0.5],4,0.0
358,4,0,70,1,0,[5 5 5 4 4],[4 4 4 5 5],[1 0.9 0.6 0.5 0.5],6,0.0
359,4,0,71,1,0,[10 10 0 0 0],[0 0 10 10 10],[1 0.9 0.6 0.5 0.5],7,0.0
360,4,0,72,1,0,[10 10 0 0 0],[0 0 10 10 10],[1 0.9 0.6 0.5 0.5],7,0.0
361,4,0,73,1,0,[5 5 4 4 4],[4 4 5 5 5],[1 0.9 0.6 0.5 0.5],1,0.0
362,4,0,74,0,0,[10 10 0 0 0],[0 0 10 10 10],[1 0.9 0.6 0.5 0.5],7,0.0
363,4,0,75,0,0,[5 5 5 4 4],[4 4 4 5 5],[1 0.9 0.6 0.5 0.5],6,0.0
364,4,0,76,0,0,[10 10 10 0 0],[0 0 0 10 10],[1 0.9 0.6 0.5 0.5],3,0.0
365,4,0,77,1,0,[5 5 5 4 4],[4 4 4 5 5],[1 0.9 0.6 0.5 0.5],6,0.0
366,4,0,78,0,0,[10 10 10 0 0],[0 0 0 10 10],[1 0.9 0.6 0.5 0.5],3,0.0
367,4,0,79,1,0,[10 10 0 0 0],[0 0 10 10 10],[1 0.9 0.6 0.5 0.5],7,0.0
368,4,0,80,0,0,[9 9 1 1 1],[1 1 9 9 9],[1 0.9 0.6 0.5 0.5],8,0.0
369,4,0,81,1,0,[8 8 2 2 2],[2 2 8 8 8],[1 0.9 0.6 0.5 0.5],5,0.0
370,4,0,82,1,0,[9 9 1 1 1],[1 1 9 9 9],[1 0.9 0.6 0.5 0.5],8,0.0
371,4,0,83,0,0,[8 8 2 2 2],[2 2 8 8 8],[1 0.9 0.6 0.5 0.5],5,0.0
372,4,0,84,1,0,[7 7 3 3 3],[3 3 7 7 7],[1 0.9 0.6 0.5 0.5],2,0.0
373,4,0,85,0,0,[10 10 0 0 0],[0 0 10 10 10],[1 0.9 0.6 0.5 0.5],7,0.0
374,4,0,86,0,0,[6 6 4 4 4],[4 4 6 6 6],[1 0.9 0.6 0.5 0.5],4,0.0
375,4,0,87,1,0,[6 6 4 4 4],[4 4 6 6 6],[1 0.9 0.6 0.5 0.5],4,0.0
376,4,0,88,0,0,[7 7 3 3 3],[3 3 7 7 7],[1 0.9 0.6 0.5 0.5],2,0.0
377,4,0,89,1,0,[10 10 10 0 0],[0 0 0 10 10],[1 0.9 0.6 0.5 0.5],3,0.0
378,4,0,90,0,0,[10 10 0 0 0],[0 0 10 10 10],[1 0.9 0.6 0.5 0.5],7,0.0
379,4,0,91,1,0,[8 8 2 2 2],[2 2 8 8 8],[1 0.9 0.6 0.5 0.5],5,0.0
380,4,0,92,1,0,[5 5 4 4 4],[4 4 5 5 5],[1 0.9 0.6 0.5 0.5],1,0.0
381,4,0,93,1,0,[5 5 5 4 4],[4 4 4 5 5],[1 0.9 0.6 0.5 0.5],6,0.0
382,4,0,94,0,0,[7 7 3 3 3],[3 3 7 7 7],[1 0.9 0.6 0.5 0.5],2,0.0
383,4,0,95,0,0,[5 5 4 4 4],[4 4 5 5 5],[1 0.9 0.6 0.5 0.5],1,0.0
384,5,0,0,1,0,[5 5 4 4 4],[4 4 5 5 5],[1 0.9 0.6 0.5 0.5],1,0.0
385,5,0,1,1,0,[7 7 3 3 3],[3 3 7 7 7],[1 0.9 0.6 0.5 0.5],2,0.0
386,5,0,2,1,0,[10 10 10 0 0],[0 0 0 10 10],[1 0.9 0.6 0.5 0.5],3,0.0
387,5,0,3,1,0,[6 6 4 4 4],[4 4 6 6 6],[1 0.9 0.6 0.5 0.5],4,0.0
388,5,0,4,1,0,[6 6 4 4 4],[4 4 6 6 6],[1 0.9 0.6 0.5 0.5],4,0.0
389,5,0,5,1,0,[8 8 2 2 2],[2 2 8 8 8],[1 0.9 0.6 0.5 0.5],5,0.0
390,5,0,6,0,0,[5 5 5 4 4],[4 4 4 5 5],[1 0.9 0.6 0.5 0.5],6,0.0
391,5,0,7,1,0,[5 5 4 4 4],[4 4 5 5 5],[1 0.9 0.6 0.5 0.5],1,0.0
392,5,0,8,1,0,[10 10 0 0 0],[0 0 10 10 10],[1 0.9 0.6 0.5 0.5],7,0.0
393,5,0,9,0,0,[10 10 10 0 0],[0 0 0 10 10],[1 0.9 0.6 0.5 0.5],3,0.0
394,5,0,10,1,0,[9 9 1 1 1],[1 1 9 9 9],[1 0.9 0.6 0.5 0.5],8,0.0
395,5,0,11,0,0,[7 7 3 3 3],[3 3 7 7 7],[1 0.9 0.6 0.5 0.5],2,0.0
396,5,0,12,0,0,[7 7 3 3 3],[3 3 7 7 7],[1 0.9 0.6 0.5 0.5],2,0.0
397,5,0,13,1,0,[7 7 3 3 3],[3 3 7 7 7],[1 0.9 0.6 0.5 0.5],2,0.0
398,5,0,14,1,0,[6 6 4 4 4],[4 4 6 6 6],[1 0.9 0.6 0.5 0.5],4,0.0
399,5,0,15,1,0,[8 8 2 2 2],[2 2 8 8 8],[1 0.9 0.6 0.5 0.5],5,0.0
400,5,0,16,1,0,[9 9 1 1 1],[1 1 9 9 9],[1 0.9 0.6 0.5 0.5],8,0.0
401,5,0,17,1,0,[8 8 2 2 2],[2 2 8 8 8],[1 0.9 0.6 0.5 0.5],5,0.0
402,5,0,18,0,0,[8 8 2 2 2],[2 2 8 8 8],[1 0.9 0.6 0.5 0.5],5,0.0
403,5,0,19,1,0,[5 5 4 4 4],[4 4 5 5 5],[1 0.9 0.6 0.5 0.5],1,0.0
404,5,0,20,0,0,[7 7 3 3 3],[3 3 7 7 7],[1 0.9 0.6 0.5 0.5],2,0.0
405,5,0,21,0,0,[7 7 3 3 3],[3 3 7 7 7],[1 0.9 0.6 0.5 0.5],2,0.0
406,5,0,22,1,0,[8 8 2 2 2],[2 2 8 8 8],[1 0.9 0.6 0.5 0.5],5,0.0
407,5,0,23,1,0,[5 5 5 4 4],[4 4 4 5 5],[1 0.9 0.6 0.5 0.5],6,0.0
408,5,0,24,0,0,[7 7 3 3 3],[3 3 7 7 7],[1 0.9 0.6 0.5 0.5],2,0.0
409,5,0,25,0,0,[8 8 2 2 2],[2 2 8 8 8],[1 0.9 0.6 0.5 0.5],5,0.0
410,5,0,26,1,0,[10 10 0 0 0],[0 0 10 10 10],[1 0.9 0.6 0.5 0.5],7,0.0
411,5,0,27,0,0,[5 5 4 4 4],[4 4 5 5 5],[1 0.9 0.6 0.5 0.5],1,0.0
412,5,0,28,1,0,[5 5 4 4 4],[4 4 5 5 5],[1 0.9 0.6 0.5 0.5],1,0.0
413,5,0,29,0,0,[5 5 4 4 4],[4 4 5 5 5],[1 0.9 0.6 0.5 0.5],1,0.0
414,5,0,30,0,0,[9 9 1 1 1],[1 1 9 9 9],[1 0.9 0.6 0.5 0.5],8,0.0
415,5,0,31,0,0,[6 6 4 4 4],[4 4 6 6 6],[1 0.9 0.6 0.5 0.5],4,0.0
416,5,0,32,1,0,[5 5 5 4 4],[4 4 4 5 5],[1 0.9 0.6 0.5 0.5],6,0.0
417,5,0,33,1,0,[6 6 4 4 4],[4 4 6 6 6],[1 0.9 0.6 0.5 0.5],4,0.0
418,5,0,34,0,0,[10 10 10 0 0],[0 0 0 10 10],[1 0.9 0.6 0.5 0.5],3,0.0
419,5,0,35,1,0,[9 9 1 1 1],[1 1 9 9 9],[1 0.9 0.6 0.5 0.5],8,0.0
420,5,0,36,1,0,[5 5 4 4 4],[4 4 5 5 5],[1 0.9 0.6 0.5 0.5],1,0.0
421,5,0,37,0,0,[5 5 5 4 4],[4 4 4 5 5],[1 0.9 0.6 0.5 0.5],6,0.0
422,5,0,38,1,0,[5 5 4 4 4],[4 4 5 5 5],[1 0.9 0.6 0.5 0.5],1,0.0
423,5,0,39,0,0,[5 5 4 4 4],[4 4 5 5 5],[1 0.9 0.6 0.5 0.5],1,0.0
424,5,0,40,1,0,[5 5 5 4 4],[4 4 4 5 5],[1 0.9 0.6 0.5 0.5],6,0.0
425,5,0,41,1,0,[8 8 2 2 2],[2 2 8 8 8],[1 0.9 0.6 0.5 0.5],5,0.0
426,5,0,42,0,0,[6 6 4 4 4],[4 4 6 6 6],[1 0.9 0.6 0.5 0.5],4,0.0
427,5,0,43,0,0,[10 10 10 0 0],[0 0 0 10 10],[1 0.9 0.6 0.5 0.5],3,0.0
428,5,0,44,1,0,[10 10 0 0 0],[0 0 10 10 10],[1 0.9 0.6 0.5 0.5],7,0.0
429,5,0,45,1,0,[6 6 4 4 4],[4 4 6 6 6],[1 0.9 0.6 0.5 0.5],4,0.0
430,5,0,46,0,0,[7 7 3 3 3],[3 3 7 7 7],[1 0.9 0.6 0.5 0.5],2,0.0
431,5,0,47,1,0,[8 8 2 2 2],[2 2 8 8 8],[1 0.9 0.6 0.5 0.5],5,0.0
432,5,0,48,0,0,[10 10 10 0 0],[0 0 0 10 10],[1 0.9 0.6 0.5 0.5],3,0.0
433,5,0,49,0,0,[10 10 10 0 0],[0 0 0 10 10],[1 0.9 0.6 0.5 0.5],3,0.0
434,5,0,50,1,0,[9 9 1 1 1],[1 1 9 9 9],[1 0.9 0.6 0.5 0.5],8,0.0
435,5,0,51,0,0,[5 5 5 4 4],[4 4 4 5 5],[1 0.9 0.6 0.5 0.5],6,0.0
436,5,0,52,1,0,[5 5 5 4 4],[4 4 4 5 5],[1 0.9 0.6 0.5 0.5],6,0.0
437,5,0,53,0,0,[10 10 10 0 0],[0 0 0 10 10],[1 0.9 0.6 0.5 0.5],3,0.0
438,5,0,54,1,0,[10 10 0 0 0],[0 0 10 10 10],[1 0.9 0.6 0.5 0.5],7,0.0
439,5,0,55,0,0,[10 10 10 0 0],[0 0 0 10 10],[1 0.9 0.6 0.5 0.5],3,0.0
440,5,0,56,1,0,[9 9 1 1 1],[1 1 9 9 9],[1 0.9 0.6 0.5 0.5],8,0.0
441,5,0,57,0,0,[5 5 5 4 4],[4 4 4 5 5],[1 0.9 0.6 0.5 0.5],6,0.0
442,5,0,58,1,0,[8 8 2 2 2],[2 2 8 8 8],[1 0.9 0.6 0.5 0.5],5,0.0
443,5,0,59,1,0,[7 7 3 3 3],[3 3 7 7 7],[1 0.9 0.6 0.5 0.5],2,0.0
444,5,0,60,1,0,[10 10 0 0 0],[0 0 10 10 10],[1 0.9 0.6 0.5 0.5],7,0.0
445,5,0,61,1,0,[9 9 1 1 1],[1 1 9 9 9],[1 0.9 0.6 0.5 0.5],8,0.0
446,5,0,62,1,0,[10 10 0 0 0],[0 0 10 10 10],[1 0.9 0.6 0.5 0.5],7,0.0
447,5,0,63,1,0,[9 9 1 1 1],[1 1 9 9 9],[1 0.9 0.6 0.5 0.5],8,0.0
448,5,0,64,1,0,[9 9 1 1 1],[1 1 9 9 9],[1 0.9 0.6 0.5 0.5],8,0.0
449,5,0,65,0,0,[10 10 10 0 0],[0 0 0 10 10],[1 0.9 0.6 0.5 0.5],3,0.0
450,5,0,66,1,0,[6 6 4 4 4],[4 4 6 6 6],[1 0.9 0.6 0.5 0.5],4,0.0
451,5,0,67,1,0,[9 9 1 1 1],[1 1 9 9 9],[1 0.9 0.6 0.5 0.5],8,0.0
452,5,0,68,0,0,[6 6 4 4 4],[4 4 6 6 6],[1 0.9 0.6 0.5 0.5],4,0.0
453,5,0,69,1,0,[6 6 4 4 4],[4 4 6 6 6],[1 0.9 0.6 0.5 0.5],4,0.0
454,5,0,70,0,0,[5 5 5 4 4],[4 4 4 5 5],[1 0.9 0.6 0.5 0.5],6,0.0
455,5,0,71,1,0,[10 10 0 0 0],[0 0 10 10 10],[1 0.9 0.6 0.5 0.5],7,0.0
456,5,0,72,1,0,[10 10 0 0 0],[0 0 10 10 10],[1 0.9 0.6 0.5 0.5],7,0.0
457,5,0,73,0,0,[5 5 4 4 4],[4 4 5 5 5],[1 0.9 0.6 0.5 0.5],1,0.0
458,5,0,74,1,0,[10 10 0 0 0],[0 0 10 10 10],[1 0.9 0.6 0.5 0.5],7,0.0
459,5,0,75,1,0,[5 5 5 4 4],[4 4 4 5 5],[1 0.9 0.6 0.5 0.5],6,0.0
460,5,0,76,0,0,[10 10 10 0 0],[0 0 0 10 10],[1 0.9 0.6 0.5 0.5],3,0.0
461,5,0,77,1,0,[5 5 5 4 4],[4 4 4 5 5],[1 0.9 0.6 0.5 0.5],6,0.0
462,5,0,78,0,0,[10 10 10 0 0],[0 0 0 10 10],[1 0.9 0.6 0.5 0.5],3,0.0
463,5,0,79,1,0,[10 10 0 0 0],[0 0 10 10 10],[1 0.9 0.6 0.5 0.5],7,0.0
464,5,0,80,1,0,[9 9 1 1 1],[1 1 9 9 9],[1 0.9 0.6 0.5 0.5],8,0.0
465,5,0,81,1,0,[8 8 2 2 2],[2 2 8 8 8],[1 0.9 0.6 0.5 0.5],5,0.0
466,5,0,82,1,0,[9 9 1 1 1],[1 1 9 9 9],[1 0.9 0.6 0.5 0.5],8,0.0
467,5,0,83,1,0,[8 8 2 2 2],[2 2 8 8 8],[1 0.9 0.6 0.5 0.5],5,0.0
468,5,0,84,0,0,[7 7 3 3 3],[3 3 7 7 7],[1 0.9 0.6 0.5 0.5],2,0.0
469,5,0,85,1,0,[10 10 0 0 0],[0 0 10 10 10],[1 0.9 0.6 0.5 0.5],7,0.0
470,5,0,86,0,0,[6 6 4 4 4],[4 4 6 6 6],[1 0.9 0.6 0.5 0.5],4,0.0
471,5,0,87,1,0,[6 6 4 4 4],[4 4 6 6 6],[1 0.9 0.6 0.5 0.5],4,0.0
472,5,0,88,0,0,[7 7 3 3 3],[3 3 7 7 7],[1 0.9 0.6 0.5 0.5],2,0.0
473,5,0,89,0,0,[10 10 10 0 0],[0 0 0 10 10],[1 0.9 0.6 0.5 0.5],3,0.0
474,5,0,90,1,0,[10 10 0 0 0],[0 0 10 10 10],[1 0.9 0.6 0.5 0.5],7,0.0
475,5,0,91,1,0,[8 8 2 2 2],[2 2 8 8 8],[1 0.9 0.6 0.5 0.5],5,0.0
476,5,0,92,0,0,[5 5 4 4 4],[4 4 5 5 5],[1 0.9 0.6 0.5 0.5],1,0.0
477,5,0,93,1,0,[5 5 5 4 4],[4 4 4 5 5],[1 0.9 0.6 0.5 0.5],6,0.0
478,5,0,94,0,0,[7 7 3 3 3],[3 3 7 7 7],[1 0.9 0.6 0.5 0.5],2,0.0
479,5,0,95,0,0,[5 5 4 4 4],[4 4 5 5 5],[1 0.9 0.6 0.5 0.5],1,0.0
480,6,0,0,1,0,[5 5 4 4 4],[4 4 5 5 5],[1 0.9 0.6 0.5 0.5],1,0.0
481,6,0,1,1,0,[7 7 3 3 3],[3 3 7 7 7],[1 0.9 0.6 0.5 0.5],2,0.0
482,6,0,2,0,0,[10 10 10 0 0],[0 0 0 10 10],[1 0.9 0.6 0.5 0.5],3,0.0
483,6,0,3,1,0,[6 6 4 4 4],[4 4 6 6 6],[1 0.9 0.6 0.5 0.5],4,0.0
484,6,0,4,1,0,[6 6 4 4 4],[4 4 6 6 6],[1 0.9 0.6 0.5 0.5],4,0.0
485,6,0,5,1,0,[8 8 2 2 2],[2 2 8 8 8],[1 0.9 0.6 0.5 0.5],5,0.0
486,6,0,6,0,0,[5 5 5 4 4],[4 4 4 5 5],[1 0.9 0.6 0.5 0.5],6,0.0
487,6,0,7,1,0,[5 5 4 4 4],[4 4 5 5 5],[1 0.9 0.6 0.5 0.5],1,0.0
488,6,0,8,1,0,[10 10 0 0 0],[0 0 10 10 10],[1 0.9 0.6 0.5 0.5],7,0.0
489,6,0,9,0,0,[10 10 10 0 0],[0 0 0 10 10],[1 0.9 0.6 0.5 0.5],3,0.0
490,6,0,10,1,0,[9 9 1 1 1],[1 1 9 9 9],[1 0.9 0.6 0.5 0.5],8,0.0
491,6,0,11,1,0,[7 7 3 3 3],[3 3 7 7 7],[1 0.9 0.6 0.5 0.5],2,0.0
492,6,0,12,1,0,[7 7 3 3 3],[3 3 7 7 7],[1 0.9 0.6 0.5 0.5],2,0.0
493,6,0,13,1,0,[7 7 3 3 3],[3 3 7 7 7],[1 0.9 0.6 0.5 0.5],2,0.0
494,6,0,14,1,0,[6 6 4 4 4],[4 4 6 6 6],[1 0.9 0.6 0.5 0.5],4,0.0
495,6,0,15,1,0,[8 8 2 2 2],[2 2 8 8 8],[1 0.9 0.6 0.5 0.5],5,0.0
496,6,0,16,1,0,[9 9 1 1 1],[1 1 9 9 9],[1 0.9 0.6 0.5 0.5],8,0.0
497,6,0,17,1,0,[8 8 2 2 2],[2 2 8 8 8],[1 0.9 0.6 0.5 0.5],5,0.0
498,6,0,18,1,0,[8 8 2 2 2],[2 2 8 8 8],[1 0.9 0.6 0.5 0.5],5,0.0
499,6,0,19,0,0,[5 5 4 4 4],[4 4 5 5 5],[1 0.9 0.6 0.5 0.5],1,0.0
500,6,0,20,1,0,[7 7 3 3 3],[3 3 7 7 7],[1 0.9 0.6 0.5 0.5],2,0.0
501,6,0,21,1,0,[7 7 3 3 3],[3 3 7 7 7],[1 0.9 0.6 0.5 0.5],2,0.0
502,6,0,22,1,0,[8 8 2 2 2],[2 2 8 8 8],[1 0.9 0.6 0.5 0.5],5,0.0
503,6,0,23,0,0,[5 5 5 4 4],[4 4 4 5 5],[1 0.9 0.6 0.5 0.5],6,0.0
504,6,0,24,1,0,[7 7 3 3 3],[3 3 7 7 7],[1 0.9 0.6 0.5 0.5],2,0.0
505,6,0,25,1,0,[8 8 2 2 2],[2 2 8 8 8],[1 0.9 0.6 0.5 0.5],5,0.0
506,6,0,26,1,0,[10 10 0 0 0],[0 0 10 10 10],[1 0.9 0.6 0.5 0.5],7,0.0
507,6,0,27,1,0,[5 5 4 4 4],[4 4 5 5 5],[1 0.9 0.6 0.5 0.5],1,0.0
508,6,0,28,1,0,[5 5 4 4 4],[4 4 5 5 5],[1 0.9 0.6 0.5 0.5],1,0.0
509,6,0,29,1,0,[5 5 4 4 4],[4 4 5 5 5],[1 0.9 0.6 0.5 0.5],1,0.0
510,6,0,30,1,0,[9 9 1 1 1],[1 1 9 9 9],[1 0.9 0.6 0.5 0.5],8,0.0
511,6,0,31,1,0,[6 6 4 4 4],[4 4 6 6 6],[1 0.9 0.6 0.5 0.5],4,0.0
512,6,0,32,0,0,[5 5 5 4 4],[4 4 4 5 5],[1 0.9 0.6 0.5 0.5],6,0.0
513,6,0,33,1,0,[6 6 4 4 4],[4 4 6 6 6],[1 0.9 0.6 0.5 0.5],4,0.0
514,6,0,34,0,0,[10 10 10 0 0],[0 0 0 10 10],[1 0.9 0.6 0.5 0.5],3,0.0
515,6,0,35,1,0,[9 9 1 1 1],[1 1 9 9 9],[1 0.9 0.6 0.5 0.5],8,0.0
516,6,0,36,1,0,[5 5 4 4 4],[4 4 5 5 5],[1 0.9 0.6 0.5 0.5],1,0.0
517,6,0,37,0,0,[5 5 5 4 4],[4 4 4 5 5],[1 0.9 0.6 0.5 0.5],6,0.0
518,6,0,38,1,0,[5 5 4 4 4],[4 4 5 5 5],[1 0.9 0.6 0.5 0.5],1,0.0
519,6,0,39,1,0,[5 5 4 4 4],[4 4 5 5 5],[1 0.9 0.6 0.5 0.5],1,0.0
520,6,0,40,0,0,[5 5 5 4 4],[4 4 4 5 5],[1 0.9 0.6 0.5 0.5],6,0.0
521,6,0,41,1,0,[8 8 2 2 2],[2 2 8 8 8],[1 0.9 0.6 0.5 0.5],5,0.0
522,6,0,42,1,0,[6 6 4 4 4],[4 4 6 6 6],[1 0.9 0.6 0.5 0.5],4,0.0
523,6,0,43,0,0,[10 10 10 0 0],[0 0 0 10 10],[1 0.9 0.6 0.5 0.5],3,0.0
524,6,0,44,1,0,[10 10 0 0 0],[0 0 10 10 10],[1 0.9 0.6 0.5 0.5],7,0.0
525,6,0,45,1,0,[6 6 4 4 4],[4 4 6 6 6],[1 0.9 0.6 0.5 0.5],4,0.0
526,6,0,46,1,0,[7 7 3 3 3],[3 3 7 7 7],[1 0.9 0.6 0.5 0.5],2,0.0
527,6,0,47,1,0,[8 8 2 2 2],[2 2 8 8 8],[1 0.9 0.6 0.5 0.5],5,0.0
528,6,0,48,0,0,[10 10 10 0 0],[0 0 0 10 10],[1 0.9 0.6 0.5 0.5],3,0.0
529,6,0,49,0,0,[10 10 10 0 0],[0 0 0 10 10],[1 0.9 0.6 0.5 0.5],3,0.0
530,6,0,50,1,0,[9 9 1 1 1],[1 1 9 9 9],[1 0.9 0.6 0.5 0.5],8,0.0
531,6,0,51,0,0,[5 5 5 4 4],[4 4 4 5 5],[1 0.9 0.6 0.5 0.5],6,0.0
532,6,0,52,0,0,[5 5 5 4 4],[4 4 4 5 5],[1 0.9 0.6 0.5 0.5],6,0.0
533,6,0,53,0,0,[10 10 10 0 0],[0 0 0 10 10],[1 0.9 0.6 0.5 0.5],3,0.0
534,6,0,54,1,0,[10 10 0 0 0],[0 0 10 10 10],[1 0.9 0.6 0.5 0.5],7,0.0
535,6,0,55,0,0,[10 10 10 0 0],[0 0 0 10 10],[1 0.9 0.6 0.5 0.5],3,0.0
536,6,0,56,1,0,[9 9 1 1 1],[1 1 9 9 9],[1 0.9 0.6 0.5 0.5],8,0.0
537,6,0,57,0,0,[5 5 5 4 4],[4 4 4 5 5],[1 0.9 0.6 0.5 0.5],6,0.0
538,6,0,58,1,0,[8 8 2 2 2],[2 2 8 8 8],[1 0.9 0.6 0.5 0.5],5,0.0
539,6,0,59,1,0,[7 7 3 3 3],[3 3 7 7 7],[1 0.9 0.6 0.5 0.5],2,0.0
540,6,0,60,1,0,[10 10 0 0 0],[0 0 10 10 10],[1 0.9 0.6 0.5 0.5],7,0.0
541,6,0,61,1,0,[9 9 1 1 1],[1 1 9 9 9],[1 0.9 0.6 0.5 0.5],8,0.0
542,6,0,62,1,0,[10 10 0 0 0],[0 0 10 10 10],[1 0.9 0.6 0.5 0.5],7,0.0
543,6,0,63,1,0,[9 9 1 1 1],[1 1 9 9 9],[1 0.9 0.6 0.5 0.5],8,0.0
544,6,0,64,1,0,[9 9 1 1 1],[1 1 9 9 9],[1 0.9 0.6 0.5 0.5],8,0.0
545,6,0,65,0,0,[10 10 10 0 0],[0 0 0 10 10],[1 0.9 0.6 0.5 0.5],3,0.0
546,6,0,66,1,0,[6 6 4 4 4],[4 4 6 6 6],[1 0.9 0.6 0.5 0.5],4,0.0
547,6,0,67,1,0,[9 9 1 1 1],[1 1 9 9 9],[1 0.9 0.6 0.5 0.5],8,0.0
548,6,0,68,1,0,[6 6 4 4 4],[4 4 6 6 6],[1 0.9 0.6 0.5 0.5],4,0.0
549,6,0,69,1,0,[6 6 4 4 4],[4 4 6 6 6],[1 0.9 0.6 0.5 0.5],4,0.0
550,6,0,70,0,0,[5 5 5 4 4],[4 4 4 5 5],[1 0.9 0.6 0.5 0.5],6,0.0
551,6,0,71,1,0,[10 10 0 0 0],[0 0 10 10 10],[1 0.9 0.6 0.5 0.5],7,0.0
552,6,0,72,1,0,[10 10 0 0 0],[0 0 10 10 10],[1 0.9 0.6 0.5 0.5],7,0.0
553,6,0,73,1,0,[5 5 4 4 4],[4 4 5 5 5],[1 0.9 0.6 0.5 0.5],1,0.0
554,6,0,74,1,0,[10 10 0 0 0],[0 0 10 10 10],[1 0.9 0.6 0.5 0.5],7,0.0
555,6,0,75,0,0,[5 5 5 4 4],[4 4 4 5 5],[1 0.9 0.6 0.5 0.5],6,0.0
556,6,0,76,0,0,[10 10 10 0 0],[0 0 0 10 10],[1 0.9 0.6 0.5 0.5],3,0.0
557,6,0,77,0,0,[5 5 5 4 4],[4 4 4 5 5],[1 0.9 0.6 0.5 0.5],6,0.0
558,6,0,78,0,0,[10 10 10 0 0],[0 0 0 10 10],[1 0.9 0.6 0.5 0.5],3,0.0
559,6,0,79,1,0,[10 10 0 0 0],[0 0 10 10 10],[1 0.9 0.6 0.5 0.5],7,0.0
560,6,0,80,1,0,[9 9 1 1 1],[1 1 9 9 9],[1 0.9 0.6 0.5 0.5],8,0.0
561,6,0,81,1,0,[8 8 2 2 2],[2 2 8 8 8],[1 0.9 0.6 0.5 0.5],5,0.0
562,6,0,82,1,0,[9 9 1 1 1],[1 1 9 9 9],[1 0.9 0.6 0.5 0.5],8,0.0
563,6,0,83,1,0,[8 8 2 2 2],[2 2 8 8 8],[1 0.9 0.6 0.5 0.5],5,0.0
564,6,0,84,1,0,[7 7 3 3 3],[3 3 7 7 7],[1 0.9 0.6 0.5 0.5],2,0.0
565,6,0,85,1,0,[10 10 0 0 0],[0 0 10 10 10],[1 0.9 0.6 0.5 0.5],7,0.0
566,6,0,86,1,0,[6 6 4 4 4],[4 4 6 6 6],[1 0.9 0.6 0.5 0.5],4,0.0
567,6,0,87,1,0,[6 6 4 4 4],[4 4 6 6 6],[1 0.9 0.6 0.5 0.5],4,0.0
568,6,0,88,1,0,[7 7 3 3 3],[3 3 7 7 7],[1 0.9 0.6 0.5 0.5],2,0.0
569,6,0,89,0,0,[10 10 10 0 0],[0 0 0 10 10],[1 0.9 0.6 0.5 0.5],3,0.0
570,6,0,90,1,0,[10 10 0 0 0],[0 0 10 10 10],[1 0.9 0.6 0.5 0.5],7,0.0
571,6,0,91,1,0,[8 8 2 2 2],[2 2 8 8 8],[1 0.9 0.6 0.5 0.5],5,0.0
572,6,0,92,1,0,[5 5 4 4 4],[4 4 5 5 5],[1 0.9 0.6 0.5 0.5],1,0.0
573,6,0,93,0,0,[5 5 5 4 4],[4 4 4 5 5],[1 0.9 0.6 0.5 0.5],6,0.0
574,6,0,94,1,0,[7 7 3 3 3],[3 3 7 7 7],[1 0.9 0.6 0.5 0.5],2,0.0
575,6,0,95,1,0,[5 5 4 4 4],[4 4 5 5 5],[1 0.9 0.6 0.5 0.5],1,0.0
576,8,0,0,0,0,[5 5 4 4 4],[4 4 5 5 5],[1 0.9 0.6 0.5 0.5],1,0.0
577,8,0,1,0,0,[7 7 3 3 3],[3 3 7 7 7],[1 0.9 0.6 0.5 0.5],2,0.0
578,8,0,2,1,0,[10 10 10 0 0],[0 0 0 10 10],[1 0.9 0.6 0.5 0.5],3,0.0
579,8,0,3,1,0,[6 6 4 4 4],[4 4 6 6 6],[1 0.9 0.6 0.5 0.5],4,0.0
580,8,0,4,0,0,[6 6 4 4 4],[4 4 6 6 6],[1 0.9 0.6 0.5 0.5],4,0.0
581,8,0,5,0,0,[8 8 2 2 2],[2 2 8 8 8],[1 0.9 0.6 0.5 0.5],5,0.0
582,8,0,6,0,0,[5 5 5 4 4],[4 4 4 5 5],[1 0.9 0.6 0.5 0.5],6,0.0
583,8,0,7,1,0,[5 5 4 4 4],[4 4 5 5 5],[1 0.9 0.6 0.5 0.5],1,0.0
584,8,0,8,1,0,[10 10 0 0 0],[0 0 10 10 10],[1 0.9 0.6 0.5 0.5],7,0.0
585,8,0,9,0,0,[10 10 10 0 0],[0 0 0 10 10],[1 0.9 0.6 0.5 0.5],3,0.0
586,8,0,10,0,0,[9 9 1 1 1],[1 1 9 9 9],[1 0.9 0.6 0.5 0.5],8,0.0
587,8,0,11,1,0,[7 7 3 3 3],[3 3 7 7 7],[1 0.9 0.6 0.5 0.5],2,0.0
588,8,0,12,1,0,[7 7 3 3 3],[3 3 7 7 7],[1 0.9 0.6 0.5 0.5],2,0.0
589,8,0,13,1,0,[7 7 3 3 3],[3 3 7 7 7],[1 0.9 0.6 0.5 0.5],2,0.0
590,8,0,14,0,0,[6 6 4 4 4],[4 4 6 6 6],[1 0.9 0.6 0.5 0.5],4,0.0
591,8,0,15,0,0,[8 8 2 2 2],[2 2 8 8 8],[1 0.9 0.6 0.5 0.5],5,0.0
592,8,0,16,1,0,[9 9 1 1 1],[1 1 9 9 9],[1 0.9 0.6 0.5 0.5],8,0.0
593,8,0,17,1,0,[8 8 2 2 2],[2 2 8 8 8],[1 0.9 0.6 0.5 0.5],5,0.0
594,8,0,18,1,0,[8 8 2 2 2],[2 2 8 8 8],[1 0.9 0.6 0.5 0.5],5,0.0
595,8,0,19,1,0,[5 5 4 4 4],[4 4 5 5 5],[1 0.9 0.6 0.5 0.5],1,0.0
596,8,0,20,1,0,[7 7 3 3 3],[3 3 7 7 7],[1 0.9 0.6 0.5 0.5],2,0.0
597,8,0,21,1,0,[7 7 3 3 3],[3 3 7 7 7],[1 0.9 0.6 0.5 0.5],2,0.0
598,8,0,22,0,0,[8 8 2 2 2],[2 2 8 8 8],[1 0.9 0.6 0.5 0.5],5,0.0
599,8,0,23,0,0,[5 5 5 4 4],[4 4 4 5 5],[1 0.9 0.6 0.5 0.5],6,0.0
600,8,0,24,0,0,[7 7 3 3 3],[3 3 7 7 7],[1 0.9 0.6 0.5 0.5],2,0.0
601,8,0,25,0,0,[8 8 2 2 2],[2 2 8 8 8],[1 0.9 0.6 0.5 0.5],5,0.0
602,8,0,26,0,0,[10 10 0 0 0],[0 0 10 10 10],[1 0.9 0.6 0.5 0.5],7,0.0
603,8,0,27,1,0,[5 5 4 4 4],[4 4 5 5 5],[1 0.9 0.6 0.5 0.5],1,0.0
604,8,0,28,1,0,[5 5 4 4 4],[4 4 5 5 5],[1 0.9 0.6 0.5 0.5],1,0.0
605,8,0,29,1,0,[5 5 4 4 4],[4 4 5 5 5],[1 0.9 0.6 0.5 0.5],1,0.0
606,8,0,30,1,0,[9 9 1 1 1],[1 1 9 9 9],[1 0.9 0.6 0.5 0.5],8,0.0
607,8,0,31,1,0,[6 6 4 4 4],[4 4 6 6 6],[1 0.9 0.6 0.5 0.5],4,0.0
608,8,0,32,0,0,[5 5 5 4 4],[4 4 4 5 5],[1 0.9 0.6 0.5 0.5],6,0.0
609,8,0,33,0,0,[6 6 4 4 4],[4 4 6 6 6],[1 0.9 0.6 0.5 0.5],4,0.0
610,8,0,34,1,0,[10 10 10 0 0],[0 0 0 10 10],[1 0.9 0.6 0.5 0.5],3,0.0
611,8,0,35,1,0,[9 9 1 1 1],[1 1 9 9 9],[1 0.9 0.6 0.5 0.5],8,0.0
612,8,0,36,1,0,[5 5 4 4 4],[4 4 5 5 5],[1 0.9 0.6 0.5 0.5],1,0.0
613,8,0,37,0,0,[5 5 5 4 4],[4 4 4 5 5],[1 0.9 0.6 0.5 0.5],6,0.0
614,8,0,38,1,0,[5 5 4 4 4],[4 4 5 5 5],[1 0.9 0.6 0.5 0.5],1,0.0
615,8,0,39,1,0,[5 5 4 4 4],[4 4 5 5 5],[1 0.9 0.6 0.5 0.5],1,0.0
616,8,0,40,0,0,[5 5 5 4 4],[4 4 4 5 5],[1 0.9 0.6 0.5 0.5],6,0.0
617,8,0,41,1,0,[8 8 2 2 2],[2 2 8 8 8],[1 0.9 0.6 0.5 0.5],5,0.0
618,8,0,42,1,0,[6 6 4 4 4],[4 4 6 6 6],[1 0.9 0.6 0.5 0.5],4,0.0
619,8,0,43,0,0,[10 10 10 0 0],[0 0 0 10 10],[1 0.9 0.6 0.5 0.5],3,0.0
620,8,0,44,1,0,[10 10 0 0 0],[0 0 10 10 10],[1 0.9 0.6 0.5 0.5],7,0.0
621,8,0,45,0,0,[6 6 4 4 4],[4 4 6 6 6],[1 0.9 0.6 0.5 0.5],4,0.0
622,8,0,46,1,0,[7 7 3 3 3],[3 3 7 7 7],[1 0.9 0.6 0.5 0.5],2,0.0
623,8,0,47,1,0,[8 8 2 2 2],[2 2 8 8 8],[1 0.9 0.6 0.5 0.5],5,0.0
624,8,0,48,0,0,[10 10 10 0 0],[0 0 0 10 10],[1 0.9 0.6 0.5 0.5],3,0.0
625,8,0,49,0,0,[10 10 10 0 0],[0 0 0 10 10],[1 0.9 0.6 0.5 0.5],3,0.0
626,8,0,50,1,0,[9 9 1 1 1],[1 1 9 9 9],[1 0.9 0.6 0.5 0.5],8,0.0
627,8,0,51,1,0,[5 5 5 4 4],[4 4 4 5 5],[1 0.9 0.6 0.5 0.5],6,0.0
628,8,0,52,1,0,[5 5 5 4 4],[4 4 4 5 5],[1 0.9 0.6 0.5 0.5],6,0.0
629,8,0,53,1,0,[10 10 10 0 0],[0 0 0 10 10],[1 0.9 0.6 0.5 0.5],3,0.0
630,8,0,54,1,0,[10 10 0 0 0],[0 0 10 10 10],[1 0.9 0.6 0.5 0.5],7,0.0
631,8,0,55,1,0,[10 10 10 0 0],[0 0 0 10 10],[1 0.9 0.6 0.5 0.5],3,0.0
632,8,0,56,0,0,[9 9 1 1 1],[1 1 9 9 9],[1 0.9 0.6 0.5 0.5],8,0.0
633,8,0,57,1,0,[5 5 5 4 4],[4 4 4 5 5],[1 0.9 0.6 0.5 0.5],6,0.0
634,8,0,58,1,0,[8 8 2 2 2],[2 2 8 8 8],[1 0.9 0.6 0.5 0.5],5,0.0
635,8,0,59,1,0,[7 7 3 3 3],[3 3 7 7 7],[1 0.9 0.6 0.5 0.5],2,0.0
636,8,0,60,1,0,[10 10 0 0 0],[0 0 10 10 10],[1 0.9 0.6 0.5 0.5],7,0.0
637,8,0,61,1,0,[9 9 1 1 1],[1 1 9 9 9],[1 0.9 0.6 0.5 0.5],8,0.0
638,8,0,62,0,0,[10 10 0 0 0],[0 0 10 10 10],[1 0.9 0.6 0.5 0.5],7,0.0
639,8,0,63,0,0,[9 9 1 1 1],[1 1 9 9 9],[1 0.9 0.6 0.5 0.5],8,0.0
640,8,0,64,0,0,[9 9 1 1 1],[1 1 9 9 9],[1 0.9 0.6 0.5 0.5],8,0.0
641,8,0,65,0,0,[10 10 10 0 0],[0 0 0 10 10],[1 0.9 0.6 0.5 0.5],3,0.0
642,8,0,66,0,0,[6 6 4 4 4],[4 4 6 6 6],[1 0.9 0.6 0.5 0.5],4,0.0
643,8,0,67,1,0,[9 9 1 1 1],[1 1 9 9 9],[1 0.9 0.6 0.5 0.5],8,0.0
644,8,0,68,1,0,[6 6 4 4 4],[4 4 6 6 6],[1 0.9 0.6 0.5 0.5],4,0.0
645,8,0,69,0,0,[6 6 4 4 4],[4 4 6 6 6],[1 0.9 0.6 0.5 0.5],4,0.0
646,8,0,70,1,0,[5 5 5 4 4],[4 4 4 5 5],[1 0.9 0.6 0.5 0.5],6,0.0
647,8,0,71,1,0,[10 10 0 0 0],[0 0 10 10 10],[1 0.9 0.6 0.5 0.5],7,0.0
648,8,0,72,1,0,[10 10 0 0 0],[0 0 10 10 10],[1 0.9 0.6 0.5 0.5],7,0.0
649,8,0,73,1,0,[5 5 4 4 4],[4 4 5 5 5],[1 0.9 0.6 0.5 0.5],1,0.0
650,8,0,74,0,0,[10 10 0 0 0],[0 0 10 10 10],[1 0.9 0.6 0.5 0.5],7,0.0
651,8,0,75,1,0,[5 5 5 4 4],[4 4 4 5 5],[1 0.9 0.6 0.5 0.5],6,0.0
652,8,0,76,0,0,[10 10 10 0 0],[0 0 0 10 10],[1 0.9 0.6 0.5 0.5],3,0.0
653,8,0,77,1,0,[5 5 5 4 4],[4 4 4 5 5],[1 0.9 0.6 0.5 0.5],6,0.0
654,8,0,78,0,0,[10 10 10 0 0],[0 0 0 10 10],[1 0.9 0.6 0.5 0.5],3,0.0
655,8,0,79,1,0,[10 10 0 0 0],[0 0 10 10 10],[1 0.9 0.6 0.5 0.5],7,0.0
656,8,0,80,0,0,[9 9 1 1 1],[1 1 9 9 9],[1 0.9 0.6 0.5 0.5],8,0.0
657,8,0,81,1,0,[8 8 2 2 2],[2 2 8 8 8],[1 0.9 0.6 0.5 0.5],5,0.0
658,8,0,82,1,0,[9 9 1 1 1],[1 1 9 9 9],[1 0.9 0.6 0.5 0.5],8,0.0
659,8,0,83,1,0,[8 8 2 2 2],[2 2 8 8 8],[1 0.9 0.6 0.5 0.5],5,0.0
660,8,0,84,1,0,[7 7 3 3 3],[3 3 7 7 7],[1 0.9 0.6 0.5 0.5],2,0.0
661,8,0,85,1,0,[10 10 0 0 0],[0 0 10 10 10],[1 0.9 0.6 0.5 0.5],7,0.0
662,8,0,86,0,0,[6 6 4 4 4],[4 4 6 6 6],[1 0.9 0.6 0.5 0.5],4,0.0
663,8,0,87,0,0,[6 6 4 4 4],[4 4 6 6 6],[1 0.9 0.6 0.5 0.5],4,0.0
664,8,0,88,1,0,[7 7 3 3 3],[3 3 7 7 7],[1 0.9 0.6 0.5 0.5],2,0.0
665,8,0,89,0,0,[10 10 10 0 0],[0 0 0 10 10],[1 0.9 0.6 0.5 0.5],3,0.0
666,8,0,90,1,0,[10 10 0 0 0],[0 0 10 10 10],[1 0.9 0.6 0.5 0.5],7,0.0
667,8,0,91,1,0,[8 8 2 2 2],[2 2 8 8 8],[1 0.9 0.6 0.5 0.5],5,0.0
668,8,0,92,0,0,[5 5 4 4 4],[4 4 5 5 5],[1 0.9 0.6 0.5 0.5],1,0.0
669,8,0,93,1,0,[5 5 5 4 4],[4 4 4 5 5],[1 0.9 0.6 0.5 0.5],6,0.0
670,8,0,94,1,0,[7 7 3 3 3],[3 3 7 7 7],[1 0.9 0.6 0.5 0.5],2,0.0
671,8,0,95,0,0,[5 5 4 4 4],[4 4 5 5 5],[1 0.9 0.6 0.5 0.5],1,0.0
672,9,0,0,0,0,[6 6 6 6 6],[7 7 5 5 5],[1 0.9 0.6 0.5 0.5],9,0.0
673,9,0,1,0,0,[10 10 5 5 5],[6 6 6 6 6],[1 0.9 0.6 0.5 0.5],10,0.0
674,9,0,2,0,0,[9 5 5 5 5],[1 6 6 6 6],[1 0.9 0.6 0.5 0.5],11,0.0
675,9,0,3,0,0,[2 2 3 3 3],[10 10 2 2 2],[1 0.9 0.6 0.5 0.5],12,0.0
676,9,0,4,1,0,[10 10 2 2 2],[2 2 3 3 3],[1 0.9 0.6 0.5 0.5],13,0.0
677,9,0,5,1,0,[10 10 5 5 5],[6 6 6 6 6],[1 0.9 0.6 0.5 0.5],10,0.0
678,9,0,6,0,0,[10 10 2 2 2],[2 2 3 3 3],[1 0.9 0.6 0.5 0.5],13,0.0
679,9,0,7,1,0,[10 10 5 5 5],[6 6 6 6 6],[1 0.9 0.6 0.5 0.5],10,0.0
680,9,0,8,1,0,[1 6 6 6 6],[9 5 5 5 5],[1 0.9 0.6 0.5 0.5],14,0.0
681,9,0,9,0,0,[9 5 5 5 5],[1 6 6 6 6],[1 0.9 0.6 0.5 0.5],11,0.0
682,9,0,10,0,0,[8 8 5 5 5],[6 6 6 6 6],[1 0.9 0.6 0.5 0.5],15,0.0
683,9,0,11,1,0,[6 6 6 6 6],[8 8 5 5 5],[1 0.9 0.6 0.5 0.5],16,0.0
684,9,0,12,0,0,[8 8 5 5 5],[6 6 6 6 6],[1 0.9 0.6 0.5 0.5],15,0.0
685,9,0,13,1,0,[6 6 6 6 6],[8 8 5 5 5],[1 0.9 0.6 0.5 0.5],16,0.0
686,9,0,14,0,0,[8 8 5 5 5],[6 6 6 6 6],[1 0.9 0.6 0.5 0.5],15,0.0
687,9,0,15,1,0,[6 6 6 6 6],[10 10 5 5 5],[1 0.9 0.6 0.5 0.5],17,0.0
688,9,0,16,0,0,[10 10 5 5 5],[6 6 6 6 6],[1 0.9 0.6 0.5 0.5],10,0.0
689,9,0,17,1,0,[6 6 6 6 6],[8 8 5 5 5],[1 0.9 0.6 0.5 0.5],16,0.0
690,9,0,18,0,0,[6 6 6 6 6],[7 7 5 5 5],[1 0.9 0.6 0.5 0.5],9,0.0
691,9,0,19,1,0,[6 6 6 6 6],[8 8 5 5 5],[1 0.9 0.6 0.5 0.5],16,0.0
692,9,0,20,0,0,[9 5 5 5 5],[1 6 6 6 6],[1 0.9 0.6 0.5 0.5],11,0.0
693,9,0,21,1,0,[6 6 6 6 6],[10 10 5 5 5],[1 0.9 0.6 0.5 0.5],17,0.0
694,9,0,22,1,0,[6 6 6 6 6],[8 8 5 5 5],[1 0.9 0.6 0.5 0.5],16,0.0
695,9,0,23,1,0,[6 6 6 6 6],[7 7 5 5 5],[1 0.9 0.6 0.5 0.5],9,0.0
696,9,0,24,0,0,[10 10 5 5 5],[6 6 6 6 6],[1 0.9 0.6 0.5 0.5],10,0.0
697,9,0,25,1,0,[2 2 3 3 3],[10 10 2 2 2],[1 0.9 0.6 0.5 0.5],12,0.0
698,9,0,26,0,0,[7 7 5 5 5],[6 6 6 6 6],[1 0.9 0.6 0.5 0.5],18,0.0
699,9,0,27,0,0,[10 10 2 2 2],[2 2 3 3 3],[1 0.9 0.6 0.5 0.5],13,0.0
700,9,0,28,1,0,[6 6 6 6 6],[7 7 5 5 5],[1 0.9 0.6 0.5 0.5],9,0.0
701,9,0,29,1,0,[1 6 6 6 6],[9 5 5 5 5],[1 0.9 0.6 0.5 0.5],14,0.0
702,9,0,30,1,0,[2 2 3 3 3],[10 10 2 2 2],[1 0.9 0.6 0.5 0.5],12,0.0
703,9,0,31,0,0,[10 10 2 2 2],[2 2 3 3 3],[1 0.9 0.6 0.5 0.5],13,0.0
704,9,0,32,1,0,[7 7 5 5 5],[6 6 6 6 6],[1 0.9 0.6 0.5 0.5],18,0.0
705,9,0,33,0,0,[6 6 6 6 6],[8 8 5 5 5],[1 0.9 0.6 0.5 0.5],16,0.0
706,9,0,34,1,0,[8 8 5 5 5],[6 6 6 6 6],[1 0.9 0.6 0.5 0.5],15,0.0
707,9,0,35,0,0,[10 10 5 5 5],[6 6 6 6 6],[1 0.9 0.6 0.5 0.5],10,0.0
708,9,0,36,1,0,[6 6 6 6 6],[7 7 5 5 5],[1 0.9 0.6 0.5 0.5],9,0.0
709,9,0,37,1,0,[1 6 6 6 6],[9 5 5 5 5],[1 0.9 0.6 0.5 0.5],14,0.0
710,9,0,38,1,0,[6 6 6 6 6],[7 7 5 5 5],[1 0.9 0.6 0.5 0.5],9,0.0
711,9,0,39,0,0,[8 8 5 5 5],[6 6 6 6 6],[1 0.9 0.6 0.5 0.5],15,0.0
712,9,0,40,0,0,[7 7 5 5 5],[6 6 6 6 6],[1 0.9 0.6 0.5 0.5],18,0.0
713,9,0,41,1,0,[6 6 6 6 6],[7 7 5 5 5],[1 0.9 0.6 0.5 0.5],9,0.0
714,9,0,42,0,0,[7 7 5 5 5],[6 6 6 6 6],[1 0.9 0.6 0.5 0.5],18,0.0
715,9,0,43,1,0,[6 6 6 6 6],[7 7 5 5 5],[1 0.9 0.6 0.5 0.5],9,0.0
716,9,0,44,1,0,[2 2 3 3 3],[10 10 2 2 2],[1 0.9 0.6 0.5 0.5],12,0.0
717,9,0,45,1,0,[1 6 6 6 6],[9 5 5 5 5],[1 0.9 0.6 0.5 0.5],14,0.0
718,9,0,46,0,0,[9 5 5 5 5],[1 6 6 6 6],[1 0.9 0.6 0.5 0.5],11,0.0
719,9,0,47,0,0,[8 8 5 5 5],[6 6 6 6 6],[1 0.9 0.6 0.5 0.5],15,0.0
720,9,0,48,1,0,[6 6 6 6 6],[10 10 5 5 5],[1 0.9 0.6 0.5 0.5],17,0.0
721,9,0,49,1,0,[6 6 6 6 6],[7 7 5 5 5],[1 0.9 0.6 0.5 0.5],9,0.0
722,9,0,50,0,0,[9 5 5 5 5],[1 6 6 6 6],[1 0.9 0.6 0.5 0.5],11,0.0
723,9,0,51,1,0,[6 6 6 6 6],[8 8 5 5 5],[1 0.9 0.6 0.5 0.5],16,0.0
724,9,0,52,0,0,[9 5 5 5 5],[1 6 6 6 6],[1 0.9 0.6 0.5 0.5],11,0.0
725,9,0,53,0,0,[8 8 5 5 5],[6 6 6 6 6],[1 0.9 0.6 0.5 0.5],15,0.0
726,9,0,54,0,0,[10 10 5 5 5],[6 6 6 6 6],[1 0.9 0.6 0.5 0.5],10,0.0
727,9,0,55,0,0,[7 7 5 5 5],[6 6 6 6 6],[1 0.9 0.6 0.5 0.5],18,0.0
728,9,0,56,1,0,[2 2 3 3 3],[10 10 2 2 2],[1 0.9 0.6 0.5 0.5],12,0.0
729,9,0,57,0,0,[7 7 5 5 5],[6 6 6 6 6],[1 0.9 0.6 0.5 0.5],18,0.0
730,9,0,58,0,0,[8 8 5 5 5],[6 6 6 6 6],[1 0.9 0.6 0.5 0.5],15,0.0
731,9,0,59,0,0,[10 10 2 2 2],[2 2 3 3 3],[1 0.9 0.6 0.5 0.5],13,0.0
732,9,0,60,1,0,[6 6 6 6 6],[10 10 5 5 5],[1 0.9 0.6 0.5 0.5],17,0.0
733,9,0,61,1,0,[1 6 6 6 6],[9 5 5 5 5],[1 0.9 0.6 0.5 0.5],14,0.0
734,9,0,62,0,0,[1 6 6 6 6],[9 5 5 5 5],[1 0.9 0.6 0.5 0.5],14,0.0
735,9,0,63,0,0,[7 7 5 5 5],[6 6 6 6 6],[1 0.9 0.6 0.5 0.5],18,0.0
736,9,0,64,1,0,[6 6 6 6 6],[10 10 5 5 5],[1 0.9 0.6 0.5 0.5],17,0.0
737,9,0,65,0,0,[9 5 5 5 5],[1 6 6 6 6],[1 0.9 0.6 0.5 0.5],11,0.0
738,9,0,66,0,0,[7 7 5 5 5],[6 6 6 6 6],[1 0.9 0.6 0.5 0.5],18,0.0
739,9,0,67,1,0,[1 6 6 6 6],[9 5 5 5 5],[1 0.9 0.6 0.5 0.5],14,0.0
740,9,0,68,1,0,[6 6 6 6 6],[8 8 5 5 5],[1 0.9 0.6 0.5 0.5],16,0.0
741,9,0,69,1,0,[2 2 3 3 3],[10 10 2 2 2],[1 0.9 0.6 0.5 0.5],12,0.0
742,9,0,70,1,0,[7 7 5 5 5],[6 6 6 6 6],[1 0.9 0.6 0.5 0.5],18,0.0
743,9,0,71,0,0,[10 10 2 2 2],[2 2 3 3 3],[1 0.9 0.6 0.5 0.5],13,0.0
744,9,0,72,1,0,[6 6 6 6 6],[8 8 5 5 5],[1 0.9 0.6 0.5 0.5],16,0.0
745,9,0,73,1,0,[6 6 6 6 6],[10 10 5 5 5],[1 0.9 0.6 0.5 0.5],17,0.0
746,9,0,74,0,0,[10 10 2 2 2],[2 2 3 3 3],[1 0.9 0.6 0.5 0.5],13,0.0
747,9,0,75,1,0,[1 6 6 6 6],[9 5 5 5 5],[1 0.9 0.6 0.5 0.5],14,0.0
748,9,0,76,1,0,[2 2 3 3 3],[10 10 2 2 2],[1 0.9 0.6 0.5 0.5],12,0.0
749,9,0,77,0,0,[10 10 5 5 5],[6 6 6 6 6],[1 0.9 0.6 0.5 0.5],10,0.0
750,9,0,78,0,0,[9 5 5 5 5],[1 6 6 6 6],[1 0.9 0.6 0.5 0.5],11,0.0
751,9,0,79,0,0,[8 8 5 5 5],[6 6 6 6 6],[1 0.9 0.6 0.5 0.5],15,0.0
752,9,0,80,0,0,[10 10 2 2 2],[2 2 3 3 3],[1 0.9 0.6 0.5 0.5],13,0.0
753,9,0,81,1,0,[2 2 3 3 3],[10 10 2 2 2],[1 0.9 0.6 0.5 0.5],12,0.0
754,9,0,82,1,0,[6 6 6 6 6],[10 10 5 5 5],[1 0.9 0.6 0.5 0.5],17,0.0
755,9,0,83,1,0,[1 6 6 6 6],[9 5 5 5 5],[1 0.9 0.6 0.5 0.5],14,0.0
756,9,0,84,0,0,[10 10 2 2 2],[2 2 3 3 3],[1 0.9 0.6 0.5 0.5],13,0.0
757,9,0,85,1,0,[10 10 5 5 5],[6 6 6 6 6],[1 0.9 0.6 0.5 0.5],10,0.0
758,9,0,86,1,0,[2 2 3 3 3],[10 10 2 2 2],[1 0.9 0.6 0.5 0.5],12,0.0
759,9,0,87,1,0,[6 6 6 6 6],[10 10 5 5 5],[1 0.9 0.6 0.5 0.5],17,0.0
760,9,0,88,1,0,[6 6 6 6 6],[10 10 5 5 5],[1 0.9 0.6 0.5 0.5],17,0.0
761,9,0,89,0,0,[9 5 5 5 5],[1 6 6 6 6],[1 0.9 0.6 0.5 0.5],11,0.0
762,10,0,0,1,0,[5 5 4 4 4],[4 4 5 5 5],[1 0.9 0.6 0.5 0.5],1,0.0
763,10,0,1,0,0,[7 7 3 3 3],[3 3 7 7 7],[1 0.9 0.6 0.5 0.5],2,0.0
764,10,0,2,1,0,[10 10 10 0 0],[0 0 0 10 10],[1 0.9 0.6 0.5 0.5],3,0.0
765,10,0,3,1,0,[6 6 4 4 4],[4 4 6 6 6],[1 0.9 0.6 0.5 0.5],4,0.0
766,10,0,4,0,0,[6 6 4 4 4],[4 4 6 6 6],[1 0.9 0.6 0.5 0.5],4,0.0
767,10,0,5,0,0,[8 8 2 2 2],[2 2 8 8 8],[1 0.9 0.6 0.5 0.5],5,0.0
768,10,0,6,0,0,[5 5 5 4 4],[4 4 4 5 5],[1 0.9 0.6 0.5 0.5],6,0.0
769,10,0,7,1,0,[5 5 4 4 4],[4 4 5 5 5],[1 0.9 0.6 0.5 0.5],1,0.0
770,10,0,8,0,0,[10 10 0 0 0],[0 0 10 10 10],[1 0.9 0.6 0.5 0.5],7,0.0
771,10,0,9,0,0,[10 10 10 0 0],[0 0 0 10 10],[1 0.9 0.6 0.5 0.5],3,0.0
772,10,0,10,1,0,[9 9 1 1 1],[1 1 9 9 9],[1 0.9 0.6 0.5 0.5],8,0.0
773,10,0,11,1,0,[7 7 3 3 3],[3 3 7 7 7],[1 0.9 0.6 0.5 0.5],2,0.0
774,10,0,12,1,0,[7 7 3 3 3],[3 3 7 7 7],[1 0.9 0.6 0.5 0.5],2,0.0
775,10,0,13,1,0,[7 7 3 3 3],[3 3 7 7 7],[1 0.9 0.6 0.5 0.5],2,0.0
776,10,0,14,1,0,[6 6 4 4 4],[4 4 6 6 6],[1 0.9 0.6 0.5 0.5],4,0.0
777,10,0,15,0,0,[8 8 2 2 2],[2 2 8 8 8],[1 0.9 0.6 0.5 0.5],5,0.0
778,10,0,16,0,0,[9 9 1 1 1],[1 1 9 9 9],[1 0.9 0.6 0.5 0.5],8,0.0
779,10,0,17,0,0,[8 8 2 2 2],[2 2 8 8 8],[1 0.9 0.6 0.5 0.5],5,0.0
780,10,0,18,0,0,[8 8 2 2 2],[2 2 8 8 8],[1 0.9 0.6 0.5 0.5],5,0.0
781,10,0,19,1,0,[5 5 4 4 4],[4 4 5 5 5],[1 0.9 0.6 0.5 0.5],1,0.0
782,10,0,20,0,0,[7 7 3 3 3],[3 3 7 7 7],[1 0.9 0.6 0.5 0.5],2,0.0
783,10,0,21,1,0,[7 7 3 3 3],[3 3 7 7 7],[1 0.9 0.6 0.5 0.5],2,0.0
784,10,0,22,1,0,[8 8 2 2 2],[2 2 8 8 8],[1 0.9 0.6 0.5 0.5],5,0.0
785,10,0,23,0,0,[5 5 5 4 4],[4 4 4 5 5],[1 0.9 0.6 0.5 0.5],6,0.0
786,10,0,24,0,0,[7 7 3 3 3],[3 3 7 7 7],[1 0.9 0.6 0.5 0.5],2,0.0
787,10,0,25,1,0,[8 8 2 2 2],[2 2 8 8 8],[1 0.9 0.6 0.5 0.5],5,0.0
788,10,0,26,1,0,[10 10 0 0 0],[0 0 10 10 10],[1 0.9 0.6 0.5 0.5],7,0.0
789,10,0,27,0,0,[5 5 4 4 4],[4 4 5 5 5],[1 0.9 0.6 0.5 0.5],1,0.0
790,10,0,28,0,0,[5 5 4 4 4],[4 4 5 5 5],[1 0.9 0.6 0.5 0.5],1,0.0
791,10,0,29,1,0,[5 5 4 4 4],[4 4 5 5 5],[1 0.9 0.6 0.5 0.5],1,0.0
792,10,0,30,0,0,[9 9 1 1 1],[1 1 9 9 9],[1 0.9 0.6 0.5 0.5],8,0.0
793,10,0,31,1,0,[6 6 4 4 4],[4 4 6 6 6],[1 0.9 0.6 0.5 0.5],4,0.0
794,10,0,32,1,0,[5 5 5 4 4],[4 4 4 5 5],[1 0.9 0.6 0.5 0.5],6,0.0
795,10,0,33,1,0,[6 6 4 4 4],[4 4 6 6 6],[1 0.9 0.6 0.5 0.5],4,0.0
796,10,0,34,1,0,[10 10 10 0 0],[0 0 0 10 10],[1 0.9 0.6 0.5 0.5],3,0.0
797,10,0,35,0,0,[9 9 1 1 1],[1 1 9 9 9],[1 0.9 0.6 0.5 0.5],8,0.0
798,10,0,36,1,0,[5 5 4 4 4],[4 4 5 5 5],[1 0.9 0.6 0.5 0.5],1,0.0
799,10,0,37,1,0,[5 5 5 4 4],[4 4 4 5 5],[1 0.9 0.6 0.5 0.5],6,0.0
800,10,0,38,0,0,[5 5 4 4 4],[4 4 5 5 5],[1 0.9 0.6 0.5 0.5],1,0.0
801,10,0,39,0,0,[5 5 4 4 4],[4 4 5 5 5],[1 0.9 0.6 0.5 0.5],1,0.0
802,10,0,40,1,0,[5 5 5 4 4],[4 4 4 5 5],[1 0.9 0.6 0.5 0.5],6,0.0
803,10,0,41,0,0,[8 8 2 2 2],[2 2 8 8 8],[1 0.9 0.6 0.5 0.5],5,0.0
804,10,0,42,0,0,[6 6 4 4 4],[4 4 6 6 6],[1 0.9 0.6 0.5 0.5],4,0.0
805,10,0,43,0,0,[10 10 10 0 0],[0 0 0 10 10],[1 0.9 0.6 0.5 0.5],3,0.0
806,10,0,44,0,0,[10 10 0 0 0],[0 0 10 10 10],[1 0.9 0.6 0.5 0.5],7,0.0
807,10,0,45,1,0,[6 6 4 4 4],[4 4 6 6 6],[1 0.9 0.6 0.5 0.5],4,0.0
808,10,0,46,1,0,[7 7 3 3 3],[3 3 7 7 7],[1 0.9 0.6 0.5 0.5],2,0.0
809,10,0,47,1,0,[8 8 2 2 2],[2 2 8 8 8],[1 0.9 0.6 0.5 0.5],5,0.0
810,10,0,48,1,0,[10 10 10 0 0],[0 0 0 10 10],[1 0.9 0.6 0.5 0.5],3,0.0
811,10,0,49,0,0,[10 10 10 0 0],[0 0 0 10 10],[1 0.9 0.6 0.5 0.5],3,0.0
812,10,0,50,0,0,[9 9 1 1 1],[1 1 9 9 9],[1 0.9 0.6 0.5 0.5],8,0.0
813,10,0,51,0,0,[5 5 5 4 4],[4 4 4 5 5],[1 0.9 0.6 0.5 0.5],6,0.0
814,10,0,52,1,0,[5 5 5 4 4],[4 4 4 5 5],[1 0.9 0.6 0.5 0.5],6,0.0
815,10,0,53,1,0,[10 10 10 0 0],[0 0 0 10 10],[1 0.9 0.6 0.5 0.5],3,0.0
816,10,0,54,0,0,[10 10 0 0 0],[0 0 10 10 10],[1 0.9 0.6 0.5 0.5],7,0.0
817,10,0,55,1,0,[10 10 10 0 0],[0 0 0 10 10],[1 0.9 0.6 0.5 0.5],3,0.0
818,10,0,56,1,0,[9 9 1 1 1],[1 1 9 9 9],[1 0.9 0.6 0.5 0.5],8,0.0
819,10,0,57,0,0,[5 5 5 4 4],[4 4 4 5 5],[1 0.9 0.6 0.5 0.5],6,0.0
820,10,0,58,0,0,[8 8 2 2 2],[2 2 8 8 8],[1 0.9 0.6 0.5 0.5],5,0.0
821,10,0,59,0,0,[7 7 3 3 3],[3 3 7 7 7],[1 0.9 0.6 0.5 0.5],2,0.0
822,10,0,60,0,0,[10 10 0 0 0],[0 0 10 10 10],[1 0.9 0.6 0.5 0.5],7,0.0
823,10,0,61,0,0,[9 9 1 1 1],[1 1 9 9 9],[1 0.9 0.6 0.5 0.5],8,0.0
824,10,0,62,1,0,[10 10 0 0 0],[0 0 10 10 10],[1 0.9 0.6 0.5 0.5],7,0.0
825,10,0,63,1,0,[9 9 1 1 1],[1 1 9 9 9],[1 0.9 0.6 0.5 0.5],8,0.0
826,10,0,64,1,0,[9 9 1 1 1],[1 1 9 9 9],[1 0.9 0.6 0.5 0.5],8,0.0
827,10,0,65,0,0,[10 10 10 0 0],[0 0 0 10 10],[1 0.9 0.6 0.5 0.5],3,0.0
828,10,0,66,1,0,[6 6 4 4 4],[4 4 6 6 6],[1 0.9 0.6 0.5 0.5],4,0.0
829,10,0,67,0,0,[9 9 1 1 1],[1 1 9 9 9],[1 0.9 0.6 0.5 0.5],8,0.0
830,10,0,68,0,0,[6 6 4 4 4],[4 4 6 6 6],[1 0.9 0.6 0.5 0.5],4,0.0
831,10,0,69,1,0,[6 6 4 4 4],[4 4 6 6 6],[1 0.9 0.6 0.5 0.5],4,0.0
832,10,0,70,1,0,[5 5 5 4 4],[4 4 4 5 5],[1 0.9 0.6 0.5 0.5],6,0.0
833,10,0,71,0,0,[10 10 0 0 0],[0 0 10 10 10],[1 0.9 0.6 0.5 0.5],7,0.0
834,10,0,72,0,0,[10 10 0 0 0],[0 0 10 10 10],[1 0.9 0.6 0.5 0.5],7,0.0
835,10,0,73,0,0,[5 5 4 4 4],[4 4 5 5 5],[1 0.9 0.6 0.5 0.5],1,0.0
836,10,0,74,1,0,[10 10 0 0 0],[0 0 10 10 10],[1 0.9 0.6 0.5 0.5],7,0.0
837,10,0,75,0,0,[5 5 5 4 4],[4 4 4 5 5],[1 0.9 0.6 0.5 0.5],6,0.0
838,10,0,76,0,0,[10 10 10 0 0],[0 0 0 10 10],[1 0.9 0.6 0.5 0.5],3,0.0
839,10,0,77,1,0,[5 5 5 4 4],[4 4 4 5 5],[1 0.9 0.6 0.5 0.5],6,0.0
840,10,0,78,0,0,[10 10 10 0 0],[0 0 0 10 10],[1 0.9 0.6 0.5 0.5],3,0.0
841,10,0,79,0,0,[10 10 0 0 0],[0 0 10 10 10],[1 0.9 0.6 0.5 0.5],7,0.0
842,10,0,80,1,0,[9 9 1 1 1],[1 1 9 9 9],[1 0.9 0.6 0.5 0.5],8,0.0
843,10,0,81,0,0,[8 8 2 2 2],[2 2 8 8 8],[1 0.9 0.6 0.5 0.5],5,0.0
844,10,0,82,0,0,[9 9 1 1 1],[1 1 9 9 9],[1 0.9 0.6 0.5 0.5],8,0.0
845,10,0,83,1,0,[8 8 2 2 2],[2 2 8 8 8],[1 0.9 0.6 0.5 0.5],5,0.0
846,10,0,84,0,0,[7 7 3 3 3],[3 3 7 7 7],[1 0.9 0.6 0.5 0.5],2,0.0
847,10,0,85,0,0,[10 10 0 0 0],[0 0 10 10 10],[1 0.9 0.6 0.5 0.5],7,0.0
848,10,0,86,0,0,[6 6 4 4 4],[4 4 6 6 6],[1 0.9 0.6 0.5 0.5],4,0.0
849,10,0,87,0,0,[6 6 4 4 4],[4 4 6 6 6],[1 0.9 0.6 0.5 0.5],4,0.0
850,10,0,88,0,0,[7 7 3 3 3],[3 3 7 7 7],[1 0.9 0.6 0.5 0.5],2,0.0
851,10,0,89,0,0,[10 10 10 0 0],[0 0 0 10 10],[1 0.9 0.6 0.5 0.5],3,0.0
852,10,0,90,0,0,[10 10 0 0 0],[0 0 10 10 10],[1 0.9 0.6 0.5 0.5],7,0.0
853,10,0,91,0,0,[8 8 2 2 2],[2 2 8 8 8],[1 0.9 0.6 0.5 0.5],5,0.0
854,10,0,92,0,0,[5 5 4 4 4],[4 4 5 5 5],[1 0.9 0.6 0.5 0.5],1,0.0
855,10,0,93,0,0,[5 5 5 4 4],[4 4 4 5 5],[1 0.9 0.6 0.5 0.5],6,0.0
856,10,0,94,0,0,[7 7 3 3 3],[3 3 7 7 7],[1 0.9 0.6 0.5 0.5],2,0.0
857,10,0,95,0,0,[5 5 4 4 4],[4 4 5 5 5],[1 0.9 0.6 0.5 0.5],1,0.0
858,11,0,0,0,0,[5 5 4 4 4],[4 4 5 5 5],[1 0.9 0.6 0.5 0.5],1,0.0
859,11,0,1,1,0,[7 7 3 3 3],[3 3 7 7 7],[1 0.9 0.6 0.5 0.5],2,0.0
860,11,0,2,1,0,[10 10 10 0 0],[0 0 0 10 10],[1 0.9 0.6 0.5 0.5],3,0.0
861,11,0,3,1,0,[6 6 4 4 4],[4 4 6 6 6],[1 0.9 0.6 0.5 0.5],4,0.0
862,11,0,4,1,0,[6 6 4 4 4],[4 4 6 6 6],[1 0.9 0.6 0.5 0.5],4,0.0
863,11,0,5,1,0,[8 8 2 2 2],[2 2 8 8 8],[1 0.9 0.6 0.5 0.5],5,0.0
864,11,0,6,0,0,[5 5 5 4 4],[4 4 4 5 5],[1 0.9 0.6 0.5 0.5],6,0.0
865,11,0,7,0,0,[5 5 4 4 4],[4 4 5 5 5],[1 0.9 0.6 0.5 0.5],1,0.0
866,11,0,8,1,0,[10 10 0 0 0],[0 0 10 10 10],[1 0.9 0.6 0.5 0.5],7,0.0
867,11,0,9,0,0,[10 10 10 0 0],[0 0 0 10 10],[1 0.9 0.6 0.5 0.5],3,0.0
868,11,0,10,0,0,[9 9 1 1 1],[1 1 9 9 9],[1 0.9 0.6 0.5 0.5],8,0.0
869,11,0,11,0,0,[7 7 3 3 3],[3 3 7 7 7],[1 0.9 0.6 0.5 0.5],2,0.0
870,11,0,12,0,0,[7 7 3 3 3],[3 3 7 7 7],[1 0.9 0.6 0.5 0.5],2,0.0
871,11,0,13,0,0,[7 7 3 3 3],[3 3 7 7 7],[1 0.9 0.6 0.5 0.5],2,0.0
872,11,0,14,0,0,[6 6 4 4 4],[4 4 6 6 6],[1 0.9 0.6 0.5 0.5],4,0.0
873,11,0,15,1,0,[8 8 2 2 2],[2 2 8 8 8],[1 0.9 0.6 0.5 0.5],5,0.0
874,11,0,16,1,0,[9 9 1 1 1],[1 1 9 9 9],[1 0.9 0.6 0.5 0.5],8,0.0
875,11,0,17,1,0,[8 8 2 2 2],[2 2 8 8 8],[1 0.9 0.6 0.5 0.5],5,0.0
876,11,0,18,1,0,[8 8 2 2 2],[2 2 8 8 8],[1 0.9 0.6 0.5 0.5],5,0.0
877,11,0,19,1,0,[5 5 4 4 4],[4 4 5 5 5],[1 0.9 0.6 0.5 0.5],1,0.0
878,11,0,20,1,0,[7 7 3 3 3],[3 3 7 7 7],[1 0.9 0.6 0.5 0.5],2,0.0
879,11,0,21,0,0,[7 7 3 3 3],[3 3 7 7 7],[1 0.9 0.6 0.5 0.5],2,0.0
880,11,0,22,0,0,[8 8 2 2 2],[2 2 8 8 8],[1 0.9 0.6 0.5 0.5],5,0.0
881,11,0,23,0,0,[5 5 5 4 4],[4 4 4 5 5],[1 0.9 0.6 0.5 0.5],6,0.0
882,11,0,24,1,0,[7 7 3 3 3],[3 3 7 7 7],[1 0.9 0.6 0.5 0.5],2,0.0
883,11,0,25,0,0,[8 8 2 2 2],[2 2 8 8 8],[1 0.9 0.6 0.5 0.5],5,0.0
884,11,0,26,0,0,[10 10 0 0 0],[0 0 10 10 10],[1 0.9 0.6 0.5 0.5],7,0.0
885,11,0,27,0,0,[5 5 4 4 4],[4 4 5 5 5],[1 0.9 0.6 0.5 0.5],1,0.0
886,11,0,28,0,0,[5 5 4 4 4],[4 4 5 5 5],[1 0.9 0.6 0.5 0.5],1,0.0
887,11,0,29,0,0,[5 5 4 4 4],[4 4 5 5 5],[1 0.9 0.6 0.5 0.5],1,0.0
888,11,0,30,1,0,[9 9 1 1 1],[1 1 9 9 9],[1 0.9 0.6 0.5 0.5],8,0.0
889,11,0,31,0,0,[6 6 4 4 4],[4 4 6 6 6],[1 0.9 0.6 0.5 0.5],4,0.0
890,11,0,32,1,0,[5 5 5 4 4],[4 4 4 5 5],[1 0.9 0.6 0.5 0.5],6,0.0
891,11,0,33,1,0,[6 6 4 4 4],[4 4 6 6 6],[1 0.9 0.6 0.5 0.5],4,0.0
892,11,0,34,1,0,[10 10 10 0 0],[0 0 0 10 10],[1 0.9 0.6 0.5 0.5],3,0.0
893,11,0,35,1,0,[9 9 1 1 1],[1 1 9 9 9],[1 0.9 0.6 0.5 0.5],8,0.0
894,11,0,36,0,0,[5 5 4 4 4],[4 4 5 5 5],[1 0.9 0.6 0.5 0.5],1,0.0
895,11,0,37,1,0,[5 5 5 4 4],[4 4 4 5 5],[1 0.9 0.6 0.5 0.5],6,0.0
896,11,0,38,1,0,[5 5 4 4 4],[4 4 5 5 5],[1 0.9 0.6 0.5 0.5],1,0.0
897,11,0,39,1,0,[5 5 4 4 4],[4 4 5 5 5],[1 0.9 0.6 0.5 0.5],1,0.0
898,11,0,40,1,0,[5 5 5 4 4],[4 4 4 5 5],[1 0.9 0.6 0.5 0.5],6,0.0
899,11,0,41,1,0,[8 8 2 2 2],[2 2 8 8 8],[1 0.9 0.6 0.5 0.5],5,0.0
900,11,0,42,1,0,[6 6 4 4 4],[4 4 6 6 6],[1 0.9 0.6 0.5 0.5],4,0.0
901,11,0,43,1,0,[10 10 10 0 0],[0 0 0 10 10],[1 0.9 0.6 0.5 0.5],3,0.0
902,11,0,44,1,0,[10 10 0 0 0],[0 0 10 10 10],[1 0.9 0.6 0.5 0.5],7,0.0
903,11,0,45,1,0,[6 6 4 4 4],[4 4 6 6 6],[1 0.9 0.6 0.5 0.5],4,0.0
904,11,0,46,0,0,[7 7 3 3 3],[3 3 7 7 7],[1 0.9 0.6 0.5 0.5],2,0.0
905,11,0,47,0,0,[8 8 2 2 2],[2 2 8 8 8],[1 0.9 0.6 0.5 0.5],5,0.0
906,11,0,48,1,0,[10 10 10 0 0],[0 0 0 10 10],[1 0.9 0.6 0.5 0.5],3,0.0
907,11,0,49,0,0,[10 10 10 0 0],[0 0 0 10 10],[1 0.9 0.6 0.5 0.5],3,0.0
908,11,0,50,1,0,[9 9 1 1 1],[1 1 9 9 9],[1 0.9 0.6 0.5 0.5],8,0.0
909,11,0,51,1,0,[5 5 5 4 4],[4 4 4 5 5],[1 0.9 0.6 0.5 0.5],6,0.0
910,11,0,52,1,0,[5 5 5 4 4],[4 4 4 5 5],[1 0.9 0.6 0.5 0.5],6,0.0
911,11,0,53,1,0,[10 10 10 0 0],[0 0 0 10 10],[1 0.9 0.6 0.5 0.5],3,0.0
912,11,0,54,1,0,[10 10 0 0 0],[0 0 10 10 10],[1 0.9 0.6 0.5 0.5],7,0.0
913,11,0,55,1,0,[10 10 10 0 0],[0 0 0 10 10],[1 0.9 0.6 0.5 0.5],3,0.0
914,11,0,56,1,0,[9 9 1 1 1],[1 1 9 9 9],[1 0.9 0.6 0.5 0.5],8,0.0
915,11,0,57,1,0,[5 5 5 4 4],[4 4 4 5 5],[1 0.9 0.6 0.5 0.5],6,0.0
916,11,0,58,1,0,[8 8 2 2 2],[2 2 8 8 8],[1 0.9 0.6 0.5 0.5],5,0.0
917,11,0,59,1,0,[7 7 3 3 3],[3 3 7 7 7],[1 0.9 0.6 0.5 0.5],2,0.0
918,11,0,60,1,0,[10 10 0 0 0],[0 0 10 10 10],[1 0.9 0.6 0.5 0.5],7,0.0
919,11,0,61,1,0,[9 9 1 1 1],[1 1 9 9 9],[1 0.9 0.6 0.5 0.5],8,0.0
920,11,0,62,1,0,[10 10 0 0 0],[0 0 10 10 10],[1 0.9 0.6 0.5 0.5],7,0.0
921,11,0,63,1,0,[9 9 1 1 1],[1 1 9 9 9],[1 0.9 0.6 0.5 0.5],8,0.0
922,11,0,64,1,0,[9 9 1 1 1],[1 1 9 9 9],[1 0.9 0.6 0.5 0.5],8,0.0
923,11,0,65,0,0,[10 10 10 0 0],[0 0 0 10 10],[1 0.9 0.6 0.5 0.5],3,0.0
924,11,0,66,0,0,[6 6 4 4 4],[4 4 6 6 6],[1 0.9 0.6 0.5 0.5],4,0.0
925,11,0,67,1,0,[9 9 1 1 1],[1 1 9 9 9],[1 0.9 0.6 0.5 0.5],8,0.0
926,11,0,68,1,0,[6 6 4 4 4],[4 4 6 6 6],[1 0.9 0.6 0.5 0.5],4,0.0
927,11,0,69,0,0,[6 6 4 4 4],[4 4 6 6 6],[1 0.9 0.6 0.5 0.5],4,0.0
928,11,0,70,1,0,[5 5 5 4 4],[4 4 4 5 5],[1 0.9 0.6 0.5 0.5],6,0.0
929,11,0,71,1,0,[10 10 0 0 0],[0 0 10 10 10],[1 0.9 0.6 0.5 0.5],7,0.0
930,11,0,72,1,0,[10 10 0 0 0],[0 0 10 10 10],[1 0.9 0.6 0.5 0.5],7,0.0
931,11,0,73,1,0,[5 5 4 4 4],[4 4 5 5 5],[1 0.9 0.6 0.5 0.5],1,0.0
932,11,0,74,0,0,[10 10 0 0 0],[0 0 10 10 10],[1 0.9 0.6 0.5 0.5],7,0.0
933,11,0,75,0,0,[5 5 5 4 4],[4 4 4 5 5],[1 0.9 0.6 0.5 0.5],6,0.0
934,11,0,76,0,0,[10 10 10 0 0],[0 0 0 10 10],[1 0.9 0.6 0.5 0.5],3,0.0
935,11,0,77,1,0,[5 5 5 4 4],[4 4 4 5 5],[1 0.9 0.6 0.5 0.5],6,0.0
936,11,0,78,0,0,[10 10 10 0 0],[0 0 0 10 10],[1 0.9 0.6 0.5 0.5],3,0.0
937,11,0,79,1,0,[10 10 0 0 0],[0 0 10 10 10],[1 0.9 0.6 0.5 0.5],7,0.0
938,11,0,80,0,0,[9 9 1 1 1],[1 1 9 9 9],[1 0.9 0.6 0.5 0.5],8,0.0
939,11,0,81,1,0,[8 8 2 2 2],[2 2 8 8 8],[1 0.9 0.6 0.5 0.5],5,0.0
940,11,0,82,1,0,[9 9 1 1 1],[1 1 9 9 9],[1 0.9 0.6 0.5 0.5],8,0.0
941,11,0,83,0,0,[8 8 2 2 2],[2 2 8 8 8],[1 0.9 0.6 0.5 0.5],5,0.0
942,11,0,84,1,0,[7 7 3 3 3],[3 3 7 7 7],[1 0.9 0.6 0.5 0.5],2,0.0
943,11,0,85,0,0,[10 10 0 0 0],[0 0 10 10 10],[1 0.9 0.6 0.5 0.5],7,0.0
944,11,0,86,0,0,[6 6 4 4 4],[4 4 6 6 6],[1 0.9 0.6 0.5 0.5],4,0.0
945,11,0,87,1,0,[6 6 4 4 4],[4 4 6 6 6],[1 0.9 0.6 0.5 0.5],4,0.0
946,11,0,88,0,0,[7 7 3 3 3],[3 3 7 7 7],[1 0.9 0.6 0.5 0.5],2,0.0
947,11,0,89,1,0,[10 10 10 0 0],[0 0 0 10 10],[1 0.9 0.6 0.5 0.5],3,0.0
948,11,0,90,0,0,[10 10 0 0 0],[0 0 10 10 10],[1 0.9 0.6 0.5 0.5],7,0.0
949,11,0,91,1,0,[8 8 2 2 2],[2 2 8 8 8],[1 0.9 0.6 0.5 0.5],5,0.0
950,11,0,92,1,0,[5 5 4 4 4],[4 4 5 5 5],[1 0.9 0.6 0.5 0.5],1,0.0
951,11,0,93,1,0,[5 5 5 4 4],[4 4 4 5 5],[1 0.9 0.6 0.5 0.5],6,0.0
952,11,0,94,0,0,[7 7 3 3 3],[3 3 7 7 7],[1 0.9 0.6 0.5 0.5],2,0.0
953,11,0,95,1,0,[5 5 4 4 4],[4 4 5 5 5],[1 0.9 0.6 0.5 0.5],1,0.0
954,12,0,0,0,0,[5 5 4 4 4],[4 4 5 5 5],[1 0.9 0.6 0.5 0.5],1,0.0
955,12,0,1,1,0,[7 7 3 3 3],[3 3 7 7 7],[1 0.9 0.6 0.5 0.5],2,0.0
956,12,0,2,0,0,[10 10 10 0 0],[0 0 0 10 10],[1 0.9 0.6 0.5 0.5],3,0.0
957,12,0,3,0,0,[6 6 4 4 4],[4 4 6 6 6],[1 0.9 0.6 0.5 0.5],4,0.0
958,12,0,4,1,0,[6 6 4 4 4],[4 4 6 6 6],[1 0.9 0.6 0.5 0.5],4,0.0
959,12,0,5,1,0,[8 8 2 2 2],[2 2 8 8 8],[1 0.9 0.6 0.5 0.5],5,0.0
960,12,0,6,0,0,[5 5 5 4 4],[4 4 4 5 5],[1 0.9 0.6 0.5 0.5],6,0.0
961,12,0,7,0,0,[5 5 4 4 4],[4 4 5 5 5],[1 0.9 0.6 0.5 0.5],1,0.0
962,12,0,8,1,0,[10 10 0 0 0],[0 0 10 10 10],[1 0.9 0.6 0.5 0.5],7,0.0
963,12,0,9,0,0,[10 10 10 0 0],[0 0 0 10 10],[1 0.9 0.6 0.5 0.5],3,0.0
964,12,0,10,1,0,[9 9 1 1 1],[1 1 9 9 9],[1 0.9 0.6 0.5 0.5],8,0.0
965,12,0,11,1,0,[7 7 3 3 3],[3 3 7 7 7],[1 0.9 0.6 0.5 0.5],2,0.0
966,12,0,12,1,0,[7 7 3 3 3],[3 3 7 7 7],[1 0.9 0.6 0.5 0.5],2,0.0
967,12,0,13,1,0,[7 7 3 3 3],[3 3 7 7 7],[1 0.9 0.6 0.5 0.5],2,0.0
968,12,0,14,1,0,[6 6 4 4 4],[4 4 6 6 6],[1 0.9 0.6 0.5 0.5],4,0.0
969,12,0,15,1,0,[8 8 2 2 2],[2 2 8 8 8],[1 0.9 0.6 0.5 0.5],5,0.0
970,12,0,16,1,0,[9 9 1 1 1],[1 1 9 9 9],[1 0.9 0.6 0.5 0.5],8,0.0
971,12,0,17,1,0,[8 8 2 2 2],[2 2 8 8 8],[1 0.9 0.6 0.5 0.5],5,0.0
972,12,0,18,1,0,[8 8 2 2 2],[2 2 8 8 8],[1 0.9 0.6 0.5 0.5],5,0.0
973,12,0,19,1,0,[5 5 4 4 4],[4 4 5 5 5],[1 0.9 0.6 0.5 0.5],1,0.0
974,12,0,20,1,0,[7 7 3 3 3],[3 3 7 7 7],[1 0.9 0.6 0.5 0.5],2,0.0
975,12,0,21,1,0,[7 7 3 3 3],[3 3 7 7 7],[1 0.9 0.6 0.5 0.5],2,0.0
976,12,0,22,1,0,[8 8 2 2 2],[2 2 8 8 8],[1 0.9 0.6 0.5 0.5],5,0.0
977,12,0,23,0,0,[5 5 5 4 4],[4 4 4 5 5],[1 0.9 0.6 0.5 0.5],6,0.0
978,12,0,24,1,0,[7 7 3 3 3],[3 3 7 7 7],[1 0.9 0.6 0.5 0.5],2,0.0
979,12,0,25,1,0,[8 8 2 2 2],[2 2 8 8 8],[1 0.9 0.6 0.5 0.5],5,0.0
980,12,0,26,1,0,[10 10 0 0 0],[0 0 10 10 10],[1 0.9 0.6 0.5 0.5],7,0.0
981,12,0,27,1,0,[5 5 4 4 4],[4 4 5 5 5],[1 0.9 0.6 0.5 0.5],1,0.0
982,12,0,28,1,0,[5 5 4 4 4],[4 4 5 5 5],[1 0.9 0.6 0.5 0.5],1,0.0
983,12,0,29,0,0,[5 5 4 4 4],[4 4 5 5 5],[1 0.9 0.6 0.5 0.5],1,0.0
984,12,0,30,1,0,[9 9 1 1 1],[1 1 9 9 9],[1 0.9 0.6 0.5 0.5],8,0.0
985,12,0,31,1,0,[6 6 4 4 4],[4 4 6 6 6],[1 0.9 0.6 0.5 0.5],4,0.0
986,12,0,32,0,0,[5 5 5 4 4],[4 4 4 5 5],[1 0.9 0.6 0.5 0.5],6,0.0
987,12,0,33,1,0,[6 6 4 4 4],[4 4 6 6 6],[1 0.9 0.6 0.5 0.5],4,0.0
988,12,0,34,0,0,[10 10 10 0 0],[0 0 0 10 10],[1 0.9 0.6 0.5 0.5],3,0.0
989,12,0,35,1,0,[9 9 1 1 1],[1 1 9 9 9],[1 0.9 0.6 0.5 0.5],8,0.0
990,12,0,36,1,0,[5 5 4 4 4],[4 4 5 5 5],[1 0.9 0.6 0.5 0.5],1,0.0
991,12,0,37,0,0,[5 5 5 4 4],[4 4 4 5 5],[1 0.9 0.6 0.5 0.5],6,0.0
992,12,0,38,1,0,[5 5 4 4 4],[4 4 5 5 5],[1 0.9 0.6 0.5 0.5],1,0.0
993,12,0,39,1,0,[5 5 4 4 4],[4 4 5 5 5],[1 0.9 0.6 0.5 0.5],1,0.0
994,12,0,40,0,0,[5 5 5 4 4],[4 4 4 5 5],[1 0.9 0.6 0.5 0.5],6,0.0
995,12,0,41,1,0,[8 8 2 2 2],[2 2 8 8 8],[1 0.9 0.6 0.5 0.5],5,0.0
996,12,0,42,1,0,[6 6 4 4 4],[4 4 6 6 6],[1 0.9 0.6 0.5 0.5],4,0.0
997,12,0,43,0,0,[10 10 10 0 0],[0 0 0 10 10],[1 0.9 0.6 0.5 0.5],3,0.0
998,12,0,44,1,0,[10 10 0 0 0],[0 0 10 10 10],[1 0.9 0.6 0.5 0.5],7,0.0
999,12,0,45,1,0,[6 6 4 4 4],[4 4 6 6 6],[1 0.9 0.6 0.5 0.5],4,0.0
1000,12,0,46,1,0,[7 7 3 3 3],[3 3 7 7 7],[1 0.9 0.6 0.5 0.5],2,0.0
1001,12,0,47,1,0,[8 8 2 2 2],[2 2 8 8 8],[1 0.9 0.6 0.5 0.5],5,0.0
1002,12,0,48,0,0,[10 10 10 0 0],[0 0 0 10 10],[1 0.9 0.6 0.5 0.5],3,0.0
1003,12,0,49,0,0,[10 10 10 0 0],[0 0 0 10 10],[1 0.9 0.6 0.5 0.5],3,0.0
1004,12,0,50,1,0,[9 9 1 1 1],[1 1 9 9 9],[1 0.9 0.6 0.5 0.5],8,0.0
1005,12,0,51,0,0,[5 5 5 4 4],[4 4 4 5 5],[1 0.9 0.6 0.5 0.5],6,0.0
1006,12,0,52,1,0,[5 5 5 4 4],[4 4 4 5 5],[1 0.9 0.6 0.5 0.5],6,0.0
1007,12,0,53,0,0,[10 10 10 0 0],[0 0 0 10 10],[1 0.9 0.6 0.5 0.5],3,0.0
1008,12,0,54,1,0,[10 10 0 0 0],[0 0 10 10 10],[1 0.9 0.6 0.5 0.5],7,0.0
1009,12,0,55,0,0,[10 10 10 0 0],[0 0 0 10 10],[1 0.9 0.6 0.5 0.5],3,0.0
1010,12,0,56,1,0,[9 9 1 1 1],[1 1 9 9 9],[1 0.9 0.6 0.5 0.5],8,0.0
1011,12,0,57,1,0,[5 5 5 4 4],[4 4 4 5 5],[1 0.9 0.6 0.5 0.5],6,0.0
1012,12,0,58,1,0,[8 8 2 2 2],[2 2 8 8 8],[1 0.9 0.6 0.5 0.5],5,0.0
1013,12,0,59,1,0,[7 7 3 3 3],[3 3 7 7 7],[1 0.9 0.6 0.5 0.5],2,0.0
1014,12,0,60,1,0,[10 10 0 0 0],[0 0 10 10 10],[1 0.9 0.6 0.5 0.5],7,0.0
1015,12,0,61,1,0,[9 9 1 1 1],[1 1 9 9 9],[1 0.9 0.6 0.5 0.5],8,0.0
1016,12,0,62,1,0,[10 10 0 0 0],[0 0 10 10 10],[1 0.9 0.6 0.5 0.5],7,0.0
1017,12,0,63,1,0,[9 9 1 1 1],[1 1 9 9 9],[1 0.9 0.6 0.5 0.5],8,0.0
1018,12,0,64,1,0,[9 9 1 1 1],[1 1 9 9 9],[1 0.9 0.6 0.5 0.5],8,0.0
1019,12,0,65,0,0,[10 10 10 0 0],[0 0 0 10 10],[1 0.9 0.6 0.5 0.5],3,0.0
1020,12,0,66,1,0,[6 6 4 4 4],[4 4 6 6 6],[1 0.9 0.6 0.5 0.5],4,0.0
1021,12,0,67,1,0,[9 9 1 1 1],[1 1 9 9 9],[1 0.9 0.6 0.5 0.5],8,0.0
1022,12,0,68,1,0,[6 6 4 4 4],[4 4 6 6 6],[1 0.9 0.6 0.5 0.5],4,0.0
1023,12,0,69,1,0,[6 6 4 4 4],[4 4 6 6 6],[1 0.9 0.6 0.5 0.5],4,0.0
1024,12,0,70,0,0,[5 5 5 4 4],[4 4 4 5 5],[1 0.9 0.6 0.5 0.5],6,0.0
1025,12,0,71,1,0,[10 10 0 0 0],[0 0 10 10 10],[1 0.9 0.6 0.5 0.5],7,0.0
1026,12,0,72,1,0,[10 10 0 0 0],[0 0 10 10 10],[1 0.9 0.6 0.5 0.5],7,0.0
1027,12,0,73,1,0,[5 5 4 4 4],[4 4 5 5 5],[1 0.9 0.6 0.5 0.5],1,0.0
1028,12,0,74,1,0,[10 10 0 0 0],[0 0 10 10 10],[1 0.9 0.6 0.5 0.5],7,0.0
1029,12,0,75,0,0,[5 5 5 4 4],[4 4 4 5 5],[1 0.9 0.6 0.5 0.5],6,0.0
1030,12,0,76,0,0,[10 10 10 0 0],[0 0 0 10 10],[1 0.9 0.6 0.5 0.5],3,0.0
1031,12,0,77,0,0,[5 5 5 4 4],[4 4 4 5 5],[1 0.9 0.6 0.5 0.5],6,0.0
1032,12,0,78,0,0,[10 10 10 0 0],[0 0 0 10 10],[1 0.9 0.6 0.5 0.5],3,0.0
1033,12,0,79,1,0,[10 10 0 0 0],[0 0 10 10 10],[1 0.9 0.6 0.5 0.5],7,0.0
1034,12,0,80,1,0,[9 9 1 1 1],[1 1 9 9 9],[1 0.9 0.6 0.5 0.5],8,0.0
1035,12,0,81,1,0,[8 8 2 2 2],[2 2 8 8 8],[1 0.9 0.6 0.5 0.5],5,0.0
1036,12,0,82,1,0,[9 9 1 1 1],[1 1 9 9 9],[1 0.9 0.6 0.5 0.5],8,0.0
1037,12,0,83,0,0,[8 8 2 2 2],[2 2 8 8 8],[1 0.9 0.6 0.5 0.5],5,0.0
1038,12,0,84,1,0,[7 7 3 3 3],[3 3 7 7 7],[1 0.9 0.6 0.5 0.5],2,0.0
1039,12,0,85,1,0,[10 10 0 0 0],[0 0 10 10 10],[1 0.9 0.6 0.5 0.5],7,0.0
1040,12,0,86,1,0,[6 6 4 4 4],[4 4 6 6 6],[1 0.9 0.6 0.5 0.5],4,0.0
1041,12,0,87,1,0,[6 6 4 4 4],[4 4 6 6 6],[1 0.9 0.6 0.5 0.5],4,0.0
1042,12,0,88,1,0,[7 7 3 3 3],[3 3 7 7 7],[1 0.9 0.6 0.5 0.5],2,0.0
1043,12,0,89,0,0,[10 10 10 0 0],[0 0 0 10 10],[1 0.9 0.6 0.5 0.5],3,0.0
1044,12,0,90,1,0,[10 10 0 0 0],[0 0 10 10 10],[1 0.9 0.6 0.5 0.5],7,0.0
1045,12,0,91,1,0,[8 8 2 2 2],[2 2 8 8 8],[1 0.9 0.6 0.5 0.5],5,0.0
1046,12,0,92,1,0,[5 5 4 4 4],[4 4 5 5 5],[1 0.9 0.6 0.5 0.5],1,0.0
1047,12,0,93,0,0,[5 5 5 4 4],[4 4 4 5 5],[1 0.9 0.6 0.5 0.5],6,0.0
1048,12,0,94,1,0,[7 7 3 3 3],[3 3 7 7 7],[1 0.9 0.6 0.5 0.5],2,0.0
1049,12,0,95,0,0,[5 5 4 4 4],[4 4 5 5 5],[1 0.9 0.6 0.5 0.5],1,0.0
1050,14,0,0,1,0,[5 5 4 4 4],[4 4 5 5 5],[1 0.9 0.6 0.5 0.5],1,0.0
1051,14,0,1,0,0,[7 7 3 3 3],[3 3 7 7 7],[1 0.9 0.6 0.5 0.5],2,0.0
1052,14,0,2,1,0,[10 10 10 0 0],[0 0 0 10 10],[1 0.9 0.6 0.5 0.5],3,0.0
1053,14,0,3,1,0,[6 6 4 4 4],[4 4 6 6 6],[1 0.9 0.6 0.5 0.5],4,0.0
1054,14,0,4,0,0,[6 6 4 4 4],[4 4 6 6 6],[1 0.9 0.6 0.5 0.5],4,0.0
1055,14,0,5,0,0,[8 8 2 2 2],[2 2 8 8 8],[1 0.9 0.6 0.5 0.5],5,0.0
1056,14,0,6,0,0,[5 5 5 4 4],[4 4 4 5 5],[1 0.9 0.6 0.5 0.5],6,0.0
1057,14,0,7,1,0,[5 5 4 4 4],[4 4 5 5 5],[1 0.9 0.6 0.5 0.5],1,0.0
1058,14,0,8,0,0,[10 10 0 0 0],[0 0 10 10 10],[1 0.9 0.6 0.5 0.5],7,0.0
1059,14,0,9,0,0,[10 10 10 0 0],[0 0 0 10 10],[1 0.9 0.6 0.5 0.5],3,0.0
1060,14,0,10,1,0,[9 9 1 1 1],[1 1 9 9 9],[1 0.9 0.6 0.5 0.5],8,0.0
1061,14,0,11,1,0,[7 7 3 3 3],[3 3 7 7 7],[1 0.9 0.6 0.5 0.5],2,0.0
1062,14,0,12,1,0,[7 7 3 3 3],[3 3 7 7 7],[1 0.9 0.6 0.5 0.5],2,0.0
1063,14,0,13,1,0,[7 7 3 3 3],[3 3 7 7 7],[1 0.9 0.6 0.5 0.5],2,0.0
1064,14,0,14,1,0,[6 6 4 4 4],[4 4 6 6 6],[1 0.9 0.6 0.5 0.5],4,0.0
1065,14,0,15,0,0,[8 8 2 2 2],[2 2 8 8 8],[1 0.9 0.6 0.5 0.5],5,0.0
1066,14,0,16,0,0,[9 9 1 1 1],[1 1 9 9 9],[1 0.9 0.6 0.5 0.5],8,0.0
1067,14,0,17,0,0,[8 8 2 2 2],[2 2 8 8 8],[1 0.9 0.6 0.5 0.5],5,0.0
1068,14,0,18,0,0,[8 8 2 2 2],[2 2 8 8 8],[1 0.9 0.6 0.5 0.5],5,0.0
1069,14,0,19,1,0,[5 5 4 4 4],[4 4 5 5 5],[1 0.9 0.6 0.5 0.5],1,0.0
1070,14,0,20,0,0,[7 7 3 3 3],[3 3 7 7 7],[1 0.9 0.6 0.5 0.5],2,0.0
1071,14,0,21,1,0,[7 7 3 3 3],[3 3 7 7 7],[1 0.9 0.6 0.5 0.5],2,0.0
1072,14,0,22,1,0,[8 8 2 2 2],[2 2 8 8 8],[1 0.9 0.6 0.5 0.5],5,0.0
1073,14,0,23,0,0,[5 5 5 4 4],[4 4 4 5 5],[1 0.9 0.6 0.5 0.5],6,0.0
1074,14,0,24,0,0,[7 7 3 3 3],[3 3 7 7 7],[1 0.9 0.6 0.5 0.5],2,0.0
1075,14,0,25,0,0,[8 8 2 2 2],[2 2 8 8 8],[1 0.9 0.6 0.5 0.5],5,0.0
1076,14,0,26,0,0,[10 10 0 0 0],[0 0 10 10 10],[1 0.9 0.6 0.5 0.5],7,0.0
1077,14,0,27,0,0,[5 5 4 4 4],[4 4 5 5 5],[1 0.9 0.6 0.5 0.5],1,0.0
1078,14,0,28,0,0,[5 5 4 4 4],[4 4 5 5 5],[1 0.9 0.6 0.5 0.5],1,0.0
1079,14,0,29,1,0,[5 5 4 4 4],[4 4 5 5 5],[1 0.9 0.6 0.5 0.5],1,0.0
1080,14,0,30,0,0,[9 9 1 1 1],[1 1 9 9 9],[1 0.9 0.6 0.5 0.5],8,0.0
1081,14,0,31,1,0,[6 6 4 4 4],[4 4 6 6 6],[1 0.9 0.6 0.5 0.5],4,0.0
1082,14,0,32,0,0,[5 5 5 4 4],[4 4 4 5 5],[1 0.9 0.6 0.5 0.5],6,0.0
1083,14,0,33,0,0,[6 6 4 4 4],[4 4 6 6 6],[1 0.9 0.6 0.5 0.5],4,0.0
1084,14,0,34,0,0,[10 10 10 0 0],[0 0 0 10 10],[1 0.9 0.6 0.5 0.5],3,0.0
1085,14,0,35,0,0,[9 9 1 1 1],[1 1 9 9 9],[1 0.9 0.6 0.5 0.5],8,0.0
1086,14,0,36,0,0,[5 5 4 4 4],[4 4 5 5 5],[1 0.9 0.6 0.5 0.5],1,0.0
1087,14,0,37,0,0,[5 5 5 4 4],[4 4 4 5 5],[1 0.9 0.6 0.5 0.5],6,0.0
1088,14,0,38,0,0,[5 5 4 4 4],[4 4 5 5 5],[1 0.9 0.6 0.5 0.5],1,0.0
1089,14,0,39,0,0,[5 5 4 4 4],[4 4 5 5 5],[1 0.9 0.6 0.5 0.5],1,0.0
1090,14,0,40,0,0,[5 5 5 4 4],[4 4 4 5 5],[1 0.9 0.6 0.5 0.5],6,0.0
1091,14,0,41,0,0,[8 8 2 2 2],[2 2 8 8 8],[1 0.9 0.6 0.5 0.5],5,0.0
1092,14,0,42,0,0,[6 6 4 4 4],[4 4 6 6 6],[1 0.9 0.6 0.5 0.5],4,0.0
1093,14,0,43,0,0,[10 10 10 0 0],[0 0 0 10 10],[1 0.9 0.6 0.5 0.5],3,0.0
1094,14,0,44,0,0,[10 10 0 0 0],[0 0 10 10 10],[1 0.9 0.6 0.5 0.5],7,0.0
1095,14,0,45,0,0,[6 6 4 4 4],[4 4 6 6 6],[1 0.9 0.6 0.5 0.5],4,0.0
1096,14,0,46,0,0,[7 7 3 3 3],[3 3 7 7 7],[1 0.9 0.6 0.5 0.5],2,0.0
1097,14,0,47,0,0,[8 8 2 2 2],[2 2 8 8 8],[1 0.9 0.6 0.5 0.5],5,0.0
1098,14,0,48,0,0,[10 10 10 0 0],[0 0 0 10 10],[1 0.9 0.6 0.5 0.5],3,0.0
1099,14,0,49,0,0,[10 10 10 0 0],[0 0 0 10 10],[1 0.9 0.6 0.5 0.5],3,0.0
1100,14,0,50,0,0,[9 9 1 1 1],[1 1 9 9 9],[1 0.9 0.6 0.5 0.5],8,0.0
1101,14,0,51,0,0,[5 5 5 4 4],[4 4 4 5 5],[1 0.9 0.6 0.5 0.5],6,0.0
1102,14,0,52,0,0,[5 5 5 4 4],[4 4 4 5 5],[1 0.9 0.6 0.5 0.5],6,0.0
1103,14,0,53,0,0,[10 10 10 0 0],[0 0 0 10 10],[1 0.9 0.6 0.5 0.5],3,0.0
1104,14,0,54,0,0,[10 10 0 0 0],[0 0 10 10 10],[1 0.9 0.6 0.5 0.5],7,0.0
1105,14,0,55,0,0,[10 10 10 0 0],[0 0 0 10 10],[1 0.9 0.6 0.5 0.5],3,0.0
1106,14,0,56,0,0,[9 9 1 1 1],[1 1 9 9 9],[1 0.9 0.6 0.5 0.5],8,0.0
1107,14,0,57,0,0,[5 5 5 4 4],[4 4 4 5 5],[1 0.9 0.6 0.5 0.5],6,0.0
1108,14,0,58,0,0,[8 8 2 2 2],[2 2 8 8 8],[1 0.9 0.6 0.5 0.5],5,0.0
1109,14,0,59,0,0,[7 7 3 3 3],[3 3 7 7 7],[1 0.9 0.6 0.5 0.5],2,0.0
1110,14,0,60,0,0,[10 10 0 0 0],[0 0 10 10 10],[1 0.9 0.6 0.5 0.5],7,0.0
1111,14,0,61,0,0,[9 9 1 1 1],[1 1 9 9 9],[1 0.9 0.6 0.5 0.5],8,0.0
1112,14,0,62,0,0,[10 10 0 0 0],[0 0 10 10 10],[1 0.9 0.6 0.5 0.5],7,0.0
1113,14,0,63,0,0,[9 9 1 1 1],[1 1 9 9 9],[1 0.9 0.6 0.5 0.5],8,0.0
1114,14,0,64,0,0,[9 9 1 1 1],[1 1 9 9 9],[1 0.9 0.6 0.5 0.5],8,0.0
1115,14,0,65,0,0,[10 10 10 0 0],[0 0 0 10 10],[1 0.9 0.6 0.5 0.5],3,0.0
1116,14,0,66,0,0,[6 6 4 4 4],[4 4 6 6 6],[1 0.9 0.6 0.5 0.5],4,0.0
1117,14,0,67,0,0,[9 9 1 1 1],[1 1 9 9 9],[1 0.9 0.6 0.5 0.5],8,0.0
1118,14,0,68,0,0,[6 6 4 4 4],[4 4 6 6 6],[1 0.9 0.6 0.5 0.5],4,0.0
1119,14,0,69,0,0,[6 6 4 4 4],[4 4 6 6 6],[1 0.9 0.6 0.5 0.5],4,0.0
1120,14,0,70,0,0,[5 5 5 4 4],[4 4 4 5 5],[1 0.9 0.6 0.5 0.5],6,0.0
1121,14,0,71,0,0,[10 10 0 0 0],[0 0 10 10 10],[1 0.9 0.6 0.5 0.5],7,0.0
1122,14,0,72,0,0,[10 10 0 0 0],[0 0 10 10 10],[1 0.9 0.6 0.5 0.5],7,0.0
1123,14,0,73,0,0,[5 5 4 4 4],[4 4 5 5 5],[1 0.9 0.6 0.5 0.5],1,0.0
1124,14,0,74,0,0,[10 10 0 0 0],[0 0 10 10 10],[1 0.9 0.6 0.5 0.5],7,0.0
1125,14,0,75,0,0,[5 5 5 4 4],[4 4 4 5 5],[1 0.9 0.6 0.5 0.5],6,0.0
1126,14,0,76,0,0,[10 10 10 0 0],[0 0 0 10 10],[1 0.9 0.6 0.5 0.5],3,0.0
1127,14,0,77,0,0,[5 5 5 4 4],[4 4 4 5 5],[1 0.9 0.6 0.5 0.5],6,0.0
1128,14,0,78,0,0,[10 10 10 0 0],[0 0 0 10 10],[1 0.9 0.6 0.5 0.5],3,0.0
1129,14,0,79,0,0,[10 10 0 0 0],[0 0 10 10 10],[1 0.9 0.6 0.5 0.5],7,0.0
1130,14,0,80,0,0,[9 9 1 1 1],[1 1 9 9 9],[1 0.9 0.6 0.5 0.5],8,0.0
1131,14,0,81,0,0,[8 8 2 2 2],[2 2 8 8 8],[1 0.9 0.6 0.5 0.5],5,0.0
1132,14,0,82,0,0,[9 9 1 1 1],[1 1 9 9 9],[1 0.9 0.6 0.5 0.5],8,0.0
1133,14,0,83,0,0,[8 8 2 2 2],[2 2 8 8 8],[1 0.9 0.6 0.5 0.5],5,0.0
1134,14,0,84,0,0,[7 7 3 3 3],[3 3 7 7 7],[1 0.9 0.6 0.5 0.5],2,0.0
1135,14,0,85,0,0,[10 10 0 0 0],[0 0 10 10 10],[1 0.9 0.6 0.5 0.5],7,0.0
1136,14,0,86,0,0,[6 6 4 4 4],[4 4 6 6 6],[1 0.9 0.6 0.5 0.5],4,0.0
1137,14,0,87,0,0,[6 6 4 4 4],[4 4 6 6 6],[1 0.9 0.6 0.5 0.5],4,0.0
1138,14,0,88,0,0,[7 7 3 3 3],[3 3 7 7 7],[1 0.9 0.6 0.5 0.5],2,0.0
1139,14,0,89,0,0,[10 10 10 0 0],[0 0 0 10 10],[1 0.9 0.6 0.5 0.5],3,0.0
1140,14,0,90,0,0,[10 10 0 0 0],[0 0 10 10 10],[1 0.9 0.6 0.5 0.5],7,0.0
1141,14,0,91,0,0,[8 8 2 2 2],[2 2 8 8 8],[1 0.9 0.6 0.5 0.5],5,0.0
1142,14,0,92,0,0,[5 5 4 4 4],[4 4 5 5 5],[1 0.9 0.6 0.5 0.5],1,0.0
1143,14,0,93,0,0,[5 5 5 4 4],[4 4 4 5 5],[1 0.9 0.6 0.5 0.5],6,0.0
1144,14,0,94,0,0,[7 7 3 3 3],[3 3 7 7 7],[1 0.9 0.6 0.5 0.5],2,0.0
1145,14,0,95,0,0,[5 5 4 4 4],[4 4 5 5 5],[1 0.9 0.6 0.5 0.5],1,0.0
1146,15,0,0,1,0,[5 5 4 4 4],[4 4 5 5 5],[1 0.9 0.6 0.5 0.5],1,0.0
1147,15,0,1,1,0,[7 7 3 3 3],[3 3 7 7 7],[1 0.9 0.6 0.5 0.5],2,0.0
1148,15,0,2,0,0,[10 10 10 0 0],[0 0 0 10 10],[1 0.9 0.6 0.5 0.5],3,0.0
1149,15,0,3,1,0,[6 6 4 4 4],[4 4 6 6 6],[1 0.9 0.6 0.5 0.5],4,0.0
1150,15,0,4,1,0,[6 6 4 4 4],[4 4 6 6 6],[1 0.9 0.6 0.5 0.5],4,0.0
1151,15,0,5,1,0,[8 8 2 2 2],[2 2 8 8 8],[1 0.9 0.6 0.5 0.5],5,0.0
1152,15,0,6,0,0,[5 5 5 4 4],[4 4 4 5 5],[1 0.9 0.6 0.5 0.5],6,0.0
1153,15,0,7,0,0,[5 5 4 4 4],[4 4 5 5 5],[1 0.9 0.6 0.5 0.5],1,0.0
1154,15,0,8,1,0,[10 10 0 0 0],[0 0 10 10 10],[1 0.9 0.6 0.5 0.5],7,0.0
1155,15,0,9,0,0,[10 10 10 0 0],[0 0 0 10 10],[1 0.9 0.6 0.5 0.5],3,0.0
1156,15,0,10,1,0,[9 9 1 1 1],[1 1 9 9 9],[1 0.9 0.6 0.5 0.5],8,0.0
1157,15,0,11,1,0,[7 7 3 3 3],[3 3 7 7 7],[1 0.9 0.6 0.5 0.5],2,0.0
1158,15,0,12,1,0,[7 7 3 3 3],[3 3 7 7 7],[1 0.9 0.6 0.5 0.5],2,0.0
1159,15,0,13,1,0,[7 7 3 3 3],[3 3 7 7 7],[1 0.9 0.6 0.5 0.5],2,0.0
1160,15,0,14,1,0,[6 6 4 4 4],[4 4 6 6 6],[1 0.9 0.6 0.5 0.5],4,0.0
1161,15,0,15,1,0,[8 8 2 2 2],[2 2 8 8 8],[1 0.9 0.6 0.5 0.5],5,0.0
1162,15,0,16,1,0,[9 9 1 1 1],[1 1 9 9 9],[1 0.9 0.6 0.5 0.5],8,0.0
1163,15,0,17,1,0,[8 8 2 2 2],[2 2 8 8 8],[1 0.9 0.6 0.5 0.5],5,0.0
1164,15,0,18,1,0,[8 8 2 2 2],[2 2 8 8 8],[1 0.9 0.6 0.5 0.5],5,0.0
1165,15,0,19,1,0,[5 5 4 4 4],[4 4 5 5 5],[1 0.9 0.6 0.5 0.5],1,0.0
1166,15,0,20,1,0,[7 7 3 3 3],[3 3 7 7 7],[1 0.9 0.6 0.5 0.5],2,0.0
1167,15,0,21,1,0,[7 7 3 3 3],[3 3 7 7 7],[1 0.9 0.6 0.5 0.5],2,0.0
1168,15,0,22,1,0,[8 8 2 2 2],[2 2 8 8 8],[1 0.9 0.6 0.5 0.5],5,0.0
1169,15,0,23,0,0,[5 5 5 4 4],[4 4 4 5 5],[1 0.9 0.6 0.5 0.5],6,0.0
1170,15,0,24,1,0,[7 7 3 3 3],[3 3 7 7 7],[1 0.9 0.6 0.5 0.5],2,0.0
1171,15,0,25,1,0,[8 8 2 2 2],[2 2 8 8 8],[1 0.9 0.6 0.5 0.5],5,0.0
1172,15,0,26,1,0,[10 10 0 0 0],[0 0 10 10 10],[1 0.9 0.6 0.5 0.5],7,0.0
1173,15,0,27,1,0,[5 5 4 4 4],[4 4 5 5 5],[1 0.9 0.6 0.5 0.5],1,0.0
1174,15,0,28,1,0,[5 5 4 4 4],[4 4 5 5 5],[1 0.9 0.6 0.5 0.5],1,0.0
1175,15,0,29,0,0,[5 5 4 4 4],[4 4 5 5 5],[1 0.9 0.6 0.5 0.5],1,0.0
1176,15,0,30,1,0,[9 9 1 1 1],[1 1 9 9 9],[1 0.9 0.6 0.5 0.5],8,0.0
1177,15,0,31,1,0,[6 6 4 4 4],[4 4 6 6 6],[1 0.9 0.6 0.5 0.5],4,0.0
1178,15,0,32,0,0,[5 5 5 4 4],[4 4 4 5 5],[1 0.9 0.6 0.5 0.5],6,0.0
1179,15,0,33,1,0,[6 6 4 4 4],[4 4 6 6 6],[1 0.9 0.6 0.5 0.5],4,0.0
1180,15,0,34,0,0,[10 10 10 0 0],[0 0 0 10 10],[1 0.9 0.6 0.5 0.5],3,0.0
1181,15,0,35,1,0,[9 9 1 1 1],[1 1 9 9 9],[1 0.9 0.6 0.5 0.5],8,0.0
1182,15,0,36,1,0,[5 5 4 4 4],[4 4 5 5 5],[1 0.9 0.6 0.5 0.5],1,0.0
1183,15,0,37,0,0,[5 5 5 4 4],[4 4 4 5 5],[1 0.9 0.6 0.5 0.5],6,0.0
1184,15,0,38,1,0,[5 5 4 4 4],[4 4 5 5 5],[1 0.9 0.6 0.5 0.5],1,0.0
1185,15,0,39,1,0,[5 5 4 4 4],[4 4 5 5 5],[1 0.9 0.6 0.5 0.5],1,0.0
1186,15,0,40,0,0,[5 5 5 4 4],[4 4 4 5 5],[1 0.9 0.6 0.5 0.5],6,0.0
1187,15,0,41,1,0,[8 8 2 2 2],[2 2 8 8 8],[1 0.9 0.6 0.5 0.5],5,0.0
1188,15,0,42,1,0,[6 6 4 4 4],[4 4 6 6 6],[1 0.9 0.6 0.5 0.5],4,0.0
1189,15,0,43,0,0,[10 10 10 0 0],[0 0 0 10 10],[1 0.9 0.6 0.5 0.5],3,0.0
1190,15,0,44,1,0,[10 10 0 0 0],[0 0 10 10 10],[1 0.9 0.6 0.5 0.5],7,0.0
1191,15,0,45,1,0,[6 6 4 4 4],[4 4 6 6 6],[1 0.9 0.6 0.5 0.5],4,0.0
1192,15,0,46,1,0,[7 7 3 3 3],[3 3 7 7 7],[1 0.9 0.6 0.5 0.5],2,0.0
1193,15,0,47,1,0,[8 8 2 2 2],[2 2 8 8 8],[1 0.9 0.6 0.5 0.5],5,0.0
1194,15,0,48,0,0,[10 10 10 0 0],[0 0 0 10 10],[1 0.9 0.6 0.5 0.5],3,0.0
1195,15,0,49,0,0,[10 10 10 0 0],[0 0 0 10 10],[1 0.9 0.6 0.5 0.5],3,0.0
1196,15,0,50,1,0,[9 9 1 1 1],[1 1 9 9 9],[1 0.9 0.6 0.5 0.5],8,0.0
1197,15,0,51,0,0,[5 5 5 4 4],[4 4 4 5 5],[1 0.9 0.6 0.5 0.5],6,0.0
1198,15,0,52,0,0,[5 5 5 4 4],[4 4 4 5 5],[1 0.9 0.6 0.5 0.5],6,0.0
1199,15,0,53,0,0,[10 10 10 0 0],[0 0 0 10 10],[1 0.9 0.6 0.5 0.5],3,0.0
1200,15,0,54,1,0,[10 10 0 0 0],[0 0 10 10 10],[1 0.9 0.6 0.5 0.5],7,0.0
1201,15,0,55,1,0,[10 10 10 0 0],[0 0 0 10 10],[1 0.9 0.6 0.5 0.5],3,0.0
1202,15,0,56,1,0,[9 9 1 1 1],[1 1 9 9 9],[1 0.9 0.6 0.5 0.5],8,0.0
1203,15,0,57,1,0,[5 5 5 4 4],[4 4 4 5 5],[1 0.9 0.6 0.5 0.5],6,0.0
1204,15,0,58,1,0,[8 8 2 2 2],[2 2 8 8 8],[1 0.9 0.6 0.5 0.5],5,0.0
1205,15,0,59,1,0,[7 7 3 3 3],[3 3 7 7 7],[1 0.9 0.6 0.5 0.5],2,0.0
1206,15,0,60,1,0,[10 10 0 0 0],[0 0 10 10 10],[1 0.9 0.6 0.5 0.5],7,0.0
1207,15,0,61,1,0,[9 9 1 1 1],[1 1 9 9 9],[1 0.9 0.6 0.5 0.5],8,0.0
1208,15,0,62,1,0,[10 10 0 0 0],[0 0 10 10 10],[1 0.9 0.6 0.5 0.5],7,0.0
1209,15,0,63,1,0,[9 9 1 1 1],[1 1 9 9 9],[1 0.9 0.6 0.5 0.5],8,0.0
1210,15,0,64,1,0,[9 9 1 1 1],[1 1 9 9 9],[1 0.9 0.6 0.5 0.5],8,0.0
1211,15,0,65,0,0,[10 10 10 0 0],[0 0 0 10 10],[1 0.9 0.6 0.5 0.5],3,0.0
1212,15,0,66,1,0,[6 6 4 4 4],[4 4 6 6 6],[1 0.9 0.6 0.5 0.5],4,0.0
1213,15,0,67,1,0,[9 9 1 1 1],[1 1 9 9 9],[1 0.9 0.6 0.5 0.5],8,0.0
1214,15,0,68,1,0,[6 6 4 4 4],[4 4 6 6 6],[1 0.9 0.6 0.5 0.5],4,0.0
1215,15,0,69,0,0,[6 6 4 4 4],[4 4 6 6 6],[1 0.9 0.6 0.5 0.5],4,0.0
1216,15,0,70,1,0,[5 5 5 4 4],[4 4 4 5 5],[1 0.9 0.6 0.5 0.5],6,0.0
1217,15,0,71,1,0,[10 10 0 0 0],[0 0 10 10 10],[1 0.9 0.6 0.5 0.5],7,0.0
1218,15,0,72,1,0,[10 10 0 0 0],[0 0 10 10 10],[1 0.9 0.6 0.5 0.5],7,0.0
1219,15,0,73,1,0,[5 5 4 4 4],[4 4 5 5 5],[1 0.9 0.6 0.5 0.5],1,0.0
1220,15,0,74,1,0,[10 10 0 0 0],[0 0 10 10 10],[1 0.9 0.6 0.5 0.5],7,0.0
1221,15,0,75,1,0,[5 5 5 4 4],[4 4 4 5 5],[1 0.9 0.6 0.5 0.5],6,0.0
1222,15,0,76,0,0,[10 10 10 0 0],[0 0 0 10 10],[1 0.9 0.6 0.5 0.5],3,0.0
1223,15,0,77,0,0,[5 5 5 4 4],[4 4 4 5 5],[1 0.9 0.6 0.5 0.5],6,0.0
1224,15,0,78,0,0,[10 10 10 0 0],[0 0 0 10 10],[1 0.9 0.6 0.5 0.5],3,0.0
1225,15,0,79,1,0,[10 10 0 0 0],[0 0 10 10 10],[1 0.9 0.6 0.5 0.5],7,0.0
1226,15,0,80,1,0,[9 9 1 1 1],[1 1 9 9 9],[1 0.9 0.6 0.5 0.5],8,0.0
1227,15,0,81,1,0,[8 8 2 2 2],[2 2 8 8 8],[1 0.9 0.6 0.5 0.5],5,0.0
1228,15,0,82,1,0,[9 9 1 1 1],[1 1 9 9 9],[1 0.9 0.6 0.5 0.5],8,0.0
1229,15,0,83,1,0,[8 8 2 2 2],[2 2 8 8 8],[1 0.9 0.6 0.5 0.5],5,0.0
1230,15,0,84,1,0,[7 7 3 3 3],[3 3 7 7 7],[1 0.9 0.6 0.5 0.5],2,0.0
1231,15,0,85,1,0,[10 10 0 0 0],[0 0 10 10 10],[1 0.9 0.6 0.5 0.5],7,0.0
1232,15,0,86,1,0,[6 6 4 4 4],[4 4 6 6 6],[1 0.9 0.6 0.5 0.5],4,0.0
1233,15,0,87,1,0,[6 6 4 4 4],[4 4 6 6 6],[1 0.9 0.6 0.5 0.5],4,0.0
1234,15,0,88,1,0,[7 7 3 3 3],[3 3 7 7 7],[1 0.9 0.6 0.5 0.5],2,0.0
1235,15,0,89,0,0,[10 10 10 0 0],[0 0 0 10 10],[1 0.9 0.6 0.5 0.5],3,0.0
1236,15,0,90,1,0,[10 10 0 0 0],[0 0 10 10 10],[1 0.9 0.6 0.5 0.5],7,0.0
1237,15,0,91,1,0,[8 8 2 2 2],[2 2 8 8 8],[1 0.9 0.6 0.5 0.5],5,0.0
1238,15,0,92,1,0,[5 5 4 4 4],[4 4 5 5 5],[1 0.9 0.6 0.5 0.5],1,0.0
1239,15,0,93,0,0,[5 5 5 4 4],[4 4 4 5 5],[1 0.9 0.6 0.5 0.5],6,0.0
1240,15,0,94,1,0,[7 7 3 3 3],[3 3 7 7 7],[1 0.9 0.6 0.5 0.5],2,0.0
1241,15,0,95,1,0,[5 5 4 4 4],[4 4 5 5 5],[1 0.9 0.6 0.5 0.5],1,0.0
1242,16,0,0,0,0,[5 5 4 4 4],[4 4 5 5 5],[1 0.9 0.6 0.5 0.5],1,0.0
1243,16,0,1,1,0,[7 7 3 3 3],[3 3 7 7 7],[1 0.9 0.6 0.5 0.5],2,0.0
1244,16,0,2,1,0,[10 10 10 0 0],[0 0 0 10 10],[1 0.9 0.6 0.5 0.5],3,0.0
1245,16,0,3,0,0,[6 6 4 4 4],[4 4 6 6 6],[1 0.9 0.6 0.5 0.5],4,0.0
1246,16,0,4,1,0,[6 6 4 4 4],[4 4 6 6 6],[1 0.9 0.6 0.5 0.5],4,0.0
1247,16,0,5,1,0,[8 8 2 2 2],[2 2 8 8 8],[1 0.9 0.6 0.5 0.5],5,0.0
1248,16,0,6,0,0,[5 5 5 4 4],[4 4 4 5 5],[1 0.9 0.6 0.5 0.5],6,0.0
1249,16,0,7,1,0,[5 5 4 4 4],[4 4 5 5 5],[1 0.9 0.6 0.5 0.5],1,0.0
1250,16,0,8,1,0,[10 10 0 0 0],[0 0 10 10 10],[1 0.9 0.6 0.5 0.5],7,0.0
1251,16,0,9,0,0,[10 10 10 0 0],[0 0 0 10 10],[1 0.9 0.6 0.5 0.5],3,0.0
1252,16,0,10,0,0,[9 9 1 1 1],[1 1 9 9 9],[1 0.9 0.6 0.5 0.5],8,0.0
1253,16,0,11,0,0,[7 7 3 3 3],[3 3 7 7 7],[1 0.9 0.6 0.5 0.5],2,0.0
1254,16,0,12,0,0,[7 7 3 3 3],[3 3 7 7 7],[1 0.9 0.6 0.5 0.5],2,0.0
1255,16,0,13,0,0,[7 7 3 3 3],[3 3 7 7 7],[1 0.9 0.6 0.5 0.5],2,0.0
1256,16,0,14,1,0,[6 6 4 4 4],[4 4 6 6 6],[1 0.9 0.6 0.5 0.5],4,0.0
1257,16,0,15,1,0,[8 8 2 2 2],[2 2 8 8 8],[1 0.9 0.6 0.5 0.5],5,0.0
1258,16,0,16,1,0,[9 9 1 1 1],[1 1 9 9 9],[1 0.9 0.6 0.5 0.5],8,0.0
1259,16,0,17,1,0,[8 8 2 2 2],[2 2 8 8 8],[1 0.9 0.6 0.5 0.5],5,0.0
1260,16,0,18,1,0,[8 8 2 2 2],[2 2 8 8 8],[1 0.9 0.6 0.5 0.5],5,0.0
1261,16,0,19,0,0,[5 5 4 4 4],[4 4 5 5 5],[1 0.9 0.6 0.5 0.5],1,0.0
1262,16,0,20,1,0,[7 7 3 3 3],[3 3 7 7 7],[1 0.9 0.6 0.5 0.5],2,0.0
1263,16,0,21,0,0,[7 7 3 3 3],[3 3 7 7 7],[1 0.9 0.6 0.5 0.5],2,0.0
1264,16,0,22,0,0,[8 8 2 2 2],[2 2 8 8 8],[1 0.9 0.6 0.5 0.5],5,0.0
1265,16,0,23,0,0,[5 5 5 4 4],[4 4 4 5 5],[1 0.9 0.6 0.5 0.5],6,0.0
1266,16,0,24,1,0,[7 7 3 3 3],[3 3 7 7 7],[1 0.9 0.6 0.5 0.5],2,0.0
1267,16,0,25,0,0,[8 8 2 2 2],[2 2 8 8 8],[1 0.9 0.6 0.5 0.5],5,0.0
1268,16,0,26,0,0,[10 10 0 0 0],[0 0 10 10 10],[1 0.9 0.6 0.5 0.5],7,0.0
1269,16,0,27,1,0,[5 5 4 4 4],[4 4 5 5 5],[1 0.9 0.6 0.5 0.5],1,0.0
1270,16,0,28,1,0,[5 5 4 4 4],[4 4 5 5 5],[1 0.9 0.6 0.5 0.5],1,0.0
1271,16,0,29,1,0,[5 5 4 4 4],[4 4 5 5 5],[1 0.9 0.6 0.5 0.5],1,0.0
1272,16,0,30,1,0,[9 9 1 1 1],[1 1 9 9 9],[1 0.9 0.6 0.5 0.5],8,0.0
1273,16,0,31,0,0,[6 6 4 4 4],[4 4 6 6 6],[1 0.9 0.6 0.5 0.5],4,0.0
1274,16,0,32,1,0,[5 5 5 4 4],[4 4 4 5 5],[1 0.9 0.6 0.5 0.5],6,0.0
1275,16,0,33,0,0,[6 6 4 4 4],[4 4 6 6 6],[1 0.9 0.6 0.5 0.5],4,0.0
1276,16,0,34,1,0,[10 10 10 0 0],[0 0 0 10 10],[1 0.9 0.6 0.5 0.5],3,0.0
1277,16,0,35,1,0,[9 9 1 1 1],[1 1 9 9 9],[1 0.9 0.6 0.5 0.5],8,0.0
1278,16,0,36,1,0,[5 5 4 4 4],[4 4 5 5 5],[1 0.9 0.6 0.5 0.5],1,0.0
1279,16,0,37,1,0,[5 5 5 4 4],[4 4 4 5 5],[1 0.9 0.6 0.5 0.5],6,0.0
1280,16,0,38,0,0,[5 5 4 4 4],[4 4 5 5 5],[1 0.9 0.6 0.5 0.5],1,0.0
1281,16,0,39,1,0,[5 5 4 4 4],[4 4 5 5 5],[1 0.9 0.6 0.5 0.5],1,0.0
1282,16,0,40,1,0,[5 5 5 4 4],[4 4 4 5 5],[1 0.9 0.6 0.5 0.5],6,0.0
1283,16,0,41,1,0,[8 8 2 2 2],[2 2 8 8 8],[1 0.9 0.6 0.5 0.5],5,0.0
1284,16,0,42,0,0,[6 6 4 4 4],[4 4 6 6 6],[1 0.9 0.6 0.5 0.5],4,0.0
1285,16,0,43,0,0,[10 10 10 0 0],[0 0 0 10 10],[1 0.9 0.6 0.5 0.5],3,0.0
1286,16,0,44,1,0,[10 10 0 0 0],[0 0 10 10 10],[1 0.9 0.6 0.5 0.5],7,0.0
1287,16,0,45,0,0,[6 6 4 4 4],[4 4 6 6 6],[1 0.9 0.6 0.5 0.5],4,0.0
1288,16,0,46,1,0,[7 7 3 3 3],[3 3 7 7 7],[1 0.9 0.6 0.5 0.5],2,0.0
1289,16,0,47,0,0,[8 8 2 2 2],[2 2 8 8 8],[1 0.9 0.6 0.5 0.5],5,0.0
1290,16,0,48,1,0,[10 10 10 0 0],[0 0 0 10 10],[1 0.9 0.6 0.5 0.5],3,0.0
1291,16,0,49,0,0,[10 10 10 0 0],[0 0 0 10 10],[1 0.9 0.6 0.5 0.5],3,0.0
1292,16,0,50,1,0,[9 9 1 1 1],[1 1 9 9 9],[1 0.9 0.6 0.5 0.5],8,0.0
1293,16,0,51,0,0,[5 5 5 4 4],[4 4 4 5 5],[1 0.9 0.6 0.5 0.5],6,0.0
1294,16,0,52,1,0,[5 5 5 4 4],[4 4 4 5 5],[1 0.9 0.6 0.5 0.5],6,0.0
1295,16,0,53,1,0,[10 10 10 0 0],[0 0 0 10 10],[1 0.9 0.6 0.5 0.5],3,0.0
1296,16,0,54,1,0,[10 10 0 0 0],[0 0 10 10 10],[1 0.9 0.6 0.5 0.5],7,0.0
1297,16,0,55,1,0,[10 10 10 0 0],[0 0 0 10 10],[1 0.9 0.6 0.5 0.5],3,0.0
1298,16,0,56,0,0,[9 9 1 1 1],[1 1 9 9 9],[1 0.9 0.6 0.5 0.5],8,0.0
1299,16,0,57,0,0,[5 5 5 4 4],[4 4 4 5 5],[1 0.9 0.6 0.5 0.5],6,0.0
1300,16,0,58,1,0,[8 8 2 2 2],[2 2 8 8 8],[1 0.9 0.6 0.5 0.5],5,0.0
1301,16,0,59,1,0,[7 7 3 3 3],[3 3 7 7 7],[1 0.9 0.6 0.5 0.5],2,0.0
1302,16,0,60,1,0,[10 10 0 0 0],[0 0 10 10 10],[1 0.9 0.6 0.5 0.5],7,0.0
1303,16,0,61,1,0,[9 9 1 1 1],[1 1 9 9 9],[1 0.9 0.6 0.5 0.5],8,0.0
1304,16,0,62,0,0,[10 10 0 0 0],[0 0 10 10 10],[1 0.9 0.6 0.5 0.5],7,0.0
1305,16,0,63,0,0,[9 9 1 1 1],[1 1 9 9 9],[1 0.9 0.6 0.5 0.5],8,0.0
1306,16,0,64,0,0,[9 9 1 1 1],[1 1 9 9 9],[1 0.9 0.6 0.5 0.5],8,0.0
1307,16,0,65,0,0,[10 10 10 0 0],[0 0 0 10 10],[1 0.9 0.6 0.5 0.5],3,0.0
1308,16,0,66,0,0,[6 6 4 4 4],[4 4 6 6 6],[1 0.9 0.6 0.5 0.5],4,0.0
1309,16,0,67,1,0,[9 9 1 1 1],[1 1 9 9 9],[1 0.9 0.6 0.5 0.5],8,0.0
1310,16,0,68,0,0,[6 6 4 4 4],[4 4 6 6 6],[1 0.9 0.6 0.5 0.5],4,0.0
1311,16,0,69,0,0,[6 6 4 4 4],[4 4 6 6 6],[1 0.9 0.6 0.5 0.5],4,0.0
1312,16,0,70,1,0,[5 5 5 4 4],[4 4 4 5 5],[1 0.9 0.6 0.5 0.5],6,0.0
1313,16,0,71,1,0,[10 10 0 0 0],[0 0 10 10 10],[1 0.9 0.6 0.5 0.5],7,0.0
1314,16,0,72,1,0,[10 10 0 0 0],[0 0 10 10 10],[1 0.9 0.6 0.5 0.5],7,0.0
1315,16,0,73,0,0,[5 5 4 4 4],[4 4 5 5 5],[1 0.9 0.6 0.5 0.5],1,0.0
1316,16,0,74,0,0,[10 10 0 0 0],[0 0 10 10 10],[1 0.9 0.6 0.5 0.5],7,0.0
1317,16,0,75,1,0,[5 5 5 4 4],[4 4 4 5 5],[1 0.9 0.6 0.5 0.5],6,0.0
1318,16,0,76,0,0,[10 10 10 0 0],[0 0 0 10 10],[1 0.9 0.6 0.5 0.5],3,0.0
1319,16,0,77,0,0,[5 5 5 4 4],[4 4 4 5 5],[1 0.9 0.6 0.5 0.5],6,0.0
1320,16,0,78,0,0,[10 10 10 0 0],[0 0 0 10 10],[1 0.9 0.6 0.5 0.5],3,0.0
1321,16,0,79,0,0,[10 10 0 0 0],[0 0 10 10 10],[1 0.9 0.6 0.5 0.5],7,0.0
1322,16,0,80,0,0,[9 9 1 1 1],[1 1 9 9 9],[1 0.9 0.6 0.5 0.5],8,0.0
1323,16,0,81,1,0,[8 8 2 2 2],[2 2 8 8 8],[1 0.9 0.6 0.5 0.5],5,0.0
1324,16,0,82,1,0,[9 9 1 1 1],[1 1 9 9 9],[1 0.9 0.6 0.5 0.5],8,0.0
1325,16,0,83,0,0,[8 8 2 2 2],[2 2 8 8 8],[1 0.9 0.6 0.5 0.5],5,0.0
1326,16,0,84,1,0,[7 7 3 3 3],[3 3 7 7 7],[1 0.9 0.6 0.5 0.5],2,0.0
1327,16,0,85,0,0,[10 10 0 0 0],[0 0 10 10 10],[1 0.9 0.6 0.5 0.5],7,0.0
1328,16,0,86,1,0,[6 6 4 4 4],[4 4 6 6 6],[1 0.9 0.6 0.5 0.5],4,0.0
1329,16,0,87,1,0,[6 6 4 4 4],[4 4 6 6 6],[1 0.9 0.6 0.5 0.5],4,0.0
1330,16,0,88,0,0,[7 7 3 3 3],[3 3 7 7 7],[1 0.9 0.6 0.5 0.5],2,0.0
1331,16,0,89,1,0,[10 10 10 0 0],[0 0 0 10 10],[1 0.9 0.6 0.5 0.5],3,0.0
1332,16,0,90,0,0,[10 10 0 0 0],[0 0 10 10 10],[1 0.9 0.6 0.5 0.5],7,0.0
1333,16,0,91,1,0,[8 8 2 2 2],[2 2 8 8 8],[1 0.9 0.6 0.5 0.5],5,0.0
1334,16,0,92,0,0,[5 5 4 4 4],[4 4 5 5 5],[1 0.9 0.6 0.5 0.5],1,0.0
1335,16,0,93,1,0,[5 5 5 4 4],[4 4 4 5 5],[1 0.9 0.6 0.5 0.5],6,0.0
1336,16,0,94,0,0,[7 7 3 3 3],[3 3 7 7 7],[1 0.9 0.6 0.5 0.5],2,0.0
1337,16,0,95,1,0,[5 5 4 4 4],[4 4 5 5 5],[1 0.9 0.6 0.5 0.5],1,0.0
1338,20,0,0,1,0,[6 6 6 6 6],[7 7 5 5 5],[1 0.9 0.6 0.5 0.5],9,0.0
1339,20,0,1,0,0,[10 10 5 5 5],[6 6 6 6 6],[1 0.9 0.6 0.5 0.5],10,0.0
1340,20,0,2,0,0,[9 5 5 5 5],[1 6 6 6 6],[1 0.9 0.6 0.5 0.5],11,0.0
1341,20,0,3,0,0,[2 2 3 3 3],[10 10 2 2 2],[1 0.9 0.6 0.5 0.5],12,0.0
1342,20,0,4,0,0,[10 10 2 2 2],[2 2 3 3 3],[1 0.9 0.6 0.5 0.5],13,0.0
1343,20,0,5,0,0,[10 10 5 5 5],[6 6 6 6 6],[1 0.9 0.6 0.5 0.5],10,0.0
1344,20,0,6,0,0,[10 10 2 2 2],[2 2 3 3 3],[1 0.9 0.6 0.5 0.5],13,0.0
1345,20,0,7,0,0,[10 10 5 5 5],[6 6 6 6 6],[1 0.9 0.6 0.5 0.5],10,0.0
1346,20,0,8,1,0,[1 6 6 6 6],[9 5 5 5 5],[1 0.9 0.6 0.5 0.5],14,0.0
1347,20,0,9,0,0,[9 5 5 5 5],[1 6 6 6 6],[1 0.9 0.6 0.5 0.5],11,0.0
1348,20,0,10,0,0,[8 8 5 5 5],[6 6 6 6 6],[1 0.9 0.6 0.5 0.5],15,0.0
1349,20,0,11,1,0,[6 6 6 6 6],[8 8 5 5 5],[1 0.9 0.6 0.5 0.5],16,0.0
1350,20,0,12,0,0,[8 8 5 5 5],[6 6 6 6 6],[1 0.9 0.6 0.5 0.5],15,0.0
1351,20,0,13,1,0,[6 6 6 6 6],[8 8 5 5 5],[1 0.9 0.6 0.5 0.5],16,0.0
1352,20,0,14,0,0,[8 8 5 5 5],[6 6 6 6 6],[1 0.9 0.6 0.5 0.5],15,0.0
1353,20,0,15,1,0,[6 6 6 6 6],[10 10 5 5 5],[1 0.9 0.6 0.5 0.5],17,0.0
1354,20,0,16,0,0,[10 10 5 5 5],[6 6 6 6 6],[1 0.9 0.6 0.5 0.5],10,0.0
1355,20,0,17,1,0,[6 6 6 6 6],[8 8 5 5 5],[1 0.9 0.6 0.5 0.5],16,0.0
1356,20,0,18,1,0,[6 6 6 6 6],[7 7 5 5 5],[1 0.9 0.6 0.5 0.5],9,0.0
1357,20,0,19,1,0,[6 6 6 6 6],[8 8 5 5 5],[1 0.9 0.6 0.5 0.5],16,0.0
1358,20,0,20,0,0,[9 5 5 5 5],[1 6 6 6 6],[1 0.9 0.6 0.5 0.5],11,0.0
1359,20,0,21,1,0,[6 6 6 6 6],[10 10 5 5 5],[1 0.9 0.6 0.5 0.5],17,0.0
1360,20,0,22,1,0,[6 6 6 6 6],[8 8 5 5 5],[1 0.9 0.6 0.5 0.5],16,0.0
1361,20,0,23,0,0,[6 6 6 6 6],[7 7 5 5 5],[1 0.9 0.6 0.5 0.5],9,0.0
1362,20,0,24,0,0,[10 10 5 5 5],[6 6 6 6 6],[1 0.9 0.6 0.5 0.5],10,0.0
1363,20,0,25,1,0,[2 2 3 3 3],[10 10 2 2 2],[1 0.9 0.6 0.5 0.5],12,0.0
1364,20,0,26,0,0,[7 7 5 5 5],[6 6 6 6 6],[1 0.9 0.6 0.5 0.5],18,0.0
1365,20,0,27,0,0,[10 10 2 2 2],[2 2 3 3 3],[1 0.9 0.6 0.5 0.5],13,0.0
1366,20,0,28,1,0,[6 6 6 6 6],[7 7 5 5 5],[1 0.9 0.6 0.5 0.5],9,0.0
1367,20,0,29,1,0,[1 6 6 6 6],[9 5 5 5 5],[1 0.9 0.6 0.5 0.5],14,0.0
1368,20,0,30,1,0,[2 2 3 3 3],[10 10 2 2 2],[1 0.9 0.6 0.5 0.5],12,0.0
1369,20,0,31,0,0,[10 10 2 2 2],[2 2 3 3 3],[1 0.9 0.6 0.5 0.5],13,0.0
1370,20,0,32,0,0,[7 7 5 5 5],[6 6 6 6 6],[1 0.9 0.6 0.5 0.5],18,0.0
1371,20,0,33,1,0,[6 6 6 6 6],[8 8 5 5 5],[1 0.9 0.6 0.5 0.5],16,0.0
1372,20,0,34,0,0,[8 8 5 5 5],[6 6 6 6 6],[1 0.9 0.6 0.5 0.5],15,0.0
1373,20,0,35,0,0,[10 10 5 5 5],[6 6 6 6 6],[1 0.9 0.6 0.5 0.5],10,0.0
1374,20,0,36,1,0,[6 6 6 6 6],[7 7 5 5 5],[1 0.9 0.6 0.5 0.5],9,0.0
1375,20,0,37,1,0,[1 6 6 6 6],[9 5 5 5 5],[1 0.9 0.6 0.5 0.5],14,0.0
1376,20,0,38,1,0,[6 6 6 6 6],[7 7 5 5 5],[1 0.9 0.6 0.5 0.5],9,0.0
1377,20,0,39,0,0,[8 8 5 5 5],[6 6 6 6 6],[1 0.9 0.6 0.5 0.5],15,0.0
1378,20,0,40,0,0,[7 7 5 5 5],[6 6 6 6 6],[1 0.9 0.6 0.5 0.5],18,0.0
1379,20,0,41,1,0,[6 6 6 6 6],[7 7 5 5 5],[1 0.9 0.6 0.5 0.5],9,0.0
1380,20,0,42,0,0,[7 7 5 5 5],[6 6 6 6 6],[1 0.9 0.6 0.5 0.5],18,0.0
1381,20,0,43,1,0,[6 6 6 6 6],[7 7 5 5 5],[1 0.9 0.6 0.5 0.5],9,0.0
1382,20,0,44,1,0,[2 2 3 3 3],[10 10 2 2 2],[1 0.9 0.6 0.5 0.5],12,0.0
1383,20,0,45,1,0,[1 6 6 6 6],[9 5 5 5 5],[1 0.9 0.6 0.5 0.5],14,0.0
1384,20,0,46,0,0,[9 5 5 5 5],[1 6 6 6 6],[1 0.9 0.6 0.5 0.5],11,0.0
1385,20,0,47,0,0,[8 8 5 5 5],[6 6 6 6 6],[1 0.9 0.6 0.5 0.5],15,0.0
1386,20,0,48,1,0,[6 6 6 6 6],[10 10 5 5 5],[1 0.9 0.6 0.5 0.5],17,0.0
1387,20,0,49,1,0,[6 6 6 6 6],[7 7 5 5 5],[1 0.9 0.6 0.5 0.5],9,0.0
1388,20,0,50,0,0,[9 5 5 5 5],[1 6 6 6 6],[1 0.9 0.6 0.5 0.5],11,0.0
1389,20,0,51,1,0,[6 6 6 6 6],[8 8 5 5 5],[1 0.9 0.6 0.5 0.5],16,0.0
1390,20,0,52,0,0,[9 5 5 5 5],[1 6 6 6 6],[1 0.9 0.6 0.5 0.5],11,0.0
1391,20,0,53,0,0,[8 8 5 5 5],[6 6 6 6 6],[1 0.9 0.6 0.5 0.5],15,0.0
1392,20,0,54,0,0,[10 10 5 5 5],[6 6 6 6 6],[1 0.9 0.6 0.5 0.5],10,0.0
1393,20,0,55,0,0,[7 7 5 5 5],[6 6 6 6 6],[1 0.9 0.6 0.5 0.5],18,0.0
1394,20,0,56,1,0,[2 2 3 3 3],[10 10 2 2 2],[1 0.9 0.6 0.5 0.5],12,0.0
1395,20,0,57,0,0,[7 7 5 5 5],[6 6 6 6 6],[1 0.9 0.6 0.5 0.5],18,0.0
1396,20,0,58,0,0,[8 8 5 5 5],[6 6 6 6 6],[1 0.9 0.6 0.5 0.5],15,0.0
1397,20,0,59,0,0,[10 10 2 2 2],[2 2 3 3 3],[1 0.9 0.6 0.5 0.5],13,0.0
1398,20,0,60,1,0,[6 6 6 6 6],[10 10 5 5 5],[1 0.9 0.6 0.5 0.5],17,0.0
1399,20,0,61,1,0,[1 6 6 6 6],[9 5 5 5 5],[1 0.9 0.6 0.5 0.5],14,0.0
1400,20,0,62,1,0,[1 6 6 6 6],[9 5 5 5 5],[1 0.9 0.6 0.5 0.5],14,0.0
1401,20,0,63,0,0,[7 7 5 5 5],[6 6 6 6 6],[1 0.9 0.6 0.5 0.5],18,0.0
1402,20,0,64,1,0,[6 6 6 6 6],[10 10 5 5 5],[1 0.9 0.6 0.5 0.5],17,0.0
1403,20,0,65,0,0,[9 5 5 5 5],[1 6 6 6 6],[1 0.9 0.6 0.5 0.5],11,0.0
1404,20,0,66,0,0,[7 7 5 5 5],[6 6 6 6 6],[1 0.9 0.6 0.5 0.5],18,0.0
1405,20,0,67,1,0,[1 6 6 6 6],[9 5 5 5 5],[1 0.9 0.6 0.5 0.5],14,0.0
1406,20,0,68,1,0,[6 6 6 6 6],[8 8 5 5 5],[1 0.9 0.6 0.5 0.5],16,0.0
1407,20,0,69,1,0,[2 2 3 3 3],[10 10 2 2 2],[1 0.9 0.6 0.5 0.5],12,0.0
1408,20,0,70,0,0,[7 7 5 5 5],[6 6 6 6 6],[1 0.9 0.6 0.5 0.5],18,0.0
1409,20,0,71,0,0,[10 10 2 2 2],[2 2 3 3 3],[1 0.9 0.6 0.5 0.5],13,0.0
1410,20,0,72,1,0,[6 6 6 6 6],[8 8 5 5 5],[1 0.9 0.6 0.5 0.5],16,0.0
1411,20,0,73,1,0,[6 6 6 6 6],[10 10 5 5 5],[1 0.9 0.6 0.5 0.5],17,0.0
1412,20,0,74,0,0,[10 10 2 2 2],[2 2 3 3 3],[1 0.9 0.6 0.5 0.5],13,0.0
1413,20,0,75,1,0,[1 6 6 6 6],[9 5 5 5 5],[1 0.9 0.6 0.5 0.5],14,0.0
1414,20,0,76,1,0,[2 2 3 3 3],[10 10 2 2 2],[1 0.9 0.6 0.5 0.5],12,0.0
1415,20,0,77,0,0,[10 10 5 5 5],[6 6 6 6 6],[1 0.9 0.6 0.5 0.5],10,0.0
1416,20,0,78,0,0,[9 5 5 5 5],[1 6 6 6 6],[1 0.9 0.6 0.5 0.5],11,0.0
1417,20,0,79,0,0,[8 8 5 5 5],[6 6 6 6 6],[1 0.9 0.6 0.5 0.5],15,0.0
1418,20,0,80,0,0,[10 10 2 2 2],[2 2 3 3 3],[1 0.9 0.6 0.5 0.5],13,0.0
1419,20,0,81,1,0,[2 2 3 3 3],[10 10 2 2 2],[1 0.9 0.6 0.5 0.5],12,0.0
1420,20,0,82,1,0,[6 6 6 6 6],[10 10 5 5 5],[1 0.9 0.6 0.5 0.5],17,0.0
1421,20,0,83,1,0,[1 6 6 6 6],[9 5 5 5 5],[1 0.9 0.6 0.5 0.5],14,0.0
1422,20,0,84,0,0,[10 10 2 2 2],[2 2 3 3 3],[1 0.9 0.6 0.5 0.5],13,0.0
1423,20,0,85,0,0,[10 10 5 5 5],[6 6 6 6 6],[1 0.9 0.6 0.5 0.5],10,0.0
1424,20,0,86,1,0,[2 2 3 3 3],[10 10 2 2 2],[1 0.9 0.6 0.5 0.5],12,0.0
1425,20,0,87,1,0,[6 6 6 6 6],[10 10 5 5 5],[1 0.9 0.6 0.5 0.5],17,0.0
1426,20,0,88,1,0,[6 6 6 6 6],[10 10 5 5 5],[1 0.9 0.6 0.5 0.5],17,0.0
1427,20,0,89,0,0,[9 5 5 5 5],[1 6 6 6 6],[1 0.9 0.6 0.5 0.5],11,0.0
1428,21,0,0,1,0,[6 6 6 6 6],[7 7 5 5 5],[1 0.9 0.6 0.5 0.5],9,0.0
1429,21,0,1,0,0,[10 10 5 5 5],[6 6 6 6 6],[1 0.9 0.6 0.5 0.5],10,0.0
1430,21,0,2,0,0,[9 5 5 5 5],[1 6 6 6 6],[1 0.9 0.6 0.5 0.5],11,0.0
1431,21,0,3,0,0,[2 2 3 3 3],[10 10 2 2 2],[1 0.9 0.6 0.5 0.5],12,0.0
1432,21,0,4,0,0,[10 10 2 2 2],[2 2 3 3 3],[1 0.9 0.6 0.5 0.5],13,0.0
1433,21,0,5,1,0,[10 10 5 5 5],[6 6 6 6 6],[1 0.9 0.6 0.5 0.5],10,0.0
1434,21,0,6,0,0,[10 10 2 2 2],[2 2 3 3 3],[1 0.9 0.6 0.5 0.5],13,0.0
1435,21,0,7,0,0,[10 10 5 5 5],[6 6 6 6 6],[1 0.9 0.6 0.5 0.5],10,0.0
1436,21,0,8,0,0,[1 6 6 6 6],[9 5 5 5 5],[1 0.9 0.6 0.5 0.5],14,0.0
1437,21,0,9,0,0,[9 5 5 5 5],[1 6 6 6 6],[1 0.9 0.6 0.5 0.5],11,0.0
1438,21,0,10,0,0,[8 8 5 5 5],[6 6 6 6 6],[1 0.9 0.6 0.5 0.5],15,0.0
1439,21,0,11,0,0,[6 6 6 6 6],[8 8 5 5 5],[1 0.9 0.6 0.5 0.5],16,0.0
1440,21,0,12,0,0,[8 8 5 5 5],[6 6 6 6 6],[1 0.9 0.6 0.5 0.5],15,0.0
1441,21,0,13,1,0,[6 6 6 6 6],[8 8 5 5 5],[1 0.9 0.6 0.5 0.5],16,0.0
1442,21,0,14,0,0,[8 8 5 5 5],[6 6 6 6 6],[1 0.9 0.6 0.5 0.5],15,0.0
1443,21,0,15,0,0,[6 6 6 6 6],[10 10 5 5 5],[1 0.9 0.6 0.5 0.5],17,0.0
1444,21,0,16,1,0,[10 10 5 5 5],[6 6 6 6 6],[1 0.9 0.6 0.5 0.5],10,0.0
1445,21,0,17,1,0,[6 6 6 6 6],[8 8 5 5 5],[1 0.9 0.6 0.5 0.5],16,0.0
1446,21,0,18,1,0,[6 6 6 6 6],[7 7 5 5 5],[1 0.9 0.6 0.5 0.5],9,0.0
1447,21,0,19,0,0,[6 6 6 6 6],[8 8 5 5 5],[1 0.9 0.6 0.5 0.5],16,0.0
1448,21,0,20,1,0,[9 5 5 5 5],[1 6 6 6 6],[1 0.9 0.6 0.5 0.5],11,0.0
1449,21,0,21,0,0,[6 6 6 6 6],[10 10 5 5 5],[1 0.9 0.6 0.5 0.5],17,0.0
1450,21,0,22,1,0,[6 6 6 6 6],[8 8 5 5 5],[1 0.9 0.6 0.5 0.5],16,0.0
1451,21,0,23,0,0,[6 6 6 6 6],[7 7 5 5 5],[1 0.9 0.6 0.5 0.5],9,0.0
1452,21,0,24,0,0,[10 10 5 5 5],[6 6 6 6 6],[1 0.9 0.6 0.5 0.5],10,0.0
1453,21,0,25,0,0,[2 2 3 3 3],[10 10 2 2 2],[1 0.9 0.6 0.5 0.5],12,0.0
1454,21,0,26,0,0,[7 7 5 5 5],[6 6 6 6 6],[1 0.9 0.6 0.5 0.5],18,0.0
1455,21,0,27,0,0,[10 10 2 2 2],[2 2 3 3 3],[1 0.9 0.6 0.5 0.5],13,0.0
1456,21,0,28,0,0,[6 6 6 6 6],[7 7 5 5 5],[1 0.9 0.6 0.5 0.5],9,0.0
1457,21,0,29,1,0,[1 6 6 6 6],[9 5 5 5 5],[1 0.9 0.6 0.5 0.5],14,0.0
1458,21,0,30,0,0,[2 2 3 3 3],[10 10 2 2 2],[1 0.9 0.6 0.5 0.5],12,0.0
1459,21,0,31,1,0,[10 10 2 2 2],[2 2 3 3 3],[1 0.9 0.6 0.5 0.5],13,0.0
1460,21,0,32,0,0,[7 7 5 5 5],[6 6 6 6 6],[1 0.9 0.6 0.5 0.5],18,0.0
1461,21,0,33,0,0,[6 6 6 6 6],[8 8 5 5 5],[1 0.9 0.6 0.5 0.5],16,0.0
1462,21,0,34,0,0,[8 8 5 5 5],[6 6 6 6 6],[1 0.9 0.6 0.5 0.5],15,0.0
1463,21,0,35,1,0,[10 10 5 5 5],[6 6 6 6 6],[1 0.9 0.6 0.5 0.5],10,0.0
1464,21,0,36,0,0,[6 6 6 6 6],[7 7 5 5 5],[1 0.9 0.6 0.5 0.5],9,0.0
1465,21,0,37,1,0,[1 6 6 6 6],[9 5 5 5 5],[1 0.9 0.6 0.5 0.5],14,0.0
1466,21,0,38,1,0,[6 6 6 6 6],[7 7 5 5 5],[1 0.9 0.6 0.5 0.5],9,0.0
1467,21,0,39,1,0,[8 8 5 5 5],[6 6 6 6 6],[1 0.9 0.6 0.5 0.5],15,0.0
1468,21,0,40,1,0,[7 7 5 5 5],[6 6 6 6 6],[1 0.9 0.6 0.5 0.5],18,0.0
1469,21,0,41,0,0,[6 6 6 6 6],[7 7 5 5 5],[1 0.9 0.6 0.5 0.5],9,0.0
1470,21,0,42,1,0,[7 7 5 5 5],[6 6 6 6 6],[1 0.9 0.6 0.5 0.5],18,0.0
1471,21,0,43,1,0,[6 6 6 6 6],[7 7 5 5 5],[1 0.9 0.6 0.5 0.5],9,0.0
1472,21,0,44,0,0,[2 2 3 3 3],[10 10 2 2 2],[1 0.9 0.6 0.5 0.5],12,0.0
1473,21,0,45,1,0,[1 6 6 6 6],[9 5 5 5 5],[1 0.9 0.6 0.5 0.5],14,0.0
1474,21,0,46,1,0,[9 5 5 5 5],[1 6 6 6 6],[1 0.9 0.6 0.5 0.5],11,0.0
1475,21,0,47,1,0,[8 8 5 5 5],[6 6 6 6 6],[1 0.9 0.6 0.5 0.5],15,0.0
1476,21,0,48,0,0,[6 6 6 6 6],[10 10 5 5 5],[1 0.9 0.6 0.5 0.5],17,0.0
1477,21,0,49,0,0,[6 6 6 6 6],[7 7 5 5 5],[1 0.9 0.6 0.5 0.5],9,0.0
1478,21,0,50,1,0,[9 5 5 5 5],[1 6 6 6 6],[1 0.9 0.6 0.5 0.5],11,0.0
1479,21,0,51,1,0,[6 6 6 6 6],[8 8 5 5 5],[1 0.9 0.6 0.5 0.5],16,0.0
1480,21,0,52,1,0,[9 5 5 5 5],[1 6 6 6 6],[1 0.9 0.6 0.5 0.5],11,0.0
1481,21,0,53,1,0,[8 8 5 5 5],[6 6 6 6 6],[1 0.9 0.6 0.5 0.5],15,0.0
1482,21,0,54,1,0,[10 10 5 5 5],[6 6 6 6 6],[1 0.9 0.6 0.5 0.5],10,0.0
1483,21,0,55,1,0,[7 7 5 5 5],[6 6 6 6 6],[1 0.9 0.6 0.5 0.5],18,0.0
1484,21,0,56,0,0,[2 2 3 3 3],[10 10 2 2 2],[1 0.9 0.6 0.5 0.5],12,0.0
1485,21,0,57,1,0,[7 7 5 5 5],[6 6 6 6 6],[1 0.9 0.6 0.5 0.5],18,0.0
1486,21,0,58,0,0,[8 8 5 5 5],[6 6 6 6 6],[1 0.9 0.6 0.5 0.5],15,0.0
1487,21,0,59,1,0,[10 10 2 2 2],[2 2 3 3 3],[1 0.9 0.6 0.5 0.5],13,0.0
1488,21,0,60,1,0,[6 6 6 6 6],[10 10 5 5 5],[1 0.9 0.6 0.5 0.5],17,0.0
1489,21,0,61,1,0,[1 6 6 6 6],[9 5 5 5 5],[1 0.9 0.6 0.5 0.5],14,0.0
1490,21,0,62,0,0,[1 6 6 6 6],[9 5 5 5 5],[1 0.9 0.6 0.5 0.5],14,0.0
1491,21,0,63,1,0,[7 7 5 5 5],[6 6 6 6 6],[1 0.9 0.6 0.5 0.5],18,0.0
1492,21,0,64,0,0,[6 6 6 6 6],[10 10 5 5 5],[1 0.9 0.6 0.5 0.5],17,0.0
1493,21,0,65,0,0,[9 5 5 5 5],[1 6 6 6 6],[1 0.9 0.6 0.5 0.5],11,0.0
1494,21,0,66,0,0,[7 7 5 5 5],[6 6 6 6 6],[1 0.9 0.6 0.5 0.5],18,0.0
1495,21,0,67,0,0,[1 6 6 6 6],[9 5 5 5 5],[1 0.9 0.6 0.5 0.5],14,0.0
1496,21,0,68,0,0,[6 6 6 6 6],[8 8 5 5 5],[1 0.9 0.6 0.5 0.5],16,0.0
1497,21,0,69,1,0,[2 2 3 3 3],[10 10 2 2 2],[1 0.9 0.6 0.5 0.5],12,0.0
1498,21,0,70,0,0,[7 7 5 5 5],[6 6 6 6 6],[1 0.9 0.6 0.5 0.5],18,0.0
1499,21,0,71,1,0,[10 10 2 2 2],[2 2 3 3 3],[1 0.9 0.6 0.5 0.5],13,0.0
1500,21,0,72,1,0,[6 6 6 6 6],[8 8 5 5 5],[1 0.9 0.6 0.5 0.5],16,0.0
1501,21,0,73,1,0,[6 6 6 6 6],[10 10 5 5 5],[1 0.9 0.6 0.5 0.5],17,0.0
1502,21,0,74,0,0,[10 10 2 2 2],[2 2 3 3 3],[1 0.9 0.6 0.5 0.5],13,0.0
1503,21,0,75,1,0,[1 6 6 6 6],[9 5 5 5 5],[1 0.9 0.6 0.5 0.5],14,0.0
1504,21,0,76,0,0,[2 2 3 3 3],[10 10 2 2 2],[1 0.9 0.6 0.5 0.5],12,0.0
1505,21,0,77,1,0,[10 10 5 5 5],[6 6 6 6 6],[1 0.9 0.6 0.5 0.5],10,0.0
1506,21,0,78,1,0,[9 5 5 5 5],[1 6 6 6 6],[1 0.9 0.6 0.5 0.5],11,0.0
1507,21,0,79,0,0,[8 8 5 5 5],[6 6 6 6 6],[1 0.9 0.6 0.5 0.5],15,0.0
1508,21,0,80,1,0,[10 10 2 2 2],[2 2 3 3 3],[1 0.9 0.6 0.5 0.5],13,0.0
1509,21,0,81,0,0,[2 2 3 3 3],[10 10 2 2 2],[1 0.9 0.6 0.5 0.5],12,0.0
1510,21,0,82,1,0,[6 6 6 6 6],[10 10 5 5 5],[1 0.9 0.6 0.5 0.5],17,0.0
1511,21,0,83,1,0,[1 6 6 6 6],[9 5 5 5 5],[1 0.9 0.6 0.5 0.5],14,0.0
1512,21,0,84,0,0,[10 10 2 2 2],[2 2 3 3 3],[1 0.9 0.6 0.5 0.5],13,0.0
1513,21,0,85,1,0,[10 10 5 5 5],[6 6 6 6 6],[1 0.9 0.6 0.5 0.5],10,0.0
1514,21,0,86,0,0,[2 2 3 3 3],[10 10 2 2 2],[1 0.9 0.6 0.5 0.5],12,0.0
1515,21,0,87,0,0,[6 6 6 6 6],[10 10 5 5 5],[1 0.9 0.6 0.5 0.5],17,0.0
1516,21,0,88,0,0,[6 6 6 6 6],[10 10 5 5 5],[1 0.9 0.6 0.5 0.5],17,0.0
1517,21,0,89,1,0,[9 5 5 5 5],[1 6 6 6 6],[1 0.9 0.6 0.5 0.5],11,0.0
1518,22,0,0,1,0,[6 6 6 6 6],[7 7 5 5 5],[1 0.9 0.6 0.5 0.5],9,0.0
1519,22,0,1,0,0,[10 10 5 5 5],[6 6 6 6 6],[1 0.9 0.6 0.5 0.5],10,0.0
1520,22,0,2,0,0,[9 5 5 5 5],[1 6 6 6 6],[1 0.9 0.6 0.5 0.5],11,0.0
1521,22,0,3,1,0,[2 2 3 3 3],[10 10 2 2 2],[1 0.9 0.6 0.5 0.5],12,0.0
1522,22,0,4,0,0,[10 10 2 2 2],[2 2 3 3 3],[1 0.9 0.6 0.5 0.5],13,0.0
1523,22,0,5,0,0,[10 10 5 5 5],[6 6 6 6 6],[1 0.9 0.6 0.5 0.5],10,0.0
1524,22,0,6,0,0,[10 10 2 2 2],[2 2 3 3 3],[1 0.9 0.6 0.5 0.5],13,0.0
1525,22,0,7,0,0,[10 10 5 5 5],[6 6 6 6 6],[1 0.9 0.6 0.5 0.5],10,0.0
1526,22,0,8,1,0,[1 6 6 6 6],[9 5 5 5 5],[1 0.9 0.6 0.5 0.5],14,0.0
1527,22,0,9,0,0,[9 5 5 5 5],[1 6 6 6 6],[1 0.9 0.6 0.5 0.5],11,0.0
1528,22,0,10,0,0,[8 8 5 5 5],[6 6 6 6 6],[1 0.9 0.6 0.5 0.5],15,0.0
1529,22,0,11,1,0,[6 6 6 6 6],[8 8 5 5 5],[1 0.9 0.6 0.5 0.5],16,0.0
1530,22,0,12,0,0,[8 8 5 5 5],[6 6 6 6 6],[1 0.9 0.6 0.5 0.5],15,0.0
1531,22,0,13,1,0,[6 6 6 6 6],[8 8 5 5 5],[1 0.9 0.6 0.5 0.5],16,0.0
1532,22,0,14,0,0,[8 8 5 5 5],[6 6 6 6 6],[1 0.9 0.6 0.5 0.5],15,0.0
1533,22,0,15,1,0,[6 6 6 6 6],[10 10 5 5 5],[1 0.9 0.6 0.5 0.5],17,0.0
1534,22,0,16,0,0,[10 10 5 5 5],[6 6 6 6 6],[1 0.9 0.6 0.5 0.5],10,0.0
1535,22,0,17,1,0,[6 6 6 6 6],[8 8 5 5 5],[1 0.9 0.6 0.5 0.5],16,0.0
1536,22,0,18,1,0,[6 6 6 6 6],[7 7 5 5 5],[1 0.9 0.6 0.5 0.5],9,0.0
1537,22,0,19,1,0,[6 6 6 6 6],[8 8 5 5 5],[1 0.9 0.6 0.5 0.5],16,0.0
1538,22,0,20,0,0,[9 5 5 5 5],[1 6 6 6 6],[1 0.9 0.6 0.5 0.5],11,0.0
1539,22,0,21,1,0,[6 6 6 6 6],[10 10 5 5 5],[1 0.9 0.6 0.5 0.5],17,0.0
1540,22,0,22,1,0,[6 6 6 6 6],[8 8 5 5 5],[1 0.9 0.6 0.5 0.5],16,0.0
1541,22,0,23,1,0,[6 6 6 6 6],[7 7 5 5 5],[1 0.9 0.6 0.5 0.5],9,0.0
1542,22,0,24,0,0,[10 10 5 5 5],[6 6 6 6 6],[1 0.9 0.6 0.5 0.5],10,0.0
1543,22,0,25,1,0,[2 2 3 3 3],[10 10 2 2 2],[1 0.9 0.6 0.5 0.5],12,0.0
1544,22,0,26,0,0,[7 7 5 5 5],[6 6 6 6 6],[1 0.9 0.6 0.5 0.5],18,0.0
1545,22,0,27,0,0,[10 10 2 2 2],[2 2 3 3 3],[1 0.9 0.6 0.5 0.5],13,0.0
1546,22,0,28,1,0,[6 6 6 6 6],[7 7 5 5 5],[1 0.9 0.6 0.5 0.5],9,0.0
1547,22,0,29,1,0,[1 6 6 6 6],[9 5 5 5 5],[1 0.9 0.6 0.5 0.5],14,0.0
1548,22,0,30,1,0,[2 2 3 3 3],[10 10 2 2 2],[1 0.9 0.6 0.5 0.5],12,0.0
1549,22,0,31,0,0,[10 10 2 2 2],[2 2 3 3 3],[1 0.9 0.6 0.5 0.5],13,0.0
1550,22,0,32,0,0,[7 7 5 5 5],[6 6 6 6 6],[1 0.9 0.6 0.5 0.5],18,0.0
1551,22,0,33,1,0,[6 6 6 6 6],[8 8 5 5 5],[1 0.9 0.6 0.5 0.5],16,0.0
1552,22,0,34,0,0,[8 8 5 5 5],[6 6 6 6 6],[1 0.9 0.6 0.5 0.5],15,0.0
1553,22,0,35,0,0,[10 10 5 5 5],[6 6 6 6 6],[1 0.9 0.6 0.5 0.5],10,0.0
1554,22,0,36,1,0,[6 6 6 6 6],[7 7 5 5 5],[1 0.9 0.6 0.5 0.5],9,0.0
1555,22,0,37,1,0,[1 6 6 6 6],[9 5 5 5 5],[1 0.9 0.6 0.5 0.5],14,0.0
1556,22,0,38,1,0,[6 6 6 6 6],[7 7 5 5 5],[1 0.9 0.6 0.5 0.5],9,0.0
1557,22,0,39,0,0,[8 8 5 5 5],[6 6 6 6 6],[1 0.9 0.6 0.5 0.5],15,0.0
1558,22,0,40,0,0,[7 7 5 5 5],[6 6 6 6 6],[1 0.9 0.6 0.5 0.5],18,0.0
1559,22,0,41,1,0,[6 6 6 6 6],[7 7 5 5 5],[1 0.9 0.6 0.5 0.5],9,0.0
1560,22,0,42,0,0,[7 7 5 5 5],[6 6 6 6 6],[1 0.9 0.6 0.5 0.5],18,0.0
1561,22,0,43,1,0,[6 6 6 6 6],[7 7 5 5 5],[1 0.9 0.6 0.5 0.5],9,0.0
1562,22,0,44,1,0,[2 2 3 3 3],[10 10 2 2 2],[1 0.9 0.6 0.5 0.5],12,0.0
1563,22,0,45,1,0,[1 6 6 6 6],[9 5 5 5 5],[1 0.9 0.6 0.5 0.5],14,0.0
1564,22,0,46,0,0,[9 5 5 5 5],[1 6 6 6 6],[1 0.9 0.6 0.5 0.5],11,0.0
1565,22,0,47,1,0,[8 8 5 5 5],[6 6 6 6 6],[1 0.9 0.6 0.5 0.5],15,0.0
1566,22,0,48,1,0,[6 6 6 6 6],[10 10 5 5 5],[1 0.9 0.6 0.5 0.5],17,0.0
1567,22,0,49,1,0,[6 6 6 6 6],[7 7 5 5 5],[1 0.9 0.6 0.5 0.5],9,0.0
1568,22,0,50,0,0,[9 5 5 5 5],[1 6 6 6 6],[1 0.9 0.6 0.5 0.5],11,0.0
1569,22,0,51,1,0,[6 6 6 6 6],[8 8 5 5 5],[1 0.9 0.6 0.5 0.5],16,0.0
1570,22,0,52,0,0,[9 5 5 5 5],[1 6 6 6 6],[1 0.9 0.6 0.5 0.5],11,0.0
1571,22,0,53,0,0,[8 8 5 5 5],[6 6 6 6 6],[1 0.9 0.6 0.5 0.5],15,0.0
1572,22,0,54,0,0,[10 10 5 5 5],[6 6 6 6 6],[1 0.9 0.6 0.5 0.5],10,0.0
1573,22,0,55,0,0,[7 7 5 5 5],[6 6 6 6 6],[1 0.9 0.6 0.5 0.5],18,0.0
1574,22,0,56,1,0,[2 2 3 3 3],[10 10 2 2 2],[1 0.9 0.6 0.5 0.5],12,0.0
1575,22,0,57,0,0,[7 7 5 5 5],[6 6 6 6 6],[1 0.9 0.6 0.5 0.5],18,0.0
1576,22,0,58,0,0,[8 8 5 5 5],[6 6 6 6 6],[1 0.9 0.6 0.5 0.5],15,0.0
1577,22,0,59,0,0,[10 10 2 2 2],[2 2 3 3 3],[1 0.9 0.6 0.5 0.5],13,0.0
1578,22,0,60,1,0,[6 6 6 6 6],[10 10 5 5 5],[1 0.9 0.6 0.5 0.5],17,0.0
1579,22,0,61,1,0,[1 6 6 6 6],[9 5 5 5 5],[1 0.9 0.6 0.5 0.5],14,0.0
1580,22,0,62,1,0,[1 6 6 6 6],[9 5 5 5 5],[1 0.9 0.6 0.5 0.5],14,0.0
1581,22,0,63,0,0,[7 7 5 5 5],[6 6 6 6 6],[1 0.9 0.6 0.5 0.5],18,0.0
1582,22,0,64,1,0,[6 6 6 6 6],[10 10 5 5 5],[1 0.9 0.6 0.5 0.5],17,0.0
1583,22,0,65,0,0,[9 5 5 5 5],[1 6 6 6 6],[1 0.9 0.6 0.5 0.5],11,0.0
1584,22,0,66,0,0,[7 7 5 5 5],[6 6 6 6 6],[1 0.9 0.6 0.5 0.5],18,0.0
1585,22,0,67,1,0,[1 6 6 6 6],[9 5 5 5 5],[1 0.9 0.6 0.5 0.5],14,0.0
1586,22,0,68,1,0,[6 6 6 6 6],[8 8 5 5 5],[1 0.9 0.6 0.5 0.5],16,0.0
1587,22,0,69,1,0,[2 2 3 3 3],[10 10 2 2 2],[1 0.9 0.6 0.5 0.5],12,0.0
1588,22,0,70,0,0,[7 7 5 5 5],[6 6 6 6 6],[1 0.9 0.6 0.5 0.5],18,0.0
1589,22,0,71,0,0,[10 10 2 2 2],[2 2 3 3 3],[1 0.9 0.6 0.5 0.5],13,0.0
1590,22,0,72,1,0,[6 6 6 6 6],[8 8 5 5 5],[1 0.9 0.6 0.5 0.5],16,0.0
1591,22,0,73,1,0,[6 6 6 6 6],[10 10 5 5 5],[1 0.9 0.6 0.5 0.5],17,0.0
1592,22,0,74,0,0,[10 10 2 2 2],[2 2 3 3 3],[1 0.9 0.6 0.5 0.5],13,0.0
1593,22,0,75,1,0,[1 6 6 6 6],[9 5 5 5 5],[1 0.9 0.6 0.5 0.5],14,0.0
1594,22,0,76,1,0,[2 2 3 3 3],[10 10 2 2 2],[1 0.9 0.6 0.5 0.5],12,0.0
1595,22,0,77,0,0,[10 10 5 5 5],[6 6 6 6 6],[1 0.9 0.6 0.5 0.5],10,0.0
1596,22,0,78,0,0,[9 5 5 5 5],[1 6 6 6 6],[1 0.9 0.6 0.5 0.5],11,0.0
1597,22,0,79,0,0,[8 8 5 5 5],[6 6 6 6 6],[1 0.9 0.6 0.5 0.5],15,0.0
1598,22,0,80,0,0,[10 10 2 2 2],[2 2 3 3 3],[1 0.9 0.6 0.5 0.5],13,0.0
1599,22,0,81,1,0,[2 2 3 3 3],[10 10 2 2 2],[1 0.9 0.6 0.5 0.5],12,0.0
1600,22,0,82,1,0,[6 6 6 6 6],[10 10 5 5 5],[1 0.9 0.6 0.5 0.5],17,0.0
1601,22,0,83,1,0,[1 6 6 6 6],[9 5 5 5 5],[1 0.9 0.6 0.5 0.5],14,0.0
1602,22,0,84,0,0,[10 10 2 2 2],[2 2 3 3 3],[1 0.9 0.6 0.5 0.5],13,0.0
1603,22,0,85,0,0,[10 10 5 5 5],[6 6 6 6 6],[1 0.9 0.6 0.5 0.5],10,0.0
1604,22,0,86,1,0,[2 2 3 3 3],[10 10 2 2 2],[1 0.9 0.6 0.5 0.5],12,0.0
1605,22,0,87,1,0,[6 6 6 6 6],[10 10 5 5 5],[1 0.9 0.6 0.5 0.5],17,0.0
1606,22,0,88,1,0,[6 6 6 6 6],[10 10 5 5 5],[1 0.9 0.6 0.5 0.5],17,0.0
1607,22,0,89,0,0,[9 5 5 5 5],[1 6 6 6 6],[1 0.9 0.6 0.5 0.5],11,0.0
1608,23,0,0,1,0,[6 6 6 6 6],[7 7 5 5 5],[1 0.9 0.6 0.5 0.5],9,0.0
1609,23,0,1,0,0,[10 10 5 5 5],[6 6 6 6 6],[1 0.9 0.6 0.5 0.5],10,0.0
1610,23,0,2,0,0,[9 5 5 5 5],[1 6 6 6 6],[1 0.9 0.6 0.5 0.5],11,0.0
1611,23,0,3,0,0,[2 2 3 3 3],[10 10 2 2 2],[1 0.9 0.6 0.5 0.5],12,0.0
1612,23,0,4,0,0,[10 10 2 2 2],[2 2 3 3 3],[1 0.9 0.6 0.5 0.5],13,0.0
1613,23,0,5,0,0,[10 10 5 5 5],[6 6 6 6 6],[1 0.9 0.6 0.5 0.5],10,0.0
1614,23,0,6,0,0,[10 10 2 2 2],[2 2 3 3 3],[1 0.9 0.6 0.5 0.5],13,0.0
1615,23,0,7,0,0,[10 10 5 5 5],[6 6 6 6 6],[1 0.9 0.6 0.5 0.5],10,0.0
1616,23,0,8,0,0,[1 6 6 6 6],[9 5 5 5 5],[1 0.9 0.6 0.5 0.5],14,0.0
1617,23,0,9,0,0,[9 5 5 5 5],[1 6 6 6 6],[1 0.9 0.6 0.5 0.5],11,0.0
1618,23,0,10,0,0,[8 8 5 5 5],[6 6 6 6 6],[1 0.9 0.6 0.5 0.5],15,0.0
1619,23,0,11,1,0,[6 6 6 6 6],[8 8 5 5 5],[1 0.9 0.6 0.5 0.5],16,0.0
1620,23,0,12,0,0,[8 8 5 5 5],[6 6 6 6 6],[1 0.9 0.6 0.5 0.5],15,0.0
1621,23,0,13,1,0,[6 6 6 6 6],[8 8 5 5 5],[1 0.9 0.6 0.5 0.5],16,0.0
1622,23,0,14,0,0,[8 8 5 5 5],[6 6 6 6 6],[1 0.9 0.6 0.5 0.5],15,0.0
1623,23,0,15,0,0,[6 6 6 6 6],[10 10 5 5 5],[1 0.9 0.6 0.5 0.5],17,0.0
1624,23,0,16,0,0,[10 10 5 5 5],[6 6 6 6 6],[1 0.9 0.6 0.5 0.5],10,0.0
1625,23,0,17,1,0,[6 6 6 6 6],[8 8 5 5 5],[1 0.9 0.6 0.5 0.5],16,0.0
1626,23,0,18,1,0,[6 6 6 6 6],[7 7 5 5 5],[1 0.9 0.6 0.5 0.5],9,0.0
1627,23,0,19,1,0,[6 6 6 6 6],[8 8 5 5 5],[1 0.9 0.6 0.5 0.5],16,0.0
1628,23,0,20,0,0,[9 5 5 5 5],[1 6 6 6 6],[1 0.9 0.6 0.5 0.5],11,0.0
1629,23,0,21,1,0,[6 6 6 6 6],[10 10 5 5 5],[1 0.9 0.6 0.5 0.5],17,0.0
1630,23,0,22,1,0,[6 6 6 6 6],[8 8 5 5 5],[1 0.9 0.6 0.5 0.5],16,0.0
1631,23,0,23,0,0,[6 6 6 6 6],[7 7 5 5 5],[1 0.9 0.6 0.5 0.5],9,0.0
1632,23,0,24,0,0,[10 10 5 5 5],[6 6 6 6 6],[1 0.9 0.6 0.5 0.5],10,0.0
1633,23,0,25,1,0,[2 2 3 3 3],[10 10 2 2 2],[1 0.9 0.6 0.5 0.5],12,0.0
1634,23,0,26,0,0,[7 7 5 5 5],[6 6 6 6 6],[1 0.9 0.6 0.5 0.5],18,0.0
1635,23,0,27,0,0,[10 10 2 2 2],[2 2 3 3 3],[1 0.9 0.6 0.5 0.5],13,0.0
1636,23,0,28,0,0,[6 6 6 6 6],[7 7 5 5 5],[1 0.9 0.6 0.5 0.5],9,0.0
1637,23,0,29,1,0,[1 6 6 6 6],[9 5 5 5 5],[1 0.9 0.6 0.5 0.5],14,0.0
1638,23,0,30,1,0,[2 2 3 3 3],[10 10 2 2 2],[1 0.9 0.6 0.5 0.5],12,0.0
1639,23,0,31,0,0,[10 10 2 2 2],[2 2 3 3 3],[1 0.9 0.6 0.5 0.5],13,0.0
1640,23,0,32,0,0,[7 7 5 5 5],[6 6 6 6 6],[1 0.9 0.6 0.5 0.5],18,0.0
1641,23,0,33,0,0,[6 6 6 6 6],[8 8 5 5 5],[1 0.9 0.6 0.5 0.5],16,0.0
1642,23,0,34,0,0,[8 8 5 5 5],[6 6 6 6 6],[1 0.9 0.6 0.5 0.5],15,0.0
1643,23,0,35,0,0,[10 10 5 5 5],[6 6 6 6 6],[1 0.9 0.6 0.5 0.5],10,0.0
1644,23,0,36,1,0,[6 6 6 6 6],[7 7 5 5 5],[1 0.9 0.6 0.5 0.5],9,0.0
1645,23,0,37,1,0,[1 6 6 6 6],[9 5 5 5 5],[1 0.9 0.6 0.5 0.5],14,0.0
1646,23,0,38,1,0,[6 6 6 6 6],[7 7 5 5 5],[1 0.9 0.6 0.5 0.5],9,0.0
1647,23,0,39,0,0,[8 8 5 5 5],[6 6 6 6 6],[1 0.9 0.6 0.5 0.5],15,0.0
1648,23,0,40,0,0,[7 7 5 5 5],[6 6 6 6 6],[1 0.9 0.6 0.5 0.5],18,0.0
1649,23,0,41,0,0,[6 6 6 6 6],[7 7 5 5 5],[1 0.9 0.6 0.5 0.5],9,0.0
1650,23,0,42,0,0,[7 7 5 5 5],[6 6 6 6 6],[1 0.9 0.6 0.5 0.5],18,0.0
1651,23,0,43,1,0,[6 6 6 6 6],[7 7 5 5 5],[1 0.9 0.6 0.5 0.5],9,0.0
1652,23,0,44,1,0,[2 2 3 3 3],[10 10 2 2 2],[1 0.9 0.6 0.5 0.5],12,0.0
1653,23,0,45,1,0,[1 6 6 6 6],[9 5 5 5 5],[1 0.9 0.6 0.5 0.5],14,0.0
1654,23,0,46,0,0,[9 5 5 5 5],[1 6 6 6 6],[1 0.9 0.6 0.5 0.5],11,0.0
1655,23,0,47,0,0,[8 8 5 5 5],[6 6 6 6 6],[1 0.9 0.6 0.5 0.5],15,0.0
1656,23,0,48,1,0,[6 6 6 6 6],[10 10 5 5 5],[1 0.9 0.6 0.5 0.5],17,0.0
1657,23,0,49,1,0,[6 6 6 6 6],[7 7 5 5 5],[1 0.9 0.6 0.5 0.5],9,0.0
1658,23,0,50,0,0,[9 5 5 5 5],[1 6 6 6 6],[1 0.9 0.6 0.5 0.5],11,0.0
1659,23,0,51,0,0,[6 6 6 6 6],[8 8 5 5 5],[1 0.9 0.6 0.5 0.5],16,0.0
1660,23,0,52,0,0,[9 5 5 5 5],[1 6 6 6 6],[1 0.9 0.6 0.5 0.5],11,0.0
1661,23,0,53,0,0,[8 8 5 5 5],[6 6 6 6 6],[1 0.9 0.6 0.5 0.5],15,0.0
1662,23,0,54,0,0,[10 10 5 5 5],[6 6 6 6 6],[1 0.9 0.6 0.5 0.5],10,0.0
1663,23,0,55,0,0,[7 7 5 5 5],[6 6 6 6 6],[1 0.9 0.6 0.5 0.5],18,0.0
1664,23,0,56,1,0,[2 2 3 3 3],[10 10 2 2 2],[1 0.9 0.6 0.5 0.5],12,0.0
1665,23,0,57,0,0,[7 7 5 5 5],[6 6 6 6 6],[1 0.9 0.6 0.5 0.5],18,0.0
1666,23,0,58,0,0,[8 8 5 5 5],[6 6 6 6 6],[1 0.9 0.6 0.5 0.5],15,0.0
1667,23,0,59,0,0,[10 10 2 2 2],[2 2 3 3 3],[1 0.9 0.6 0.5 0.5],13,0.0
1668,23,0,60,1,0,[6 6 6 6 6],[10 10 5 5 5],[1 0.9 0.6 0.5 0.5],17,0.0
1669,23,0,61,1,0,[1 6 6 6 6],[9 5 5 5 5],[1 0.9 0.6 0.5 0.5],14,0.0
1670,23,0,62,1,0,[1 6 6 6 6],[9 5 5 5 5],[1 0.9 0.6 0.5 0.5],14,0.0
1671,23,0,63,0,0,[7 7 5 5 5],[6 6 6 6 6],[1 0.9 0.6 0.5 0.5],18,0.0
1672,23,0,64,1,0,[6 6 6 6 6],[10 10 5 5 5],[1 0.9 0.6 0.5 0.5],17,0.0
1673,23,0,65,0,0,[9 5 5 5 5],[1 6 6 6 6],[1 0.9 0.6 0.5 0.5],11,0.0
1674,23,0,66,0,0,[7 7 5 5 5],[6 6 6 6 6],[1 0.9 0.6 0.5 0.5],18,0.0
1675,23,0,67,1,0,[1 6 6 6 6],[9 5 5 5 5],[1 0.9 0.6 0.5 0.5],14,0.0
1676,23,0,68,1,0,[6 6 6 6 6],[8 8 5 5 5],[1 0.9 0.6 0.5 0.5],16,0.0
1677,23,0,69,1,0,[2 2 3 3 3],[10 10 2 2 2],[1 0.9 0.6 0.5 0.5],12,0.0
1678,23,0,70,0,0,[7 7 5 5 5],[6 6 6 6 6],[1 0.9 0.6 0.5 0.5],18,0.0
1679,23,0,71,0,0,[10 10 2 2 2],[2 2 3 3 3],[1 0.9 0.6 0.5 0.5],13,0.0
1680,23,0,72,1,0,[6 6 6 6 6],[8 8 5 5 5],[1 0.9 0.6 0.5 0.5],16,0.0
1681,23,0,73,1,0,[6 6 6 6 6],[10 10 5 5 5],[1 0.9 0.6 0.5 0.5],17,0.0
1682,23,0,74,0,0,[10 10 2 2 2],[2 2 3 3 3],[1 0.9 0.6 0.5 0.5],13,0.0
1683,23,0,75,1,0,[1 6 6 6 6],[9 5 5 5 5],[1 0.9 0.6 0.5 0.5],14,0.0
1684,23,0,76,1,0,[2 2 3 3 3],[10 10 2 2 2],[1 0.9 0.6 0.5 0.5],12,0.0
1685,23,0,77,0,0,[10 10 5 5 5],[6 6 6 6 6],[1 0.9 0.6 0.5 0.5],10,0.0
1686,23,0,78,0,0,[9 5 5 5 5],[1 6 6 6 6],[1 0.9 0.6 0.5 0.5],11,0.0
1687,23,0,79,0,0,[8 8 5 5 5],[6 6 6 6 6],[1 0.9 0.6 0.5 0.5],15,0.0
1688,23,0,80,0,0,[10 10 2 2 2],[2 2 3 3 3],[1 0.9 0.6 0.5 0.5],13,0.0
1689,23,0,81,1,0,[2 2 3 3 3],[10 10 2 2 2],[1 0.9 0.6 0.5 0.5],12,0.0
1690,23,0,82,1,0,[6 6 6 6 6],[10 10 5 5 5],[1 0.9 0.6 0.5 0.5],17,0.0
1691,23,0,83,1,0,[1 6 6 6 6],[9 5 5 5 5],[1 0.9 0.6 0.5 0.5],14,0.0
1692,23,0,84,0,0,[10 10 2 2 2],[2 2 3 3 3],[1 0.9 0.6 0.5 0.5],13,0.0
1693,23,0,85,0,0,[10 10 5 5 5],[6 6 6 6 6],[1 0.9 0.6 0.5 0.5],10,0.0
1694,23,0,86,1,0,[2 2 3 3 3],[10 10 2 2 2],[1 0.9 0.6 0.5 0.5],12,0.0
1695,23,0,87,1,0,[6 6 6 6 6],[10 10 5 5 5],[1 0.9 0.6 0.5 0.5],17,0.0
1696,23,0,88,1,0,[6 6 6 6 6],[10 10 5 5 5],[1 0.9 0.6 0.5 0.5],17,0.0
1697,23,0,89,0,0,[9 5 5 5 5],[1 6 6 6 6],[1 0.9 0.6 0.5 0.5],11,0.0
1698,24,0,0,0,0,[6 6 6 6 6],[7 7 5 5 5],[1 0.9 0.6 0.5 0.5],9,0.0
1699,24,0,1,0,0,[10 10 5 5 5],[6 6 6 6 6],[1 0.9 0.6 0.5 0.5],10,0.0
1700,24,0,2,0,0,[9 5 5 5 5],[1 6 6 6 6],[1 0.9 0.6 0.5 0.5],11,0.0
1701,24,0,3,0,0,[2 2 3 3 3],[10 10 2 2 2],[1 0.9 0.6 0.5 0.5],12,0.0
1702,24,0,4,1,0,[10 10 2 2 2],[2 2 3 3 3],[1 0.9 0.6 0.5 0.5],13,0.0
1703,24,0,5,1,0,[10 10 5 5 5],[6 6 6 6 6],[1 0.9 0.6 0.5 0.5],10,0.0
1704,24,0,6,1,0,[10 10 2 2 2],[2 2 3 3 3],[1 0.9 0.6 0.5 0.5],13,0.0
1705,24,0,7,0,0,[10 10 5 5 5],[6 6 6 6 6],[1 0.9 0.6 0.5 0.5],10,0.0
1706,24,0,8,0,0,[1 6 6 6 6],[9 5 5 5 5],[1 0.9 0.6 0.5 0.5],14,0.0
1707,24,0,9,0,0,[9 5 5 5 5],[1 6 6 6 6],[1 0.9 0.6 0.5 0.5],11,0.0
1708,24,0,10,0,0,[8 8 5 5 5],[6 6 6 6 6],[1 0.9 0.6 0.5 0.5],15,0.0
1709,24,0,11,0,0,[6 6 6 6 6],[8 8 5 5 5],[1 0.9 0.6 0.5 0.5],16,0.0
1710,24,0,12,1,0,[8 8 5 5 5],[6 6 6 6 6],[1 0.9 0.6 0.5 0.5],15,0.0
1711,24,0,13,1,0,[6 6 6 6 6],[8 8 5 5 5],[1 0.9 0.6 0.5 0.5],16,0.0
1712,24,0,14,1,0,[8 8 5 5 5],[6 6 6 6 6],[1 0.9 0.6 0.5 0.5],15,0.0
1713,24,0,15,1,0,[6 6 6 6 6],[10 10 5 5 5],[1 0.9 0.6 0.5 0.5],17,0.0
1714,24,0,16,0,0,[10 10 5 5 5],[6 6 6 6 6],[1 0.9 0.6 0.5 0.5],10,0.0
1715,24,0,17,0,0,[6 6 6 6 6],[8 8 5 5 5],[1 0.9 0.6 0.5 0.5],16,0.0
1716,24,0,18,0,0,[6 6 6 6 6],[7 7 5 5 5],[1 0.9 0.6 0.5 0.5],9,0.0
1717,24,0,19,1,0,[6 6 6 6 6],[8 8 5 5 5],[1 0.9 0.6 0.5 0.5],16,0.0
1718,24,0,20,1,0,[9 5 5 5 5],[1 6 6 6 6],[1 0.9 0.6 0.5 0.5],11,0.0
1719,24,0,21,0,0,[6 6 6 6 6],[10 10 5 5 5],[1 0.9 0.6 0.5 0.5],17,0.0
1720,24,0,22,0,0,[6 6 6 6 6],[8 8 5 5 5],[1 0.9 0.6 0.5 0.5],16,0.0
1721,24,0,23,1,0,[6 6 6 6 6],[7 7 5 5 5],[1 0.9 0.6 0.5 0.5],9,0.0
1722,24,0,24,1,0,[10 10 5 5 5],[6 6 6 6 6],[1 0.9 0.6 0.5 0.5],10,0.0
1723,24,0,25,1,0,[2 2 3 3 3],[10 10 2 2 2],[1 0.9 0.6 0.5 0.5],12,0.0
1724,24,0,26,1,0,[7 7 5 5 5],[6 6 6 6 6],[1 0.9 0.6 0.5 0.5],18,0.0
1725,24,0,27,1,0,[10 10 2 2 2],[2 2 3 3 3],[1 0.9 0.6 0.5 0.5],13,0.0
1726,24,0,28,1,0,[6 6 6 6 6],[7 7 5 5 5],[1 0.9 0.6 0.5 0.5],9,0.0
1727,24,0,29,1,0,[1 6 6 6 6],[9 5 5 5 5],[1 0.9 0.6 0.5 0.5],14,0.0
1728,24,0,30,1,0,[2 2 3 3 3],[10 10 2 2 2],[1 0.9 0.6 0.5 0.5],12,0.0
1729,24,0,31,0,0,[10 10 2 2 2],[2 2 3 3 3],[1 0.9 0.6 0.5 0.5],13,0.0
1730,24,0,32,1,0,[7 7 5 5 5],[6 6 6 6 6],[1 0.9 0.6 0.5 0.5],18,0.0
1731,24,0,33,1,0,[6 6 6 6 6],[8 8 5 5 5],[1 0.9 0.6 0.5 0.5],16,0.0
1732,24,0,34,1,0,[8 8 5 5 5],[6 6 6 6 6],[1 0.9 0.6 0.5 0.5],15,0.0
1733,24,0,35,1,0,[10 10 5 5 5],[6 6 6 6 6],[1 0.9 0.6 0.5 0.5],10,0.0
1734,24,0,36,1,0,[6 6 6 6 6],[7 7 5 5 5],[1 0.9 0.6 0.5 0.5],9,0.0
1735,24,0,37,1,0,[1 6 6 6 6],[9 5 5 5 5],[1 0.9 0.6 0.5 0.5],14,0.0
1736,24,0,38,0,0,[6 6 6 6 6],[7 7 5 5 5],[1 0.9 0.6 0.5 0.5],9,0.0
1737,24,0,39,0,0,[8 8 5 5 5],[6 6 6 6 6],[1 0.9 0.6 0.5 0.5],15,0.0
1738,24,0,40,0,0,[7 7 5 5 5],[6 6 6 6 6],[1 0.9 0.6 0.5 0.5],18,0.0
1739,24,0,41,1,0,[6 6 6 6 6],[7 7 5 5 5],[1 0.9 0.6 0.5 0.5],9,0.0
1740,24,0,42,0,0,[7 7 5 5 5],[6 6 6 6 6],[1 0.9 0.6 0.5 0.5],18,0.0
1741,24,0,43,0,0,[6 6 6 6 6],[7 7 5 5 5],[1 0.9 0.6 0.5 0.5],9,0.0
1742,24,0,44,1,0,[2 2 3 3 3],[10 10 2 2 2],[1 0.9 0.6 0.5 0.5],12,0.0
1743,24,0,45,1,0,[1 6 6 6 6],[9 5 5 5 5],[1 0.9 0.6 0.5 0.5],14,0.0
1744,24,0,46,1,0,[9 5 5 5 5],[1 6 6 6 6],[1 0.9 0.6 0.5 0.5],11,0.0
1745,24,0,47,0,0,[8 8 5 5 5],[6 6 6 6 6],[1 0.9 0.6 0.5 0.5],15,0.0
1746,24,0,48,0,0,[6 6 6 6 6],[10 10 5 5 5],[1 0.9 0.6 0.5 0.5],17,0.0
1747,24,0,49,1,0,[6 6 6 6 6],[7 7 5 5 5],[1 0.9 0.6 0.5 0.5],9,0.0
1748,24,0,50,1,0,[9 5 5 5 5],[1 6 6 6 6],[1 0.9 0.6 0.5 0.5],11,0.0
1749,24,0,51,0,0,[6 6 6 6 6],[8 8 5 5 5],[1 0.9 0.6 0.5 0.5],16,0.0
1750,24,0,52,1,0,[9 5 5 5 5],[1 6 6 6 6],[1 0.9 0.6 0.5 0.5],11,0.0
1751,24,0,53,0,0,[8 8 5 5 5],[6 6 6 6 6],[1 0.9 0.6 0.5 0.5],15,0.0
1752,24,0,54,1,0,[10 10 5 5 5],[6 6 6 6 6],[1 0.9 0.6 0.5 0.5],10,0.0
1753,24,0,55,0,0,[7 7 5 5 5],[6 6 6 6 6],[1 0.9 0.6 0.5 0.5],18,0.0
1754,24,0,56,1,0,[2 2 3 3 3],[10 10 2 2 2],[1 0.9 0.6 0.5 0.5],12,0.0
1755,24,0,57,0,0,[7 7 5 5 5],[6 6 6 6 6],[1 0.9 0.6 0.5 0.5],18,0.0
1756,24,0,58,1,0,[8 8 5 5 5],[6 6 6 6 6],[1 0.9 0.6 0.5 0.5],15,0.0
1757,24,0,59,0,0,[10 10 2 2 2],[2 2 3 3 3],[1 0.9 0.6 0.5 0.5],13,0.0
1758,24,0,60,1,0,[6 6 6 6 6],[10 10 5 5 5],[1 0.9 0.6 0.5 0.5],17,0.0
1759,24,0,61,1,0,[1 6 6 6 6],[9 5 5 5 5],[1 0.9 0.6 0.5 0.5],14,0.0
1760,24,0,62,0,0,[1 6 6 6 6],[9 5 5 5 5],[1 0.9 0.6 0.5 0.5],14,0.0
1761,24,0,63,0,0,[7 7 5 5 5],[6 6 6 6 6],[1 0.9 0.6 0.5 0.5],18,0.0
1762,24,0,64,0,0,[6 6 6 6 6],[10 10 5 5 5],[1 0.9 0.6 0.5 0.5],17,0.0
1763,24,0,65,0,0,[9 5 5 5 5],[1 6 6 6 6],[1 0.9 0.6 0.5 0.5],11,0.0
1764,24,0,66,1,0,[7 7 5 5 5],[6 6 6 6 6],[1 0.9 0.6 0.5 0.5],18,0.0
1765,24,0,67,0,0,[1 6 6 6 6],[9 5 5 5 5],[1 0.9 0.6 0.5 0.5],14,0.0
1766,24,0,68,1,0,[6 6 6 6 6],[8 8 5 5 5],[1 0.9 0.6 0.5 0.5],16,0.0
1767,24,0,69,0,0,[2 2 3 3 3],[10 10 2 2 2],[1 0.9 0.6 0.5 0.5],12,0.0
1768,24,0,70,1,0,[7 7 5 5 5],[6 6 6 6 6],[1 0.9 0.6 0.5 0.5],18,0.0
1769,24,0,71,0,0,[10 10 2 2 2],[2 2 3 3 3],[1 0.9 0.6 0.5 0.5],13,0.0
1770,24,0,72,0,0,[6 6 6 6 6],[8 8 5 5 5],[1 0.9 0.6 0.5 0.5],16,0.0
1771,24,0,73,1,0,[6 6 6 6 6],[10 10 5 5 5],[1 0.9 0.6 0.5 0.5],17,0.0
1772,24,0,74,1,0,[10 10 2 2 2],[2 2 3 3 3],[1 0.9 0.6 0.5 0.5],13,0.0
1773,24,0,75,1,0,[1 6 6 6 6],[9 5 5 5 5],[1 0.9 0.6 0.5 0.5],14,0.0
1774,24,0,76,1,0,[2 2 3 3 3],[10 10 2 2 2],[1 0.9 0.6 0.5 0.5],12,0.0
1775,24,0,77,0,0,[10 10 5 5 5],[6 6 6 6 6],[1 0.9 0.6 0.5 0.5],10,0.0
1776,24,0,78,1,0,[9 5 5 5 5],[1 6 6 6 6],[1 0.9 0.6 0.5 0.5],11,0.0
1777,24,0,79,1,0,[8 8 5 5 5],[6 6 6 6 6],[1 0.9 0.6 0.5 0.5],15,0.0
1778,24,0,80,0,0,[10 10 2 2 2],[2 2 3 3 3],[1 0.9 0.6 0.5 0.5],13,0.0
1779,24,0,81,1,0,[2 2 3 3 3],[10 10 2 2 2],[1 0.9 0.6 0.5 0.5],12,0.0
1780,24,0,82,1,0,[6 6 6 6 6],[10 10 5 5 5],[1 0.9 0.6 0.5 0.5],17,0.0
1781,24,0,83,1,0,[1 6 6 6 6],[9 5 5 5 5],[1 0.9 0.6 0.5 0.5],14,0.0
1782,24,0,84,1,0,[10 10 2 2 2],[2 2 3 3 3],[1 0.9 0.6 0.5 0.5],13,0.0
1783,24,0,85,1,0,[10 10 5 5 5],[6 6 6 6 6],[1 0.9 0.6 0.5 0.5],10,0.0
1784,24,0,86,1,0,[2 2 3 3 3],[10 10 2 2 2],[1 0.9 0.6 0.5 0.5],12,0.0
1785,24,0,87,0,0,[6 6 6 6 6],[10 10 5 5 5],[1 0.9 0.6 0.5 0.5],17,0.0
1786,24,0,88,0,0,[6 6 6 6 6],[10 10 5 5 5],[1 0.9 0.6 0.5 0.5],17,0.0
1787,24,0,89,1,0,[9 5 5 5 5],[1 6 6 6 6],[1 0.9 0.6 0.5 0.5],11,0.0
