,participant,task,trial,choice,reward,stimulus_0,stimulus_1,validities,item_type,tier
0,0,0,0,1,0,[7 0 0 0],[0 3 3 3],[0.9 0.8 0.7 0.6],1,0.0
1,0,0,1,1,0,[9 0 0 0],[0 5 3 3],[0.9 0.8 0.7 0.6],2,0.0
2,0,0,2,1,0,[0 10 0 0],[0 0 6 6],[0.9 0.8 0.7 0.6],3,0.0
3,0,0,3,1,0,[9 0 0 0],[0 5 3 3],[0.9 0.8 0.7 0.6],2,0.0
4,0,0,4,1,0,[10 0 0 0],[0 4 4 4],[0.9 0.8 0.7 0.6],4,0.0
5,0,0,5,0,0,[8 0 0 0],[0 3 3 4],[0.9 0.8 0.7 0.6],5,0.0
6,0,0,6,0,0,[7 0 0 0],[0 3 3 3],[0.9 0.8 0.7 0.6],1,0.0
7,0,0,7,0,0,[8 0 0 0],[0 3 3 4],[0.9 0.8 0.7 0.6],5,0.0
8,0,0,8,1,0,[7 0 0 0],[0 3 3 3],[0.9 0.8 0.7 0.6],1,0.0
9,0,0,9,0,0,[10 0 0 0],[0 4 4 4],[0.9 0.8 0.7 0.6],4,0.0
10,0,0,10,0,0,[10 10 0 0],[0 0 4 4],[0.9 0.8 0.7 0.6],6,0.0
11,0,0,11,0,0,[0 8 0 0],[0 0 5 4],[0.9 0.8 0.7 0.6],7,0.0
12,0,0,12,0,0,[0 0 10 0],[0 0 0 8],[0.9 0.8 0.7 0.6],8,0.0
13,0,0,13,0,0,[0 10 0 0],[0 0 6 6],[0.9 0.8 0.7 0.6],3,0.0
14,0,0,14,0,0,[8 0 0 0],[0 3 3 4],[0.9 0.8 0.7 0.6],5,0.0
15,0,0,15,0,0,[0 8 0 0],[0 0 5 4],[0.9 0.8 0.7 0.6],7,0.0
16,0,0,16,0,0,[10 10 0 0],[0 0 4 4],[0.9 0.8 0.7 0.6],6,0.0
17,0,0,17,0,0,[0 10 0 0],[0 0 6 6],[0.9 0.8 0.7 0.6],3,0.0
18,0,0,18,0,0,[0 0 10 0],[0 0 0 8],[0.9 0.8 0.7 0.6],8,0.0
19,0,0,19,0,0,[10 10 0 0],[0 0 4 4],[0.9 0.8 0.7 0.6],6,0.0
20,0,0,20,0,0,[0 10 0 0],[0 0 6 6],[0.9 0.8 0.7 0.6],3,0.0
21,0,0,21,0,0,[10 0 0 0],[0 4 4 4],[0.9 0.8 0.7 0.6],4,0.0
22,0,0,22,0,0,[8 0 0 0],[0 3 3 4],[0.9 0.8 0.7 0.6],5,0.0
23,0,0,23,0,0,[0 8 0 0],[0 0 5 4],[0.9 0.8 0.7 0.6],7,0.0
24,0,0,24,0,0,[10 10 0 0],[0 0 4 4],[0.9 0.8 0.7 0.6],6,0.0
25,0,0,25,0,0,[10 0 0 0],[0 4 4 4],[0.9 0.8 0.7 0.6],4,0.0
26,0,0,26,0,0,[8 0 0 0],[0 3 3 4],[0.9 0.8 0.7 0.6],5,0.0
27,0,0,27,0,0,[10 0 0 0],[0 4 4 4],[0.9 0.8 0.7 0.6],4,0.0
28,0,0,28,0,0,[10 10 0 0],[0 0 4 4],[0.9 0.8 0.7 0.6],6,0.0
29,0,0,29,0,0,[10 10 0 0],[0 0 4 4],[0.9 0.8 0.7 0.6],6,0.0
30,0,0,30,0,0,[7 0 0 0],[0 3 3 3],[0.9 0.8 0.7 0.6],1,0.0
31,0,0,31,0,0,[10 0 0 0],[0 4 4 4],[0.9 0.8 0.7 0.6],4,0.0
32,0,0,32,0,0,[10 0 0 0],[0 4 4 4],[0.9 0.8 0.7 0.6],4,0.0
33,0,0,33,0,0,[0 8 0 0],[0 0 5 4],[0.9 0.8 0.7 0.6],7,0.0
34,0,0,34,0,0,[7 0 0 0],[0 3 3 3],[0.9 0.8 0.7 0.6],1,0.0
35,0,0,35,0,0,[0 10 0 0],[0 0 6 6],[0.9 0.8 0.7 0.6],3,0.0
36,0,0,36,0,0,[9 0 0 0],[0 5 3 3],[0.9 0.8 0.7 0.6],2,0.0
37,0,0,37,0,0,[7 0 0 0],[0 3 3 3],[0.9 0.8 0.7 0.6],1,0.0
38,0,0,38,0,0,[0 8 0 0],[0 0 5 4],[0.9 0.8 0.7 0.6],7,0.0
39,0,0,39,0,0,[9 0 0 0],[0 5 3 3],[0.9 0.8 0.7 0.6],2,0.0
40,0,0,40,0,0,[8 0 0 0],[0 3 3 4],[0.9 0.8 0.7 0.6],5,0.0
41,0,0,41,0,0,[10 10 0 0],[0 0 4 4],[0.9 0.8 0.7 0.6],6,0.0
42,0,0,42,0,0,[10 0 0 0],[0 4 4 4],[0.9 0.8 0.7 0.6],4,0.0
43,0,0,43,0,0,[0 0 10 0],[0 0 0 8],[0.9 0.8 0.7 0.6],8,0.0
44,0,0,44,0,0,[0 0 10 0],[0 0 0 8],[0.9 0.8 0.7 0.6],8,0.0
45,0,0,45,0,0,[7 0 0 0],[0 3 3 3],[0.9 0.8 0.7 0.6],1,0.0
46,0,0,46,0,0,[7 0 0 0],[0 3 3 3],[0.9 0.8 0.7 0.6],1,0.0
47,0,0,47,0,0,[0 8 0 0],[0 0 5 4],[0.9 0.8 0.7 0.6],7,0.0
48,0,0,48,0,0,[9 0 0 0],[0 5 3 3],[0.9 0.8 0.7 0.6],2,0.0
49,0,0,49,0,0,[0 8 0 0],[0 0 5 4],[0.9 0.8 0.7 0.6],7,0.0
50,0,0,50,0,0,[10 10 0 0],[0 0 4 4],[0.9 0.8 0.7 0.6],6,0.0
51,0,0,51,0,0,[7 0 0 0],[0 3 3 3],[0.9 0.8 0.7 0.6],1,0.0
52,0,0,52,0,0,[8 0 0 0],[0 3 3 4],[0.9 0.8 0.7 0.6],5,0.0
53,0,0,53,0,0,[0 10 0 0],[0 0 6 6],[0.9 0.8 0.7 0.6],3,0.0
54,0,0,54,0,0,[0 10 0 0],[0 0 6 6],[0.9 0.8 0.7 0.6],3,0.0
55,0,0,55,0,0,[10 10 0 0],[0 0 4 4],[0.9 0.8 0.7 0.6],6,0.0
56,0,0,56,0,0,[8 0 0 0],[0 3 3 4],[0.9 0.8 0.7 0.6],5,0.0
57,0,0,57,0,0,[10 10 0 0],[0 0 4 4],[0.9 0.8 0.7 0.6],6,0.0
58,0,0,58,0,0,[0 10 0 0],[0 0 6 6],[0.9 0.8 0.7 0.6],3,0.0
59,0,0,59,0,0,[0 8 0 0],[0 0 5 4],[0.9 0.8 0.7 0.6],7,0.0
60,0,0,60,0,0,[7 0 0 0],[0 3 3 3],[0.9 0.8 0.7 0.6],1,0.0
61,0,0,61,0,0,[10 0 0 0],[0 4 4 4],[0.9 0.8 0.7 0.6],4,0.0
62,0,0,62,0,0,[0 0 10 0],[0 0 0 8],[0.9 0.8 0.7 0.6],8,0.0
63,0,0,63,0,0,[0 0 10 0],[0 0 0 8],[0.9 0.8 0.7 0.6],8,0.0
64,0,0,64,0,0,[0 0 10 0],[0 0 0 8],[0.9 0.8 0.7 0.6],8,0.0
65,0,0,65,0,0,[10 0 0 0],[0 4 4 4],[0.9 0.8 0.7 0.6],4,0.0
66,0,0,66,0,0,[8 0 0 0],[0 3 3 4],[0.9 0.8 0.7 0.6],5,0.0
67,0,0,67,0,0,[0 0 10 0],[0 0 0 8],[0.9 0.8 0.7 0.6],8,0.0
68,0,0,68,0,0,[7 0 0 0],[0 3 3 3],[0.9 0.8 0.7 0.6],1,0.0
69,0,0,69,0,0,[0 10 0 0],[0 0 6 6],[0.9 0.8 0.7 0.6],3,0.0
70,0,0,70,0,0,[10 0 0 0],[0 4 4 4],[0.9 0.8 0.7 0.6],4,0.0
71,0,0,71,0,0,[0 8 0 0],[0 0 5 4],[0.9 0.8 0.7 0.6],7,0.0
72,0,0,72,0,0,[0 0 10 0],[0 0 0 8],[0.9 0.8 0.7 0.6],8,0.0
73,0,0,73,0,0,[7 0 0 0],[0 3 3 3],[0.9 0.8 0.7 0.6],1,0.0
74,0,0,74,0,0,[9 0 0 0],[0 5 3 3],[0.9 0.8 0.7 0.6],2,0.0
75,0,0,75,0,0,[9 0 0 0],[0 5 3 3],[0.9 0.8 0.7 0.6],2,0.0
76,0,0,76,0,0,[0 8 0 0],[0 0 5 4],[0.9 0.8 0.7 0.6],7,0.0
77,0,0,77,0,0,[8 0 0 0],[0 3 3 4],[0.9 0.8 0.7 0.6],5,0.0
78,0,0,78,0,0,[9 0 0 0],[0 5 3 3],[0.9 0.8 0.7 0.6],2,0.0
79,0,0,79,0,0,[10 10 0 0],[0 0 4 4],[0.9 0.8 0.7 0.6],6,0.0
80,0,0,80,0,0,[0 0 10 0],[0 0 0 8],[0.9 0.8 0.7 0.6],8,0.0
81,0,0,81,0,0,[0 10 0 0],[0 0 6 6],[0.9 0.8 0.7 0.6],3,0.0
82,0,0,82,0,0,[0 8 0 0],[0 0 5 4],[0.9 0.8 0.7 0.6],7,0.0
83,0,0,83,0,0,[9 0 0 0],[0 5 3 3],[0.9 0.8 0.7 0.6],2,0.0
84,0,0,84,0,0,[10 0 0 0],[0 4 4 4],[0.9 0.8 0.7 0.6],4,0.0
85,0,0,85,0,0,[8 0 0 0],[0 3 3 4],[0.9 0.8 0.7 0.6],5,0.0
86,0,0,86,0,0,[0 0 10 0],[0 0 0 8],[0.9 0.8 0.7 0.6],8,0.0
87,0,0,87,0,0,[8 0 0 0],[0 3 3 4],[0.9 0.8 0.7 0.6],5,0.0
88,0,0,88,0,0,[9 0 0 0],[0 5 3 3],[0.9 0.8 0.7 0.6],2,0.0
89,0,0,89,0,0,[9 0 0 0],[0 5 3 3],[0.9 0.8 0.7 0.6],2,0.0
90,0,0,90,0,0,[10 10 0 0],[0 0 4 4],[0.9 0.8 0.7 0.6],6,0.0
91,0,0,91,0,0,[0 0 10 0],[0 0 0 8],[0.9 0.8 0.7 0.6],8,0.0
92,0,0,92,0,0,[0 8 0 0],[0 0 5 4],[0.9 0.8 0.7 0.6],7,0.0
93,0,0,93,0,0,[9 0 0 0],[0 5 3 3],[0.9 0.8 0.7 0.6],2,0.0
94,0,0,94,0,0,[0 10 0 0],[0 0 6 6],[0.9 0.8 0.7 0.6],3,0.0
95,0,0,95,0,0,[0 10 0 0],[0 0 6 6],[0.9 0.8 0.7 0.6],3,0.0
96,1,0,0,0,0,[7 0 0 0],[0 3 3 3],[0.9 0.8 0.7 0.6],1,0.0
97,1,0,1,0,0,[9 0 0 0],[0 5 3 3],[0.9 0.8 0.7 0.6],2,0.0
98,1,0,2,0,0,[0 10 0 0],[0 0 6 6],[0.9 0.8 0.7 0.6],3,0.0
99,1,0,3,1,0,[9 0 0 0],[0 5 3 3],[0.9 0.8 0.7 0.6],2,0.0
100,1,0,4,0,0,[10 0 0 0],[0 4 4 4],[0.9 0.8 0.7 0.6],4,0.0
101,1,0,5,0,0,[8 0 0 0],[0 3 3 4],[0.9 0.8 0.7 0.6],5,0.0
102,1,0,6,0,0,[7 0 0 0],[0 3 3 3],[0.9 0.8 0.7 0.6],1,0.0
103,1,0,7,0,0,[8 0 0 0],[0 3 3 4],[0.9 0.8 0.7 0.6],5,0.0
104,1,0,8,0,0,[7 0 0 0],[0 3 3 3],[0.9 0.8 0.7 0.6],1,0.0
105,1,0,9,0,0,[10 0 0 0],[0 4 4 4],[0.9 0.8 0.7 0.6],4,0.0
106,1,0,10,1,0,[10 10 0 0],[0 0 4 4],[0.9 0.8 0.7 0.6],6,0.0
107,1,0,11,0,0,[0 8 0 0],[0 0 5 4],[0.9 0.8 0.7 0.6],7,0.0
108,1,0,12,0,0,[0 0 10 0],[0 0 0 8],[0.9 0.8 0.7 0.6],8,0.0
109,1,0,13,0,0,[0 10 0 0],[0 0 6 6],[0.9 0.8 0.7 0.6],3,0.0
110,1,0,14,1,0,[8 0 0 0],[0 3 3 4],[0.9 0.8 0.7 0.6],5,0.0
111,1,0,15,0,0,[0 8 0 0],[0 0 5 4],[0.9 0.8 0.7 0.6],7,0.0
112,1,0,16,0,0,[10 10 0 0],[0 0 4 4],[0.9 0.8 0.7 0.6],6,0.0
113,1,0,17,0,0,[0 10 0 0],[0 0 6 6],[0.9 0.8 0.7 0.6],3,0.0
114,1,0,18,0,0,[0 0 10 0],[0 0 0 8],[0.9 0.8 0.7 0.6],8,0.0
115,1,0,19,0,0,[10 10 0 0],[0 0 4 4],[0.9 0.8 0.7 0.6],6,0.0
116,1,0,20,1,0,[0 10 0 0],[0 0 6 6],[0.9 0.8 0.7 0.6],3,0.0
117,1,0,21,0,0,[10 0 0 0],[0 4 4 4],[0.9 0.8 0.7 0.6],4,0.0
118,1,0,22,0,0,[8 0 0 0],[0 3 3 4],[0.9 0.8 0.7 0.6],5,0.0
119,1,0,23,0,0,[0 8 0 0],[0 0 5 4],[0.9 0.8 0.7 0.6],7,0.0
120,1,0,24,0,0,[10 10 0 0],[0 0 4 4],[0.9 0.8 0.7 0.6],6,0.0
121,1,0,25,0,0,[10 0 0 0],[0 4 4 4],[0.9 0.8 0.7 0.6],4,0.0
122,1,0,26,0,0,[8 0 0 0],[0 3 3 4],[0.9 0.8 0.7 0.6],5,0.0
123,1,0,27,0,0,[10 0 0 0],[0 4 4 4],[0.9 0.8 0.7 0.6],4,0.0
124,1,0,28,0,0,[10 10 0 0],[0 0 4 4],[0.9 0.8 0.7 0.6],6,0.0
125,1,0,29,0,0,[10 10 0 0],[0 0 4 4],[0.9 0.8 0.7 0.6],6,0.0
126,1,0,30,0,0,[7 0 0 0],[0 3 3 3],[0.9 0.8 0.7 0.6],1,0.0
127,1,0,31,0,0,[10 0 0 0],[0 4 4 4],[0.9 0.8 0.7 0.6],4,0.0
128,1,0,32,0,0,[10 0 0 0],[0 4 4 4],[0.9 0.8 0.7 0.6],4,0.0
129,1,0,33,1,0,[0 8 0 0],[0 0 5 4],[0.9 0.8 0.7 0.6],7,0.0
130,1,0,34,1,0,[7 0 0 0],[0 3 3 3],[0.9 0.8 0.7 0.6],1,0.0
131,1,0,35,1,0,[0 10 0 0],[0 0 6 6],[0.9 0.8 0.7 0.6],3,0.0
132,1,0,36,0,0,[9 0 0 0],[0 5 3 3],[0.9 0.8 0.7 0.6],2,0.0
133,1,0,37,0,0,[7 0 0 0],[0 3 3 3],[0.9 0.8 0.7 0.6],1,0.0
134,1,0,38,0,0,[0 8 0 0],[0 0 5 4],[0.9 0.8 0.7 0.6],7,0.0
135,1,0,39,0,0,[9 0 0 0],[0 5 3 3],[0.9 0.8 0.7 0.6],2,0.0
136,1,0,40,0,0,[8 0 0 0],[0 3 3 4],[0.9 0.8 0.7 0.6],5,0.0
137,1,0,41,0,0,[10 10 0 0],[0 0 4 4],[0.9 0.8 0.7 0.6],6,0.0
138,1,0,42,0,0,[10 0 0 0],[0 4 4 4],[0.9 0.8 0.7 0.6],4,0.0
139,1,0,43,0,0,[0 0 10 0],[0 0 0 8],[0.9 0.8 0.7 0.6],8,0.0
140,1,0,44,0,0,[0 0 10 0],[0 0 0 8],[0.9 0.8 0.7 0.6],8,0.0
141,1,0,45,0,0,[7 0 0 0],[0 3 3 3],[0.9 0.8 0.7 0.6],1,0.0
142,1,0,46,1,0,[7 0 0 0],[0 3 3 3],[0.9 0.8 0.7 0.6],1,0.0
143,1,0,47,1,0,[0 8 0 0],[0 0 5 4],[0.9 0.8 0.7 0.6],7,0.0
144,1,0,48,1,0,[9 0 0 0],[0 5 3 3],[0.9 0.8 0.7 0.6],2,0.0
145,1,0,49,0,0,[0 8 0 0],[0 0 5 4],[0.9 0.8 0.7 0.6],7,0.0
146,1,0,50,0,0,[10 10 0 0],[0 0 4 4],[0.9 0.8 0.7 0.6],6,0.0
147,1,0,51,1,0,[7 0 0 0],[0 3 3 3],[0.9 0.8 0.7 0.6],1,0.0
148,1,0,52,0,0,[8 0 0 0],[0 3 3 4],[0.9 0.8 0.7 0.6],5,0.0
149,1,0,53,0,0,[0 10 0 0],[0 0 6 6],[0.9 0.8 0.7 0.6],3,0.0
150,1,0,54,0,0,[0 10 0 0],[0 0 6 6],[0.9 0.8 0.7 0.6],3,0.0
151,1,0,55,0,0,[10 10 0 0],[0 0 4 4],[0.9 0.8 0.7 0.6],6,0.0
152,1,0,56,0,0,[8 0 0 0],[0 3 3 4],[0.9 0.8 0.7 0.6],5,0.0
153,1,0,57,0,0,[10 10 0 0],[0 0 4 4],[0.9 0.8 0.7 0.6],6,0.0
154,1,0,58,0,0,[0 10 0 0],[0 0 6 6],[0.9 0.8 0.7 0.6],3,0.0
155,1,0,59,0,0,[0 8 0 0],[0 0 5 4],[0.9 0.8 0.7 0.6],7,0.0
156,1,0,60,0,0,[7 0 0 0],[0 3 3 3],[0.9 0.8 0.7 0.6],1,0.0
157,1,0,61,0,0,[10 0 0 0],[0 4 4 4],[0.9 0.8 0.7 0.6],4,0.0
158,1,0,62,0,0,[0 0 10 0],[0 0 0 8],[0.9 0.8 0.7 0.6],8,0.0
159,1,0,63,0,0,[0 0 10 0],[0 0 0 8],[0.9 0.8 0.7 0.6],8,0.0
160,1,0,64,0,0,[0 0 10 0],[0 0 0 8],[0.9 0.8 0.7 0.6],8,0.0
161,1,0,65,0,0,[10 0 0 0],[0 4 4 4],[0.9 0.8 0.7 0.6],4,0.0
162,1,0,66,0,0,[8 0 0 0],[0 3 3 4],[0.9 0.8 0.7 0.6],5,0.0
163,1,0,67,0,0,[0 0 10 0],[0 0 0 8],[0.9 0.8 0.7 0.6],8,0.0
164,1,0,68,0,0,[7 0 0 0],[0 3 3 3],[0.9 0.8 0.7 0.6],1,0.0
165,1,0,69,0,0,[0 10 0 0],[0 0 6 6],[0.9 0.8 0.7 0.6],3,0.0
166,1,0,70,0,0,[10 0 0 0],[0 4 4 4],[0.9 0.8 0.7 0.6],4,0.0
167,1,0,71,0,0,[0 8 0 0],[0 0 5 4],[0.9 0.8 0.7 0.6],7,0.0
168,1,0,72,0,0,[0 0 10 0],[0 0 0 8],[0.9 0.8 0.7 0.6],8,0.0
169,1,0,73,0,0,[7 0 0 0],[0 3 3 3],[0.9 0.8 0.7 0.6],1,0.0
170,1,0,74,0,0,[9 0 0 0],[0 5 3 3],[0.9 0.8 0.7 0.6],2,0.0
171,1,0,75,0,0,[9 0 0 0],[0 5 3 3],[0.9 0.8 0.7 0.6],2,0.0
172,1,0,76,0,0,[0 8 0 0],[0 0 5 4],[0.9 0.8 0.7 0.6],7,0.0
173,1,0,77,0,0,[8 0 0 0],[0 3 3 4],[0.9 0.8 0.7 0.6],5,0.0
174,1,0,78,0,0,[9 0 0 0],[0 5 3 3],[0.9 0.8 0.7 0.6],2,0.0
175,1,0,79,0,0,[10 10 0 0],[0 0 4 4],[0.9 0.8 0.7 0.6],6,0.0
176,1,0,80,0,0,[0 0 10 0],[0 0 0 8],[0.9 0.8 0.7 0.6],8,0.0
177,1,0,81,0,0,[0 10 0 0],[0 0 6 6],[0.9 0.8 0.7 0.6],3,0.0
178,1,0,82,0,0,[0 8 0 0],[0 0 5 4],[0.9 0.8 0.7 0.6],7,0.0
179,1,0,83,0,0,[9 0 0 0],[0 5 3 3],[0.9 0.8 0.7 0.6],2,0.0
180,1,0,84,0,0,[10 0 0 0],[0 4 4 4],[0.9 0.8 0.7 0.6],4,0.0
181,1,0,85,0,0,[8 0 0 0],[0 3 3 4],[0.9 0.8 0.7 0.6],5,0.0
182,1,0,86,0,0,[0 0 10 0],[0 0 0 8],[0.9 0.8 0.7 0.6],8,0.0
183,1,0,87,0,0,[8 0 0 0],[0 3 3 4],[0.9 0.8 0.7 0.6],5,0.0
184,1,0,88,0,0,[9 0 0 0],[0 5 3 3],[0.9 0.8 0.7 0.6],2,0.0
185,1,0,89,0,0,[9 0 0 0],[0 5 3 3],[0.9 0.8 0.7 0.6],2,0.0
186,1,0,90,0,0,[10 10 0 0],[0 0 4 4],[0.9 0.8 0.7 0.6],6,0.0
187,1,0,91,0,0,[0 0 10 0],[0 0 0 8],[0.9 0.8 0.7 0.6],8,0.0
188,1,0,92,0,0,[0 8 0 0],[0 0 5 4],[0.9 0.8 0.7 0.6],7,0.0
189,1,0,93,1,0,[9 0 0 0],[0 5 3 3],[0.9 0.8 0.7 0.6],2,0.0
190,1,0,94,1,0,[0 10 0 0],[0 0 6 6],[0.9 0.8 0.7 0.6],3,0.0
191,1,0,95,1,0,[0 10 0 0],[0 0 6 6],[0.9 0.8 0.7 0.6],3,0.0
192,2,0,0,1,0,[7 0 0 0],[0 3 3 3],[0.9 0.8 0.7 0.6],1,0.0
193,2,0,1,0,0,[9 0 0 0],[0 5 3 3],[0.9 0.8 0.7 0.6],2,0.0
194,2,0,2,0,0,[0 10 0 0],[0 0 6 6],[0.9 0.8 0.7 0.6],3,0.0
195,2,0,3,0,0,[9 0 0 0],[0 5 3 3],[0.9 0.8 0.7 0.6],2,0.0
196,2,0,4,0,0,[10 0 0 0],[0 4 4 4],[0.9 0.8 0.7 0.6],4,0.0
197,2,0,5,0,0,[8 0 0 0],[0 3 3 4],[0.9 0.8 0.7 0.6],5,0.0
198,2,0,6,0,0,[7 0 0 0],[0 3 3 3],[0.9 0.8 0.7 0.6],1,0.0
199,2,0,7,0,0,[8 0 0 0],[0 3 3 4],[0.9 0.8 0.7 0.6],5,0.0
200,2,0,8,0,0,[7 0 0 0],[0 3 3 3],[0.9 0.8 0.7 0.6],1,0.0
201,2,0,9,0,0,[10 0 0 0],[0 4 4 4],[0.9 0.8 0.7 0.6],4,0.0
202,2,0,10,0,0,[10 10 0 0],[0 0 4 4],[0.9 0.8 0.7 0.6],6,0.0
203,2,0,11,0,0,[0 8 0 0],[0 0 5 4],[0.9 0.8 0.7 0.6],7,0.0
204,2,0,12,0,0,[0 0 10 0],[0 0 0 8],[0.9 0.8 0.7 0.6],8,0.0
205,2,0,13,1,0,[0 10 0 0],[0 0 6 6],[0.9 0.8 0.7 0.6],3,0.0
206,2,0,14,0,0,[8 0 0 0],[0 3 3 4],[0.9 0.8 0.7 0.6],5,0.0
207,2,0,15,0,0,[0 8 0 0],[0 0 5 4],[0.9 0.8 0.7 0.6],7,0.0
208,2,0,16,0,0,[10 10 0 0],[0 0 4 4],[0.9 0.8 0.7 0.6],6,0.0
209,2,0,17,1,0,[0 10 0 0],[0 0 6 6],[0.9 0.8 0.7 0.6],3,0.0
210,2,0,18,0,0,[0 0 10 0],[0 0 0 8],[0.9 0.8 0.7 0.6],8,0.0
211,2,0,19,0,0,[10 10 0 0],[0 0 4 4],[0.9 0.8 0.7 0.6],6,0.0
212,2,0,20,1,0,[0 10 0 0],[0 0 6 6],[0.9 0.8 0.7 0.6],3,0.0
213,2,0,21,0,0,[10 0 0 0],[0 4 4 4],[0.9 0.8 0.7 0.6],4,0.0
214,2,0,22,0,0,[8 0 0 0],[0 3 3 4],[0.9 0.8 0.7 0.6],5,0.0
215,2,0,23,0,0,[0 8 0 0],[0 0 5 4],[0.9 0.8 0.7 0.6],7,0.0
216,2,0,24,0,0,[10 10 0 0],[0 0 4 4],[0.9 0.8 0.7 0.6],6,0.0
217,2,0,25,0,0,[10 0 0 0],[0 4 4 4],[0.9 0.8 0.7 0.6],4,0.0
218,2,0,26,0,0,[8 0 0 0],[0 3 3 4],[0.9 0.8 0.7 0.6],5,0.0
219,2,0,27,0,0,[10 0 0 0],[0 4 4 4],[0.9 0.8 0.7 0.6],4,0.0
220,2,0,28,0,0,[10 10 0 0],[0 0 4 4],[0.9 0.8 0.7 0.6],6,0.0
221,2,0,29,0,0,[10 10 0 0],[0 0 4 4],[0.9 0.8 0.7 0.6],6,0.0
222,2,0,30,0,0,[7 0 0 0],[0 3 3 3],[0.9 0.8 0.7 0.6],1,0.0
223,2,0,31,0,0,[10 0 0 0],[0 4 4 4],[0.9 0.8 0.7 0.6],4,0.0
224,2,0,32,0,0,[10 0 0 0],[0 4 4 4],[0.9 0.8 0.7 0.6],4,0.0
225,2,0,33,0,0,[0 8 0 0],[0 0 5 4],[0.9 0.8 0.7 0.6],7,0.0
226,2,0,34,0,0,[7 0 0 0],[0 3 3 3],[0.9 0.8 0.7 0.6],1,0.0
227,2,0,35,1,0,[0 10 0 0],[0 0 6 6],[0.9 0.8 0.7 0.6],3,0.0
228,2,0,36,0,0,[9 0 0 0],[0 5 3 3],[0.9 0.8 0.7 0.6],2,0.0
229,2,0,37,0,0,[7 0 0 0],[0 3 3 3],[0.9 0.8 0.7 0.6],1,0.0
230,2,0,38,0,0,[0 8 0 0],[0 0 5 4],[0.9 0.8 0.7 0.6],7,0.0
231,2,0,39,0,0,[9 0 0 0],[0 5 3 3],[0.9 0.8 0.7 0.6],2,0.0
232,2,0,40,0,0,[8 0 0 0],[0 3 3 4],[0.9 0.8 0.7 0.6],5,0.0
233,2,0,41,0,0,[10 10 0 0],[0 0 4 4],[0.9 0.8 0.7 0.6],6,0.0
234,2,0,42,0,0,[10 0 0 0],[0 4 4 4],[0.9 0.8 0.7 0.6],4,0.0
235,2,0,43,0,0,[0 0 10 0],[0 0 0 8],[0.9 0.8 0.7 0.6],8,0.0
236,2,0,44,0,0,[0 0 10 0],[0 0 0 8],[0.9 0.8 0.7 0.6],8,0.0
237,2,0,45,0,0,[7 0 0 0],[0 3 3 3],[0.9 0.8 0.7 0.6],1,0.0
238,2,0,46,0,0,[7 0 0 0],[0 3 3 3],[0.9 0.8 0.7 0.6],1,0.0
239,2,0,47,0,0,[0 8 0 0],[0 0 5 4],[0.9 0.8 0.7 0.6],7,0.0
240,2,0,48,0,0,[9 0 0 0],[0 5 3 3],[0.9 0.8 0.7 0.6],2,0.0
241,2,0,49,0,0,[0 8 0 0],[0 0 5 4],[0.9 0.8 0.7 0.6],7,0.0
242,2,0,50,0,0,[10 10 0 0],[0 0 4 4],[0.9 0.8 0.7 0.6],6,0.0
243,2,0,51,0,0,[7 0 0 0],[0 3 3 3],[0.9 0.8 0.7 0.6],1,0.0
244,2,0,52,0,0,[8 0 0 0],[0 3 3 4],[0.9 0.8 0.7 0.6],5,0.0
245,2,0,53,1,0,[0 10 0 0],[0 0 6 6],[0.9 0.8 0.7 0.6],3,0.0
246,2,0,54,1,0,[0 10 0 0],[0 0 6 6],[0.9 0.8 0.7 0.6],3,0.0
247,2,0,55,0,0,[10 10 0 0],[0 0 4 4],[0.9 0.8 0.7 0.6],6,0.0
248,2,0,56,0,0,[8 0 0 0],[0 3 3 4],[0.9 0.8 0.7 0.6],5,0.0
249,2,0,57,0,0,[10 10 0 0],[0 0 4 4],[0.9 0.8 0.7 0.6],6,0.0
250,2,0,58,0,0,[0 10 0 0],[0 0 6 6],[0.9 0.8 0.7 0.6],3,0.0
251,2,0,59,0,0,[0 8 0 0],[0 0 5 4],[0.9 0.8 0.7 0.6],7,0.0
252,2,0,60,0,0,[7 0 0 0],[0 3 3 3],[0.9 0.8 0.7 0.6],1,0.0
253,2,0,61,0,0,[10 0 0 0],[0 4 4 4],[0.9 0.8 0.7 0.6],4,0.0
254,2,0,62,0,0,[0 0 10 0],[0 0 0 8],[0.9 0.8 0.7 0.6],8,0.0
255,2,0,63,0,0,[0 0 10 0],[0 0 0 8],[0.9 0.8 0.7 0.6],8,0.0
256,2,0,64,0,0,[0 0 10 0],[0 0 0 8],[0.9 0.8 0.7 0.6],8,0.0
257,2,0,65,0,0,[10 0 0 0],[0 4 4 4],[0.9 0.8 0.7 0.6],4,0.0
258,2,0,66,0,0,[8 0 0 0],[0 3 3 4],[0.9 0.8 0.7 0.6],5,0.0
259,2,0,67,0,0,[0 0 10 0],[0 0 0 8],[0.9 0.8 0.7 0.6],8,0.0
260,2,0,68,0,0,[7 0 0 0],[0 3 3 3],[0.9 0.8 0.7 0.6],1,0.0
261,2,0,69,0,0,[0 10 0 0],[0 0 6 6],[0.9 0.8 0.7 0.6],3,0.0
262,2,0,70,0,0,[10 0 0 0],[0 4 4 4],[0.9 0.8 0.7 0.6],4,0.0
263,2,0,71,0,0,[0 8 0 0],[0 0 5 4],[0.9 0.8 0.7 0.6],7,0.0
264,2,0,72,0,0,[0 0 10 0],[0 0 0 8],[0.9 0.8 0.7 0.6],8,0.0
265,2,0,73,0,0,[7 0 0 0],[0 3 3 3],[0.9 0.8 0.7 0.6],1,0.0
266,2,0,74,0,0,[9 0 0 0],[0 5 3 3],[0.9 0.8 0.7 0.6],2,0.0
267,2,0,75,0,0,[9 0 0 0],[0 5 3 3],[0.9 0.8 0.7 0.6],2,0.0
268,2,0,76,0,0,[0 8 0 0],[0 0 5 4],[0.9 0.8 0.7 0.6],7,0.0
269,2,0,77,0,0,[8 0 0 0],[0 3 3 4],[0.9 0.8 0.7 0.6],5,0.0
270,2,0,78,0,0,[9 0 0 0],[0 5 3 3],[0.9 0.8 0.7 0.6],2,0.0
271,2,0,79,0,0,[10 10 0 0],[0 0 4 4],[0.9 0.8 0.7 0.6],6,0.0
272,2,0,80,0,0,[0 0 10 0],[0 0 0 8],[0.9 0.8 0.7 0.6],8,0.0
273,2,0,81,1,0,[0 10 0 0],[0 0 6 6],[0.9 0.8 0.7 0.6],3,0.0
274,2,0,82,0,0,[0 8 0 0],[0 0 5 4],[0.9 0.8 0.7 0.6],7,0.0
275,2,0,83,0,0,[9 0 0 0],[0 5 3 3],[0.9 0.8 0.7 0.6],2,0.0
276,2,0,84,0,0,[10 0 0 0],[0 4 4 4],[0.9 0.8 0.7 0.6],4,0.0
277,2,0,85,0,0,[8 0 0 0],[0 3 3 4],[0.9 0.8 0.7 0.6],5,0.0
278,2,0,86,0,0,[0 0 10 0],[0 0 0 8],[0.9 0.8 0.7 0.6],8,0.0
279,2,0,87,0,0,[8 0 0 0],[0 3 3 4],[0.9 0.8 0.7 0.6],5,0.0
280,2,0,88,0,0,[9 0 0 0],[0 5 3 3],[0.9 0.8 0.7 0.6],2,0.0
281,2,0,89,0,0,[9 0 0 0],[0 5 3 3],[0.9 0.8 0.7 0.6],2,0.0
282,2,0,90,0,0,[10 10 0 0],[0 0 4 4],[0.9 0.8 0.7 0.6],6,0.0
283,2,0,91,0,0,[0 0 10 0],[0 0 0 8],[0.9 0.8 0.7 0.6],8,0.0
284,2,0,92,0,0,[0 8 0 0],[0 0 5 4],[0.9 0.8 0.7 0.6],7,0.0
285,2,0,93,0,0,[9 0 0 0],[0 5 3 3],[0.9 0.8 0.7 0.6],2,0.0
286,2,0,94,0,0,[0 10 0 0],[0 0 6 6],[0.9 0.8 0.7 0.6],3,0.0
287,2,0,95,0,0,[0 10 0 0],[0 0 6 6],[0.9 0.8 0.7 0.6],3,0.0
288,3,0,0,0,0,[7 0 0 0],[0 3 3 3],[0.9 0.8 0.7 0.6],1,0.0
289,3,0,1,0,0,[9 0 0 0],[0 5 3 3],[0.9 0.8 0.7 0.6],2,0.0
290,3,0,2,0,0,[0 10 0 0],[0 0 6 6],[0.9 0.8 0.7 0.6],3,0.0
291,3,0,3,0,0,[9 0 0 0],[0 5 3 3],[0.9 0.8 0.7 0.6],2,0.0
292,3,0,4,1,0,[10 0 0 0],[0 4 4 4],[0.9 0.8 0.7 0.6],4,0.0
293,3,0,5,0,0,[8 0 0 0],[0 3 3 4],[0.9 0.8 0.7 0.6],5,0.0
294,3,0,6,0,0,[7 0 0 0],[0 3 3 3],[0.9 0.8 0.7 0.6],1,0.0
295,3,0,7,0,0,[8 0 0 0],[0 3 3 4],[0.9 0.8 0.7 0.6],5,0.0
296,3,0,8,1,0,[7 0 0 0],[0 3 3 3],[0.9 0.8 0.7 0.6],1,0.0
297,3,0,9,1,0,[10 0 0 0],[0 4 4 4],[0.9 0.8 0.7 0.6],4,0.0
298,3,0,10,0,0,[10 10 0 0],[0 0 4 4],[0.9 0.8 0.7 0.6],6,0.0
299,3,0,11,1,0,[0 8 0 0],[0 0 5 4],[0.9 0.8 0.7 0.6],7,0.0
300,3,0,12,0,0,[0 0 10 0],[0 0 0 8],[0.9 0.8 0.7 0.6],8,0.0
301,3,0,13,1,0,[0 10 0 0],[0 0 6 6],[0.9 0.8 0.7 0.6],3,0.0
302,3,0,14,0,0,[8 0 0 0],[0 3 3 4],[0.9 0.8 0.7 0.6],5,0.0
303,3,0,15,1,0,[0 8 0 0],[0 0 5 4],[0.9 0.8 0.7 0.6],7,0.0
304,3,0,16,1,0,[10 10 0 0],[0 0 4 4],[0.9 0.8 0.7 0.6],6,0.0
305,3,0,17,0,0,[0 10 0 0],[0 0 6 6],[0.9 0.8 0.7 0.6],3,0.0
306,3,0,18,0,0,[0 0 10 0],[0 0 0 8],[0.9 0.8 0.7 0.6],8,0.0
307,3,0,19,1,0,[10 10 0 0],[0 0 4 4],[0.9 0.8 0.7 0.6],6,0.0
308,3,0,20,0,0,[0 10 0 0],[0 0 6 6],[0.9 0.8 0.7 0.6],3,0.0
309,3,0,21,0,0,[10 0 0 0],[0 4 4 4],[0.9 0.8 0.7 0.6],4,0.0
310,3,0,22,1,0,[8 0 0 0],[0 3 3 4],[0.9 0.8 0.7 0.6],5,0.0
311,3,0,23,0,0,[0 8 0 0],[0 0 5 4],[0.9 0.8 0.7 0.6],7,0.0
312,3,0,24,1,0,[10 10 0 0],[0 0 4 4],[0.9 0.8 0.7 0.6],6,0.0
313,3,0,25,0,0,[10 0 0 0],[0 4 4 4],[0.9 0.8 0.7 0.6],4,0.0
314,3,0,26,1,0,[8 0 0 0],[0 3 3 4],[0.9 0.8 0.7 0.6],5,0.0
315,3,0,27,1,0,[10 0 0 0],[0 4 4 4],[0.9 0.8 0.7 0.6],4,0.0
316,3,0,28,0,0,[10 10 0 0],[0 0 4 4],[0.9 0.8 0.7 0.6],6,0.0
317,3,0,29,1,0,[10 10 0 0],[0 0 4 4],[0.9 0.8 0.7 0.6],6,0.0
318,3,0,30,1,0,[7 0 0 0],[0 3 3 3],[0.9 0.8 0.7 0.6],1,0.0
319,3,0,31,1,0,[10 0 0 0],[0 4 4 4],[0.9 0.8 0.7 0.6],4,0.0
320,3,0,32,0,0,[10 0 0 0],[0 4 4 4],[0.9 0.8 0.7 0.6],4,0.0
321,3,0,33,0,0,[0 8 0 0],[0 0 5 4],[0.9 0.8 0.7 0.6],7,0.0
322,3,0,34,0,0,[7 0 0 0],[0 3 3 3],[0.9 0.8 0.7 0.6],1,0.0
323,3,0,35,1,0,[0 10 0 0],[0 0 6 6],[0.9 0.8 0.7 0.6],3,0.0
324,3,0,36,0,0,[9 0 0 0],[0 5 3 3],[0.9 0.8 0.7 0.6],2,0.0
325,3,0,37,1,0,[7 0 0 0],[0 3 3 3],[0.9 0.8 0.7 0.6],1,0.0
326,3,0,38,0,0,[0 8 0 0],[0 0 5 4],[0.9 0.8 0.7 0.6],7,0.0
327,3,0,39,1,0,[9 0 0 0],[0 5 3 3],[0.9 0.8 0.7 0.6],2,0.0
328,3,0,40,1,0,[8 0 0 0],[0 3 3 4],[0.9 0.8 0.7 0.6],5,0.0
329,3,0,41,0,0,[10 10 0 0],[0 0 4 4],[0.9 0.8 0.7 0.6],6,0.0
330,3,0,42,0,0,[10 0 0 0],[0 4 4 4],[0.9 0.8 0.7 0.6],4,0.0
331,3,0,43,0,0,[0 0 10 0],[0 0 0 8],[0.9 0.8 0.7 0.6],8,0.0
332,3,0,44,0,0,[0 0 10 0],[0 0 0 8],[0.9 0.8 0.7 0.6],8,0.0
333,3,0,45,1,0,[7 0 0 0],[0 3 3 3],[0.9 0.8 0.7 0.6],1,0.0
334,3,0,46,1,0,[7 0 0 0],[0 3 3 3],[0.9 0.8 0.7 0.6],1,0.0
335,3,0,47,1,0,[0 8 0 0],[0 0 5 4],[0.9 0.8 0.7 0.6],7,0.0
336,3,0,48,1,0,[9 0 0 0],[0 5 3 3],[0.9 0.8 0.7 0.6],2,0.0
337,3,0,49,0,0,[0 8 0 0],[0 0 5 4],[0.9 0.8 0.7 0.6],7,0.0
338,3,0,50,0,0,[10 10 0 0],[0 0 4 4],[0.9 0.8 0.7 0.6],6,0.0
339,3,0,51,1,0,[7 0 0 0],[0 3 3 3],[0.9 0.8 0.7 0.6],1,0.0
340,3,0,52,1,0,[8 0 0 0],[0 3 3 4],[0.9 0.8 0.7 0.6],5,0.0
341,3,0,53,0,0,[0 10 0 0],[0 0 6 6],[0.9 0.8 0.7 0.6],3,0.0
342,3,0,54,1,0,[0 10 0 0],[0 0 6 6],[0.9 0.8 0.7 0.6],3,0.0
343,3,0,55,0,0,[10 10 0 0],[0 0 4 4],[0.9 0.8 0.7 0.6],6,0.0
344,3,0,56,0,0,[8 0 0 0],[0 3 3 4],[0.9 0.8 0.7 0.6],5,0.0
345,3,0,57,0,0,[10 10 0 0],[0 0 4 4],[0.9 0.8 0.7 0.6],6,0.0
346,3,0,58,0,0,[0 10 0 0],[0 0 6 6],[0.9 0.8 0.7 0.6],3,0.0
347,3,0,59,0,0,[0 8 0 0],[0 0 5 4],[0.9 0.8 0.7 0.6],7,0.0
348,3,0,60,1,0,[7 0 0 0],[0 3 3 3],[0.9 0.8 0.7 0.6],1,0.0
349,3,0,61,0,0,[10 0 0 0],[0 4 4 4],[0.9 0.8 0.7 0.6],4,0.0
350,3,0,62,0,0,[0 0 10 0],[0 0 0 8],[0.9 0.8 0.7 0.6],8,0.0
351,3,0,63,0,0,[0 0 10 0],[0 0 0 8],[0.9 0.8 0.7 0.6],8,0.0
352,3,0,64,0,0,[0 0 10 0],[0 0 0 8],[0.9 0.8 0.7 0.6],8,0.0
353,3,0,65,1,0,[10 0 0 0],[0 4 4 4],[0.9 0.8 0.7 0.6],4,0.0
354,3,0,66,1,0,[8 0 0 0],[0 3 3 4],[0.9 0.8 0.7 0.6],5,0.0
355,3,0,67,0,0,[0 0 10 0],[0 0 0 8],[0.9 0.8 0.7 0.6],8,0.0
356,3,0,68,0,0,[7 0 0 0],[0 3 3 3],[0.9 0.8 0.7 0.6],1,0.0
357,3,0,69,1,0,[0 10 0 0],[0 0 6 6],[0.9 0.8 0.7 0.6],3,0.0
358,3,0,70,0,0,[10 0 0 0],[0 4 4 4],[0.9 0.8 0.7 0.6],4,0.0
359,3,0,71,1,0,[0 8 0 0],[0 0 5 4],[0.9 0.8 0.7 0.6],7,0.0
360,3,0,72,0,0,[0 0 10 0],[0 0 0 8],[0.9 0.8 0.7 0.6],8,0.0
361,3,0,73,1,0,[7 0 0 0],[0 3 3 3],[0.9 0.8 0.7 0.6],1,0.0
362,3,0,74,0,0,[9 0 0 0],[0 5 3 3],[0.9 0.8 0.7 0.6],2,0.0
363,3,0,75,1,0,[9 0 0 0],[0 5 3 3],[0.9 0.8 0.7 0.6],2,0.0
364,3,0,76,0,0,[0 8 0 0],[0 0 5 4],[0.9 0.8 0.7 0.6],7,0.0
365,3,0,77,1,0,[8 0 0 0],[0 3 3 4],[0.9 0.8 0.7 0.6],5,0.0
366,3,0,78,1,0,[9 0 0 0],[0 5 3 3],[0.9 0.8 0.7 0.6],2,0.0
367,3,0,79,1,0,[10 10 0 0],[0 0 4 4],[0.9 0.8 0.7 0.6],6,0.0
368,3,0,80,0,0,[0 0 10 0],[0 0 0 8],[0.9 0.8 0.7 0.6],8,0.0
369,3,0,81,1,0,[0 10 0 0],[0 0 6 6],[0.9 0.8 0.7 0.6],3,0.0
370,3,0,82,0,0,[0 8 0 0],[0 0 5 4],[0.9 0.8 0.7 0.6],7,0.0
371,3,0,83,1,0,[9 0 0 0],[0 5 3 3],[0.9 0.8 0.7 0.6],2,0.0
372,3,0,84,1,0,[10 0 0 0],[0 4 4 4],[0.9 0.8 0.7 0.6],4,0.0
373,3,0,85,1,0,[8 0 0 0],[0 3 3 4],[0.9 0.8 0.7 0.6],5,0.0
374,3,0,86,0,0,[0 0 10 0],[0 0 0 8],[0.9 0.8 0.7 0.6],8,0.0
375,3,0,87,1,0,[8 0 0 0],[0 3 3 4],[0.9 0.8 0.7 0.6],5,0.0
376,3,0,88,0,0,[9 0 0 0],[0 5 3 3],[0.9 0.8 0.7 0.6],2,0.0
377,3,0,89,1,0,[9 0 0 0],[0 5 3 3],[0.9 0.8 0.7 0.6],2,0.0
378,3,0,90,1,0,[10 10 0 0],[0 0 4 4],[0.9 0.8 0.7 0.6],6,0.0
379,3,0,91,0,0,[0 0 10 0],[0 0 0 8],[0.9 0.8 0.7 0.6],8,0.0
380,3,0,92,0,0,[0 8 0 0],[0 0 5 4],[0.9 0.8 0.7 0.6],7,0.0
381,3,0,93,1,0,[9 0 0 0],[0 5 3 3],[0.9 0.8 0.7 0.6],2,0.0
382,3,0,94,1,0,[0 10 0 0],[0 0 6 6],[0.9 0.8 0.7 0.6],3,0.0
383,3,0,95,1,0,[0 10 0 0],[0 0 6 6],[0.9 0.8 0.7 0.6],3,0.0
384,5,0,0,1,0,[7 0 0 0],[0 3 3 3],[0.9 0.8 0.7 0.6],1,0.0
385,5,0,1,1,0,[9 0 0 0],[0 5 3 3],[0.9 0.8 0.7 0.6],2,0.0
386,5,0,2,1,0,[0 10 0 0],[0 0 6 6],[0.9 0.8 0.7 0.6],3,0.0
387,5,0,3,1,0,[9 0 0 0],[0 5 3 3],[0.9 0.8 0.7 0.6],2,0.0
388,5,0,4,1,0,[10 0 0 0],[0 4 4 4],[0.9 0.8 0.7 0.6],4,0.0
389,5,0,5,0,0,[8 0 0 0],[0 3 3 4],[0.9 0.8 0.7 0.6],5,0.0
390,5,0,6,0,0,[7 0 0 0],[0 3 3 3],[0.9 0.8 0.7 0.6],1,0.0
391,5,0,7,0,0,[8 0 0 0],[0 3 3 4],[0.9 0.8 0.7 0.6],5,0.0
392,5,0,8,0,0,[7 0 0 0],[0 3 3 3],[0.9 0.8 0.7 0.6],1,0.0
393,5,0,9,0,0,[10 0 0 0],[0 4 4 4],[0.9 0.8 0.7 0.6],4,0.0
394,5,0,10,0,0,[10 10 0 0],[0 0 4 4],[0.9 0.8 0.7 0.6],6,0.0
395,5,0,11,1,0,[0 8 0 0],[0 0 5 4],[0.9 0.8 0.7 0.6],7,0.0
396,5,0,12,0,0,[0 0 10 0],[0 0 0 8],[0.9 0.8 0.7 0.6],8,0.0
397,5,0,13,1,0,[0 10 0 0],[0 0 6 6],[0.9 0.8 0.7 0.6],3,0.0
398,5,0,14,1,0,[8 0 0 0],[0 3 3 4],[0.9 0.8 0.7 0.6],5,0.0
399,5,0,15,1,0,[0 8 0 0],[0 0 5 4],[0.9 0.8 0.7 0.6],7,0.0
400,5,0,16,0,0,[10 10 0 0],[0 0 4 4],[0.9 0.8 0.7 0.6],6,0.0
401,5,0,17,1,0,[0 10 0 0],[0 0 6 6],[0.9 0.8 0.7 0.6],3,0.0
402,5,0,18,0,0,[0 0 10 0],[0 0 0 8],[0.9 0.8 0.7 0.6],8,0.0
403,5,0,19,0,0,[10 10 0 0],[0 0 4 4],[0.9 0.8 0.7 0.6],6,0.0
404,5,0,20,1,0,[0 10 0 0],[0 0 6 6],[0.9 0.8 0.7 0.6],3,0.0
405,5,0,21,0,0,[10 0 0 0],[0 4 4 4],[0.9 0.8 0.7 0.6],4,0.0
406,5,0,22,0,0,[8 0 0 0],[0 3 3 4],[0.9 0.8 0.7 0.6],5,0.0
407,5,0,23,1,0,[0 8 0 0],[0 0 5 4],[0.9 0.8 0.7 0.6],7,0.0
408,5,0,24,0,0,[10 10 0 0],[0 0 4 4],[0.9 0.8 0.7 0.6],6,0.0
409,5,0,25,0,0,[10 0 0 0],[0 4 4 4],[0.9 0.8 0.7 0.6],4,0.0
410,5,0,26,0,0,[8 0 0 0],[0 3 3 4],[0.9 0.8 0.7 0.6],5,0.0
411,5,0,27,1,0,[10 0 0 0],[0 4 4 4],[0.9 0.8 0.7 0.6],4,0.0
412,5,0,28,0,0,[10 10 0 0],[0 0 4 4],[0.9 0.8 0.7 0.6],6,0.0
413,5,0,29,0,0,[10 10 0 0],[0 0 4 4],[0.9 0.8 0.7 0.6],6,0.0
414,5,0,30,0,0,[7 0 0 0],[0 3 3 3],[0.9 0.8 0.7 0.6],1,0.0
415,5,0,31,0,0,[10 0 0 0],[0 4 4 4],[0.9 0.8 0.7 0.6],4,0.0
416,5,0,32,0,0,[10 0 0 0],[0 4 4 4],[0.9 0.8 0.7 0.6],4,0.0
417,5,0,33,1,0,[0 8 0 0],[0 0 5 4],[0.9 0.8 0.7 0.6],7,0.0
418,5,0,34,0,0,[7 0 0 0],[0 3 3 3],[0.9 0.8 0.7 0.6],1,0.0
419,5,0,35,1,0,[0 10 0 0],[0 0 6 6],[0.9 0.8 0.7 0.6],3,0.0
420,5,0,36,0,0,[9 0 0 0],[0 5 3 3],[0.9 0.8 0.7 0.6],2,0.0
421,5,0,37,0,0,[7 0 0 0],[0 3 3 3],[0.9 0.8 0.7 0.6],1,0.0
422,5,0,38,1,0,[0 8 0 0],[0 0 5 4],[0.9 0.8 0.7 0.6],7,0.0
423,5,0,39,0,0,[9 0 0 0],[0 5 3 3],[0.9 0.8 0.7 0.6],2,0.0
424,5,0,40,0,0,[8 0 0 0],[0 3 3 4],[0.9 0.8 0.7 0.6],5,0.0
425,5,0,41,0,0,[10 10 0 0],[0 0 4 4],[0.9 0.8 0.7 0.6],6,0.0
426,5,0,42,0,0,[10 0 0 0],[0 4 4 4],[0.9 0.8 0.7 0.6],4,0.0
427,5,0,43,0,0,[0 0 10 0],[0 0 0 8],[0.9 0.8 0.7 0.6],8,0.0
428,5,0,44,0,0,[0 0 10 0],[0 0 0 8],[0.9 0.8 0.7 0.6],8,0.0
429,5,0,45,0,0,[7 0 0 0],[0 3 3 3],[0.9 0.8 0.7 0.6],1,0.0
430,5,0,46,0,0,[7 0 0 0],[0 3 3 3],[0.9 0.8 0.7 0.6],1,0.0
431,5,0,47,0,0,[0 8 0 0],[0 0 5 4],[0.9 0.8 0.7 0.6],7,0.0
432,5,0,48,0,0,[9 0 0 0],[0 5 3 3],[0.9 0.8 0.7 0.6],2,0.0
433,5,0,49,1,0,[0 8 0 0],[0 0 5 4],[0.9 0.8 0.7 0.6],7,0.0
434,5,0,50,0,0,[10 10 0 0],[0 0 4 4],[0.9 0.8 0.7 0.6],6,0.0
435,5,0,51,0,0,[7 0 0 0],[0 3 3 3],[0.9 0.8 0.7 0.6],1,0.0
436,5,0,52,0,0,[8 0 0 0],[0 3 3 4],[0.9 0.8 0.7 0.6],5,0.0
437,5,0,53,1,0,[0 10 0 0],[0 0 6 6],[0.9 0.8 0.7 0.6],3,0.0
438,5,0,54,1,0,[0 10 0 0],[0 0 6 6],[0.9 0.8 0.7 0.6],3,0.0
439,5,0,55,0,0,[10 10 0 0],[0 0 4 4],[0.9 0.8 0.7 0.6],6,0.0
440,5,0,56,0,0,[8 0 0 0],[0 3 3 4],[0.9 0.8 0.7 0.6],5,0.0
441,5,0,57,0,0,[10 10 0 0],[0 0 4 4],[0.9 0.8 0.7 0.6],6,0.0
442,5,0,58,1,0,[0 10 0 0],[0 0 6 6],[0.9 0.8 0.7 0.6],3,0.0
443,5,0,59,0,0,[0 8 0 0],[0 0 5 4],[0.9 0.8 0.7 0.6],7,0.0
444,5,0,60,0,0,[7 0 0 0],[0 3 3 3],[0.9 0.8 0.7 0.6],1,0.0
445,5,0,61,0,0,[10 0 0 0],[0 4 4 4],[0.9 0.8 0.7 0.6],4,0.0
446,5,0,62,0,0,[0 0 10 0],[0 0 0 8],[0.9 0.8 0.7 0.6],8,0.0
447,5,0,63,0,0,[0 0 10 0],[0 0 0 8],[0.9 0.8 0.7 0.6],8,0.0
448,5,0,64,0,0,[0 0 10 0],[0 0 0 8],[0.9 0.8 0.7 0.6],8,0.0
449,5,0,65,0,0,[10 0 0 0],[0 4 4 4],[0.9 0.8 0.7 0.6],4,0.0
450,5,0,66,0,0,[8 0 0 0],[0 3 3 4],[0.9 0.8 0.7 0.6],5,0.0
451,5,0,67,0,0,[0 0 10 0],[0 0 0 8],[0.9 0.8 0.7 0.6],8,0.0
452,5,0,68,0,0,[7 0 0 0],[0 3 3 3],[0.9 0.8 0.7 0.6],1,0.0
453,5,0,69,1,0,[0 10 0 0],[0 0 6 6],[0.9 0.8 0.7 0.6],3,0.0
454,5,0,70,0,0,[10 0 0 0],[0 4 4 4],[0.9 0.8 0.7 0.6],4,0.0
455,5,0,71,0,0,[0 8 0 0],[0 0 5 4],[0.9 0.8 0.7 0.6],7,0.0
456,5,0,72,0,0,[0 0 10 0],[0 0 0 8],[0.9 0.8 0.7 0.6],8,0.0
457,5,0,73,0,0,[7 0 0 0],[0 3 3 3],[0.9 0.8 0.7 0.6],1,0.0
458,5,0,74,0,0,[9 0 0 0],[0 5 3 3],[0.9 0.8 0.7 0.6],2,0.0
459,5,0,75,0,0,[9 0 0 0],[0 5 3 3],[0.9 0.8 0.7 0.6],2,0.0
460,5,0,76,0,0,[0 8 0 0],[0 0 5 4],[0.9 0.8 0.7 0.6],7,0.0
461,5,0,77,0,0,[8 0 0 0],[0 3 3 4],[0.9 0.8 0.7 0.6],5,0.0
462,5,0,78,0,0,[9 0 0 0],[0 5 3 3],[0.9 0.8 0.7 0.6],2,0.0
463,5,0,79,0,0,[10 10 0 0],[0 0 4 4],[0.9 0.8 0.7 0.6],6,0.0
464,5,0,80,0,0,[0 0 10 0],[0 0 0 8],[0.9 0.8 0.7 0.6],8,0.0
465,5,0,81,1,0,[0 10 0 0],[0 0 6 6],[0.9 0.8 0.7 0.6],3,0.0
466,5,0,82,0,0,[0 8 0 0],[0 0 5 4],[0.9 0.8 0.7 0.6],7,0.0
467,5,0,83,0,0,[9 0 0 0],[0 5 3 3],[0.9 0.8 0.7 0.6],2,0.0
468,5,0,84,0,0,[10 0 0 0],[0 4 4 4],[0.9 0.8 0.7 0.6],4,0.0
469,5,0,85,0,0,[8 0 0 0],[0 3 3 4],[0.9 0.8 0.7 0.6],5,0.0
470,5,0,86,0,0,[0 0 10 0],[0 0 0 8],[0.9 0.8 0.7 0.6],8,0.0
471,5,0,87,0,0,[8 0 0 0],[0 3 3 4],[0.9 0.8 0.7 0.6],5,0.0
472,5,0,88,0,0,[9 0 0 0],[0 5 3 3],[0.9 0.8 0.7 0.6],2,0.0
473,5,0,89,0,0,[9 0 0 0],[0 5 3 3],[0.9 0.8 0.7 0.6],2,0.0
474,5,0,90,0,0,[10 10 0 0],[0 0 4 4],[0.9 0.8 0.7 0.6],6,0.0
475,5,0,91,0,0,[0 0 10 0],[0 0 0 8],[0.9 0.8 0.7 0.6],8,0.0
476,5,0,92,0,0,[0 8 0 0],[0 0 5 4],[0.9 0.8 0.7 0.6],7,0.0
477,5,0,93,0,0,[9 0 0 0],[0 5 3 3],[0.9 0.8 0.7 0.6],2,0.0
478,5,0,94,1,0,[0 10 0 0],[0 0 6 6],[0.9 0.8 0.7 0.6],3,0.0
479,5,0,95,1,0,[0 10 0 0],[0 0 6 6],[0.9 0.8 0.7 0.6],3,0.0
480,6,0,0,0,0,[7 0 0 0],[0 3 3 3],[0.9 0.8 0.7 0.6],1,0.0
481,6,0,1,1,0,[9 0 0 0],[0 5 3 3],[0.9 0.8 0.7 0.6],2,0.0
482,6,0,2,1,0,[0 10 0 0],[0 0 6 6],[0.9 0.8 0.7 0.6],3,0.0
483,6,0,3,1,0,[9 0 0 0],[0 5 3 3],[0.9 0.8 0.7 0.6],2,0.0
484,6,0,4,1,0,[10 0 0 0],[0 4 4 4],[0.9 0.8 0.7 0.6],4,0.0
485,6,0,5,1,0,[8 0 0 0],[0 3 3 4],[0.9 0.8 0.7 0.6],5,0.0
486,6,0,6,1,0,[7 0 0 0],[0 3 3 3],[0.9 0.8 0.7 0.6],1,0.0
487,6,0,7,1,0,[8 0 0 0],[0 3 3 4],[0.9 0.8 0.7 0.6],5,0.0
488,6,0,8,1,0,[7 0 0 0],[0 3 3 3],[0.9 0.8 0.7 0.6],1,0.0
489,6,0,9,1,0,[10 0 0 0],[0 4 4 4],[0.9 0.8 0.7 0.6],4,0.0
490,6,0,10,0,0,[10 10 0 0],[0 0 4 4],[0.9 0.8 0.7 0.6],6,0.0
491,6,0,11,1,0,[0 8 0 0],[0 0 5 4],[0.9 0.8 0.7 0.6],7,0.0
492,6,0,12,0,0,[0 0 10 0],[0 0 0 8],[0.9 0.8 0.7 0.6],8,0.0
493,6,0,13,1,0,[0 10 0 0],[0 0 6 6],[0.9 0.8 0.7 0.6],3,0.0
494,6,0,14,1,0,[8 0 0 0],[0 3 3 4],[0.9 0.8 0.7 0.6],5,0.0
495,6,0,15,1,0,[0 8 0 0],[0 0 5 4],[0.9 0.8 0.7 0.6],7,0.0
496,6,0,16,0,0,[10 10 0 0],[0 0 4 4],[0.9 0.8 0.7 0.6],6,0.0
497,6,0,17,1,0,[0 10 0 0],[0 0 6 6],[0.9 0.8 0.7 0.6],3,0.0
498,6,0,18,0,0,[0 0 10 0],[0 0 0 8],[0.9 0.8 0.7 0.6],8,0.0
499,6,0,19,0,0,[10 10 0 0],[0 0 4 4],[0.9 0.8 0.7 0.6],6,0.0
500,6,0,20,1,0,[0 10 0 0],[0 0 6 6],[0.9 0.8 0.7 0.6],3,0.0
501,6,0,21,1,0,[10 0 0 0],[0 4 4 4],[0.9 0.8 0.7 0.6],4,0.0
502,6,0,22,1,0,[8 0 0 0],[0 3 3 4],[0.9 0.8 0.7 0.6],5,0.0
503,6,0,23,1,0,[0 8 0 0],[0 0 5 4],[0.9 0.8 0.7 0.6],7,0.0
504,6,0,24,0,0,[10 10 0 0],[0 0 4 4],[0.9 0.8 0.7 0.6],6,0.0
505,6,0,25,1,0,[10 0 0 0],[0 4 4 4],[0.9 0.8 0.7 0.6],4,0.0
506,6,0,26,1,0,[8 0 0 0],[0 3 3 4],[0.9 0.8 0.7 0.6],5,0.0
507,6,0,27,1,0,[10 0 0 0],[0 4 4 4],[0.9 0.8 0.7 0.6],4,0.0
508,6,0,28,0,0,[10 10 0 0],[0 0 4 4],[0.9 0.8 0.7 0.6],6,0.0
509,6,0,29,0,0,[10 10 0 0],[0 0 4 4],[0.9 0.8 0.7 0.6],6,0.0
510,6,0,30,1,0,[7 0 0 0],[0 3 3 3],[0.9 0.8 0.7 0.6],1,0.0
511,6,0,31,1,0,[10 0 0 0],[0 4 4 4],[0.9 0.8 0.7 0.6],4,0.0
512,6,0,32,1,0,[10 0 0 0],[0 4 4 4],[0.9 0.8 0.7 0.6],4,0.0
513,6,0,33,1,0,[0 8 0 0],[0 0 5 4],[0.9 0.8 0.7 0.6],7,0.0
514,6,0,34,1,0,[7 0 0 0],[0 3 3 3],[0.9 0.8 0.7 0.6],1,0.0
515,6,0,35,1,0,[0 10 0 0],[0 0 6 6],[0.9 0.8 0.7 0.6],3,0.0
516,6,0,36,1,0,[9 0 0 0],[0 5 3 3],[0.9 0.8 0.7 0.6],2,0.0
517,6,0,37,1,0,[7 0 0 0],[0 3 3 3],[0.9 0.8 0.7 0.6],1,0.0
518,6,0,38,1,0,[0 8 0 0],[0 0 5 4],[0.9 0.8 0.7 0.6],7,0.0
519,6,0,39,1,0,[9 0 0 0],[0 5 3 3],[0.9 0.8 0.7 0.6],2,0.0
520,6,0,40,1,0,[8 0 0 0],[0 3 3 4],[0.9 0.8 0.7 0.6],5,0.0
521,6,0,41,0,0,[10 10 0 0],[0 0 4 4],[0.9 0.8 0.7 0.6],6,0.0
522,6,0,42,1,0,[10 0 0 0],[0 4 4 4],[0.9 0.8 0.7 0.6],4,0.0
523,6,0,43,0,0,[0 0 10 0],[0 0 0 8],[0.9 0.8 0.7 0.6],8,0.0
524,6,0,44,0,0,[0 0 10 0],[0 0 0 8],[0.9 0.8 0.7 0.6],8,0.0
525,6,0,45,1,0,[7 0 0 0],[0 3 3 3],[0.9 0.8 0.7 0.6],1,0.0
526,6,0,46,1,0,[7 0 0 0],[0 3 3 3],[0.9 0.8 0.7 0.6],1,0.0
527,6,0,47,1,0,[0 8 0 0],[0 0 5 4],[0.9 0.8 0.7 0.6],7,0.0
528,6,0,48,1,0,[9 0 0 0],[0 5 3 3],[0.9 0.8 0.7 0.6],2,0.0
529,6,0,49,1,0,[0 8 0 0],[0 0 5 4],[0.9 0.8 0.7 0.6],7,0.0
530,6,0,50,0,0,[10 10 0 0],[0 0 4 4],[0.9 0.8 0.7 0.6],6,0.0
531,6,0,51,1,0,[7 0 0 0],[0 3 3 3],[0.9 0.8 0.7 0.6],1,0.0
532,6,0,52,1,0,[8 0 0 0],[0 3 3 4],[0.9 0.8 0.7 0.6],5,0.0
533,6,0,53,1,0,[0 10 0 0],[0 0 6 6],[0.9 0.8 0.7 0.6],3,0.0
534,6,0,54,1,0,[0 10 0 0],[0 0 6 6],[0.9 0.8 0.7 0.6],3,0.0
535,6,0,55,0,0,[10 10 0 0],[0 0 4 4],[0.9 0.8 0.7 0.6],6,0.0
536,6,0,56,1,0,[8 0 0 0],[0 3 3 4],[0.9 0.8 0.7 0.6],5,0.0
537,6,0,57,0,0,[10 10 0 0],[0 0 4 4],[0.9 0.8 0.7 0.6],6,0.0
538,6,0,58,1,0,[0 10 0 0],[0 0 6 6],[0.9 0.8 0.7 0.6],3,0.0
539,6,0,59,1,0,[0 8 0 0],[0 0 5 4],[0.9 0.8 0.7 0.6],7,0.0
540,6,0,60,1,0,[7 0 0 0],[0 3 3 3],[0.9 0.8 0.7 0.6],1,0.0
541,6,0,61,1,0,[10 0 0 0],[0 4 4 4],[0.9 0.8 0.7 0.6],4,0.0
542,6,0,62,0,0,[0 0 10 0],[0 0 0 8],[0.9 0.8 0.7 0.6],8,0.0
543,6,0,63,0,0,[0 0 10 0],[0 0 0 8],[0.9 0.8 0.7 0.6],8,0.0
544,6,0,64,0,0,[0 0 10 0],[0 0 0 8],[0.9 0.8 0.7 0.6],8,0.0
545,6,0,65,0,0,[10 0 0 0],[0 4 4 4],[0.9 0.8 0.7 0.6],4,0.0
546,6,0,66,1,0,[8 0 0 0],[0 3 3 4],[0.9 0.8 0.7 0.6],5,0.0
547,6,0,67,0,0,[0 0 10 0],[0 0 0 8],[0.9 0.8 0.7 0.6],8,0.0
548,6,0,68,1,0,[7 0 0 0],[0 3 3 3],[0.9 0.8 0.7 0.6],1,0.0
549,6,0,69,1,0,[0 10 0 0],[0 0 6 6],[0.9 0.8 0.7 0.6],3,0.0
550,6,0,70,1,0,[10 0 0 0],[0 4 4 4],[0.9 0.8 0.7 0.6],4,0.0
551,6,0,71,1,0,[0 8 0 0],[0 0 5 4],[0.9 0.8 0.7 0.6],7,0.0
552,6,0,72,0,0,[0 0 10 0],[0 0 0 8],[0.9 0.8 0.7 0.6],8,0.0
553,6,0,73,1,0,[7 0 0 0],[0 3 3 3],[0.9 0.8 0.7 0.6],1,0.0
554,6,0,74,1,0,[9 0 0 0],[0 5 3 3],[0.9 0.8 0.7 0.6],2,0.0
555,6,0,75,1,0,[9 0 0 0],[0 5 3 3],[0.9 0.8 0.7 0.6],2,0.0
556,6,0,76,1,0,[0 8 0 0],[0 0 5 4],[0.9 0.8 0.7 0.6],7,0.0
557,6,0,77,1,0,[8 0 0 0],[0 3 3 4],[0.9 0.8 0.7 0.6],5,0.0
558,6,0,78,1,0,[9 0 0 0],[0 5 3 3],[0.9 0.8 0.7 0.6],2,0.0
559,6,0,79,0,0,[10 10 0 0],[0 0 4 4],[0.9 0.8 0.7 0.6],6,0.0
560,6,0,80,0,0,[0 0 10 0],[0 0 0 8],[0.9 0.8 0.7 0.6],8,0.0
561,6,0,81,1,0,[0 10 0 0],[0 0 6 6],[0.9 0.8 0.7 0.6],3,0.0
562,6,0,82,1,0,[0 8 0 0],[0 0 5 4],[0.9 0.8 0.7 0.6],7,0.0
563,6,0,83,1,0,[9 0 0 0],[0 5 3 3],[0.9 0.8 0.7 0.6],2,0.0
564,6,0,84,1,0,[10 0 0 0],[0 4 4 4],[0.9 0.8 0.7 0.6],4,0.0
565,6,0,85,1,0,[8 0 0 0],[0 3 3 4],[0.9 0.8 0.7 0.6],5,0.0
566,6,0,86,0,0,[0 0 10 0],[0 0 0 8],[0.9 0.8 0.7 0.6],8,0.0
567,6,0,87,1,0,[8 0 0 0],[0 3 3 4],[0.9 0.8 0.7 0.6],5,0.0
568,6,0,88,1,0,[9 0 0 0],[0 5 3 3],[0.9 0.8 0.7 0.6],2,0.0
569,6,0,89,1,0,[9 0 0 0],[0 5 3 3],[0.9 0.8 0.7 0.6],2,0.0
570,6,0,90,0,0,[10 10 0 0],[0 0 4 4],[0.9 0.8 0.7 0.6],6,0.0
571,6,0,91,0,0,[0 0 10 0],[0 0 0 8],[0.9 0.8 0.7 0.6],8,0.0
572,6,0,92,1,0,[0 8 0 0],[0 0 5 4],[0.9 0.8 0.7 0.6],7,0.0
573,6,0,93,1,0,[9 0 0 0],[0 5 3 3],[0.9 0.8 0.7 0.6],2,0.0
574,6,0,94,1,0,[0 10 0 0],[0 0 6 6],[0.9 0.8 0.7 0.6],3,0.0
575,6,0,95,1,0,[0 10 0 0],[0 0 6 6],[0.9 0.8 0.7 0.6],3,0.0
576,7,0,0,0,0,[7 0 0 0],[0 3 3 3],[0.9 0.8 0.7 0.6],1,0.0
577,7,0,1,0,0,[9 0 0 0],[0 5 3 3],[0.9 0.8 0.7 0.6],2,0.0
578,7,0,2,1,0,[0 10 0 0],[0 0 6 6],[0.9 0.8 0.7 0.6],3,0.0
579,7,0,3,0,0,[9 0 0 0],[0 5 3 3],[0.9 0.8 0.7 0.6],2,0.0
580,7,0,4,0,0,[10 0 0 0],[0 4 4 4],[0.9 0.8 0.7 0.6],4,0.0
581,7,0,5,0,0,[8 0 0 0],[0 3 3 4],[0.9 0.8 0.7 0.6],5,0.0
582,7,0,6,0,0,[7 0 0 0],[0 3 3 3],[0.9 0.8 0.7 0.6],1,0.0
583,7,0,7,1,0,[8 0 0 0],[0 3 3 4],[0.9 0.8 0.7 0.6],5,0.0
584,7,0,8,0,0,[7 0 0 0],[0 3 3 3],[0.9 0.8 0.7 0.6],1,0.0
585,7,0,9,0,0,[10 0 0 0],[0 4 4 4],[0.9 0.8 0.7 0.6],4,0.0
586,7,0,10,0,0,[10 10 0 0],[0 0 4 4],[0.9 0.8 0.7 0.6],6,0.0
587,7,0,11,1,0,[0 8 0 0],[0 0 5 4],[0.9 0.8 0.7 0.6],7,0.0
588,7,0,12,0,0,[0 0 10 0],[0 0 0 8],[0.9 0.8 0.7 0.6],8,0.0
589,7,0,13,0,0,[0 10 0 0],[0 0 6 6],[0.9 0.8 0.7 0.6],3,0.0
590,7,0,14,0,0,[8 0 0 0],[0 3 3 4],[0.9 0.8 0.7 0.6],5,0.0
591,7,0,15,1,0,[0 8 0 0],[0 0 5 4],[0.9 0.8 0.7 0.6],7,0.0
592,7,0,16,0,0,[10 10 0 0],[0 0 4 4],[0.9 0.8 0.7 0.6],6,0.0
593,7,0,17,0,0,[0 10 0 0],[0 0 6 6],[0.9 0.8 0.7 0.6],3,0.0
594,7,0,18,0,0,[0 0 10 0],[0 0 0 8],[0.9 0.8 0.7 0.6],8,0.0
595,7,0,19,0,0,[10 10 0 0],[0 0 4 4],[0.9 0.8 0.7 0.6],6,0.0
596,7,0,20,1,0,[0 10 0 0],[0 0 6 6],[0.9 0.8 0.7 0.6],3,0.0
597,7,0,21,0,0,[10 0 0 0],[0 4 4 4],[0.9 0.8 0.7 0.6],4,0.0
598,7,0,22,1,0,[8 0 0 0],[0 3 3 4],[0.9 0.8 0.7 0.6],5,0.0
599,7,0,23,1,0,[0 8 0 0],[0 0 5 4],[0.9 0.8 0.7 0.6],7,0.0
600,7,0,24,0,0,[10 10 0 0],[0 0 4 4],[0.9 0.8 0.7 0.6],6,0.0
601,7,0,25,0,0,[10 0 0 0],[0 4 4 4],[0.9 0.8 0.7 0.6],4,0.0
602,7,0,26,0,0,[8 0 0 0],[0 3 3 4],[0.9 0.8 0.7 0.6],5,0.0
603,7,0,27,0,0,[10 0 0 0],[0 4 4 4],[0.9 0.8 0.7 0.6],4,0.0
604,7,0,28,0,0,[10 10 0 0],[0 0 4 4],[0.9 0.8 0.7 0.6],6,0.0
605,7,0,29,0,0,[10 10 0 0],[0 0 4 4],[0.9 0.8 0.7 0.6],6,0.0
606,7,0,30,1,0,[7 0 0 0],[0 3 3 3],[0.9 0.8 0.7 0.6],1,0.0
607,7,0,31,0,0,[10 0 0 0],[0 4 4 4],[0.9 0.8 0.7 0.6],4,0.0
608,7,0,32,0,0,[10 0 0 0],[0 4 4 4],[0.9 0.8 0.7 0.6],4,0.0
609,7,0,33,1,0,[0 8 0 0],[0 0 5 4],[0.9 0.8 0.7 0.6],7,0.0
610,7,0,34,0,0,[7 0 0 0],[0 3 3 3],[0.9 0.8 0.7 0.6],1,0.0
611,7,0,35,0,0,[0 10 0 0],[0 0 6 6],[0.9 0.8 0.7 0.6],3,0.0
612,7,0,36,1,0,[9 0 0 0],[0 5 3 3],[0.9 0.8 0.7 0.6],2,0.0
613,7,0,37,0,0,[7 0 0 0],[0 3 3 3],[0.9 0.8 0.7 0.6],1,0.0
614,7,0,38,1,0,[0 8 0 0],[0 0 5 4],[0.9 0.8 0.7 0.6],7,0.0
615,7,0,39,0,0,[9 0 0 0],[0 5 3 3],[0.9 0.8 0.7 0.6],2,0.0
616,7,0,40,0,0,[8 0 0 0],[0 3 3 4],[0.9 0.8 0.7 0.6],5,0.0
617,7,0,41,0,0,[10 10 0 0],[0 0 4 4],[0.9 0.8 0.7 0.6],6,0.0
618,7,0,42,1,0,[10 0 0 0],[0 4 4 4],[0.9 0.8 0.7 0.6],4,0.0
619,7,0,43,0,0,[0 0 10 0],[0 0 0 8],[0.9 0.8 0.7 0.6],8,0.0
620,7,0,44,0,0,[0 0 10 0],[0 0 0 8],[0.9 0.8 0.7 0.6],8,0.0
621,7,0,45,0,0,[7 0 0 0],[0 3 3 3],[0.9 0.8 0.7 0.6],1,0.0
622,7,0,46,0,0,[7 0 0 0],[0 3 3 3],[0.9 0.8 0.7 0.6],1,0.0
623,7,0,47,0,0,[0 8 0 0],[0 0 5 4],[0.9 0.8 0.7 0.6],7,0.0
624,7,0,48,0,0,[9 0 0 0],[0 5 3 3],[0.9 0.8 0.7 0.6],2,0.0
625,7,0,49,0,0,[0 8 0 0],[0 0 5 4],[0.9 0.8 0.7 0.6],7,0.0
626,7,0,50,0,0,[10 10 0 0],[0 0 4 4],[0.9 0.8 0.7 0.6],6,0.0
627,7,0,51,0,0,[7 0 0 0],[0 3 3 3],[0.9 0.8 0.7 0.6],1,0.0
628,7,0,52,0,0,[8 0 0 0],[0 3 3 4],[0.9 0.8 0.7 0.6],5,0.0
629,7,0,53,1,0,[0 10 0 0],[0 0 6 6],[0.9 0.8 0.7 0.6],3,0.0
630,7,0,54,0,0,[0 10 0 0],[0 0 6 6],[0.9 0.8 0.7 0.6],3,0.0
631,7,0,55,0,0,[10 10 0 0],[0 0 4 4],[0.9 0.8 0.7 0.6],6,0.0
632,7,0,56,0,0,[8 0 0 0],[0 3 3 4],[0.9 0.8 0.7 0.6],5,0.0
633,7,0,57,0,0,[10 10 0 0],[0 0 4 4],[0.9 0.8 0.7 0.6],6,0.0
634,7,0,58,1,0,[0 10 0 0],[0 0 6 6],[0.9 0.8 0.7 0.6],3,0.0
635,7,0,59,1,0,[0 8 0 0],[0 0 5 4],[0.9 0.8 0.7 0.6],7,0.0
636,7,0,60,0,0,[7 0 0 0],[0 3 3 3],[0.9 0.8 0.7 0.6],1,0.0
637,7,0,61,1,0,[10 0 0 0],[0 4 4 4],[0.9 0.8 0.7 0.6],4,0.0
638,7,0,62,0,0,[0 0 10 0],[0 0 0 8],[0.9 0.8 0.7 0.6],8,0.0
639,7,0,63,0,0,[0 0 10 0],[0 0 0 8],[0.9 0.8 0.7 0.6],8,0.0
640,7,0,64,0,0,[0 0 10 0],[0 0 0 8],[0.9 0.8 0.7 0.6],8,0.0
641,7,0,65,1,0,[10 0 0 0],[0 4 4 4],[0.9 0.8 0.7 0.6],4,0.0
642,7,0,66,0,0,[8 0 0 0],[0 3 3 4],[0.9 0.8 0.7 0.6],5,0.0
643,7,0,67,0,0,[0 0 10 0],[0 0 0 8],[0.9 0.8 0.7 0.6],8,0.0
644,7,0,68,0,0,[7 0 0 0],[0 3 3 3],[0.9 0.8 0.7 0.6],1,0.0
645,7,0,69,0,0,[0 10 0 0],[0 0 6 6],[0.9 0.8 0.7 0.6],3,0.0
646,7,0,70,0,0,[10 0 0 0],[0 4 4 4],[0.9 0.8 0.7 0.6],4,0.0
647,7,0,71,0,0,[0 8 0 0],[0 0 5 4],[0.9 0.8 0.7 0.6],7,0.0
648,7,0,72,0,0,[0 0 10 0],[0 0 0 8],[0.9 0.8 0.7 0.6],8,0.0
649,7,0,73,0,0,[7 0 0 0],[0 3 3 3],[0.9 0.8 0.7 0.6],1,0.0
650,7,0,74,0,0,[9 0 0 0],[0 5 3 3],[0.9 0.8 0.7 0.6],2,0.0
651,7,0,75,0,0,[9 0 0 0],[0 5 3 3],[0.9 0.8 0.7 0.6],2,0.0
652,7,0,76,1,0,[0 8 0 0],[0 0 5 4],[0.9 0.8 0.7 0.6],7,0.0
653,7,0,77,0,0,[8 0 0 0],[0 3 3 4],[0.9 0.8 0.7 0.6],5,0.0
654,7,0,78,0,0,[9 0 0 0],[0 5 3 3],[0.9 0.8 0.7 0.6],2,0.0
655,7,0,79,0,0,[10 10 0 0],[0 0 4 4],[0.9 0.8 0.7 0.6],6,0.0
656,7,0,80,0,0,[0 0 10 0],[0 0 0 8],[0.9 0.8 0.7 0.6],8,0.0
657,7,0,81,1,0,[0 10 0 0],[0 0 6 6],[0.9 0.8 0.7 0.6],3,0.0
658,7,0,82,1,0,[0 8 0 0],[0 0 5 4],[0.9 0.8 0.7 0.6],7,0.0
659,7,0,83,1,0,[9 0 0 0],[0 5 3 3],[0.9 0.8 0.7 0.6],2,0.0
660,7,0,84,1,0,[10 0 0 0],[0 4 4 4],[0.9 0.8 0.7 0.6],4,0.0
661,7,0,85,0,0,[8 0 0 0],[0 3 3 4],[0.9 0.8 0.7 0.6],5,0.0
662,7,0,86,0,0,[0 0 10 0],[0 0 0 8],[0.9 0.8 0.7 0.6],8,0.0
663,7,0,87,0,0,[8 0 0 0],[0 3 3 4],[0.9 0.8 0.7 0.6],5,0.0
664,7,0,88,0,0,[9 0 0 0],[0 5 3 3],[0.9 0.8 0.7 0.6],2,0.0
665,7,0,89,0,0,[9 0 0 0],[0 5 3 3],[0.9 0.8 0.7 0.6],2,0.0
666,7,0,90,0,0,[10 10 0 0],[0 0 4 4],[0.9 0.8 0.7 0.6],6,0.0
667,7,0,91,0,0,[0 0 10 0],[0 0 0 8],[0.9 0.8 0.7 0.6],8,0.0
668,7,0,92,1,0,[0 8 0 0],[0 0 5 4],[0.9 0.8 0.7 0.6],7,0.0
669,7,0,93,1,0,[9 0 0 0],[0 5 3 3],[0.9 0.8 0.7 0.6],2,0.0
670,7,0,94,0,0,[0 10 0 0],[0 0 6 6],[0.9 0.8 0.7 0.6],3,0.0
671,7,0,95,1,0,[0 10 0 0],[0 0 6 6],[0.9 0.8 0.7 0.6],3,0.0
672,9,0,0,1,0,[10 0 0 10],[7 3 0 10],[0.9 0.8 0.7 0.6],9,0.0
673,9,0,1,0,0,[10 1 5 5],[8 3 5 5],[0.9 0.8 0.7 0.6],10,0.0
674,9,0,2,1,0,[10 0 5 5],[8 2 5 5],[0.9 0.8 0.7 0.6],11,0.0
675,9,0,3,0,0,[10 1 5 5],[8 3 5 5],[0.9 0.8 0.7 0.6],10,0.0
676,9,0,4,1,0,[9 0 0 0],[7 2 0 0],[0.9 0.8 0.7 0.6],12,0.0
677,9,0,5,0,0,[8 0 5 5],[6 2 5 5],[0.9 0.8 0.7 0.6],13,0.0
678,9,0,6,0,0,[9 0 0 0],[7 2 0 0],[0.9 0.8 0.7 0.6],12,0.0
679,9,0,7,0,0,[10 0 0 0],[8 2 0 0],[0.9 0.8 0.7 0.6],14,0.0
680,9,0,8,1,0,[10 0 0 10],[7 3 0 10],[0.9 0.8 0.7 0.6],9,0.0
681,9,0,9,1,0,[9 1 2 2],[7 3 2 2],[0.9 0.8 0.7 0.6],15,0.0
682,9,0,10,1,0,[9 1 2 2],[7 3 2 2],[0.9 0.8 0.7 0.6],15,0.0
683,9,0,11,0,0,[9 1 2 2],[7 3 2 2],[0.9 0.8 0.7 0.6],15,0.0
684,9,0,12,0,0,[9 0 0 0],[7 2 0 0],[0.9 0.8 0.7 0.6],12,0.0
685,9,0,13,1,0,[8 0 5 5],[6 2 5 5],[0.9 0.8 0.7 0.6],13,0.0
686,9,0,14,0,0,[10 0 0 10],[7 3 0 10],[0.9 0.8 0.7 0.6],9,0.0
687,9,0,15,0,0,[10 0 0 0],[8 2 0 0],[0.9 0.8 0.7 0.6],14,0.0
688,9,0,16,1,0,[10 0 5 5],[8 2 5 5],[0.9 0.8 0.7 0.6],11,0.0
689,9,0,17,0,0,[10 0 5 5],[8 2 5 5],[0.9 0.8 0.7 0.6],11,0.0
690,9,0,18,0,0,[10 0 5 5],[8 2 5 5],[0.9 0.8 0.7 0.6],11,0.0
691,9,0,19,1,0,[10 0 10 0],[8 2 8 2],[0.9 0.8 0.7 0.6],16,0.0
692,9,0,20,0,0,[10 0 10 0],[8 2 8 2],[0.9 0.8 0.7 0.6],16,0.0
693,9,0,21,1,0,[9 1 2 2],[7 3 2 2],[0.9 0.8 0.7 0.6],15,0.0
694,9,0,22,1,0,[9 1 2 2],[7 3 2 2],[0.9 0.8 0.7 0.6],15,0.0
695,9,0,23,0,0,[9 1 2 2],[7 3 2 2],[0.9 0.8 0.7 0.6],15,0.0
696,9,0,24,0,0,[10 0 0 0],[8 2 0 0],[0.9 0.8 0.7 0.6],14,0.0
697,9,0,25,1,0,[9 1 2 2],[7 3 2 2],[0.9 0.8 0.7 0.6],15,0.0
698,9,0,26,0,0,[10 0 0 10],[7 3 0 10],[0.9 0.8 0.7 0.6],9,0.0
699,9,0,27,0,0,[8 0 5 5],[6 2 5 5],[0.9 0.8 0.7 0.6],13,0.0
700,9,0,28,0,0,[8 0 5 5],[6 2 5 5],[0.9 0.8 0.7 0.6],13,0.0
701,9,0,29,0,0,[10 1 5 5],[8 3 5 5],[0.9 0.8 0.7 0.6],10,0.0
702,9,0,30,1,0,[10 1 5 5],[8 3 5 5],[0.9 0.8 0.7 0.6],10,0.0
703,9,0,31,0,0,[10 0 5 5],[8 2 5 5],[0.9 0.8 0.7 0.6],11,0.0
704,9,0,32,1,0,[10 1 5 5],[8 3 5 5],[0.9 0.8 0.7 0.6],10,0.0
705,9,0,33,0,0,[8 0 5 5],[6 2 5 5],[0.9 0.8 0.7 0.6],13,0.0
706,9,0,34,0,0,[10 0 10 0],[8 2 8 2],[0.9 0.8 0.7 0.6],16,0.0
707,9,0,35,0,0,[10 0 5 5],[8 2 5 5],[0.9 0.8 0.7 0.6],11,0.0
708,9,0,36,0,0,[10 0 5 5],[8 2 5 5],[0.9 0.8 0.7 0.6],11,0.0
709,9,0,37,0,0,[10 0 0 0],[8 2 0 0],[0.9 0.8 0.7 0.6],14,0.0
710,9,0,38,0,0,[10 0 0 0],[8 2 0 0],[0.9 0.8 0.7 0.6],14,0.0
711,9,0,39,0,0,[10 0 0 10],[7 3 0 10],[0.9 0.8 0.7 0.6],9,0.0
712,9,0,40,0,0,[10 0 10 0],[8 2 8 2],[0.9 0.8 0.7 0.6],16,0.0
713,9,0,41,0,0,[8 0 5 5],[6 2 5 5],[0.9 0.8 0.7 0.6],13,0.0
714,9,0,42,0,0,[10 0 0 0],[8 2 0 0],[0.9 0.8 0.7 0.6],14,0.0
715,9,0,43,1,0,[10 1 5 5],[8 3 5 5],[0.9 0.8 0.7 0.6],10,0.0
716,9,0,44,0,0,[10 0 0 0],[8 2 0 0],[0.9 0.8 0.7 0.6],14,0.0
717,9,0,45,1,0,[10 1 5 5],[8 3 5 5],[0.9 0.8 0.7 0.6],10,0.0
718,9,0,46,0,0,[10 0 0 10],[7 3 0 10],[0.9 0.8 0.7 0.6],9,0.0
719,9,0,47,0,0,[10 0 0 0],[8 2 0 0],[0.9 0.8 0.7 0.6],14,0.0
720,9,0,48,0,0,[10 0 10 0],[8 2 8 2],[0.9 0.8 0.7 0.6],16,0.0
721,9,0,49,0,0,[10 0 0 0],[8 2 0 0],[0.9 0.8 0.7 0.6],14,0.0
722,9,0,50,0,0,[9 0 0 0],[7 2 0 0],[0.9 0.8 0.7 0.6],12,0.0
723,9,0,51,0,0,[8 0 5 5],[6 2 5 5],[0.9 0.8 0.7 0.6],13,0.0
724,9,0,52,0,0,[10 0 10 0],[8 2 8 2],[0.9 0.8 0.7 0.6],16,0.0
725,9,0,53,0,0,[9 1 2 2],[7 3 2 2],[0.9 0.8 0.7 0.6],15,0.0
726,9,0,54,0,0,[9 1 2 2],[7 3 2 2],[0.9 0.8 0.7 0.6],15,0.0
727,9,0,55,1,0,[10 0 5 5],[8 2 5 5],[0.9 0.8 0.7 0.6],11,0.0
728,9,0,56,1,0,[10 0 0 10],[7 3 0 10],[0.9 0.8 0.7 0.6],9,0.0
729,9,0,57,0,0,[10 0 10 0],[8 2 8 2],[0.9 0.8 0.7 0.6],16,0.0
730,9,0,58,0,0,[9 0 0 0],[7 2 0 0],[0.9 0.8 0.7 0.6],12,0.0
731,9,0,59,1,0,[10 0 10 0],[8 2 8 2],[0.9 0.8 0.7 0.6],16,0.0
732,9,0,60,0,0,[8 0 5 5],[6 2 5 5],[0.9 0.8 0.7 0.6],13,0.0
733,9,0,61,1,0,[10 0 10 0],[8 2 8 2],[0.9 0.8 0.7 0.6],16,0.0
734,9,0,62,0,0,[10 0 5 5],[8 2 5 5],[0.9 0.8 0.7 0.6],11,0.0
735,9,0,63,0,0,[10 0 10 0],[8 2 8 2],[0.9 0.8 0.7 0.6],16,0.0
736,9,0,64,1,0,[10 1 5 5],[8 3 5 5],[0.9 0.8 0.7 0.6],10,0.0
737,9,0,65,0,0,[9 0 0 0],[7 2 0 0],[0.9 0.8 0.7 0.6],12,0.0
738,9,0,66,0,0,[8 0 5 5],[6 2 5 5],[0.9 0.8 0.7 0.6],13,0.0
739,9,0,67,0,0,[10 1 5 5],[8 3 5 5],[0.9 0.8 0.7 0.6],10,0.0
740,9,0,68,1,0,[10 0 5 5],[8 2 5 5],[0.9 0.8 0.7 0.6],11,0.0
741,9,0,69,0,0,[9 1 2 2],[7 3 2 2],[0.9 0.8 0.7 0.6],15,0.0
742,9,0,70,0,0,[9 0 0 0],[7 2 0 0],[0.9 0.8 0.7 0.6],12,0.0
743,9,0,71,0,0,[9 1 2 2],[7 3 2 2],[0.9 0.8 0.7 0.6],15,0.0
744,9,0,72,0,0,[10 0 0 10],[7 3 0 10],[0.9 0.8 0.7 0.6],9,0.0
745,9,0,73,1,0,[10 1 5 5],[8 3 5 5],[0.9 0.8 0.7 0.6],10,0.0
746,9,0,74,0,0,[10 0 5 5],[8 2 5 5],[0.9 0.8 0.7 0.6],11,0.0
747,9,0,75,0,0,[10 0 0 10],[7 3 0 10],[0.9 0.8 0.7 0.6],9,0.0
748,9,0,76,0,0,[8 0 5 5],[6 2 5 5],[0.9 0.8 0.7 0.6],13,0.0
749,9,0,77,0,0,[9 0 0 0],[7 2 0 0],[0.9 0.8 0.7 0.6],12,0.0
750,9,0,78,0,0,[10 1 5 5],[8 3 5 5],[0.9 0.8 0.7 0.6],10,0.0
751,9,0,79,0,0,[10 0 0 0],[8 2 0 0],[0.9 0.8 0.7 0.6],14,0.0
752,9,0,80,0,0,[10 0 10 0],[8 2 8 2],[0.9 0.8 0.7 0.6],16,0.0
753,9,0,81,0,0,[10 0 0 10],[7 3 0 10],[0.9 0.8 0.7 0.6],9,0.0
754,9,0,82,0,0,[10 0 0 10],[7 3 0 10],[0.9 0.8 0.7 0.6],9,0.0
755,9,0,83,0,0,[9 0 0 0],[7 2 0 0],[0.9 0.8 0.7 0.6],12,0.0
756,9,0,84,0,0,[8 0 5 5],[6 2 5 5],[0.9 0.8 0.7 0.6],13,0.0
757,9,0,85,0,0,[10 0 0 0],[8 2 0 0],[0.9 0.8 0.7 0.6],14,0.0
758,9,0,86,0,0,[10 0 0 10],[7 3 0 10],[0.9 0.8 0.7 0.6],9,0.0
759,9,0,87,0,0,[10 0 10 0],[8 2 8 2],[0.9 0.8 0.7 0.6],16,0.0
760,9,0,88,1,0,[10 1 5 5],[8 3 5 5],[0.9 0.8 0.7 0.6],10,0.0
761,9,0,89,0,0,[9 0 0 0],[7 2 0 0],[0.9 0.8 0.7 0.6],12,0.0
762,9,0,90,0,0,[9 0 0 0],[7 2 0 0],[0.9 0.8 0.7 0.6],12,0.0
763,9,0,91,0,0,[9 1 2 2],[7 3 2 2],[0.9 0.8 0.7 0.6],15,0.0
764,9,0,92,1,0,[10 0 0 0],[8 2 0 0],[0.9 0.8 0.7 0.6],14,0.0
765,9,0,93,0,0,[9 0 0 0],[7 2 0 0],[0.9 0.8 0.7 0.6],12,0.0
766,9,0,94,0,0,[10 0 5 5],[8 2 5 5],[0.9 0.8 0.7 0.6],11,0.0
767,9,0,95,0,0,[8 0 5 5],[6 2 5 5],[0.9 0.8 0.7 0.6],13,0.0
768,10,0,0,0,0,[7 0 0 0],[0 3 3 3],[0.9 0.8 0.7 0.6],1,0.0
769,10,0,1,0,0,[9 0 0 0],[0 5 3 3],[0.9 0.8 0.7 0.6],2,0.0
770,10,0,2,0,0,[0 10 0 0],[0 0 6 6],[0.9 0.8 0.7 0.6],3,0.0
771,10,0,3,0,0,[9 0 0 0],[0 5 3 3],[0.9 0.8 0.7 0.6],2,0.0
772,10,0,4,0,0,[10 0 0 0],[0 4 4 4],[0.9 0.8 0.7 0.6],4,0.0
773,10,0,5,0,0,[8 0 0 0],[0 3 3 4],[0.9 0.8 0.7 0.6],5,0.0
774,10,0,6,1,0,[7 0 0 0],[0 3 3 3],[0.9 0.8 0.7 0.6],1,0.0
775,10,0,7,1,0,[8 0 0 0],[0 3 3 4],[0.9 0.8 0.7 0.6],5,0.0
776,10,0,8,1,0,[7 0 0 0],[0 3 3 3],[0.9 0.8 0.7 0.6],1,0.0
777,10,0,9,0,0,[10 0 0 0],[0 4 4 4],[0.9 0.8 0.7 0.6],4,0.0
778,10,0,10,0,0,[10 10 0 0],[0 0 4 4],[0.9 0.8 0.7 0.6],6,0.0
779,10,0,11,0,0,[0 8 0 0],[0 0 5 4],[0.9 0.8 0.7 0.6],7,0.0
780,10,0,12,0,0,[0 0 10 0],[0 0 0 8],[0.9 0.8 0.7 0.6],8,0.0
781,10,0,13,0,0,[0 10 0 0],[0 0 6 6],[0.9 0.8 0.7 0.6],3,0.0
782,10,0,14,1,0,[8 0 0 0],[0 3 3 4],[0.9 0.8 0.7 0.6],5,0.0
783,10,0,15,0,0,[0 8 0 0],[0 0 5 4],[0.9 0.8 0.7 0.6],7,0.0
784,10,0,16,0,0,[10 10 0 0],[0 0 4 4],[0.9 0.8 0.7 0.6],6,0.0
785,10,0,17,0,0,[0 10 0 0],[0 0 6 6],[0.9 0.8 0.7 0.6],3,0.0
786,10,0,18,0,0,[0 0 10 0],[0 0 0 8],[0.9 0.8 0.7 0.6],8,0.0
787,10,0,19,0,0,[10 10 0 0],[0 0 4 4],[0.9 0.8 0.7 0.6],6,0.0
788,10,0,20,0,0,[0 10 0 0],[0 0 6 6],[0.9 0.8 0.7 0.6],3,0.0
789,10,0,21,1,0,[10 0 0 0],[0 4 4 4],[0.9 0.8 0.7 0.6],4,0.0
790,10,0,22,1,0,[8 0 0 0],[0 3 3 4],[0.9 0.8 0.7 0.6],5,0.0
791,10,0,23,0,0,[0 8 0 0],[0 0 5 4],[0.9 0.8 0.7 0.6],7,0.0
792,10,0,24,0,0,[10 10 0 0],[0 0 4 4],[0.9 0.8 0.7 0.6],6,0.0
793,10,0,25,1,0,[10 0 0 0],[0 4 4 4],[0.9 0.8 0.7 0.6],4,0.0
794,10,0,26,1,0,[8 0 0 0],[0 3 3 4],[0.9 0.8 0.7 0.6],5,0.0
795,10,0,27,1,0,[10 0 0 0],[0 4 4 4],[0.9 0.8 0.7 0.6],4,0.0
796,10,0,28,0,0,[10 10 0 0],[0 0 4 4],[0.9 0.8 0.7 0.6],6,0.0
797,10,0,29,0,0,[10 10 0 0],[0 0 4 4],[0.9 0.8 0.7 0.6],6,0.0
798,10,0,30,1,0,[7 0 0 0],[0 3 3 3],[0.9 0.8 0.7 0.6],1,0.0
799,10,0,31,1,0,[10 0 0 0],[0 4 4 4],[0.9 0.8 0.7 0.6],4,0.0
800,10,0,32,1,0,[10 0 0 0],[0 4 4 4],[0.9 0.8 0.7 0.6],4,0.0
801,10,0,33,0,0,[0 8 0 0],[0 0 5 4],[0.9 0.8 0.7 0.6],7,0.0
802,10,0,34,1,0,[7 0 0 0],[0 3 3 3],[0.9 0.8 0.7 0.6],1,0.0
803,10,0,35,0,0,[0 10 0 0],[0 0 6 6],[0.9 0.8 0.7 0.6],3,0.0
804,10,0,36,1,0,[9 0 0 0],[0 5 3 3],[0.9 0.8 0.7 0.6],2,0.0
805,10,0,37,1,0,[7 0 0 0],[0 3 3 3],[0.9 0.8 0.7 0.6],1,0.0
806,10,0,38,0,0,[0 8 0 0],[0 0 5 4],[0.9 0.8 0.7 0.6],7,0.0
807,10,0,39,1,0,[9 0 0 0],[0 5 3 3],[0.9 0.8 0.7 0.6],2,0.0
808,10,0,40,1,0,[8 0 0 0],[0 3 3 4],[0.9 0.8 0.7 0.6],5,0.0
809,10,0,41,0,0,[10 10 0 0],[0 0 4 4],[0.9 0.8 0.7 0.6],6,0.0
810,10,0,42,1,0,[10 0 0 0],[0 4 4 4],[0.9 0.8 0.7 0.6],4,0.0
811,10,0,43,0,0,[0 0 10 0],[0 0 0 8],[0.9 0.8 0.7 0.6],8,0.0
812,10,0,44,0,0,[0 0 10 0],[0 0 0 8],[0.9 0.8 0.7 0.6],8,0.0
813,10,0,45,1,0,[7 0 0 0],[0 3 3 3],[0.9 0.8 0.7 0.6],1,0.0
814,10,0,46,1,0,[7 0 0 0],[0 3 3 3],[0.9 0.8 0.7 0.6],1,0.0
815,10,0,47,0,0,[0 8 0 0],[0 0 5 4],[0.9 0.8 0.7 0.6],7,0.0
816,10,0,48,1,0,[9 0 0 0],[0 5 3 3],[0.9 0.8 0.7 0.6],2,0.0
817,10,0,49,0,0,[0 8 0 0],[0 0 5 4],[0.9 0.8 0.7 0.6],7,0.0
818,10,0,50,0,0,[10 10 0 0],[0 0 4 4],[0.9 0.8 0.7 0.6],6,0.0
819,10,0,51,1,0,[7 0 0 0],[0 3 3 3],[0.9 0.8 0.7 0.6],1,0.0
820,10,0,52,0,0,[8 0 0 0],[0 3 3 4],[0.9 0.8 0.7 0.6],5,0.0
821,10,0,53,1,0,[0 10 0 0],[0 0 6 6],[0.9 0.8 0.7 0.6],3,0.0
822,10,0,54,0,0,[0 10 0 0],[0 0 6 6],[0.9 0.8 0.7 0.6],3,0.0
823,10,0,55,0,0,[10 10 0 0],[0 0 4 4],[0.9 0.8 0.7 0.6],6,0.0
824,10,0,56,1,0,[8 0 0 0],[0 3 3 4],[0.9 0.8 0.7 0.6],5,0.0
825,10,0,57,0,0,[10 10 0 0],[0 0 4 4],[0.9 0.8 0.7 0.6],6,0.0
826,10,0,58,0,0,[0 10 0 0],[0 0 6 6],[0.9 0.8 0.7 0.6],3,0.0
827,10,0,59,0,0,[0 8 0 0],[0 0 5 4],[0.9 0.8 0.7 0.6],7,0.0
828,10,0,60,1,0,[7 0 0 0],[0 3 3 3],[0.9 0.8 0.7 0.6],1,0.0
829,10,0,61,1,0,[10 0 0 0],[0 4 4 4],[0.9 0.8 0.7 0.6],4,0.0
830,10,0,62,0,0,[0 0 10 0],[0 0 0 8],[0.9 0.8 0.7 0.6],8,0.0
831,10,0,63,0,0,[0 0 10 0],[0 0 0 8],[0.9 0.8 0.7 0.6],8,0.0
832,10,0,64,0,0,[0 0 10 0],[0 0 0 8],[0.9 0.8 0.7 0.6],8,0.0
833,10,0,65,1,0,[10 0 0 0],[0 4 4 4],[0.9 0.8 0.7 0.6],4,0.0
834,10,0,66,1,0,[8 0 0 0],[0 3 3 4],[0.9 0.8 0.7 0.6],5,0.0
835,10,0,67,0,0,[0 0 10 0],[0 0 0 8],[0.9 0.8 0.7 0.6],8,0.0
836,10,0,68,1,0,[7 0 0 0],[0 3 3 3],[0.9 0.8 0.7 0.6],1,0.0
837,10,0,69,0,0,[0 10 0 0],[0 0 6 6],[0.9 0.8 0.7 0.6],3,0.0
838,10,0,70,0,0,[10 0 0 0],[0 4 4 4],[0.9 0.8 0.7 0.6],4,0.0
839,10,0,71,0,0,[0 8 0 0],[0 0 5 4],[0.9 0.8 0.7 0.6],7,0.0
840,10,0,72,0,0,[0 0 10 0],[0 0 0 8],[0.9 0.8 0.7 0.6],8,0.0
841,10,0,73,1,0,[7 0 0 0],[0 3 3 3],[0.9 0.8 0.7 0.6],1,0.0
842,10,0,74,1,0,[9 0 0 0],[0 5 3 3],[0.9 0.8 0.7 0.6],2,0.0
843,10,0,75,1,0,[9 0 0 0],[0 5 3 3],[0.9 0.8 0.7 0.6],2,0.0
844,10,0,76,1,0,[0 8 0 0],[0 0 5 4],[0.9 0.8 0.7 0.6],7,0.0
845,10,0,77,1,0,[8 0 0 0],[0 3 3 4],[0.9 0.8 0.7 0.6],5,0.0
846,10,0,78,1,0,[9 0 0 0],[0 5 3 3],[0.9 0.8 0.7 0.6],2,0.0
847,10,0,79,0,0,[10 10 0 0],[0 0 4 4],[0.9 0.8 0.7 0.6],6,0.0
848,10,0,80,0,0,[0 0 10 0],[0 0 0 8],[0.9 0.8 0.7 0.6],8,0.0
849,10,0,81,1,0,[0 10 0 0],[0 0 6 6],[0.9 0.8 0.7 0.6],3,0.0
850,10,0,82,0,0,[0 8 0 0],[0 0 5 4],[0.9 0.8 0.7 0.6],7,0.0
851,10,0,83,1,0,[9 0 0 0],[0 5 3 3],[0.9 0.8 0.7 0.6],2,0.0
852,10,0,84,1,0,[10 0 0 0],[0 4 4 4],[0.9 0.8 0.7 0.6],4,0.0
853,10,0,85,0,0,[8 0 0 0],[0 3 3 4],[0.9 0.8 0.7 0.6],5,0.0
854,10,0,86,0,0,[0 0 10 0],[0 0 0 8],[0.9 0.8 0.7 0.6],8,0.0
855,10,0,87,1,0,[8 0 0 0],[0 3 3 4],[0.9 0.8 0.7 0.6],5,0.0
856,10,0,88,1,0,[9 0 0 0],[0 5 3 3],[0.9 0.8 0.7 0.6],2,0.0
857,10,0,89,1,0,[9 0 0 0],[0 5 3 3],[0.9 0.8 0.7 0.6],2,0.0
858,10,0,90,0,0,[10 10 0 0],[0 0 4 4],[0.9 0.8 0.7 0.6],6,0.0
859,10,0,91,0,0,[0 0 10 0],[0 0 0 8],[0.9 0.8 0.7 0.6],8,0.0
860,10,0,92,1,0,[0 8 0 0],[0 0 5 4],[0.9 0.8 0.7 0.6],7,0.0
861,10,0,93,1,0,[9 0 0 0],[0 5 3 3],[0.9 0.8 0.7 0.6],2,0.0
862,10,0,94,0,0,[0 10 0 0],[0 0 6 6],[0.9 0.8 0.7 0.6],3,0.0
863,10,0,95,1,0,[0 10 0 0],[0 0 6 6],[0.9 0.8 0.7 0.6],3,0.0
864,12,0,0,0,0,[7 0 0 0],[0 3 3 3],[0.9 0.8 0.7 0.6],1,0.0
865,12,0,1,0,0,[9 0 0 0],[0 5 3 3],[0.9 0.8 0.7 0.6],2,0.0
866,12,0,2,1,0,[0 10 0 0],[0 0 6 6],[0.9 0.8 0.7 0.6],3,0.0
867,12,0,3,0,0,[9 0 0 0],[0 5 3 3],[0.9 0.8 0.7 0.6],2,0.0
868,12,0,4,0,0,[10 0 0 0],[0 4 4 4],[0.9 0.8 0.7 0.6],4,0.0
869,12,0,5,0,0,[8 0 0 0],[0 3 3 4],[0.9 0.8 0.7 0.6],5,0.0
870,12,0,6,0,0,[7 0 0 0],[0 3 3 3],[0.9 0.8 0.7 0.6],1,0.0
871,12,0,7,1,0,[8 0 0 0],[0 3 3 4],[0.9 0.8 0.7 0.6],5,0.0
872,12,0,8,0,0,[7 0 0 0],[0 3 3 3],[0.9 0.8 0.7 0.6],1,0.0
873,12,0,9,0,0,[10 0 0 0],[0 4 4 4],[0.9 0.8 0.7 0.6],4,0.0
874,12,0,10,0,0,[10 10 0 0],[0 0 4 4],[0.9 0.8 0.7 0.6],6,0.0
875,12,0,11,0,0,[0 8 0 0],[0 0 5 4],[0.9 0.8 0.7 0.6],7,0.0
876,12,0,12,0,0,[0 0 10 0],[0 0 0 8],[0.9 0.8 0.7 0.6],8,0.0
877,12,0,13,1,0,[0 10 0 0],[0 0 6 6],[0.9 0.8 0.7 0.6],3,0.0
878,12,0,14,1,0,[8 0 0 0],[0 3 3 4],[0.9 0.8 0.7 0.6],5,0.0
879,12,0,15,0,0,[0 8 0 0],[0 0 5 4],[0.9 0.8 0.7 0.6],7,0.0
880,12,0,16,0,0,[10 10 0 0],[0 0 4 4],[0.9 0.8 0.7 0.6],6,0.0
881,12,0,17,0,0,[0 10 0 0],[0 0 6 6],[0.9 0.8 0.7 0.6],3,0.0
882,12,0,18,0,0,[0 0 10 0],[0 0 0 8],[0.9 0.8 0.7 0.6],8,0.0
883,12,0,19,0,0,[10 10 0 0],[0 0 4 4],[0.9 0.8 0.7 0.6],6,0.0
884,12,0,20,0,0,[0 10 0 0],[0 0 6 6],[0.9 0.8 0.7 0.6],3,0.0
885,12,0,21,0,0,[10 0 0 0],[0 4 4 4],[0.9 0.8 0.7 0.6],4,0.0
886,12,0,22,0,0,[8 0 0 0],[0 3 3 4],[0.9 0.8 0.7 0.6],5,0.0
887,12,0,23,0,0,[0 8 0 0],[0 0 5 4],[0.9 0.8 0.7 0.6],7,0.0
888,12,0,24,0,0,[10 10 0 0],[0 0 4 4],[0.9 0.8 0.7 0.6],6,0.0
889,12,0,25,0,0,[10 0 0 0],[0 4 4 4],[0.9 0.8 0.7 0.6],4,0.0
890,12,0,26,0,0,[8 0 0 0],[0 3 3 4],[0.9 0.8 0.7 0.6],5,0.0
891,12,0,27,0,0,[10 0 0 0],[0 4 4 4],[0.9 0.8 0.7 0.6],4,0.0
892,12,0,28,0,0,[10 10 0 0],[0 0 4 4],[0.9 0.8 0.7 0.6],6,0.0
893,12,0,29,0,0,[10 10 0 0],[0 0 4 4],[0.9 0.8 0.7 0.6],6,0.0
894,12,0,30,1,0,[7 0 0 0],[0 3 3 3],[0.9 0.8 0.7 0.6],1,0.0
895,12,0,31,0,0,[10 0 0 0],[0 4 4 4],[0.9 0.8 0.7 0.6],4,0.0
896,12,0,32,0,0,[10 0 0 0],[0 4 4 4],[0.9 0.8 0.7 0.6],4,0.0
897,12,0,33,0,0,[0 8 0 0],[0 0 5 4],[0.9 0.8 0.7 0.6],7,0.0
898,12,0,34,0,0,[7 0 0 0],[0 3 3 3],[0.9 0.8 0.7 0.6],1,0.0
899,12,0,35,0,0,[0 10 0 0],[0 0 6 6],[0.9 0.8 0.7 0.6],3,0.0
900,12,0,36,0,0,[9 0 0 0],[0 5 3 3],[0.9 0.8 0.7 0.6],2,0.0
901,12,0,37,0,0,[7 0 0 0],[0 3 3 3],[0.9 0.8 0.7 0.6],1,0.0
902,12,0,38,0,0,[0 8 0 0],[0 0 5 4],[0.9 0.8 0.7 0.6],7,0.0
903,12,0,39,0,0,[9 0 0 0],[0 5 3 3],[0.9 0.8 0.7 0.6],2,0.0
904,12,0,40,0,0,[8 0 0 0],[0 3 3 4],[0.9 0.8 0.7 0.6],5,0.0
905,12,0,41,0,0,[10 10 0 0],[0 0 4 4],[0.9 0.8 0.7 0.6],6,0.0
906,12,0,42,0,0,[10 0 0 0],[0 4 4 4],[0.9 0.8 0.7 0.6],4,0.0
907,12,0,43,0,0,[0 0 10 0],[0 0 0 8],[0.9 0.8 0.7 0.6],8,0.0
908,12,0,44,0,0,[0 0 10 0],[0 0 0 8],[0.9 0.8 0.7 0.6],8,0.0
909,12,0,45,0,0,[7 0 0 0],[0 3 3 3],[0.9 0.8 0.7 0.6],1,0.0
910,12,0,46,0,0,[7 0 0 0],[0 3 3 3],[0.9 0.8 0.7 0.6],1,0.0
911,12,0,47,0,0,[0 8 0 0],[0 0 5 4],[0.9 0.8 0.7 0.6],7,0.0
912,12,0,48,0,0,[9 0 0 0],[0 5 3 3],[0.9 0.8 0.7 0.6],2,0.0
913,12,0,49,0,0,[0 8 0 0],[0 0 5 4],[0.9 0.8 0.7 0.6],7,0.0
914,12,0,50,0,0,[10 10 0 0],[0 0 4 4],[0.9 0.8 0.7 0.6],6,0.0
915,12,0,51,0,0,[7 0 0 0],[0 3 3 3],[0.9 0.8 0.7 0.6],1,0.0
916,12,0,52,0,0,[8 0 0 0],[0 3 3 4],[0.9 0.8 0.7 0.6],5,0.0
917,12,0,53,1,0,[0 10 0 0],[0 0 6 6],[0.9 0.8 0.7 0.6],3,0.0
918,12,0,54,0,0,[0 10 0 0],[0 0 6 6],[0.9 0.8 0.7 0.6],3,0.0
919,12,0,55,0,0,[10 10 0 0],[0 0 4 4],[0.9 0.8 0.7 0.6],6,0.0
920,12,0,56,0,0,[8 0 0 0],[0 3 3 4],[0.9 0.8 0.7 0.6],5,0.0
921,12,0,57,0,0,[10 10 0 0],[0 0 4 4],[0.9 0.8 0.7 0.6],6,0.0
922,12,0,58,0,0,[0 10 0 0],[0 0 6 6],[0.9 0.8 0.7 0.6],3,0.0
923,12,0,59,0,0,[0 8 0 0],[0 0 5 4],[0.9 0.8 0.7 0.6],7,0.0
924,12,0,60,1,0,[7 0 0 0],[0 3 3 3],[0.9 0.8 0.7 0.6],1,0.0
925,12,0,61,0,0,[10 0 0 0],[0 4 4 4],[0.9 0.8 0.7 0.6],4,0.0
926,12,0,62,0,0,[0 0 10 0],[0 0 0 8],[0.9 0.8 0.7 0.6],8,0.0
927,12,0,63,0,0,[0 0 10 0],[0 0 0 8],[0.9 0.8 0.7 0.6],8,0.0
928,12,0,64,1,0,[0 0 10 0],[0 0 0 8],[0.9 0.8 0.7 0.6],8,0.0
929,12,0,65,0,0,[10 0 0 0],[0 4 4 4],[0.9 0.8 0.7 0.6],4,0.0
930,12,0,66,1,0,[8 0 0 0],[0 3 3 4],[0.9 0.8 0.7 0.6],5,0.0
931,12,0,67,0,0,[0 0 10 0],[0 0 0 8],[0.9 0.8 0.7 0.6],8,0.0
932,12,0,68,1,0,[7 0 0 0],[0 3 3 3],[0.9 0.8 0.7 0.6],1,0.0
933,12,0,69,1,0,[0 10 0 0],[0 0 6 6],[0.9 0.8 0.7 0.6],3,0.0
934,12,0,70,0,0,[10 0 0 0],[0 4 4 4],[0.9 0.8 0.7 0.6],4,0.0
935,12,0,71,0,0,[0 8 0 0],[0 0 5 4],[0.9 0.8 0.7 0.6],7,0.0
936,12,0,72,0,0,[0 0 10 0],[0 0 0 8],[0.9 0.8 0.7 0.6],8,0.0
937,12,0,73,0,0,[7 0 0 0],[0 3 3 3],[0.9 0.8 0.7 0.6],1,0.0
938,12,0,74,0,0,[9 0 0 0],[0 5 3 3],[0.9 0.8 0.7 0.6],2,0.0
939,12,0,75,1,0,[9 0 0 0],[0 5 3 3],[0.9 0.8 0.7 0.6],2,0.0
940,12,0,76,0,0,[0 8 0 0],[0 0 5 4],[0.9 0.8 0.7 0.6],7,0.0
941,12,0,77,0,0,[8 0 0 0],[0 3 3 4],[0.9 0.8 0.7 0.6],5,0.0
942,12,0,78,0,0,[9 0 0 0],[0 5 3 3],[0.9 0.8 0.7 0.6],2,0.0
943,12,0,79,0,0,[10 10 0 0],[0 0 4 4],[0.9 0.8 0.7 0.6],6,0.0
944,12,0,80,1,0,[0 0 10 0],[0 0 0 8],[0.9 0.8 0.7 0.6],8,0.0
945,12,0,81,0,0,[0 10 0 0],[0 0 6 6],[0.9 0.8 0.7 0.6],3,0.0
946,12,0,82,1,0,[0 8 0 0],[0 0 5 4],[0.9 0.8 0.7 0.6],7,0.0
947,12,0,83,0,0,[9 0 0 0],[0 5 3 3],[0.9 0.8 0.7 0.6],2,0.0
948,12,0,84,0,0,[10 0 0 0],[0 4 4 4],[0.9 0.8 0.7 0.6],4,0.0
949,12,0,85,0,0,[8 0 0 0],[0 3 3 4],[0.9 0.8 0.7 0.6],5,0.0
950,12,0,86,0,0,[0 0 10 0],[0 0 0 8],[0.9 0.8 0.7 0.6],8,0.0
951,12,0,87,0,0,[8 0 0 0],[0 3 3 4],[0.9 0.8 0.7 0.6],5,0.0
952,12,0,88,0,0,[9 0 0 0],[0 5 3 3],[0.9 0.8 0.7 0.6],2,0.0
953,12,0,89,0,0,[9 0 0 0],[0 5 3 3],[0.9 0.8 0.7 0.6],2,0.0
954,12,0,90,0,0,[10 10 0 0],[0 0 4 4],[0.9 0.8 0.7 0.6],6,0.0
955,12,0,91,0,0,[0 0 10 0],[0 0 0 8],[0.9 0.8 0.7 0.6],8,0.0
956,12,0,92,0,0,[0 8 0 0],[0 0 5 4],[0.9 0.8 0.7 0.6],7,0.0
957,12,0,93,0,0,[9 0 0 0],[0 5 3 3],[0.9 0.8 0.7 0.6],2,0.0
958,12,0,94,0,0,[0 10 0 0],[0 0 6 6],[0.9 0.8 0.7 0.6],3,0.0
959,12,0,95,0,0,[0 10 0 0],[0 0 6 6],[0.9 0.8 0.7 0.6],3,0.0
960,14,0,0,1,0,[7 0 0 0],[0 3 3 3],[0.9 0.8 0.7 0.6],1,0.0
961,14,0,1,0,0,[9 0 0 0],[0 5 3 3],[0.9 0.8 0.7 0.6],2,0.0
962,14,0,2,1,0,[0 10 0 0],[0 0 6 6],[0.9 0.8 0.7 0.6],3,0.0
963,14,0,3,1,0,[9 0 0 0],[0 5 3 3],[0.9 0.8 0.7 0.6],2,0.0
964,14,0,4,0,0,[10 0 0 0],[0 4 4 4],[0.9 0.8 0.7 0.6],4,0.0
965,14,0,5,0,0,[8 0 0 0],[0 3 3 4],[0.9 0.8 0.7 0.6],5,0.0
966,14,0,6,0,0,[7 0 0 0],[0 3 3 3],[0.9 0.8 0.7 0.6],1,0.0
967,14,0,7,1,0,[8 0 0 0],[0 3 3 4],[0.9 0.8 0.7 0.6],5,0.0
968,14,0,8,0,0,[7 0 0 0],[0 3 3 3],[0.9 0.8 0.7 0.6],1,0.0
969,14,0,9,0,0,[10 0 0 0],[0 4 4 4],[0.9 0.8 0.7 0.6],4,0.0
970,14,0,10,1,0,[10 10 0 0],[0 0 4 4],[0.9 0.8 0.7 0.6],6,0.0
971,14,0,11,0,0,[0 8 0 0],[0 0 5 4],[0.9 0.8 0.7 0.6],7,0.0
972,14,0,12,0,0,[0 0 10 0],[0 0 0 8],[0.9 0.8 0.7 0.6],8,0.0
973,14,0,13,0,0,[0 10 0 0],[0 0 6 6],[0.9 0.8 0.7 0.6],3,0.0
974,14,0,14,1,0,[8 0 0 0],[0 3 3 4],[0.9 0.8 0.7 0.6],5,0.0
975,14,0,15,0,0,[0 8 0 0],[0 0 5 4],[0.9 0.8 0.7 0.6],7,0.0
976,14,0,16,0,0,[10 10 0 0],[0 0 4 4],[0.9 0.8 0.7 0.6],6,0.0
977,14,0,17,0,0,[0 10 0 0],[0 0 6 6],[0.9 0.8 0.7 0.6],3,0.0
978,14,0,18,0,0,[0 0 10 0],[0 0 0 8],[0.9 0.8 0.7 0.6],8,0.0
979,14,0,19,0,0,[10 10 0 0],[0 0 4 4],[0.9 0.8 0.7 0.6],6,0.0
980,14,0,20,0,0,[0 10 0 0],[0 0 6 6],[0.9 0.8 0.7 0.6],3,0.0
981,14,0,21,1,0,[10 0 0 0],[0 4 4 4],[0.9 0.8 0.7 0.6],4,0.0
982,14,0,22,1,0,[8 0 0 0],[0 3 3 4],[0.9 0.8 0.7 0.6],5,0.0
983,14,0,23,1,0,[0 8 0 0],[0 0 5 4],[0.9 0.8 0.7 0.6],7,0.0
984,14,0,24,1,0,[10 10 0 0],[0 0 4 4],[0.9 0.8 0.7 0.6],6,0.0
985,14,0,25,1,0,[10 0 0 0],[0 4 4 4],[0.9 0.8 0.7 0.6],4,0.0
986,14,0,26,1,0,[8 0 0 0],[0 3 3 4],[0.9 0.8 0.7 0.6],5,0.0
987,14,0,27,1,0,[10 0 0 0],[0 4 4 4],[0.9 0.8 0.7 0.6],4,0.0
988,14,0,28,0,0,[10 10 0 0],[0 0 4 4],[0.9 0.8 0.7 0.6],6,0.0
989,14,0,29,0,0,[10 10 0 0],[0 0 4 4],[0.9 0.8 0.7 0.6],6,0.0
990,14,0,30,1,0,[7 0 0 0],[0 3 3 3],[0.9 0.8 0.7 0.6],1,0.0
991,14,0,31,0,0,[10 0 0 0],[0 4 4 4],[0.9 0.8 0.7 0.6],4,0.0
992,14,0,32,0,0,[10 0 0 0],[0 4 4 4],[0.9 0.8 0.7 0.6],4,0.0
993,14,0,33,1,0,[0 8 0 0],[0 0 5 4],[0.9 0.8 0.7 0.6],7,0.0
994,14,0,34,1,0,[7 0 0 0],[0 3 3 3],[0.9 0.8 0.7 0.6],1,0.0
995,14,0,35,0,0,[0 10 0 0],[0 0 6 6],[0.9 0.8 0.7 0.6],3,0.0
996,14,0,36,0,0,[9 0 0 0],[0 5 3 3],[0.9 0.8 0.7 0.6],2,0.0
997,14,0,37,1,0,[7 0 0 0],[0 3 3 3],[0.9 0.8 0.7 0.6],1,0.0
998,14,0,38,1,0,[0 8 0 0],[0 0 5 4],[0.9 0.8 0.7 0.6],7,0.0
999,14,0,39,1,0,[9 0 0 0],[0 5 3 3],[0.9 0.8 0.7 0.6],2,0.0
1000,14,0,40,0,0,[8 0 0 0],[0 3 3 4],[0.9 0.8 0.7 0.6],5,0.0
1001,14,0,41,0,0,[10 10 0 0],[0 0 4 4],[0.9 0.8 0.7 0.6],6,0.0
1002,14,0,42,1,0,[10 0 0 0],[0 4 4 4],[0.9 0.8 0.7 0.6],4,0.0
1003,14,0,43,0,0,[0 0 10 0],[0 0 0 8],[0.9 0.8 0.7 0.6],8,0.0
1004,14,0,44,1,0,[0 0 10 0],[0 0 0 8],[0.9 0.8 0.7 0.6],8,0.0
1005,14,0,45,1,0,[7 0 0 0],[0 3 3 3],[0.9 0.8 0.7 0.6],1,0.0
1006,14,0,46,0,0,[7 0 0 0],[0 3 3 3],[0.9 0.8 0.7 0.6],1,0.0
1007,14,0,47,0,0,[0 8 0 0],[0 0 5 4],[0.9 0.8 0.7 0.6],7,0.0
1008,14,0,48,0,0,[9 0 0 0],[0 5 3 3],[0.9 0.8 0.7 0.6],2,0.0
1009,14,0,49,0,0,[0 8 0 0],[0 0 5 4],[0.9 0.8 0.7 0.6],7,0.0
1010,14,0,50,1,0,[10 10 0 0],[0 0 4 4],[0.9 0.8 0.7 0.6],6,0.0
1011,14,0,51,0,0,[7 0 0 0],[0 3 3 3],[0.9 0.8 0.7 0.6],1,0.0
1012,14,0,52,0,0,[8 0 0 0],[0 3 3 4],[0.9 0.8 0.7 0.6],5,0.0
1013,14,0,53,1,0,[0 10 0 0],[0 0 6 6],[0.9 0.8 0.7 0.6],3,0.0
1014,14,0,54,1,0,[0 10 0 0],[0 0 6 6],[0.9 0.8 0.7 0.6],3,0.0
1015,14,0,55,0,0,[10 10 0 0],[0 0 4 4],[0.9 0.8 0.7 0.6],6,0.0
1016,14,0,56,0,0,[8 0 0 0],[0 3 3 4],[0.9 0.8 0.7 0.6],5,0.0
1017,14,0,57,1,0,[10 10 0 0],[0 0 4 4],[0.9 0.8 0.7 0.6],6,0.0
1018,14,0,58,0,0,[0 10 0 0],[0 0 6 6],[0.9 0.8 0.7 0.6],3,0.0
1019,14,0,59,0,0,[0 8 0 0],[0 0 5 4],[0.9 0.8 0.7 0.6],7,0.0
1020,14,0,60,1,0,[7 0 0 0],[0 3 3 3],[0.9 0.8 0.7 0.6],1,0.0
1021,14,0,61,1,0,[10 0 0 0],[0 4 4 4],[0.9 0.8 0.7 0.6],4,0.0
1022,14,0,62,0,0,[0 0 10 0],[0 0 0 8],[0.9 0.8 0.7 0.6],8,0.0
1023,14,0,63,1,0,[0 0 10 0],[0 0 0 8],[0.9 0.8 0.7 0.6],8,0.0
1024,14,0,64,0,0,[0 0 10 0],[0 0 0 8],[0.9 0.8 0.7 0.6],8,0.0
1025,14,0,65,1,0,[10 0 0 0],[0 4 4 4],[0.9 0.8 0.7 0.6],4,0.0
1026,14,0,66,1,0,[8 0 0 0],[0 3 3 4],[0.9 0.8 0.7 0.6],5,0.0
1027,14,0,67,0,0,[0 0 10 0],[0 0 0 8],[0.9 0.8 0.7 0.6],8,0.0
1028,14,0,68,0,0,[7 0 0 0],[0 3 3 3],[0.9 0.8 0.7 0.6],1,0.0
1029,14,0,69,1,0,[0 10 0 0],[0 0 6 6],[0.9 0.8 0.7 0.6],3,0.0
1030,14,0,70,0,0,[10 0 0 0],[0 4 4 4],[0.9 0.8 0.7 0.6],4,0.0
1031,14,0,71,0,0,[0 8 0 0],[0 0 5 4],[0.9 0.8 0.7 0.6],7,0.0
1032,14,0,72,0,0,[0 0 10 0],[0 0 0 8],[0.9 0.8 0.7 0.6],8,0.0
1033,14,0,73,1,0,[7 0 0 0],[0 3 3 3],[0.9 0.8 0.7 0.6],1,0.0
1034,14,0,74,0,0,[9 0 0 0],[0 5 3 3],[0.9 0.8 0.7 0.6],2,0.0
1035,14,0,75,1,0,[9 0 0 0],[0 5 3 3],[0.9 0.8 0.7 0.6],2,0.0
1036,14,0,76,1,0,[0 8 0 0],[0 0 5 4],[0.9 0.8 0.7 0.6],7,0.0
1037,14,0,77,0,0,[8 0 0 0],[0 3 3 4],[0.9 0.8 0.7 0.6],5,0.0
1038,14,0,78,1,0,[9 0 0 0],[0 5 3 3],[0.9 0.8 0.7 0.6],2,0.0
1039,14,0,79,0,0,[10 10 0 0],[0 0 4 4],[0.9 0.8 0.7 0.6],6,0.0
1040,14,0,80,1,0,[0 0 10 0],[0 0 0 8],[0.9 0.8 0.7 0.6],8,0.0
1041,14,0,81,1,0,[0 10 0 0],[0 0 6 6],[0.9 0.8 0.7 0.6],3,0.0
1042,14,0,82,1,0,[0 8 0 0],[0 0 5 4],[0.9 0.8 0.7 0.6],7,0.0
1043,14,0,83,1,0,[9 0 0 0],[0 5 3 3],[0.9 0.8 0.7 0.6],2,0.0
1044,14,0,84,0,0,[10 0 0 0],[0 4 4 4],[0.9 0.8 0.7 0.6],4,0.0
1045,14,0,85,1,0,[8 0 0 0],[0 3 3 4],[0.9 0.8 0.7 0.6],5,0.0
1046,14,0,86,0,0,[0 0 10 0],[0 0 0 8],[0.9 0.8 0.7 0.6],8,0.0
1047,14,0,87,1,0,[8 0 0 0],[0 3 3 4],[0.9 0.8 0.7 0.6],5,0.0
1048,14,0,88,1,0,[9 0 0 0],[0 5 3 3],[0.9 0.8 0.7 0.6],2,0.0
1049,14,0,89,1,0,[9 0 0 0],[0 5 3 3],[0.9 0.8 0.7 0.6],2,0.0
1050,14,0,90,0,0,[10 10 0 0],[0 0 4 4],[0.9 0.8 0.7 0.6],6,0.0
1051,14,0,91,1,0,[0 0 10 0],[0 0 0 8],[0.9 0.8 0.7 0.6],8,0.0
1052,14,0,92,1,0,[0 8 0 0],[0 0 5 4],[0.9 0.8 0.7 0.6],7,0.0
1053,14,0,93,1,0,[9 0 0 0],[0 5 3 3],[0.9 0.8 0.7 0.6],2,0.0
1054,14,0,94,0,0,[0 10 0 0],[0 0 6 6],[0.9 0.8 0.7 0.6],3,0.0
1055,14,0,95,1,0,[0 10 0 0],[0 0 6 6],[0.9 0.8 0.7 0.6],3,0.0
1056,15,0,0,1,0,[7 0 0 0],[0 3 3 3],[0.9 0.8 0.7 0.6],1,0.0
1057,15,0,1,0,0,[9 0 0 0],[0 5 3 3],[0.9 0.8 0.7 0.6],2,0.0
1058,15,0,2,1,0,[0 10 0 0],[0 0 6 6],[0.9 0.8 0.7 0.6],3,0.0
1059,15,0,3,1,0,[9 0 0 0],[0 5 3 3],[0.9 0.8 0.7 0.6],2,0.0
1060,15,0,4,0,0,[10 0 0 0],[0 4 4 4],[0.9 0.8 0.7 0.6],4,0.0
1061,15,0,5,0,0,[8 0 0 0],[0 3 3 4],[0.9 0.8 0.7 0.6],5,0.0
1062,15,0,6,0,0,[7 0 0 0],[0 3 3 3],[0.9 0.8 0.7 0.6],1,0.0
1063,15,0,7,1,0,[8 0 0 0],[0 3 3 4],[0.9 0.8 0.7 0.6],5,0.0
1064,15,0,8,0,0,[7 0 0 0],[0 3 3 3],[0.9 0.8 0.7 0.6],1,0.0
1065,15,0,9,0,0,[10 0 0 0],[0 4 4 4],[0.9 0.8 0.7 0.6],4,0.0
1066,15,0,10,1,0,[10 10 0 0],[0 0 4 4],[0.9 0.8 0.7 0.6],6,0.0
1067,15,0,11,0,0,[0 8 0 0],[0 0 5 4],[0.9 0.8 0.7 0.6],7,0.0
1068,15,0,12,0,0,[0 0 10 0],[0 0 0 8],[0.9 0.8 0.7 0.6],8,0.0
1069,15,0,13,0,0,[0 10 0 0],[0 0 6 6],[0.9 0.8 0.7 0.6],3,0.0
1070,15,0,14,1,0,[8 0 0 0],[0 3 3 4],[0.9 0.8 0.7 0.6],5,0.0
1071,15,0,15,0,0,[0 8 0 0],[0 0 5 4],[0.9 0.8 0.7 0.6],7,0.0
1072,15,0,16,0,0,[10 10 0 0],[0 0 4 4],[0.9 0.8 0.7 0.6],6,0.0
1073,15,0,17,0,0,[0 10 0 0],[0 0 6 6],[0.9 0.8 0.7 0.6],3,0.0
1074,15,0,18,0,0,[0 0 10 0],[0 0 0 8],[0.9 0.8 0.7 0.6],8,0.0
1075,15,0,19,0,0,[10 10 0 0],[0 0 4 4],[0.9 0.8 0.7 0.6],6,0.0
1076,15,0,20,0,0,[0 10 0 0],[0 0 6 6],[0.9 0.8 0.7 0.6],3,0.0
1077,15,0,21,1,0,[10 0 0 0],[0 4 4 4],[0.9 0.8 0.7 0.6],4,0.0
1078,15,0,22,1,0,[8 0 0 0],[0 3 3 4],[0.9 0.8 0.7 0.6],5,0.0
1079,15,0,23,1,0,[0 8 0 0],[0 0 5 4],[0.9 0.8 0.7 0.6],7,0.0
1080,15,0,24,1,0,[10 10 0 0],[0 0 4 4],[0.9 0.8 0.7 0.6],6,0.0
1081,15,0,25,1,0,[10 0 0 0],[0 4 4 4],[0.9 0.8 0.7 0.6],4,0.0
1082,15,0,26,1,0,[8 0 0 0],[0 3 3 4],[0.9 0.8 0.7 0.6],5,0.0
1083,15,0,27,1,0,[10 0 0 0],[0 4 4 4],[0.9 0.8 0.7 0.6],4,0.0
1084,15,0,28,0,0,[10 10 0 0],[0 0 4 4],[0.9 0.8 0.7 0.6],6,0.0
1085,15,0,29,0,0,[10 10 0 0],[0 0 4 4],[0.9 0.8 0.7 0.6],6,0.0
1086,15,0,30,1,0,[7 0 0 0],[0 3 3 3],[0.9 0.8 0.7 0.6],1,0.0
1087,15,0,31,0,0,[10 0 0 0],[0 4 4 4],[0.9 0.8 0.7 0.6],4,0.0
1088,15,0,32,0,0,[10 0 0 0],[0 4 4 4],[0.9 0.8 0.7 0.6],4,0.0
1089,15,0,33,1,0,[0 8 0 0],[0 0 5 4],[0.9 0.8 0.7 0.6],7,0.0
1090,15,0,34,1,0,[7 0 0 0],[0 3 3 3],[0.9 0.8 0.7 0.6],1,0.0
1091,15,0,35,0,0,[0 10 0 0],[0 0 6 6],[0.9 0.8 0.7 0.6],3,0.0
1092,15,0,36,0,0,[9 0 0 0],[0 5 3 3],[0.9 0.8 0.7 0.6],2,0.0
1093,15,0,37,1,0,[7 0 0 0],[0 3 3 3],[0.9 0.8 0.7 0.6],1,0.0
1094,15,0,38,1,0,[0 8 0 0],[0 0 5 4],[0.9 0.8 0.7 0.6],7,0.0
1095,15,0,39,1,0,[9 0 0 0],[0 5 3 3],[0.9 0.8 0.7 0.6],2,0.0
1096,15,0,40,0,0,[8 0 0 0],[0 3 3 4],[0.9 0.8 0.7 0.6],5,0.0
1097,15,0,41,0,0,[10 10 0 0],[0 0 4 4],[0.9 0.8 0.7 0.6],6,0.0
1098,15,0,42,1,0,[10 0 0 0],[0 4 4 4],[0.9 0.8 0.7 0.6],4,0.0
1099,15,0,43,0,0,[0 0 10 0],[0 0 0 8],[0.9 0.8 0.7 0.6],8,0.0
1100,15,0,44,1,0,[0 0 10 0],[0 0 0 8],[0.9 0.8 0.7 0.6],8,0.0
1101,15,0,45,1,0,[7 0 0 0],[0 3 3 3],[0.9 0.8 0.7 0.6],1,0.0
1102,15,0,46,0,0,[7 0 0 0],[0 3 3 3],[0.9 0.8 0.7 0.6],1,0.0
1103,15,0,47,0,0,[0 8 0 0],[0 0 5 4],[0.9 0.8 0.7 0.6],7,0.0
1104,15,0,48,0,0,[9 0 0 0],[0 5 3 3],[0.9 0.8 0.7 0.6],2,0.0
1105,15,0,49,0,0,[0 8 0 0],[0 0 5 4],[0.9 0.8 0.7 0.6],7,0.0
1106,15,0,50,1,0,[10 10 0 0],[0 0 4 4],[0.9 0.8 0.7 0.6],6,0.0
1107,15,0,51,0,0,[7 0 0 0],[0 3 3 3],[0.9 0.8 0.7 0.6],1,0.0
1108,15,0,52,0,0,[8 0 0 0],[0 3 3 4],[0.9 0.8 0.7 0.6],5,0.0
1109,15,0,53,1,0,[0 10 0 0],[0 0 6 6],[0.9 0.8 0.7 0.6],3,0.0
1110,15,0,54,1,0,[0 10 0 0],[0 0 6 6],[0.9 0.8 0.7 0.6],3,0.0
1111,15,0,55,0,0,[10 10 0 0],[0 0 4 4],[0.9 0.8 0.7 0.6],6,0.0
1112,15,0,56,0,0,[8 0 0 0],[0 3 3 4],[0.9 0.8 0.7 0.6],5,0.0
1113,15,0,57,1,0,[10 10 0 0],[0 0 4 4],[0.9 0.8 0.7 0.6],6,0.0
1114,15,0,58,0,0,[0 10 0 0],[0 0 6 6],[0.9 0.8 0.7 0.6],3,0.0
1115,15,0,59,0,0,[0 8 0 0],[0 0 5 4],[0.9 0.8 0.7 0.6],7,0.0
1116,15,0,60,1,0,[7 0 0 0],[0 3 3 3],[0.9 0.8 0.7 0.6],1,0.0
1117,15,0,61,1,0,[10 0 0 0],[0 4 4 4],[0.9 0.8 0.7 0.6],4,0.0
1118,15,0,62,0,0,[0 0 10 0],[0 0 0 8],[0.9 0.8 0.7 0.6],8,0.0
1119,15,0,63,1,0,[0 0 10 0],[0 0 0 8],[0.9 0.8 0.7 0.6],8,0.0
1120,15,0,64,0,0,[0 0 10 0],[0 0 0 8],[0.9 0.8 0.7 0.6],8,0.0
1121,15,0,65,1,0,[10 0 0 0],[0 4 4 4],[0.9 0.8 0.7 0.6],4,0.0
1122,15,0,66,1,0,[8 0 0 0],[0 3 3 4],[0.9 0.8 0.7 0.6],5,0.0
1123,15,0,67,0,0,[0 0 10 0],[0 0 0 8],[0.9 0.8 0.7 0.6],8,0.0
1124,15,0,68,0,0,[7 0 0 0],[0 3 3 3],[0.9 0.8 0.7 0.6],1,0.0
1125,15,0,69,1,0,[0 10 0 0],[0 0 6 6],[0.9 0.8 0.7 0.6],3,0.0
1126,15,0,70,0,0,[10 0 0 0],[0 4 4 4],[0.9 0.8 0.7 0.6],4,0.0
1127,15,0,71,0,0,[0 8 0 0],[0 0 5 4],[0.9 0.8 0.7 0.6],7,0.0
1128,15,0,72,0,0,[0 0 10 0],[0 0 0 8],[0.9 0.8 0.7 0.6],8,0.0
1129,15,0,73,1,0,[7 0 0 0],[0 3 3 3],[0.9 0.8 0.7 0.6],1,0.0
1130,15,0,74,0,0,[9 0 0 0],[0 5 3 3],[0.9 0.8 0.7 0.6],2,0.0
1131,15,0,75,1,0,[9 0 0 0],[0 5 3 3],[0.9 0.8 0.7 0.6],2,0.0
1132,15,0,76,1,0,[0 8 0 0],[0 0 5 4],[0.9 0.8 0.7 0.6],7,0.0
1133,15,0,77,0,0,[8 0 0 0],[0 3 3 4],[0.9 0.8 0.7 0.6],5,0.0
1134,15,0,78,1,0,[9 0 0 0],[0 5 3 3],[0.9 0.8 0.7 0.6],2,0.0
1135,15,0,79,0,0,[10 10 0 0],[0 0 4 4],[0.9 0.8 0.7 0.6],6,0.0
1136,15,0,80,1,0,[0 0 10 0],[0 0 0 8],[0.9 0.8 0.7 0.6],8,0.0
1137,15,0,81,1,0,[0 10 0 0],[0 0 6 6],[0.9 0.8 0.7 0.6],3,0.0
1138,15,0,82,1,0,[0 8 0 0],[0 0 5 4],[0.9 0.8 0.7 0.6],7,0.0
1139,15,0,83,1,0,[9 0 0 0],[0 5 3 3],[0.9 0.8 0.7 0.6],2,0.0
1140,15,0,84,0,0,[10 0 0 0],[0 4 4 4],[0.9 0.8 0.7 0.6],4,0.0
1141,15,0,85,1,0,[8 0 0 0],[0 3 3 4],[0.9 0.8 0.7 0.6],5,0.0
1142,15,0,86,0,0,[0 0 10 0],[0 0 0 8],[0.9 0.8 0.7 0.6],8,0.0
1143,15,0,87,1,0,[8 0 0 0],[0 3 3 4],[0.9 0.8 0.7 0.6],5,0.0
1144,15,0,88,1,0,[9 0 0 0],[0 5 3 3],[0.9 0.8 0.7 0.6],2,0.0
1145,15,0,89,1,0,[9 0 0 0],[0 5 3 3],[0.9 0.8 0.7 0.6],2,0.0
1146,15,0,90,0,0,[10 10 0 0],[0 0 4 4],[0.9 0.8 0.7 0.6],6,0.0
1147,15,0,91,1,0,[0 0 10 0],[0 0 0 8],[0.9 0.8 0.7 0.6],8,0.0
1148,15,0,92,1,0,[0 8 0 0],[0 0 5 4],[0.9 0.8 0.7 0.6],7,0.0
1149,15,0,93,1,0,[9 0 0 0],[0 5 3 3],[0.9 0.8 0.7 0.6],2,0.0
1150,15,0,94,1,0,[0 10 0 0],[0 0 6 6],[0.9 0.8 0.7 0.6],3,0.0
1151,15,0,95,0,0,[0 10 0 0],[0 0 6 6],[0.9 0.8 0.7 0.6],3,0.0
1152,16,0,0,1,0,[7 0 0 0],[0 3 3 3],[0.9 0.8 0.7 0.6],1,0.0
1153,16,0,1,0,0,[9 0 0 0],[0 5 3 3],[0.9 0.8 0.7 0.6],2,0.0
1154,16,0,2,1,0,[0 10 0 0],[0 0 6 6],[0.9 0.8 0.7 0.6],3,0.0
1155,16,0,3,0,0,[9 0 0 0],[0 5 3 3],[0.9 0.8 0.7 0.6],2,0.0
1156,16,0,4,0,0,[10 0 0 0],[0 4 4 4],[0.9 0.8 0.7 0.6],4,0.0
1157,16,0,5,0,0,[8 0 0 0],[0 3 3 4],[0.9 0.8 0.7 0.6],5,0.0
1158,16,0,6,0,0,[7 0 0 0],[0 3 3 3],[0.9 0.8 0.7 0.6],1,0.0
1159,16,0,7,0,0,[8 0 0 0],[0 3 3 4],[0.9 0.8 0.7 0.6],5,0.0
1160,16,0,8,0,0,[7 0 0 0],[0 3 3 3],[0.9 0.8 0.7 0.6],1,0.0
1161,16,0,9,0,0,[10 0 0 0],[0 4 4 4],[0.9 0.8 0.7 0.6],4,0.0
1162,16,0,10,0,0,[10 10 0 0],[0 0 4 4],[0.9 0.8 0.7 0.6],6,0.0
1163,16,0,11,0,0,[0 8 0 0],[0 0 5 4],[0.9 0.8 0.7 0.6],7,0.0
1164,16,0,12,0,0,[0 0 10 0],[0 0 0 8],[0.9 0.8 0.7 0.6],8,0.0
1165,16,0,13,0,0,[0 10 0 0],[0 0 6 6],[0.9 0.8 0.7 0.6],3,0.0
1166,16,0,14,0,0,[8 0 0 0],[0 3 3 4],[0.9 0.8 0.7 0.6],5,0.0
1167,16,0,15,0,0,[0 8 0 0],[0 0 5 4],[0.9 0.8 0.7 0.6],7,0.0
1168,16,0,16,0,0,[10 10 0 0],[0 0 4 4],[0.9 0.8 0.7 0.6],6,0.0
1169,16,0,17,0,0,[0 10 0 0],[0 0 6 6],[0.9 0.8 0.7 0.6],3,0.0
1170,16,0,18,0,0,[0 0 10 0],[0 0 0 8],[0.9 0.8 0.7 0.6],8,0.0
1171,16,0,19,0,0,[10 10 0 0],[0 0 4 4],[0.9 0.8 0.7 0.6],6,0.0
1172,16,0,20,0,0,[0 10 0 0],[0 0 6 6],[0.9 0.8 0.7 0.6],3,0.0
1173,16,0,21,0,0,[10 0 0 0],[0 4 4 4],[0.9 0.8 0.7 0.6],4,0.0
1174,16,0,22,0,0,[8 0 0 0],[0 3 3 4],[0.9 0.8 0.7 0.6],5,0.0
1175,16,0,23,0,0,[0 8 0 0],[0 0 5 4],[0.9 0.8 0.7 0.6],7,0.0
1176,16,0,24,0,0,[10 10 0 0],[0 0 4 4],[0.9 0.8 0.7 0.6],6,0.0
1177,16,0,25,0,0,[10 0 0 0],[0 4 4 4],[0.9 0.8 0.7 0.6],4,0.0
1178,16,0,26,0,0,[8 0 0 0],[0 3 3 4],[0.9 0.8 0.7 0.6],5,0.0
1179,16,0,27,0,0,[10 0 0 0],[0 4 4 4],[0.9 0.8 0.7 0.6],4,0.0
1180,16,0,28,0,0,[10 10 0 0],[0 0 4 4],[0.9 0.8 0.7 0.6],6,0.0
1181,16,0,29,0,0,[10 10 0 0],[0 0 4 4],[0.9 0.8 0.7 0.6],6,0.0
1182,16,0,30,0,0,[7 0 0 0],[0 3 3 3],[0.9 0.8 0.7 0.6],1,0.0
1183,16,0,31,0,0,[10 0 0 0],[0 4 4 4],[0.9 0.8 0.7 0.6],4,0.0
1184,16,0,32,0,0,[10 0 0 0],[0 4 4 4],[0.9 0.8 0.7 0.6],4,0.0
1185,16,0,33,1,0,[0 8 0 0],[0 0 5 4],[0.9 0.8 0.7 0.6],7,0.0
1186,16,0,34,0,0,[7 0 0 0],[0 3 3 3],[0.9 0.8 0.7 0.6],1,0.0
1187,16,0,35,1,0,[0 10 0 0],[0 0 6 6],[0.9 0.8 0.7 0.6],3,0.0
1188,16,0,36,0,0,[9 0 0 0],[0 5 3 3],[0.9 0.8 0.7 0.6],2,0.0
1189,16,0,37,0,0,[7 0 0 0],[0 3 3 3],[0.9 0.8 0.7 0.6],1,0.0
1190,16,0,38,0,0,[0 8 0 0],[0 0 5 4],[0.9 0.8 0.7 0.6],7,0.0
1191,16,0,39,0,0,[9 0 0 0],[0 5 3 3],[0.9 0.8 0.7 0.6],2,0.0
1192,16,0,40,0,0,[8 0 0 0],[0 3 3 4],[0.9 0.8 0.7 0.6],5,0.0
1193,16,0,41,0,0,[10 10 0 0],[0 0 4 4],[0.9 0.8 0.7 0.6],6,0.0
1194,16,0,42,0,0,[10 0 0 0],[0 4 4 4],[0.9 0.8 0.7 0.6],4,0.0
1195,16,0,43,0,0,[0 0 10 0],[0 0 0 8],[0.9 0.8 0.7 0.6],8,0.0
1196,16,0,44,0,0,[0 0 10 0],[0 0 0 8],[0.9 0.8 0.7 0.6],8,0.0
1197,16,0,45,0,0,[7 0 0 0],[0 3 3 3],[0.9 0.8 0.7 0.6],1,0.0
1198,16,0,46,0,0,[7 0 0 0],[0 3 3 3],[0.9 0.8 0.7 0.6],1,0.0
1199,16,0,47,0,0,[0 8 0 0],[0 0 5 4],[0.9 0.8 0.7 0.6],7,0.0
1200,16,0,48,0,0,[9 0 0 0],[0 5 3 3],[0.9 0.8 0.7 0.6],2,0.0
1201,16,0,49,0,0,[0 8 0 0],[0 0 5 4],[0.9 0.8 0.7 0.6],7,0.0
1202,16,0,50,0,0,[10 10 0 0],[0 0 4 4],[0.9 0.8 0.7 0.6],6,0.0
1203,16,0,51,0,0,[7 0 0 0],[0 3 3 3],[0.9 0.8 0.7 0.6],1,0.0
1204,16,0,52,0,0,[8 0 0 0],[0 3 3 4],[0.9 0.8 0.7 0.6],5,0.0
1205,16,0,53,0,0,[0 10 0 0],[0 0 6 6],[0.9 0.8 0.7 0.6],3,0.0
1206,16,0,54,0,0,[0 10 0 0],[0 0 6 6],[0.9 0.8 0.7 0.6],3,0.0
1207,16,0,55,0,0,[10 10 0 0],[0 0 4 4],[0.9 0.8 0.7 0.6],6,0.0
1208,16,0,56,0,0,[8 0 0 0],[0 3 3 4],[0.9 0.8 0.7 0.6],5,0.0
1209,16,0,57,0,0,[10 10 0 0],[0 0 4 4],[0.9 0.8 0.7 0.6],6,0.0
1210,16,0,58,0,0,[0 10 0 0],[0 0 6 6],[0.9 0.8 0.7 0.6],3,0.0
1211,16,0,59,0,0,[0 8 0 0],[0 0 5 4],[0.9 0.8 0.7 0.6],7,0.0
1212,16,0,60,0,0,[7 0 0 0],[0 3 3 3],[0.9 0.8 0.7 0.6],1,0.0
1213,16,0,61,0,0,[10 0 0 0],[0 4 4 4],[0.9 0.8 0.7 0.6],4,0.0
1214,16,0,62,0,0,[0 0 10 0],[0 0 0 8],[0.9 0.8 0.7 0.6],8,0.0
1215,16,0,63,0,0,[0 0 10 0],[0 0 0 8],[0.9 0.8 0.7 0.6],8,0.0
1216,16,0,64,0,0,[0 0 10 0],[0 0 0 8],[0.9 0.8 0.7 0.6],8,0.0
1217,16,0,65,0,0,[10 0 0 0],[0 4 4 4],[0.9 0.8 0.7 0.6],4,0.0
1218,16,0,66,0,0,[8 0 0 0],[0 3 3 4],[0.9 0.8 0.7 0.6],5,0.0
1219,16,0,67,0,0,[0 0 10 0],[0 0 0 8],[0.9 0.8 0.7 0.6],8,0.0
1220,16,0,68,0,0,[7 0 0 0],[0 3 3 3],[0.9 0.8 0.7 0.6],1,0.0
1221,16,0,69,0,0,[0 10 0 0],[0 0 6 6],[0.9 0.8 0.7 0.6],3,0.0
1222,16,0,70,0,0,[10 0 0 0],[0 4 4 4],[0.9 0.8 0.7 0.6],4,0.0
1223,16,0,71,1,0,[0 8 0 0],[0 0 5 4],[0.9 0.8 0.7 0.6],7,0.0
1224,16,0,72,0,0,[0 0 10 0],[0 0 0 8],[0.9 0.8 0.7 0.6],8,0.0
1225,16,0,73,0,0,[7 0 0 0],[0 3 3 3],[0.9 0.8 0.7 0.6],1,0.0
1226,16,0,74,0,0,[9 0 0 0],[0 5 3 3],[0.9 0.8 0.7 0.6],2,0.0
1227,16,0,75,0,0,[9 0 0 0],[0 5 3 3],[0.9 0.8 0.7 0.6],2,0.0
1228,16,0,76,0,0,[0 8 0 0],[0 0 5 4],[0.9 0.8 0.7 0.6],7,0.0
1229,16,0,77,0,0,[8 0 0 0],[0 3 3 4],[0.9 0.8 0.7 0.6],5,0.0
1230,16,0,78,1,0,[9 0 0 0],[0 5 3 3],[0.9 0.8 0.7 0.6],2,0.0
1231,16,0,79,0,0,[10 10 0 0],[0 0 4 4],[0.9 0.8 0.7 0.6],6,0.0
1232,16,0,80,0,0,[0 0 10 0],[0 0 0 8],[0.9 0.8 0.7 0.6],8,0.0
1233,16,0,81,1,0,[0 10 0 0],[0 0 6 6],[0.9 0.8 0.7 0.6],3,0.0
1234,16,0,82,1,0,[0 8 0 0],[0 0 5 4],[0.9 0.8 0.7 0.6],7,0.0
1235,16,0,83,0,0,[9 0 0 0],[0 5 3 3],[0.9 0.8 0.7 0.6],2,0.0
1236,16,0,84,0,0,[10 0 0 0],[0 4 4 4],[0.9 0.8 0.7 0.6],4,0.0
1237,16,0,85,0,0,[8 0 0 0],[0 3 3 4],[0.9 0.8 0.7 0.6],5,0.0
1238,16,0,86,0,0,[0 0 10 0],[0 0 0 8],[0.9 0.8 0.7 0.6],8,0.0
1239,16,0,87,0,0,[8 0 0 0],[0 3 3 4],[0.9 0.8 0.7 0.6],5,0.0
1240,16,0,88,0,0,[9 0 0 0],[0 5 3 3],[0.9 0.8 0.7 0.6],2,0.0
1241,16,0,89,0,0,[9 0 0 0],[0 5 3 3],[0.9 0.8 0.7 0.6],2,0.0
1242,16,0,90,0,0,[10 10 0 0],[0 0 4 4],[0.9 0.8 0.7 0.6],6,0.0
1243,16,0,91,0,0,[0 0 10 0],[0 0 0 8],[0.9 0.8 0.7 0.6],8,0.0
1244,16,0,92,0,0,[0 8 0 0],[0 0 5 4],[0.9 0.8 0.7 0.6],7,0.0
1245,16,0,93,0,0,[9 0 0 0],[0 5 3 3],[0.9 0.8 0.7 0.6],2,0.0
1246,16,0,94,0,0,[0 10 0 0],[0 0 6 6],[0.9 0.8 0.7 0.6],3,0.0
1247,16,0,95,0,0,[0 10 0 0],[0 0 6 6],[0.9 0.8 0.7 0.6],3,0.0
1248,20,0,0,0,0,[10 0 0 10],[7 3 0 10],[0.9 0.8 0.7 0.6],9,0.0
1249,20,0,1,1,0,[10 1 5 5],[8 3 5 5],[0.9 0.8 0.7 0.6],10,0.0
1250,20,0,2,0,0,[10 0 5 5],[8 2 5 5],[0.9 0.8 0.7 0.6],11,0.0
1251,20,0,3,1,0,[10 1 5 5],[8 3 5 5],[0.9 0.8 0.7 0.6],10,0.0
1252,20,0,4,0,0,[9 0 0 0],[7 2 0 0],[0.9 0.8 0.7 0.6],12,0.0
1253,20,0,5,1,0,[8 0 5 5],[6 2 5 5],[0.9 0.8 0.7 0.6],13,0.0
1254,20,0,6,1,0,[9 0 0 0],[7 2 0 0],[0.9 0.8 0.7 0.6],12,0.0
1255,20,0,7,1,0,[10 0 0 0],[8 2 0 0],[0.9 0.8 0.7 0.6],14,0.0
1256,20,0,8,0,0,[10 0 0 10],[7 3 0 10],[0.9 0.8 0.7 0.6],9,0.0
1257,20,0,9,0,0,[9 1 2 2],[7 3 2 2],[0.9 0.8 0.7 0.6],15,0.0
1258,20,0,10,1,0,[9 1 2 2],[7 3 2 2],[0.9 0.8 0.7 0.6],15,0.0
1259,20,0,11,0,0,[9 1 2 2],[7 3 2 2],[0.9 0.8 0.7 0.6],15,0.0
1260,20,0,12,1,0,[9 0 0 0],[7 2 0 0],[0.9 0.8 0.7 0.6],12,0.0
1261,20,0,13,0,0,[8 0 5 5],[6 2 5 5],[0.9 0.8 0.7 0.6],13,0.0
1262,20,0,14,0,0,[10 0 0 10],[7 3 0 10],[0.9 0.8 0.7 0.6],9,0.0
1263,20,0,15,1,0,[10 0 0 0],[8 2 0 0],[0.9 0.8 0.7 0.6],14,0.0
1264,20,0,16,1,0,[10 0 5 5],[8 2 5 5],[0.9 0.8 0.7 0.6],11,0.0
1265,20,0,17,0,0,[10 0 5 5],[8 2 5 5],[0.9 0.8 0.7 0.6],11,0.0
1266,20,0,18,1,0,[10 0 5 5],[8 2 5 5],[0.9 0.8 0.7 0.6],11,0.0
1267,20,0,19,0,0,[10 0 10 0],[8 2 8 2],[0.9 0.8 0.7 0.6],16,0.0
1268,20,0,20,1,0,[10 0 10 0],[8 2 8 2],[0.9 0.8 0.7 0.6],16,0.0
1269,20,0,21,0,0,[9 1 2 2],[7 3 2 2],[0.9 0.8 0.7 0.6],15,0.0
1270,20,0,22,0,0,[9 1 2 2],[7 3 2 2],[0.9 0.8 0.7 0.6],15,0.0
1271,20,0,23,1,0,[9 1 2 2],[7 3 2 2],[0.9 0.8 0.7 0.6],15,0.0
1272,20,0,24,0,0,[10 0 0 0],[8 2 0 0],[0.9 0.8 0.7 0.6],14,0.0
1273,20,0,25,0,0,[9 1 2 2],[7 3 2 2],[0.9 0.8 0.7 0.6],15,0.0
1274,20,0,26,1,0,[10 0 0 10],[7 3 0 10],[0.9 0.8 0.7 0.6],9,0.0
1275,20,0,27,1,0,[8 0 5 5],[6 2 5 5],[0.9 0.8 0.7 0.6],13,0.0
1276,20,0,28,0,0,[8 0 5 5],[6 2 5 5],[0.9 0.8 0.7 0.6],13,0.0
1277,20,0,29,1,0,[10 1 5 5],[8 3 5 5],[0.9 0.8 0.7 0.6],10,0.0
1278,20,0,30,0,0,[10 1 5 5],[8 3 5 5],[0.9 0.8 0.7 0.6],10,0.0
1279,20,0,31,1,0,[10 0 5 5],[8 2 5 5],[0.9 0.8 0.7 0.6],11,0.0
1280,20,0,32,1,0,[10 1 5 5],[8 3 5 5],[0.9 0.8 0.7 0.6],10,0.0
1281,20,0,33,0,0,[8 0 5 5],[6 2 5 5],[0.9 0.8 0.7 0.6],13,0.0
1282,20,0,34,0,0,[10 0 10 0],[8 2 8 2],[0.9 0.8 0.7 0.6],16,0.0
1283,20,0,35,0,0,[10 0 5 5],[8 2 5 5],[0.9 0.8 0.7 0.6],11,0.0
1284,20,0,36,1,0,[10 0 5 5],[8 2 5 5],[0.9 0.8 0.7 0.6],11,0.0
1285,20,0,37,1,0,[10 0 0 0],[8 2 0 0],[0.9 0.8 0.7 0.6],14,0.0
1286,20,0,38,1,0,[10 0 0 0],[8 2 0 0],[0.9 0.8 0.7 0.6],14,0.0
1287,20,0,39,1,0,[10 0 0 10],[7 3 0 10],[0.9 0.8 0.7 0.6],9,0.0
1288,20,0,40,1,0,[10 0 10 0],[8 2 8 2],[0.9 0.8 0.7 0.6],16,0.0
1289,20,0,41,0,0,[8 0 5 5],[6 2 5 5],[0.9 0.8 0.7 0.6],13,0.0
1290,20,0,42,1,0,[10 0 0 0],[8 2 0 0],[0.9 0.8 0.7 0.6],14,0.0
1291,20,0,43,0,0,[10 1 5 5],[8 3 5 5],[0.9 0.8 0.7 0.6],10,0.0
1292,20,0,44,0,0,[10 0 0 0],[8 2 0 0],[0.9 0.8 0.7 0.6],14,0.0
1293,20,0,45,0,0,[10 1 5 5],[8 3 5 5],[0.9 0.8 0.7 0.6],10,0.0
1294,20,0,46,1,0,[10 0 0 10],[7 3 0 10],[0.9 0.8 0.7 0.6],9,0.0
1295,20,0,47,1,0,[10 0 0 0],[8 2 0 0],[0.9 0.8 0.7 0.6],14,0.0
1296,20,0,48,1,0,[10 0 10 0],[8 2 8 2],[0.9 0.8 0.7 0.6],16,0.0
1297,20,0,49,0,0,[10 0 0 0],[8 2 0 0],[0.9 0.8 0.7 0.6],14,0.0
1298,20,0,50,1,0,[9 0 0 0],[7 2 0 0],[0.9 0.8 0.7 0.6],12,0.0
1299,20,0,51,0,0,[8 0 5 5],[6 2 5 5],[0.9 0.8 0.7 0.6],13,0.0
1300,20,0,52,1,0,[10 0 10 0],[8 2 8 2],[0.9 0.8 0.7 0.6],16,0.0
1301,20,0,53,0,0,[9 1 2 2],[7 3 2 2],[0.9 0.8 0.7 0.6],15,0.0
1302,20,0,54,0,0,[9 1 2 2],[7 3 2 2],[0.9 0.8 0.7 0.6],15,0.0
1303,20,0,55,1,0,[10 0 5 5],[8 2 5 5],[0.9 0.8 0.7 0.6],11,0.0
1304,20,0,56,1,0,[10 0 0 10],[7 3 0 10],[0.9 0.8 0.7 0.6],9,0.0
1305,20,0,57,1,0,[10 0 10 0],[8 2 8 2],[0.9 0.8 0.7 0.6],16,0.0
1306,20,0,58,0,0,[9 0 0 0],[7 2 0 0],[0.9 0.8 0.7 0.6],12,0.0
1307,20,0,59,1,0,[10 0 10 0],[8 2 8 2],[0.9 0.8 0.7 0.6],16,0.0
1308,20,0,60,0,0,[8 0 5 5],[6 2 5 5],[0.9 0.8 0.7 0.6],13,0.0
1309,20,0,61,0,0,[10 0 10 0],[8 2 8 2],[0.9 0.8 0.7 0.6],16,0.0
1310,20,0,62,0,0,[10 0 5 5],[8 2 5 5],[0.9 0.8 0.7 0.6],11,0.0
1311,20,0,63,0,0,[10 0 10 0],[8 2 8 2],[0.9 0.8 0.7 0.6],16,0.0
1312,20,0,64,0,0,[10 1 5 5],[8 3 5 5],[0.9 0.8 0.7 0.6],10,0.0
1313,20,0,65,0,0,[9 0 0 0],[7 2 0 0],[0.9 0.8 0.7 0.6],12,0.0
1314,20,0,66,0,0,[8 0 5 5],[6 2 5 5],[0.9 0.8 0.7 0.6],13,0.0
1315,20,0,67,1,0,[10 1 5 5],[8 3 5 5],[0.9 0.8 0.7 0.6],10,0.0
1316,20,0,68,1,0,[10 0 5 5],[8 2 5 5],[0.9 0.8 0.7 0.6],11,0.0
1317,20,0,69,1,0,[9 1 2 2],[7 3 2 2],[0.9 0.8 0.7 0.6],15,0.0
1318,20,0,70,1,0,[9 0 0 0],[7 2 0 0],[0.9 0.8 0.7 0.6],12,0.0
1319,20,0,71,1,0,[9 1 2 2],[7 3 2 2],[0.9 0.8 0.7 0.6],15,0.0
1320,20,0,72,1,0,[10 0 0 10],[7 3 0 10],[0.9 0.8 0.7 0.6],9,0.0
1321,20,0,73,0,0,[10 1 5 5],[8 3 5 5],[0.9 0.8 0.7 0.6],10,0.0
1322,20,0,74,1,0,[10 0 5 5],[8 2 5 5],[0.9 0.8 0.7 0.6],11,0.0
1323,20,0,75,1,0,[10 0 0 10],[7 3 0 10],[0.9 0.8 0.7 0.6],9,0.0
1324,20,0,76,1,0,[8 0 5 5],[6 2 5 5],[0.9 0.8 0.7 0.6],13,0.0
1325,20,0,77,0,0,[9 0 0 0],[7 2 0 0],[0.9 0.8 0.7 0.6],12,0.0
1326,20,0,78,0,0,[10 1 5 5],[8 3 5 5],[0.9 0.8 0.7 0.6],10,0.0
1327,20,0,79,0,0,[10 0 0 0],[8 2 0 0],[0.9 0.8 0.7 0.6],14,0.0
1328,20,0,80,0,0,[10 0 10 0],[8 2 8 2],[0.9 0.8 0.7 0.6],16,0.0
1329,20,0,81,0,0,[10 0 0 10],[7 3 0 10],[0.9 0.8 0.7 0.6],9,0.0
1330,20,0,82,0,0,[10 0 0 10],[7 3 0 10],[0.9 0.8 0.7 0.6],9,0.0
1331,20,0,83,0,0,[9 0 0 0],[7 2 0 0],[0.9 0.8 0.7 0.6],12,0.0
1332,20,0,84,0,0,[8 0 5 5],[6 2 5 5],[0.9 0.8 0.7 0.6],13,0.0
1333,20,0,85,0,0,[10 0 0 0],[8 2 0 0],[0.9 0.8 0.7 0.6],14,0.0
1334,20,0,86,1,0,[10 0 0 10],[7 3 0 10],[0.9 0.8 0.7 0.6],9,0.0
1335,20,0,87,0,0,[10 0 10 0],[8 2 8 2],[0.9 0.8 0.7 0.6],16,0.0
1336,20,0,88,1,0,[10 1 5 5],[8 3 5 5],[0.9 0.8 0.7 0.6],10,0.0
1337,20,0,89,1,0,[9 0 0 0],[7 2 0 0],[0.9 0.8 0.7 0.6],12,0.0
1338,20,0,90,1,0,[9 0 0 0],[7 2 0 0],[0.9 0.8 0.7 0.6],12,0.0
1339,20,0,91,1,0,[9 1 2 2],[7 3 2 2],[0.9 0.8 0.7 0.6],15,0.0
1340,20,0,92,1,0,[10 0 0 0],[8 2 0 0],[0.9 0.8 0.7 0.6],14,0.0
1341,20,0,93,1,0,[9 0 0 0],[7 2 0 0],[0.9 0.8 0.7 0.6],12,0.0
1342,20,0,94,1,0,[10 0 5 5],[8 2 5 5],[0.9 0.8 0.7 0.6],11,0.0
1343,20,0,95,0,0,[8 0 5 5],[6 2 5 5],[0.9 0.8 0.7 0.6],13,0.0
1344,21,0,0,0,0,[10 0 0 10],[7 3 0 10],[0.9 0.8 0.7 0.6],9,0.0
1345,21,0,1,0,0,[10 1 5 5],[8 3 5 5],[0.9 0.8 0.7 0.6],10,0.0
1346,21,0,2,1,0,[10 0 5 5],[8 2 5 5],[0.9 0.8 0.7 0.6],11,0.0
1347,21,0,3,0,0,[10 1 5 5],[8 3 5 5],[0.9 0.8 0.7 0.6],10,0.0
1348,21,0,4,0,0,[9 0 0 0],[7 2 0 0],[0.9 0.8 0.7 0.6],12,0.0
1349,21,0,5,1,0,[8 0 5 5],[6 2 5 5],[0.9 0.8 0.7 0.6],13,0.0
1350,21,0,6,1,0,[9 0 0 0],[7 2 0 0],[0.9 0.8 0.7 0.6],12,0.0
1351,21,0,7,1,0,[10 0 0 0],[8 2 0 0],[0.9 0.8 0.7 0.6],14,0.0
1352,21,0,8,0,0,[10 0 0 10],[7 3 0 10],[0.9 0.8 0.7 0.6],9,0.0
1353,21,0,9,0,0,[9 1 2 2],[7 3 2 2],[0.9 0.8 0.7 0.6],15,0.0
1354,21,0,10,1,0,[9 1 2 2],[7 3 2 2],[0.9 0.8 0.7 0.6],15,0.0
1355,21,0,11,0,0,[9 1 2 2],[7 3 2 2],[0.9 0.8 0.7 0.6],15,0.0
1356,21,0,12,1,0,[9 0 0 0],[7 2 0 0],[0.9 0.8 0.7 0.6],12,0.0
1357,21,0,13,0,0,[8 0 5 5],[6 2 5 5],[0.9 0.8 0.7 0.6],13,0.0
1358,21,0,14,0,0,[10 0 0 10],[7 3 0 10],[0.9 0.8 0.7 0.6],9,0.0
1359,21,0,15,1,0,[10 0 0 0],[8 2 0 0],[0.9 0.8 0.7 0.6],14,0.0
1360,21,0,16,1,0,[10 0 5 5],[8 2 5 5],[0.9 0.8 0.7 0.6],11,0.0
1361,21,0,17,0,0,[10 0 5 5],[8 2 5 5],[0.9 0.8 0.7 0.6],11,0.0
1362,21,0,18,1,0,[10 0 5 5],[8 2 5 5],[0.9 0.8 0.7 0.6],11,0.0
1363,21,0,19,0,0,[10 0 10 0],[8 2 8 2],[0.9 0.8 0.7 0.6],16,0.0
1364,21,0,20,1,0,[10 0 10 0],[8 2 8 2],[0.9 0.8 0.7 0.6],16,0.0
1365,21,0,21,0,0,[9 1 2 2],[7 3 2 2],[0.9 0.8 0.7 0.6],15,0.0
1366,21,0,22,0,0,[9 1 2 2],[7 3 2 2],[0.9 0.8 0.7 0.6],15,0.0
1367,21,0,23,1,0,[9 1 2 2],[7 3 2 2],[0.9 0.8 0.7 0.6],15,0.0
1368,21,0,24,0,0,[10 0 0 0],[8 2 0 0],[0.9 0.8 0.7 0.6],14,0.0
1369,21,0,25,0,0,[9 1 2 2],[7 3 2 2],[0.9 0.8 0.7 0.6],15,0.0
1370,21,0,26,1,0,[10 0 0 10],[7 3 0 10],[0.9 0.8 0.7 0.6],9,0.0
1371,21,0,27,1,0,[8 0 5 5],[6 2 5 5],[0.9 0.8 0.7 0.6],13,0.0
1372,21,0,28,0,0,[8 0 5 5],[6 2 5 5],[0.9 0.8 0.7 0.6],13,0.0
1373,21,0,29,1,0,[10 1 5 5],[8 3 5 5],[0.9 0.8 0.7 0.6],10,0.0
1374,21,0,30,0,0,[10 1 5 5],[8 3 5 5],[0.9 0.8 0.7 0.6],10,0.0
1375,21,0,31,1,0,[10 0 5 5],[8 2 5 5],[0.9 0.8 0.7 0.6],11,0.0
1376,21,0,32,1,0,[10 1 5 5],[8 3 5 5],[0.9 0.8 0.7 0.6],10,0.0
1377,21,0,33,0,0,[8 0 5 5],[6 2 5 5],[0.9 0.8 0.7 0.6],13,0.0
1378,21,0,34,1,0,[10 0 10 0],[8 2 8 2],[0.9 0.8 0.7 0.6],16,0.0
1379,21,0,35,0,0,[10 0 5 5],[8 2 5 5],[0.9 0.8 0.7 0.6],11,0.0
1380,21,0,36,1,0,[10 0 5 5],[8 2 5 5],[0.9 0.8 0.7 0.6],11,0.0
1381,21,0,37,1,0,[10 0 0 0],[8 2 0 0],[0.9 0.8 0.7 0.6],14,0.0
1382,21,0,38,1,0,[10 0 0 0],[8 2 0 0],[0.9 0.8 0.7 0.6],14,0.0
1383,21,0,39,1,0,[10 0 0 10],[7 3 0 10],[0.9 0.8 0.7 0.6],9,0.0
1384,21,0,40,1,0,[10 0 10 0],[8 2 8 2],[0.9 0.8 0.7 0.6],16,0.0
1385,21,0,41,0,0,[8 0 5 5],[6 2 5 5],[0.9 0.8 0.7 0.6],13,0.0
1386,21,0,42,1,0,[10 0 0 0],[8 2 0 0],[0.9 0.8 0.7 0.6],14,0.0
1387,21,0,43,0,0,[10 1 5 5],[8 3 5 5],[0.9 0.8 0.7 0.6],10,0.0
1388,21,0,44,0,0,[10 0 0 0],[8 2 0 0],[0.9 0.8 0.7 0.6],14,0.0
1389,21,0,45,0,0,[10 1 5 5],[8 3 5 5],[0.9 0.8 0.7 0.6],10,0.0
1390,21,0,46,1,0,[10 0 0 10],[7 3 0 10],[0.9 0.8 0.7 0.6],9,0.0
1391,21,0,47,1,0,[10 0 0 0],[8 2 0 0],[0.9 0.8 0.7 0.6],14,0.0
1392,21,0,48,1,0,[10 0 10 0],[8 2 8 2],[0.9 0.8 0.7 0.6],16,0.0
1393,21,0,49,0,0,[10 0 0 0],[8 2 0 0],[0.9 0.8 0.7 0.6],14,0.0
1394,21,0,50,1,0,[9 0 0 0],[7 2 0 0],[0.9 0.8 0.7 0.6],12,0.0
1395,21,0,51,0,0,[8 0 5 5],[6 2 5 5],[0.9 0.8 0.7 0.6],13,0.0
1396,21,0,52,1,0,[10 0 10 0],[8 2 8 2],[0.9 0.8 0.7 0.6],16,0.0
1397,21,0,53,0,0,[9 1 2 2],[7 3 2 2],[0.9 0.8 0.7 0.6],15,0.0
1398,21,0,54,0,0,[9 1 2 2],[7 3 2 2],[0.9 0.8 0.7 0.6],15,0.0
1399,21,0,55,1,0,[10 0 5 5],[8 2 5 5],[0.9 0.8 0.7 0.6],11,0.0
1400,21,0,56,1,0,[10 0 0 10],[7 3 0 10],[0.9 0.8 0.7 0.6],9,0.0
1401,21,0,57,1,0,[10 0 10 0],[8 2 8 2],[0.9 0.8 0.7 0.6],16,0.0
1402,21,0,58,0,0,[9 0 0 0],[7 2 0 0],[0.9 0.8 0.7 0.6],12,0.0
1403,21,0,59,1,0,[10 0 10 0],[8 2 8 2],[0.9 0.8 0.7 0.6],16,0.0
1404,21,0,60,0,0,[8 0 5 5],[6 2 5 5],[0.9 0.8 0.7 0.6],13,0.0
1405,21,0,61,0,0,[10 0 10 0],[8 2 8 2],[0.9 0.8 0.7 0.6],16,0.0
1406,21,0,62,0,0,[10 0 5 5],[8 2 5 5],[0.9 0.8 0.7 0.6],11,0.0
1407,21,0,63,0,0,[10 0 10 0],[8 2 8 2],[0.9 0.8 0.7 0.6],16,0.0
1408,21,0,64,0,0,[10 1 5 5],[8 3 5 5],[0.9 0.8 0.7 0.6],10,0.0
1409,21,0,65,0,0,[9 0 0 0],[7 2 0 0],[0.9 0.8 0.7 0.6],12,0.0
1410,21,0,66,0,0,[8 0 5 5],[6 2 5 5],[0.9 0.8 0.7 0.6],13,0.0
1411,21,0,67,1,0,[10 1 5 5],[8 3 5 5],[0.9 0.8 0.7 0.6],10,0.0
1412,21,0,68,1,0,[10 0 5 5],[8 2 5 5],[0.9 0.8 0.7 0.6],11,0.0
1413,21,0,69,1,0,[9 1 2 2],[7 3 2 2],[0.9 0.8 0.7 0.6],15,0.0
1414,21,0,70,1,0,[9 0 0 0],[7 2 0 0],[0.9 0.8 0.7 0.6],12,0.0
1415,21,0,71,1,0,[9 1 2 2],[7 3 2 2],[0.9 0.8 0.7 0.6],15,0.0
1416,21,0,72,1,0,[10 0 0 10],[7 3 0 10],[0.9 0.8 0.7 0.6],9,0.0
1417,21,0,73,0,0,[10 1 5 5],[8 3 5 5],[0.9 0.8 0.7 0.6],10,0.0
1418,21,0,74,1,0,[10 0 5 5],[8 2 5 5],[0.9 0.8 0.7 0.6],11,0.0
1419,21,0,75,1,0,[10 0 0 10],[7 3 0 10],[0.9 0.8 0.7 0.6],9,0.0
1420,21,0,76,1,0,[8 0 5 5],[6 2 5 5],[0.9 0.8 0.7 0.6],13,0.0
1421,21,0,77,0,0,[9 0 0 0],[7 2 0 0],[0.9 0.8 0.7 0.6],12,0.0
1422,21,0,78,0,0,[10 1 5 5],[8 3 5 5],[0.9 0.8 0.7 0.6],10,0.0
1423,21,0,79,0,0,[10 0 0 0],[8 2 0 0],[0.9 0.8 0.7 0.6],14,0.0
1424,21,0,80,0,0,[10 0 10 0],[8 2 8 2],[0.9 0.8 0.7 0.6],16,0.0
1425,21,0,81,0,0,[10 0 0 10],[7 3 0 10],[0.9 0.8 0.7 0.6],9,0.0
1426,21,0,82,0,0,[10 0 0 10],[7 3 0 10],[0.9 0.8 0.7 0.6],9,0.0
1427,21,0,83,0,0,[9 0 0 0],[7 2 0 0],[0.9 0.8 0.7 0.6],12,0.0
1428,21,0,84,0,0,[8 0 5 5],[6 2 5 5],[0.9 0.8 0.7 0.6],13,0.0
1429,21,0,85,0,0,[10 0 0 0],[8 2 0 0],[0.9 0.8 0.7 0.6],14,0.0
1430,21,0,86,1,0,[10 0 0 10],[7 3 0 10],[0.9 0.8 0.7 0.6],9,0.0
1431,21,0,87,0,0,[10 0 10 0],[8 2 8 2],[0.9 0.8 0.7 0.6],16,0.0
1432,21,0,88,1,0,[10 1 5 5],[8 3 5 5],[0.9 0.8 0.7 0.6],10,0.0
1433,21,0,89,1,0,[9 0 0 0],[7 2 0 0],[0.9 0.8 0.7 0.6],12,0.0
1434,21,0,90,1,0,[9 0 0 0],[7 2 0 0],[0.9 0.8 0.7 0.6],12,0.0
1435,21,0,91,1,0,[9 1 2 2],[7 3 2 2],[0.9 0.8 0.7 0.6],15,0.0
1436,21,0,92,1,0,[10 0 0 0],[8 2 0 0],[0.9 0.8 0.7 0.6],14,0.0
1437,21,0,93,1,0,[9 0 0 0],[7 2 0 0],[0.9 0.8 0.7 0.6],12,0.0
1438,21,0,94,1,0,[10 0 5 5],[8 2 5 5],[0.9 0.8 0.7 0.6],11,0.0
1439,21,0,95,0,0,[8 0 5 5],[6 2 5 5],[0.9 0.8 0.7 0.6],13,0.0
1440,22,0,0,1,0,[10 0 0 10],[7 3 0 10],[0.9 0.8 0.7 0.6],9,0.0
1441,22,0,1,1,0,[10 1 5 5],[8 3 5 5],[0.9 0.8 0.7 0.6],10,0.0
1442,22,0,2,1,0,[10 0 5 5],[8 2 5 5],[0.9 0.8 0.7 0.6],11,0.0
1443,22,0,3,1,0,[10 1 5 5],[8 3 5 5],[0.9 0.8 0.7 0.6],10,0.0
1444,22,0,4,1,0,[9 0 0 0],[7 2 0 0],[0.9 0.8 0.7 0.6],12,0.0
1445,22,0,5,1,0,[8 0 5 5],[6 2 5 5],[0.9 0.8 0.7 0.6],13,0.0
1446,22,0,6,1,0,[9 0 0 0],[7 2 0 0],[0.9 0.8 0.7 0.6],12,0.0
1447,22,0,7,1,0,[10 0 0 0],[8 2 0 0],[0.9 0.8 0.7 0.6],14,0.0
1448,22,0,8,1,0,[10 0 0 10],[7 3 0 10],[0.9 0.8 0.7 0.6],9,0.0
1449,22,0,9,1,0,[9 1 2 2],[7 3 2 2],[0.9 0.8 0.7 0.6],15,0.0
1450,22,0,10,0,0,[9 1 2 2],[7 3 2 2],[0.9 0.8 0.7 0.6],15,0.0
1451,22,0,11,1,0,[9 1 2 2],[7 3 2 2],[0.9 0.8 0.7 0.6],15,0.0
1452,22,0,12,1,0,[9 0 0 0],[7 2 0 0],[0.9 0.8 0.7 0.6],12,0.0
1453,22,0,13,1,0,[8 0 5 5],[6 2 5 5],[0.9 0.8 0.7 0.6],13,0.0
1454,22,0,14,1,0,[10 0 0 10],[7 3 0 10],[0.9 0.8 0.7 0.6],9,0.0
1455,22,0,15,1,0,[10 0 0 0],[8 2 0 0],[0.9 0.8 0.7 0.6],14,0.0
1456,22,0,16,1,0,[10 0 5 5],[8 2 5 5],[0.9 0.8 0.7 0.6],11,0.0
1457,22,0,17,1,0,[10 0 5 5],[8 2 5 5],[0.9 0.8 0.7 0.6],11,0.0
1458,22,0,18,1,0,[10 0 5 5],[8 2 5 5],[0.9 0.8 0.7 0.6],11,0.0
1459,22,0,19,1,0,[10 0 10 0],[8 2 8 2],[0.9 0.8 0.7 0.6],16,0.0
1460,22,0,20,1,0,[10 0 10 0],[8 2 8 2],[0.9 0.8 0.7 0.6],16,0.0
1461,22,0,21,1,0,[9 1 2 2],[7 3 2 2],[0.9 0.8 0.7 0.6],15,0.0
1462,22,0,22,1,0,[9 1 2 2],[7 3 2 2],[0.9 0.8 0.7 0.6],15,0.0
1463,22,0,23,0,0,[9 1 2 2],[7 3 2 2],[0.9 0.8 0.7 0.6],15,0.0
1464,22,0,24,1,0,[10 0 0 0],[8 2 0 0],[0.9 0.8 0.7 0.6],14,0.0
1465,22,0,25,1,0,[9 1 2 2],[7 3 2 2],[0.9 0.8 0.7 0.6],15,0.0
1466,22,0,26,1,0,[10 0 0 10],[7 3 0 10],[0.9 0.8 0.7 0.6],9,0.0
1467,22,0,27,1,0,[8 0 5 5],[6 2 5 5],[0.9 0.8 0.7 0.6],13,0.0
1468,22,0,28,1,0,[8 0 5 5],[6 2 5 5],[0.9 0.8 0.7 0.6],13,0.0
1469,22,0,29,0,0,[10 1 5 5],[8 3 5 5],[0.9 0.8 0.7 0.6],10,0.0
1470,22,0,30,1,0,[10 1 5 5],[8 3 5 5],[0.9 0.8 0.7 0.6],10,0.0
1471,22,0,31,1,0,[10 0 5 5],[8 2 5 5],[0.9 0.8 0.7 0.6],11,0.0
1472,22,0,32,1,0,[10 1 5 5],[8 3 5 5],[0.9 0.8 0.7 0.6],10,0.0
1473,22,0,33,1,0,[8 0 5 5],[6 2 5 5],[0.9 0.8 0.7 0.6],13,0.0
1474,22,0,34,0,0,[10 0 10 0],[8 2 8 2],[0.9 0.8 0.7 0.6],16,0.0
1475,22,0,35,1,0,[10 0 5 5],[8 2 5 5],[0.9 0.8 0.7 0.6],11,0.0
1476,22,0,36,1,0,[10 0 5 5],[8 2 5 5],[0.9 0.8 0.7 0.6],11,0.0
1477,22,0,37,0,0,[10 0 0 0],[8 2 0 0],[0.9 0.8 0.7 0.6],14,0.0
1478,22,0,38,0,0,[10 0 0 0],[8 2 0 0],[0.9 0.8 0.7 0.6],14,0.0
1479,22,0,39,0,0,[10 0 0 10],[7 3 0 10],[0.9 0.8 0.7 0.6],9,0.0
1480,22,0,40,0,0,[10 0 10 0],[8 2 8 2],[0.9 0.8 0.7 0.6],16,0.0
1481,22,0,41,0,0,[8 0 5 5],[6 2 5 5],[0.9 0.8 0.7 0.6],13,0.0
1482,22,0,42,0,0,[10 0 0 0],[8 2 0 0],[0.9 0.8 0.7 0.6],14,0.0
1483,22,0,43,0,0,[10 1 5 5],[8 3 5 5],[0.9 0.8 0.7 0.6],10,0.0
1484,22,0,44,0,0,[10 0 0 0],[8 2 0 0],[0.9 0.8 0.7 0.6],14,0.0
1485,22,0,45,0,0,[10 1 5 5],[8 3 5 5],[0.9 0.8 0.7 0.6],10,0.0
1486,22,0,46,0,0,[10 0 0 10],[7 3 0 10],[0.9 0.8 0.7 0.6],9,0.0
1487,22,0,47,0,0,[10 0 0 0],[8 2 0 0],[0.9 0.8 0.7 0.6],14,0.0
1488,22,0,48,0,0,[10 0 10 0],[8 2 8 2],[0.9 0.8 0.7 0.6],16,0.0
1489,22,0,49,0,0,[10 0 0 0],[8 2 0 0],[0.9 0.8 0.7 0.6],14,0.0
1490,22,0,50,0,0,[9 0 0 0],[7 2 0 0],[0.9 0.8 0.7 0.6],12,0.0
1491,22,0,51,0,0,[8 0 5 5],[6 2 5 5],[0.9 0.8 0.7 0.6],13,0.0
1492,22,0,52,0,0,[10 0 10 0],[8 2 8 2],[0.9 0.8 0.7 0.6],16,0.0
1493,22,0,53,0,0,[9 1 2 2],[7 3 2 2],[0.9 0.8 0.7 0.6],15,0.0
1494,22,0,54,0,0,[9 1 2 2],[7 3 2 2],[0.9 0.8 0.7 0.6],15,0.0
1495,22,0,55,0,0,[10 0 5 5],[8 2 5 5],[0.9 0.8 0.7 0.6],11,0.0
1496,22,0,56,0,0,[10 0 0 10],[7 3 0 10],[0.9 0.8 0.7 0.6],9,0.0
1497,22,0,57,0,0,[10 0 10 0],[8 2 8 2],[0.9 0.8 0.7 0.6],16,0.0
1498,22,0,58,0,0,[9 0 0 0],[7 2 0 0],[0.9 0.8 0.7 0.6],12,0.0
1499,22,0,59,0,0,[10 0 10 0],[8 2 8 2],[0.9 0.8 0.7 0.6],16,0.0
1500,22,0,60,0,0,[8 0 5 5],[6 2 5 5],[0.9 0.8 0.7 0.6],13,0.0
1501,22,0,61,0,0,[10 0 10 0],[8 2 8 2],[0.9 0.8 0.7 0.6],16,0.0
1502,22,0,62,0,0,[10 0 5 5],[8 2 5 5],[0.9 0.8 0.7 0.6],11,0.0
1503,22,0,63,0,0,[10 0 10 0],[8 2 8 2],[0.9 0.8 0.7 0.6],16,0.0
1504,22,0,64,0,0,[10 1 5 5],[8 3 5 5],[0.9 0.8 0.7 0.6],10,0.0
1505,22,0,65,0,0,[9 0 0 0],[7 2 0 0],[0.9 0.8 0.7 0.6],12,0.0
1506,22,0,66,0,0,[8 0 5 5],[6 2 5 5],[0.9 0.8 0.7 0.6],13,0.0
1507,22,0,67,0,0,[10 1 5 5],[8 3 5 5],[0.9 0.8 0.7 0.6],10,0.0
1508,22,0,68,0,0,[10 0 5 5],[8 2 5 5],[0.9 0.8 0.7 0.6],11,0.0
1509,22,0,69,0,0,[9 1 2 2],[7 3 2 2],[0.9 0.8 0.7 0.6],15,0.0
1510,22,0,70,0,0,[9 0 0 0],[7 2 0 0],[0.9 0.8 0.7 0.6],12,0.0
1511,22,0,71,0,0,[9 1 2 2],[7 3 2 2],[0.9 0.8 0.7 0.6],15,0.0
1512,22,0,72,0,0,[10 0 0 10],[7 3 0 10],[0.9 0.8 0.7 0.6],9,0.0
1513,22,0,73,0,0,[10 1 5 5],[8 3 5 5],[0.9 0.8 0.7 0.6],10,0.0
1514,22,0,74,0,0,[10 0 5 5],[8 2 5 5],[0.9 0.8 0.7 0.6],11,0.0
1515,22,0,75,0,0,[10 0 0 10],[7 3 0 10],[0.9 0.8 0.7 0.6],9,0.0
1516,22,0,76,0,0,[8 0 5 5],[6 2 5 5],[0.9 0.8 0.7 0.6],13,0.0
1517,22,0,77,0,0,[9 0 0 0],[7 2 0 0],[0.9 0.8 0.7 0.6],12,0.0
1518,22,0,78,0,0,[10 1 5 5],[8 3 5 5],[0.9 0.8 0.7 0.6],10,0.0
1519,22,0,79,0,0,[10 0 0 0],[8 2 0 0],[0.9 0.8 0.7 0.6],14,0.0
1520,22,0,80,0,0,[10 0 10 0],[8 2 8 2],[0.9 0.8 0.7 0.6],16,0.0
1521,22,0,81,0,0,[10 0 0 10],[7 3 0 10],[0.9 0.8 0.7 0.6],9,0.0
1522,22,0,82,0,0,[10 0 0 10],[7 3 0 10],[0.9 0.8 0.7 0.6],9,0.0
1523,22,0,83,0,0,[9 0 0 0],[7 2 0 0],[0.9 0.8 0.7 0.6],12,0.0
1524,22,0,84,0,0,[8 0 5 5],[6 2 5 5],[0.9 0.8 0.7 0.6],13,0.0
1525,22,0,85,0,0,[10 0 0 0],[8 2 0 0],[0.9 0.8 0.7 0.6],14,0.0
1526,22,0,86,0,0,[10 0 0 10],[7 3 0 10],[0.9 0.8 0.7 0.6],9,0.0
1527,22,0,87,0,0,[10 0 10 0],[8 2 8 2],[0.9 0.8 0.7 0.6],16,0.0
1528,22,0,88,0,0,[10 1 5 5],[8 3 5 5],[0.9 0.8 0.7 0.6],10,0.0
1529,22,0,89,0,0,[9 0 0 0],[7 2 0 0],[0.9 0.8 0.7 0.6],12,0.0
1530,22,0,90,0,0,[9 0 0 0],[7 2 0 0],[0.9 0.8 0.7 0.6],12,0.0
1531,22,0,91,0,0,[9 1 2 2],[7 3 2 2],[0.9 0.8 0.7 0.6],15,0.0
1532,22,0,92,0,0,[10 0 0 0],[8 2 0 0],[0.9 0.8 0.7 0.6],14,0.0
1533,22,0,93,0,0,[9 0 0 0],[7 2 0 0],[0.9 0.8 0.7 0.6],12,0.0
1534,22,0,94,0,0,[10 0 5 5],[8 2 5 5],[0.9 0.8 0.7 0.6],11,0.0
1535,22,0,95,0,0,[8 0 5 5],[6 2 5 5],[0.9 0.8 0.7 0.6],13,0.0
1536,23,0,0,0,0,[10 0 0 10],[7 3 0 10],[0.9 0.8 0.7 0.6],9,0.0
1537,23,0,1,1,0,[10 1 5 5],[8 3 5 5],[0.9 0.8 0.7 0.6],10,0.0
1538,23,0,2,0,0,[10 0 5 5],[8 2 5 5],[0.9 0.8 0.7 0.6],11,0.0
1539,23,0,3,1,0,[10 1 5 5],[8 3 5 5],[0.9 0.8 0.7 0.6],10,0.0
1540,23,0,4,1,0,[9 0 0 0],[7 2 0 0],[0.9 0.8 0.7 0.6],12,0.0
1541,23,0,5,1,0,[8 0 5 5],[6 2 5 5],[0.9 0.8 0.7 0.6],13,0.0
1542,23,0,6,0,0,[9 0 0 0],[7 2 0 0],[0.9 0.8 0.7 0.6],12,0.0
1543,23,0,7,0,0,[10 0 0 0],[8 2 0 0],[0.9 0.8 0.7 0.6],14,0.0
1544,23,0,8,0,0,[10 0 0 10],[7 3 0 10],[0.9 0.8 0.7 0.6],9,0.0
1545,23,0,9,0,0,[9 1 2 2],[7 3 2 2],[0.9 0.8 0.7 0.6],15,0.0
1546,23,0,10,0,0,[9 1 2 2],[7 3 2 2],[0.9 0.8 0.7 0.6],15,0.0
1547,23,0,11,1,0,[9 1 2 2],[7 3 2 2],[0.9 0.8 0.7 0.6],15,0.0
1548,23,0,12,0,0,[9 0 0 0],[7 2 0 0],[0.9 0.8 0.7 0.6],12,0.0
1549,23,0,13,1,0,[8 0 5 5],[6 2 5 5],[0.9 0.8 0.7 0.6],13,0.0
1550,23,0,14,0,0,[10 0 0 10],[7 3 0 10],[0.9 0.8 0.7 0.6],9,0.0
1551,23,0,15,0,0,[10 0 0 0],[8 2 0 0],[0.9 0.8 0.7 0.6],14,0.0
1552,23,0,16,1,0,[10 0 5 5],[8 2 5 5],[0.9 0.8 0.7 0.6],11,0.0
1553,23,0,17,0,0,[10 0 5 5],[8 2 5 5],[0.9 0.8 0.7 0.6],11,0.0
1554,23,0,18,0,0,[10 0 5 5],[8 2 5 5],[0.9 0.8 0.7 0.6],11,0.0
1555,23,0,19,0,0,[10 0 10 0],[8 2 8 2],[0.9 0.8 0.7 0.6],16,0.0
1556,23,0,20,0,0,[10 0 10 0],[8 2 8 2],[0.9 0.8 0.7 0.6],16,0.0
1557,23,0,21,1,0,[9 1 2 2],[7 3 2 2],[0.9 0.8 0.7 0.6],15,0.0
1558,23,0,22,0,0,[9 1 2 2],[7 3 2 2],[0.9 0.8 0.7 0.6],15,0.0
1559,23,0,23,0,0,[9 1 2 2],[7 3 2 2],[0.9 0.8 0.7 0.6],15,0.0
1560,23,0,24,0,0,[10 0 0 0],[8 2 0 0],[0.9 0.8 0.7 0.6],14,0.0
1561,23,0,25,0,0,[9 1 2 2],[7 3 2 2],[0.9 0.8 0.7 0.6],15,0.0
1562,23,0,26,0,0,[10 0 0 10],[7 3 0 10],[0.9 0.8 0.7 0.6],9,0.0
1563,23,0,27,0,0,[8 0 5 5],[6 2 5 5],[0.9 0.8 0.7 0.6],13,0.0
1564,23,0,28,0,0,[8 0 5 5],[6 2 5 5],[0.9 0.8 0.7 0.6],13,0.0
1565,23,0,29,0,0,[10 1 5 5],[8 3 5 5],[0.9 0.8 0.7 0.6],10,0.0
1566,23,0,30,1,0,[10 1 5 5],[8 3 5 5],[0.9 0.8 0.7 0.6],10,0.0
1567,23,0,31,0,0,[10 0 5 5],[8 2 5 5],[0.9 0.8 0.7 0.6],11,0.0
1568,23,0,32,0,0,[10 1 5 5],[8 3 5 5],[0.9 0.8 0.7 0.6],10,0.0
1569,23,0,33,0,0,[8 0 5 5],[6 2 5 5],[0.9 0.8 0.7 0.6],13,0.0
1570,23,0,34,0,0,[10 0 10 0],[8 2 8 2],[0.9 0.8 0.7 0.6],16,0.0
1571,23,0,35,0,0,[10 0 5 5],[8 2 5 5],[0.9 0.8 0.7 0.6],11,0.0
1572,23,0,36,0,0,[10 0 5 5],[8 2 5 5],[0.9 0.8 0.7 0.6],11,0.0
1573,23,0,37,0,0,[10 0 0 0],[8 2 0 0],[0.9 0.8 0.7 0.6],14,0.0
1574,23,0,38,0,0,[10 0 0 0],[8 2 0 0],[0.9 0.8 0.7 0.6],14,0.0
1575,23,0,39,0,0,[10 0 0 10],[7 3 0 10],[0.9 0.8 0.7 0.6],9,0.0
1576,23,0,40,0,0,[10 0 10 0],[8 2 8 2],[0.9 0.8 0.7 0.6],16,0.0
1577,23,0,41,1,0,[8 0 5 5],[6 2 5 5],[0.9 0.8 0.7 0.6],13,0.0
1578,23,0,42,0,0,[10 0 0 0],[8 2 0 0],[0.9 0.8 0.7 0.6],14,0.0
1579,23,0,43,0,0,[10 1 5 5],[8 3 5 5],[0.9 0.8 0.7 0.6],10,0.0
1580,23,0,44,0,0,[10 0 0 0],[8 2 0 0],[0.9 0.8 0.7 0.6],14,0.0
1581,23,0,45,0,0,[10 1 5 5],[8 3 5 5],[0.9 0.8 0.7 0.6],10,0.0
1582,23,0,46,0,0,[10 0 0 10],[7 3 0 10],[0.9 0.8 0.7 0.6],9,0.0
1583,23,0,47,0,0,[10 0 0 0],[8 2 0 0],[0.9 0.8 0.7 0.6],14,0.0
1584,23,0,48,0,0,[10 0 10 0],[8 2 8 2],[0.9 0.8 0.7 0.6],16,0.0
1585,23,0,49,0,0,[10 0 0 0],[8 2 0 0],[0.9 0.8 0.7 0.6],14,0.0
1586,23,0,50,0,0,[9 0 0 0],[7 2 0 0],[0.9 0.8 0.7 0.6],12,0.0
1587,23,0,51,0,0,[8 0 5 5],[6 2 5 5],[0.9 0.8 0.7 0.6],13,0.0
1588,23,0,52,0,0,[10 0 10 0],[8 2 8 2],[0.9 0.8 0.7 0.6],16,0.0
1589,23,0,53,1,0,[9 1 2 2],[7 3 2 2],[0.9 0.8 0.7 0.6],15,0.0
1590,23,0,54,0,0,[9 1 2 2],[7 3 2 2],[0.9 0.8 0.7 0.6],15,0.0
1591,23,0,55,0,0,[10 0 5 5],[8 2 5 5],[0.9 0.8 0.7 0.6],11,0.0
1592,23,0,56,0,0,[10 0 0 10],[7 3 0 10],[0.9 0.8 0.7 0.6],9,0.0
1593,23,0,57,0,0,[10 0 10 0],[8 2 8 2],[0.9 0.8 0.7 0.6],16,0.0
1594,23,0,58,0,0,[9 0 0 0],[7 2 0 0],[0.9 0.8 0.7 0.6],12,0.0
1595,23,0,59,0,0,[10 0 10 0],[8 2 8 2],[0.9 0.8 0.7 0.6],16,0.0
1596,23,0,60,1,0,[8 0 5 5],[6 2 5 5],[0.9 0.8 0.7 0.6],13,0.0
1597,23,0,61,0,0,[10 0 10 0],[8 2 8 2],[0.9 0.8 0.7 0.6],16,0.0
1598,23,0,62,0,0,[10 0 5 5],[8 2 5 5],[0.9 0.8 0.7 0.6],11,0.0
1599,23,0,63,0,0,[10 0 10 0],[8 2 8 2],[0.9 0.8 0.7 0.6],16,0.0
1600,23,0,64,1,0,[10 1 5 5],[8 3 5 5],[0.9 0.8 0.7 0.6],10,0.0
1601,23,0,65,0,0,[9 0 0 0],[7 2 0 0],[0.9 0.8 0.7 0.6],12,0.0
1602,23,0,66,0,0,[8 0 5 5],[6 2 5 5],[0.9 0.8 0.7 0.6],13,0.0
1603,23,0,67,0,0,[10 1 5 5],[8 3 5 5],[0.9 0.8 0.7 0.6],10,0.0
1604,23,0,68,0,0,[10 0 5 5],[8 2 5 5],[0.9 0.8 0.7 0.6],11,0.0
1605,23,0,69,0,0,[9 1 2 2],[7 3 2 2],[0.9 0.8 0.7 0.6],15,0.0
1606,23,0,70,0,0,[9 0 0 0],[7 2 0 0],[0.9 0.8 0.7 0.6],12,0.0
1607,23,0,71,0,0,[9 1 2 2],[7 3 2 2],[0.9 0.8 0.7 0.6],15,0.0
1608,23,0,72,0,0,[10 0 0 10],[7 3 0 10],[0.9 0.8 0.7 0.6],9,0.0
1609,23,0,73,0,0,[10 1 5 5],[8 3 5 5],[0.9 0.8 0.7 0.6],10,0.0
1610,23,0,74,0,0,[10 0 5 5],[8 2 5 5],[0.9 0.8 0.7 0.6],11,0.0
1611,23,0,75,0,0,[10 0 0 10],[7 3 0 10],[0.9 0.8 0.7 0.6],9,0.0
1612,23,0,76,0,0,[8 0 5 5],[6 2 5 5],[0.9 0.8 0.7 0.6],13,0.0
1613,23,0,77,0,0,[9 0 0 0],[7 2 0 0],[0.9 0.8 0.7 0.6],12,0.0
1614,23,0,78,0,0,[10 1 5 5],[8 3 5 5],[0.9 0.8 0.7 0.6],10,0.0
1615,23,0,79,0,0,[10 0 0 0],[8 2 0 0],[0.9 0.8 0.7 0.6],14,0.0
1616,23,0,80,0,0,[10 0 10 0],[8 2 8 2],[0.9 0.8 0.7 0.6],16,0.0
1617,23,0,81,0,0,[10 0 0 10],[7 3 0 10],[0.9 0.8 0.7 0.6],9,0.0
1618,23,0,82,0,0,[10 0 0 10],[7 3 0 10],[0.9 0.8 0.7 0.6],9,0.0
1619,23,0,83,0,0,[9 0 0 0],[7 2 0 0],[0.9 0.8 0.7 0.6],12,0.0
1620,23,0,84,0,0,[8 0 5 5],[6 2 5 5],[0.9 0.8 0.7 0.6],13,0.0
1621,23,0,85,0,0,[10 0 0 0],[8 2 0 0],[0.9 0.8 0.7 0.6],14,0.0
1622,23,0,86,0,0,[10 0 0 10],[7 3 0 10],[0.9 0.8 0.7 0.6],9,0.0
1623,23,0,87,0,0,[10 0 10 0],[8 2 8 2],[0.9 0.8 0.7 0.6],16,0.0
1624,23,0,88,0,0,[10 1 5 5],[8 3 5 5],[0.9 0.8 0.7 0.6],10,0.0
1625,23,0,89,0,0,[9 0 0 0],[7 2 0 0],[0.9 0.8 0.7 0.6],12,0.0
1626,23,0,90,0,0,[9 0 0 0],[7 2 0 0],[0.9 0.8 0.7 0.6],12,0.0
1627,23,0,91,0,0,[9 1 2 2],[7 3 2 2],[0.9 0.8 0.7 0.6],15,0.0
1628,23,0,92,0,0,[10 0 0 0],[8 2 0 0],[0.9 0.8 0.7 0.6],14,0.0
1629,23,0,93,0,0,[9 0 0 0],[7 2 0 0],[0.9 0.8 0.7 0.6],12,0.0
1630,23,0,94,0,0,[10 0 5 5],[8 2 5 5],[0.9 0.8 0.7 0.6],11,0.0
1631,23,0,95,0,0,[8 0 5 5],[6 2 5 5],[0.9 0.8 0.7 0.6],13,0.0
