,participant,task,trial,choice,reward,stimulus_0,stimulus_1,validities,item_type,tier
0,0,0,0,0,0,[8 4 4 4 4],[5 5 5 5 5],[0.95 0.65 0.6 0.55 0.5],1,0.0
1,0,0,1,1,0,[4 4 4 4 4],[7 2 2 2 2],[0.95 0.65 0.6 0.55 0.5],2,0.0
2,0,0,2,0,0,[10 8 8 8 8],[9 9 8 8 8],[0.95 0.65 0.6 0.55 0.5],3,0.0
3,0,0,3,0,0,[7 7 7 7 7],[10 6 6 6 6],[0.95 0.65 0.6 0.55 0.5],4,0.0
4,0,0,4,0,0,[6 2 2 2 2],[3 3 3 3 3],[0.95 0.65 0.6 0.55 0.5],5,0.0
5,0,0,5,1,0,[3 3 3 3 3],[6 2 2 2 2],[0.95 0.65 0.6 0.55 0.5],6,0.0
6,0,0,6,1,0,[3 3 3 3 3],[6 2 2 2 2],[0.95 0.65 0.6 0.55 0.5],6,0.0
7,0,0,7,0,0,[10 6 6 6 6],[7 7 7 7 7],[0.95 0.65 0.6 0.55 0.5],7,0.0
8,0,0,8,0,0,[10 6 6 6 6],[7 7 7 7 7],[0.95 0.65 0.6 0.55 0.5],7,0.0
9,0,0,9,0,0,[5 5 5 5 5],[8 4 4 4 4],[0.95 0.65 0.6 0.55 0.5],8,0.0
10,0,0,10,1,0,[3 3 3 3 3],[6 2 2 2 2],[0.95 0.65 0.6 0.55 0.5],6,0.0
11,0,0,11,1,0,[5 5 5 5 5],[8 4 4 4 4],[0.95 0.65 0.6 0.55 0.5],8,0.0
12,0,0,12,1,0,[7 7 7 7 7],[10 6 6 6 6],[0.95 0.65 0.6 0.55 0.5],4,0.0
13,0,0,13,0,0,[9 9 8 8 8],[10 8 8 8 8],[0.95 0.65 0.6 0.55 0.5],9,0.0
14,0,0,14,0,0,[6 2 2 2 2],[3 3 3 3 3],[0.95 0.65 0.6 0.55 0.5],5,0.0
15,0,0,15,0,0,[9 3 3 3 3],[6 5 5 5 5],[0.95 0.65 0.6 0.55 0.5],10,0.0
16,0,0,16,0,0,[6 2 2 2 2],[3 3 3 3 3],[0.95 0.65 0.6 0.55 0.5],5,0.0
17,0,0,17,1,0,[3 3 3 3 3],[6 2 2 2 2],[0.95 0.65 0.6 0.55 0.5],6,0.0
18,0,0,18,1,0,[9 9 8 8 8],[10 8 8 8 8],[0.95 0.65 0.6 0.55 0.5],9,0.0
19,0,0,19,1,0,[5 5 5 5 5],[8 4 4 4 4],[0.95 0.65 0.6 0.55 0.5],8,0.0
20,0,0,20,1,0,[4 4 4 4 4],[7 2 2 2 2],[0.95 0.65 0.6 0.55 0.5],2,0.0
21,0,0,21,0,0,[10 6 6 6 6],[7 7 7 7 7],[0.95 0.65 0.6 0.55 0.5],7,0.0
22,0,0,22,1,0,[9 9 8 8 8],[10 8 8 8 8],[0.95 0.65 0.6 0.55 0.5],9,0.0
23,0,0,23,0,0,[10 8 8 8 8],[9 9 8 8 8],[0.95 0.65 0.6 0.55 0.5],3,0.0
24,0,0,24,1,0,[9 9 8 8 8],[10 8 8 8 8],[0.95 0.65 0.6 0.55 0.5],9,0.0
25,0,0,25,0,0,[10 8 8 8 8],[9 9 8 8 8],[0.95 0.65 0.6 0.55 0.5],3,0.0
26,0,0,26,0,0,[9 3 3 3 3],[6 5 5 5 5],[0.95 0.65 0.6 0.55 0.5],10,0.0
27,0,0,27,0,0,[10 8 8 8 8],[9 9 8 8 8],[0.95 0.65 0.6 0.55 0.5],3,0.0
28,0,0,28,1,0,[7 7 7 7 7],[10 6 6 6 6],[0.95 0.65 0.6 0.55 0.5],4,0.0
29,0,0,29,0,0,[6 2 2 2 2],[3 3 3 3 3],[0.95 0.65 0.6 0.55 0.5],5,0.0
30,0,0,30,1,0,[5 5 5 5 5],[8 4 4 4 4],[0.95 0.65 0.6 0.55 0.5],8,0.0
31,0,0,31,1,0,[9 9 8 8 8],[10 8 8 8 8],[0.95 0.65 0.6 0.55 0.5],9,0.0
32,0,0,32,0,0,[7 7 7 7 7],[10 6 6 6 6],[0.95 0.65 0.6 0.55 0.5],4,0.0
33,0,0,33,0,0,[6 2 2 2 2],[3 3 3 3 3],[0.95 0.65 0.6 0.55 0.5],5,0.0
34,0,0,34,0,0,[10 8 8 8 8],[9 9 8 8 8],[0.95 0.65 0.6 0.55 0.5],3,0.0
35,0,0,35,1,0,[3 3 3 3 3],[6 2 2 2 2],[0.95 0.65 0.6 0.55 0.5],6,0.0
36,0,0,36,1,0,[7 7 7 7 7],[10 6 6 6 6],[0.95 0.65 0.6 0.55 0.5],4,0.0
37,0,0,37,0,0,[10 8 8 8 8],[9 9 8 8 8],[0.95 0.65 0.6 0.55 0.5],3,0.0
38,0,0,38,0,0,[9 3 3 3 3],[6 5 5 5 5],[0.95 0.65 0.6 0.55 0.5],10,0.0
39,0,0,39,1,0,[5 5 5 5 5],[8 4 4 4 4],[0.95 0.65 0.6 0.55 0.5],8,0.0
40,0,0,40,1,0,[9 9 8 8 8],[10 8 8 8 8],[0.95 0.65 0.6 0.55 0.5],9,0.0
41,0,0,41,0,0,[10 8 8 8 8],[9 9 8 8 8],[0.95 0.65 0.6 0.55 0.5],3,0.0
42,0,0,42,1,0,[4 4 4 4 4],[7 2 2 2 2],[0.95 0.65 0.6 0.55 0.5],2,0.0
43,0,0,43,0,0,[10 6 6 6 6],[7 7 7 7 7],[0.95 0.65 0.6 0.55 0.5],7,0.0
44,0,0,44,0,0,[6 2 2 2 2],[3 3 3 3 3],[0.95 0.65 0.6 0.55 0.5],5,0.0
45,0,0,45,0,0,[9 3 3 3 3],[6 5 5 5 5],[0.95 0.65 0.6 0.55 0.5],10,0.0
46,0,0,46,0,0,[10 6 6 6 6],[7 7 7 7 7],[0.95 0.65 0.6 0.55 0.5],7,0.0
47,0,0,47,0,0,[9 3 3 3 3],[6 5 5 5 5],[0.95 0.65 0.6 0.55 0.5],10,0.0
48,0,0,48,1,0,[5 5 5 5 5],[8 4 4 4 4],[0.95 0.65 0.6 0.55 0.5],8,0.0
49,0,0,49,0,0,[10 6 6 6 6],[7 7 7 7 7],[0.95 0.65 0.6 0.55 0.5],7,0.0
50,0,0,50,1,0,[5 5 5 5 5],[8 4 4 4 4],[0.95 0.65 0.6 0.55 0.5],8,0.0
51,0,0,51,0,0,[8 4 4 4 4],[5 5 5 5 5],[0.95 0.65 0.6 0.55 0.5],1,0.0
52,0,0,52,1,0,[7 7 7 7 7],[10 6 6 6 6],[0.95 0.65 0.6 0.55 0.5],4,0.0
53,0,0,53,1,0,[7 7 7 7 7],[10 6 6 6 6],[0.95 0.65 0.6 0.55 0.5],4,0.0
54,0,0,54,1,0,[9 9 8 8 8],[10 8 8 8 8],[0.95 0.65 0.6 0.55 0.5],9,0.0
55,0,0,55,0,0,[9 3 3 3 3],[6 5 5 5 5],[0.95 0.65 0.6 0.55 0.5],10,0.0
56,0,0,56,0,0,[8 4 4 4 4],[5 5 5 5 5],[0.95 0.65 0.6 0.55 0.5],1,0.0
57,0,0,57,1,0,[5 5 5 5 5],[8 4 4 4 4],[0.95 0.65 0.6 0.55 0.5],8,0.0
58,0,0,58,0,0,[6 2 2 2 2],[3 3 3 3 3],[0.95 0.65 0.6 0.55 0.5],5,0.0
59,0,0,59,0,0,[10 8 8 8 8],[9 9 8 8 8],[0.95 0.65 0.6 0.55 0.5],3,0.0
60,0,0,60,1,0,[7 7 7 7 7],[10 6 6 6 6],[0.95 0.65 0.6 0.55 0.5],4,0.0
61,0,0,61,0,0,[9 3 3 3 3],[6 5 5 5 5],[0.95 0.65 0.6 0.55 0.5],10,0.0
62,0,0,62,0,0,[8 4 4 4 4],[5 5 5 5 5],[0.95 0.65 0.6 0.55 0.5],1,0.0
63,0,0,63,1,0,[4 4 4 4 4],[7 2 2 2 2],[0.95 0.65 0.6 0.55 0.5],2,0.0
64,0,0,64,1,0,[4 4 4 4 4],[7 2 2 2 2],[0.95 0.65 0.6 0.55 0.5],2,0.0
65,0,0,65,0,0,[9 9 8 8 8],[10 8 8 8 8],[0.95 0.65 0.6 0.55 0.5],9,0.0
66,0,0,66,0,0,[8 4 4 4 4],[5 5 5 5 5],[0.95 0.65 0.6 0.55 0.5],1,0.0
67,0,0,67,0,0,[9 3 3 3 3],[6 5 5 5 5],[0.95 0.65 0.6 0.55 0.5],10,0.0
68,0,0,68,0,0,[6 2 2 2 2],[3 3 3 3 3],[0.95 0.65 0.6 0.55 0.5],5,0.0
69,0,0,69,1,0,[4 4 4 4 4],[7 2 2 2 2],[0.95 0.65 0.6 0.55 0.5],2,0.0
70,0,0,70,1,0,[4 4 4 4 4],[7 2 2 2 2],[0.95 0.65 0.6 0.55 0.5],2,0.0
71,0,0,71,0,0,[10 6 6 6 6],[7 7 7 7 7],[0.95 0.65 0.6 0.55 0.5],7,0.0
72,0,0,72,0,0,[8 4 4 4 4],[5 5 5 5 5],[0.95 0.65 0.6 0.55 0.5],1,0.0
73,0,0,73,1,0,[9 9 8 8 8],[10 8 8 8 8],[0.95 0.65 0.6 0.55 0.5],9,0.0
74,0,0,74,1,0,[7 7 7 7 7],[10 6 6 6 6],[0.95 0.65 0.6 0.55 0.5],4,0.0
75,0,0,75,0,0,[10 8 8 8 8],[9 9 8 8 8],[0.95 0.65 0.6 0.55 0.5],3,0.0
76,0,0,76,1,0,[3 3 3 3 3],[6 2 2 2 2],[0.95 0.65 0.6 0.55 0.5],6,0.0
77,0,0,77,0,0,[8 4 4 4 4],[5 5 5 5 5],[0.95 0.65 0.6 0.55 0.5],1,0.0
78,0,0,78,1,0,[4 4 4 4 4],[7 2 2 2 2],[0.95 0.65 0.6 0.55 0.5],2,0.0
79,0,0,79,0,0,[8 4 4 4 4],[5 5 5 5 5],[0.95 0.65 0.6 0.55 0.5],1,0.0
80,0,0,80,1,0,[3 3 3 3 3],[6 2 2 2 2],[0.95 0.65 0.6 0.55 0.5],6,0.0
81,0,0,81,0,0,[6 2 2 2 2],[3 3 3 3 3],[0.95 0.65 0.6 0.55 0.5],5,0.0
82,0,0,82,0,0,[10 6 6 6 6],[7 7 7 7 7],[0.95 0.65 0.6 0.55 0.5],7,0.0
83,0,0,83,1,0,[5 5 5 5 5],[8 4 4 4 4],[0.95 0.65 0.6 0.55 0.5],8,0.0
84,0,0,84,1,0,[4 4 4 4 4],[7 2 2 2 2],[0.95 0.65 0.6 0.55 0.5],2,0.0
85,0,0,85,1,0,[3 3 3 3 3],[6 2 2 2 2],[0.95 0.65 0.6 0.55 0.5],6,0.0
86,0,0,86,1,0,[3 3 3 3 3],[6 2 2 2 2],[0.95 0.65 0.6 0.55 0.5],6,0.0
87,0,0,87,0,0,[9 3 3 3 3],[6 5 5 5 5],[0.95 0.65 0.6 0.55 0.5],10,0.0
88,0,0,88,0,0,[10 6 6 6 6],[7 7 7 7 7],[0.95 0.65 0.6 0.55 0.5],7,0.0
89,0,0,89,0,0,[8 4 4 4 4],[5 5 5 5 5],[0.95 0.65 0.6 0.55 0.5],1,0.0
90,1,0,0,1,0,[8 4 4 4 4],[5 5 5 5 5],[0.95 0.65 0.6 0.55 0.5],1,0.0
91,1,0,1,1,0,[4 4 4 4 4],[7 2 2 2 2],[0.95 0.65 0.6 0.55 0.5],2,0.0
92,1,0,2,0,0,[10 8 8 8 8],[9 9 8 8 8],[0.95 0.65 0.6 0.55 0.5],3,0.0
93,1,0,3,0,0,[7 7 7 7 7],[10 6 6 6 6],[0.95 0.65 0.6 0.55 0.5],4,0.0
94,1,0,4,1,0,[6 2 2 2 2],[3 3 3 3 3],[0.95 0.65 0.6 0.55 0.5],5,0.0
95,1,0,5,0,0,[3 3 3 3 3],[6 2 2 2 2],[0.95 0.65 0.6 0.55 0.5],6,0.0
96,1,0,6,1,0,[3 3 3 3 3],[6 2 2 2 2],[0.95 0.65 0.6 0.55 0.5],6,0.0
97,1,0,7,1,0,[10 6 6 6 6],[7 7 7 7 7],[0.95 0.65 0.6 0.55 0.5],7,0.0
98,1,0,8,0,0,[10 6 6 6 6],[7 7 7 7 7],[0.95 0.65 0.6 0.55 0.5],7,0.0
99,1,0,9,1,0,[5 5 5 5 5],[8 4 4 4 4],[0.95 0.65 0.6 0.55 0.5],8,0.0
100,1,0,10,0,0,[3 3 3 3 3],[6 2 2 2 2],[0.95 0.65 0.6 0.55 0.5],6,0.0
101,1,0,11,0,0,[5 5 5 5 5],[8 4 4 4 4],[0.95 0.65 0.6 0.55 0.5],8,0.0
102,1,0,12,1,0,[7 7 7 7 7],[10 6 6 6 6],[0.95 0.65 0.6 0.55 0.5],4,0.0
103,1,0,13,0,0,[9 9 8 8 8],[10 8 8 8 8],[0.95 0.65 0.6 0.55 0.5],9,0.0
104,1,0,14,1,0,[6 2 2 2 2],[3 3 3 3 3],[0.95 0.65 0.6 0.55 0.5],5,0.0
105,1,0,15,0,0,[9 3 3 3 3],[6 5 5 5 5],[0.95 0.65 0.6 0.55 0.5],10,0.0
106,1,0,16,1,0,[6 2 2 2 2],[3 3 3 3 3],[0.95 0.65 0.6 0.55 0.5],5,0.0
107,1,0,17,1,0,[3 3 3 3 3],[6 2 2 2 2],[0.95 0.65 0.6 0.55 0.5],6,0.0
108,1,0,18,0,0,[9 9 8 8 8],[10 8 8 8 8],[0.95 0.65 0.6 0.55 0.5],9,0.0
109,1,0,19,1,0,[5 5 5 5 5],[8 4 4 4 4],[0.95 0.65 0.6 0.55 0.5],8,0.0
110,1,0,20,0,0,[4 4 4 4 4],[7 2 2 2 2],[0.95 0.65 0.6 0.55 0.5],2,0.0
111,1,0,21,1,0,[10 6 6 6 6],[7 7 7 7 7],[0.95 0.65 0.6 0.55 0.5],7,0.0
112,1,0,22,1,0,[9 9 8 8 8],[10 8 8 8 8],[0.95 0.65 0.6 0.55 0.5],9,0.0
113,1,0,23,0,0,[10 8 8 8 8],[9 9 8 8 8],[0.95 0.65 0.6 0.55 0.5],3,0.0
114,1,0,24,0,0,[9 9 8 8 8],[10 8 8 8 8],[0.95 0.65 0.6 0.55 0.5],9,0.0
115,1,0,25,0,0,[10 8 8 8 8],[9 9 8 8 8],[0.95 0.65 0.6 0.55 0.5],3,0.0
116,1,0,26,1,0,[9 3 3 3 3],[6 5 5 5 5],[0.95 0.65 0.6 0.55 0.5],10,0.0
117,1,0,27,1,0,[10 8 8 8 8],[9 9 8 8 8],[0.95 0.65 0.6 0.55 0.5],3,0.0
118,1,0,28,1,0,[7 7 7 7 7],[10 6 6 6 6],[0.95 0.65 0.6 0.55 0.5],4,0.0
119,1,0,29,1,0,[6 2 2 2 2],[3 3 3 3 3],[0.95 0.65 0.6 0.55 0.5],5,0.0
120,1,0,30,1,0,[5 5 5 5 5],[8 4 4 4 4],[0.95 0.65 0.6 0.55 0.5],8,0.0
121,1,0,31,0,0,[9 9 8 8 8],[10 8 8 8 8],[0.95 0.65 0.6 0.55 0.5],9,0.0
122,1,0,32,1,0,[7 7 7 7 7],[10 6 6 6 6],[0.95 0.65 0.6 0.55 0.5],4,0.0
123,1,0,33,1,0,[6 2 2 2 2],[3 3 3 3 3],[0.95 0.65 0.6 0.55 0.5],5,0.0
124,1,0,34,0,0,[10 8 8 8 8],[9 9 8 8 8],[0.95 0.65 0.6 0.55 0.5],3,0.0
125,1,0,35,0,0,[3 3 3 3 3],[6 2 2 2 2],[0.95 0.65 0.6 0.55 0.5],6,0.0
126,1,0,36,0,0,[7 7 7 7 7],[10 6 6 6 6],[0.95 0.65 0.6 0.55 0.5],4,0.0
127,1,0,37,0,0,[10 8 8 8 8],[9 9 8 8 8],[0.95 0.65 0.6 0.55 0.5],3,0.0
128,1,0,38,1,0,[9 3 3 3 3],[6 5 5 5 5],[0.95 0.65 0.6 0.55 0.5],10,0.0
129,1,0,39,1,0,[5 5 5 5 5],[8 4 4 4 4],[0.95 0.65 0.6 0.55 0.5],8,0.0
130,1,0,40,1,0,[9 9 8 8 8],[10 8 8 8 8],[0.95 0.65 0.6 0.55 0.5],9,0.0
131,1,0,41,1,0,[10 8 8 8 8],[9 9 8 8 8],[0.95 0.65 0.6 0.55 0.5],3,0.0
132,1,0,42,0,0,[4 4 4 4 4],[7 2 2 2 2],[0.95 0.65 0.6 0.55 0.5],2,0.0
133,1,0,43,1,0,[10 6 6 6 6],[7 7 7 7 7],[0.95 0.65 0.6 0.55 0.5],7,0.0
134,1,0,44,1,0,[6 2 2 2 2],[3 3 3 3 3],[0.95 0.65 0.6 0.55 0.5],5,0.0
135,1,0,45,1,0,[9 3 3 3 3],[6 5 5 5 5],[0.95 0.65 0.6 0.55 0.5],10,0.0
136,1,0,46,0,0,[10 6 6 6 6],[7 7 7 7 7],[0.95 0.65 0.6 0.55 0.5],7,0.0
137,1,0,47,1,0,[9 3 3 3 3],[6 5 5 5 5],[0.95 0.65 0.6 0.55 0.5],10,0.0
138,1,0,48,1,0,[5 5 5 5 5],[8 4 4 4 4],[0.95 0.65 0.6 0.55 0.5],8,0.0
139,1,0,49,1,0,[10 6 6 6 6],[7 7 7 7 7],[0.95 0.65 0.6 0.55 0.5],7,0.0
140,1,0,50,1,0,[5 5 5 5 5],[8 4 4 4 4],[0.95 0.65 0.6 0.55 0.5],8,0.0
141,1,0,51,0,0,[8 4 4 4 4],[5 5 5 5 5],[0.95 0.65 0.6 0.55 0.5],1,0.0
142,1,0,52,1,0,[7 7 7 7 7],[10 6 6 6 6],[0.95 0.65 0.6 0.55 0.5],4,0.0
143,1,0,53,1,0,[7 7 7 7 7],[10 6 6 6 6],[0.95 0.65 0.6 0.55 0.5],4,0.0
144,1,0,54,1,0,[9 9 8 8 8],[10 8 8 8 8],[0.95 0.65 0.6 0.55 0.5],9,0.0
145,1,0,55,1,0,[9 3 3 3 3],[6 5 5 5 5],[0.95 0.65 0.6 0.55 0.5],10,0.0
146,1,0,56,0,0,[8 4 4 4 4],[5 5 5 5 5],[0.95 0.65 0.6 0.55 0.5],1,0.0
147,1,0,57,0,0,[5 5 5 5 5],[8 4 4 4 4],[0.95 0.65 0.6 0.55 0.5],8,0.0
148,1,0,58,1,0,[6 2 2 2 2],[3 3 3 3 3],[0.95 0.65 0.6 0.55 0.5],5,0.0
149,1,0,59,1,0,[10 8 8 8 8],[9 9 8 8 8],[0.95 0.65 0.6 0.55 0.5],3,0.0
150,1,0,60,0,0,[7 7 7 7 7],[10 6 6 6 6],[0.95 0.65 0.6 0.55 0.5],4,0.0
151,1,0,61,0,0,[9 3 3 3 3],[6 5 5 5 5],[0.95 0.65 0.6 0.55 0.5],10,0.0
152,1,0,62,0,0,[8 4 4 4 4],[5 5 5 5 5],[0.95 0.65 0.6 0.55 0.5],1,0.0
153,1,0,63,0,0,[4 4 4 4 4],[7 2 2 2 2],[0.95 0.65 0.6 0.55 0.5],2,0.0
154,1,0,64,0,0,[4 4 4 4 4],[7 2 2 2 2],[0.95 0.65 0.6 0.55 0.5],2,0.0
155,1,0,65,1,0,[9 9 8 8 8],[10 8 8 8 8],[0.95 0.65 0.6 0.55 0.5],9,0.0
156,1,0,66,0,0,[8 4 4 4 4],[5 5 5 5 5],[0.95 0.65 0.6 0.55 0.5],1,0.0
157,1,0,67,0,0,[9 3 3 3 3],[6 5 5 5 5],[0.95 0.65 0.6 0.55 0.5],10,0.0
158,1,0,68,0,0,[6 2 2 2 2],[3 3 3 3 3],[0.95 0.65 0.6 0.55 0.5],5,0.0
159,1,0,69,0,0,[4 4 4 4 4],[7 2 2 2 2],[0.95 0.65 0.6 0.55 0.5],2,0.0
160,1,0,70,0,0,[4 4 4 4 4],[7 2 2 2 2],[0.95 0.65 0.6 0.55 0.5],2,0.0
161,1,0,71,1,0,[10 6 6 6 6],[7 7 7 7 7],[0.95 0.65 0.6 0.55 0.5],7,0.0
162,1,0,72,1,0,[8 4 4 4 4],[5 5 5 5 5],[0.95 0.65 0.6 0.55 0.5],1,0.0
163,1,0,73,1,0,[9 9 8 8 8],[10 8 8 8 8],[0.95 0.65 0.6 0.55 0.5],9,0.0
164,1,0,74,1,0,[7 7 7 7 7],[10 6 6 6 6],[0.95 0.65 0.6 0.55 0.5],4,0.0
165,1,0,75,1,0,[10 8 8 8 8],[9 9 8 8 8],[0.95 0.65 0.6 0.55 0.5],3,0.0
166,1,0,76,1,0,[3 3 3 3 3],[6 2 2 2 2],[0.95 0.65 0.6 0.55 0.5],6,0.0
167,1,0,77,0,0,[8 4 4 4 4],[5 5 5 5 5],[0.95 0.65 0.6 0.55 0.5],1,0.0
168,1,0,78,0,0,[4 4 4 4 4],[7 2 2 2 2],[0.95 0.65 0.6 0.55 0.5],2,0.0
169,1,0,79,0,0,[8 4 4 4 4],[5 5 5 5 5],[0.95 0.65 0.6 0.55 0.5],1,0.0
170,1,0,80,1,0,[3 3 3 3 3],[6 2 2 2 2],[0.95 0.65 0.6 0.55 0.5],6,0.0
171,1,0,81,1,0,[6 2 2 2 2],[3 3 3 3 3],[0.95 0.65 0.6 0.55 0.5],5,0.0
172,1,0,82,0,0,[10 6 6 6 6],[7 7 7 7 7],[0.95 0.65 0.6 0.55 0.5],7,0.0
173,1,0,83,1,0,[5 5 5 5 5],[8 4 4 4 4],[0.95 0.65 0.6 0.55 0.5],8,0.0
174,1,0,84,1,0,[4 4 4 4 4],[7 2 2 2 2],[0.95 0.65 0.6 0.55 0.5],2,0.0
175,1,0,85,0,0,[3 3 3 3 3],[6 2 2 2 2],[0.95 0.65 0.6 0.55 0.5],6,0.0
176,1,0,86,0,0,[3 3 3 3 3],[6 2 2 2 2],[0.95 0.65 0.6 0.55 0.5],6,0.0
177,1,0,87,0,0,[9 3 3 3 3],[6 5 5 5 5],[0.95 0.65 0.6 0.55 0.5],10,0.0
178,1,0,88,0,0,[10 6 6 6 6],[7 7 7 7 7],[0.95 0.65 0.6 0.55 0.5],7,0.0
179,1,0,89,0,0,[8 4 4 4 4],[5 5 5 5 5],[0.95 0.65 0.6 0.55 0.5],1,0.0
180,2,0,0,0,0,[8 4 4 4 4],[5 5 5 5 5],[0.95 0.65 0.6 0.55 0.5],1,0.0
181,2,0,1,1,0,[4 4 4 4 4],[7 2 2 2 2],[0.95 0.65 0.6 0.55 0.5],2,0.0
182,2,0,2,0,0,[10 8 8 8 8],[9 9 8 8 8],[0.95 0.65 0.6 0.55 0.5],3,0.0
183,2,0,3,1,0,[7 7 7 7 7],[10 6 6 6 6],[0.95 0.65 0.6 0.55 0.5],4,0.0
184,2,0,4,0,0,[6 2 2 2 2],[3 3 3 3 3],[0.95 0.65 0.6 0.55 0.5],5,0.0
185,2,0,5,1,0,[3 3 3 3 3],[6 2 2 2 2],[0.95 0.65 0.6 0.55 0.5],6,0.0
186,2,0,6,1,0,[3 3 3 3 3],[6 2 2 2 2],[0.95 0.65 0.6 0.55 0.5],6,0.0
187,2,0,7,0,0,[10 6 6 6 6],[7 7 7 7 7],[0.95 0.65 0.6 0.55 0.5],7,0.0
188,2,0,8,0,0,[10 6 6 6 6],[7 7 7 7 7],[0.95 0.65 0.6 0.55 0.5],7,0.0
189,2,0,9,1,0,[5 5 5 5 5],[8 4 4 4 4],[0.95 0.65 0.6 0.55 0.5],8,0.0
190,2,0,10,1,0,[3 3 3 3 3],[6 2 2 2 2],[0.95 0.65 0.6 0.55 0.5],6,0.0
191,2,0,11,1,0,[5 5 5 5 5],[8 4 4 4 4],[0.95 0.65 0.6 0.55 0.5],8,0.0
192,2,0,12,1,0,[7 7 7 7 7],[10 6 6 6 6],[0.95 0.65 0.6 0.55 0.5],4,0.0
193,2,0,13,0,0,[9 9 8 8 8],[10 8 8 8 8],[0.95 0.65 0.6 0.55 0.5],9,0.0
194,2,0,14,0,0,[6 2 2 2 2],[3 3 3 3 3],[0.95 0.65 0.6 0.55 0.5],5,0.0
195,2,0,15,0,0,[9 3 3 3 3],[6 5 5 5 5],[0.95 0.65 0.6 0.55 0.5],10,0.0
196,2,0,16,0,0,[6 2 2 2 2],[3 3 3 3 3],[0.95 0.65 0.6 0.55 0.5],5,0.0
197,2,0,17,1,0,[3 3 3 3 3],[6 2 2 2 2],[0.95 0.65 0.6 0.55 0.5],6,0.0
198,2,0,18,1,0,[9 9 8 8 8],[10 8 8 8 8],[0.95 0.65 0.6 0.55 0.5],9,0.0
199,2,0,19,1,0,[5 5 5 5 5],[8 4 4 4 4],[0.95 0.65 0.6 0.55 0.5],8,0.0
200,2,0,20,1,0,[4 4 4 4 4],[7 2 2 2 2],[0.95 0.65 0.6 0.55 0.5],2,0.0
201,2,0,21,1,0,[10 6 6 6 6],[7 7 7 7 7],[0.95 0.65 0.6 0.55 0.5],7,0.0
202,2,0,22,0,0,[9 9 8 8 8],[10 8 8 8 8],[0.95 0.65 0.6 0.55 0.5],9,0.0
203,2,0,23,1,0,[10 8 8 8 8],[9 9 8 8 8],[0.95 0.65 0.6 0.55 0.5],3,0.0
204,2,0,24,0,0,[9 9 8 8 8],[10 8 8 8 8],[0.95 0.65 0.6 0.55 0.5],9,0.0
205,2,0,25,0,0,[10 8 8 8 8],[9 9 8 8 8],[0.95 0.65 0.6 0.55 0.5],3,0.0
206,2,0,26,0,0,[9 3 3 3 3],[6 5 5 5 5],[0.95 0.65 0.6 0.55 0.5],10,0.0
207,2,0,27,0,0,[10 8 8 8 8],[9 9 8 8 8],[0.95 0.65 0.6 0.55 0.5],3,0.0
208,2,0,28,0,0,[7 7 7 7 7],[10 6 6 6 6],[0.95 0.65 0.6 0.55 0.5],4,0.0
209,2,0,29,0,0,[6 2 2 2 2],[3 3 3 3 3],[0.95 0.65 0.6 0.55 0.5],5,0.0
210,2,0,30,0,0,[5 5 5 5 5],[8 4 4 4 4],[0.95 0.65 0.6 0.55 0.5],8,0.0
211,2,0,31,1,0,[9 9 8 8 8],[10 8 8 8 8],[0.95 0.65 0.6 0.55 0.5],9,0.0
212,2,0,32,1,0,[7 7 7 7 7],[10 6 6 6 6],[0.95 0.65 0.6 0.55 0.5],4,0.0
213,2,0,33,0,0,[6 2 2 2 2],[3 3 3 3 3],[0.95 0.65 0.6 0.55 0.5],5,0.0
214,2,0,34,1,0,[10 8 8 8 8],[9 9 8 8 8],[0.95 0.65 0.6 0.55 0.5],3,0.0
215,2,0,35,1,0,[3 3 3 3 3],[6 2 2 2 2],[0.95 0.65 0.6 0.55 0.5],6,0.0
216,2,0,36,1,0,[7 7 7 7 7],[10 6 6 6 6],[0.95 0.65 0.6 0.55 0.5],4,0.0
217,2,0,37,1,0,[10 8 8 8 8],[9 9 8 8 8],[0.95 0.65 0.6 0.55 0.5],3,0.0
218,2,0,38,0,0,[9 3 3 3 3],[6 5 5 5 5],[0.95 0.65 0.6 0.55 0.5],10,0.0
219,2,0,39,0,0,[5 5 5 5 5],[8 4 4 4 4],[0.95 0.65 0.6 0.55 0.5],8,0.0
220,2,0,40,0,0,[9 9 8 8 8],[10 8 8 8 8],[0.95 0.65 0.6 0.55 0.5],9,0.0
221,2,0,41,0,0,[10 8 8 8 8],[9 9 8 8 8],[0.95 0.65 0.6 0.55 0.5],3,0.0
222,2,0,42,1,0,[4 4 4 4 4],[7 2 2 2 2],[0.95 0.65 0.6 0.55 0.5],2,0.0
223,2,0,43,1,0,[10 6 6 6 6],[7 7 7 7 7],[0.95 0.65 0.6 0.55 0.5],7,0.0
224,2,0,44,1,0,[6 2 2 2 2],[3 3 3 3 3],[0.95 0.65 0.6 0.55 0.5],5,0.0
225,2,0,45,0,0,[9 3 3 3 3],[6 5 5 5 5],[0.95 0.65 0.6 0.55 0.5],10,0.0
226,2,0,46,1,0,[10 6 6 6 6],[7 7 7 7 7],[0.95 0.65 0.6 0.55 0.5],7,0.0
227,2,0,47,0,0,[9 3 3 3 3],[6 5 5 5 5],[0.95 0.65 0.6 0.55 0.5],10,0.0
228,2,0,48,0,0,[5 5 5 5 5],[8 4 4 4 4],[0.95 0.65 0.6 0.55 0.5],8,0.0
229,2,0,49,0,0,[10 6 6 6 6],[7 7 7 7 7],[0.95 0.65 0.6 0.55 0.5],7,0.0
230,2,0,50,1,0,[5 5 5 5 5],[8 4 4 4 4],[0.95 0.65 0.6 0.55 0.5],8,0.0
231,2,0,51,1,0,[8 4 4 4 4],[5 5 5 5 5],[0.95 0.65 0.6 0.55 0.5],1,0.0
232,2,0,52,0,0,[7 7 7 7 7],[10 6 6 6 6],[0.95 0.65 0.6 0.55 0.5],4,0.0
233,2,0,53,0,0,[7 7 7 7 7],[10 6 6 6 6],[0.95 0.65 0.6 0.55 0.5],4,0.0
234,2,0,54,1,0,[9 9 8 8 8],[10 8 8 8 8],[0.95 0.65 0.6 0.55 0.5],9,0.0
235,2,0,55,0,0,[9 3 3 3 3],[6 5 5 5 5],[0.95 0.65 0.6 0.55 0.5],10,0.0
236,2,0,56,1,0,[8 4 4 4 4],[5 5 5 5 5],[0.95 0.65 0.6 0.55 0.5],1,0.0
237,2,0,57,1,0,[5 5 5 5 5],[8 4 4 4 4],[0.95 0.65 0.6 0.55 0.5],8,0.0
238,2,0,58,0,0,[6 2 2 2 2],[3 3 3 3 3],[0.95 0.65 0.6 0.55 0.5],5,0.0
239,2,0,59,1,0,[10 8 8 8 8],[9 9 8 8 8],[0.95 0.65 0.6 0.55 0.5],3,0.0
240,2,0,60,1,0,[7 7 7 7 7],[10 6 6 6 6],[0.95 0.65 0.6 0.55 0.5],4,0.0
241,2,0,61,1,0,[9 3 3 3 3],[6 5 5 5 5],[0.95 0.65 0.6 0.55 0.5],10,0.0
242,2,0,62,1,0,[8 4 4 4 4],[5 5 5 5 5],[0.95 0.65 0.6 0.55 0.5],1,0.0
243,2,0,63,1,0,[4 4 4 4 4],[7 2 2 2 2],[0.95 0.65 0.6 0.55 0.5],2,0.0
244,2,0,64,1,0,[4 4 4 4 4],[7 2 2 2 2],[0.95 0.65 0.6 0.55 0.5],2,0.0
245,2,0,65,1,0,[9 9 8 8 8],[10 8 8 8 8],[0.95 0.65 0.6 0.55 0.5],9,0.0
246,2,0,66,1,0,[8 4 4 4 4],[5 5 5 5 5],[0.95 0.65 0.6 0.55 0.5],1,0.0
247,2,0,67,1,0,[9 3 3 3 3],[6 5 5 5 5],[0.95 0.65 0.6 0.55 0.5],10,0.0
248,2,0,68,1,0,[6 2 2 2 2],[3 3 3 3 3],[0.95 0.65 0.6 0.55 0.5],5,0.0
249,2,0,69,1,0,[4 4 4 4 4],[7 2 2 2 2],[0.95 0.65 0.6 0.55 0.5],2,0.0
250,2,0,70,1,0,[4 4 4 4 4],[7 2 2 2 2],[0.95 0.65 0.6 0.55 0.5],2,0.0
251,2,0,71,1,0,[10 6 6 6 6],[7 7 7 7 7],[0.95 0.65 0.6 0.55 0.5],7,0.0
252,2,0,72,0,0,[8 4 4 4 4],[5 5 5 5 5],[0.95 0.65 0.6 0.55 0.5],1,0.0
253,2,0,73,0,0,[9 9 8 8 8],[10 8 8 8 8],[0.95 0.65 0.6 0.55 0.5],9,0.0
254,2,0,74,0,0,[7 7 7 7 7],[10 6 6 6 6],[0.95 0.65 0.6 0.55 0.5],4,0.0
255,2,0,75,1,0,[10 8 8 8 8],[9 9 8 8 8],[0.95 0.65 0.6 0.55 0.5],3,0.0
256,2,0,76,0,0,[3 3 3 3 3],[6 2 2 2 2],[0.95 0.65 0.6 0.55 0.5],6,0.0
257,2,0,77,1,0,[8 4 4 4 4],[5 5 5 5 5],[0.95 0.65 0.6 0.55 0.5],1,0.0
258,2,0,78,0,0,[4 4 4 4 4],[7 2 2 2 2],[0.95 0.65 0.6 0.55 0.5],2,0.0
259,2,0,79,1,0,[8 4 4 4 4],[5 5 5 5 5],[0.95 0.65 0.6 0.55 0.5],1,0.0
260,2,0,80,0,0,[3 3 3 3 3],[6 2 2 2 2],[0.95 0.65 0.6 0.55 0.5],6,0.0
261,2,0,81,0,0,[6 2 2 2 2],[3 3 3 3 3],[0.95 0.65 0.6 0.55 0.5],5,0.0
262,2,0,82,1,0,[10 6 6 6 6],[7 7 7 7 7],[0.95 0.65 0.6 0.55 0.5],7,0.0
263,2,0,83,0,0,[5 5 5 5 5],[8 4 4 4 4],[0.95 0.65 0.6 0.55 0.5],8,0.0
264,2,0,84,0,0,[4 4 4 4 4],[7 2 2 2 2],[0.95 0.65 0.6 0.55 0.5],2,0.0
265,2,0,85,1,0,[3 3 3 3 3],[6 2 2 2 2],[0.95 0.65 0.6 0.55 0.5],6,0.0
266,2,0,86,1,0,[3 3 3 3 3],[6 2 2 2 2],[0.95 0.65 0.6 0.55 0.5],6,0.0
267,2,0,87,1,0,[9 3 3 3 3],[6 5 5 5 5],[0.95 0.65 0.6 0.55 0.5],10,0.0
268,2,0,88,1,0,[10 6 6 6 6],[7 7 7 7 7],[0.95 0.65 0.6 0.55 0.5],7,0.0
269,2,0,89,1,0,[8 4 4 4 4],[5 5 5 5 5],[0.95 0.65 0.6 0.55 0.5],1,0.0
270,3,0,0,0,0,[8 4 4 4 4],[5 5 5 5 5],[0.95 0.65 0.6 0.55 0.5],1,0.0
271,3,0,1,0,0,[4 4 4 4 4],[7 2 2 2 2],[0.95 0.65 0.6 0.55 0.5],2,0.0
272,3,0,2,0,0,[10 8 8 8 8],[9 9 8 8 8],[0.95 0.65 0.6 0.55 0.5],3,0.0
273,3,0,3,1,0,[7 7 7 7 7],[10 6 6 6 6],[0.95 0.65 0.6 0.55 0.5],4,0.0
274,3,0,4,1,0,[6 2 2 2 2],[3 3 3 3 3],[0.95 0.65 0.6 0.55 0.5],5,0.0
275,3,0,5,0,0,[3 3 3 3 3],[6 2 2 2 2],[0.95 0.65 0.6 0.55 0.5],6,0.0
276,3,0,6,0,0,[3 3 3 3 3],[6 2 2 2 2],[0.95 0.65 0.6 0.55 0.5],6,0.0
277,3,0,7,1,0,[10 6 6 6 6],[7 7 7 7 7],[0.95 0.65 0.6 0.55 0.5],7,0.0
278,3,0,8,0,0,[10 6 6 6 6],[7 7 7 7 7],[0.95 0.65 0.6 0.55 0.5],7,0.0
279,3,0,9,1,0,[5 5 5 5 5],[8 4 4 4 4],[0.95 0.65 0.6 0.55 0.5],8,0.0
280,3,0,10,1,0,[3 3 3 3 3],[6 2 2 2 2],[0.95 0.65 0.6 0.55 0.5],6,0.0
281,3,0,11,0,0,[5 5 5 5 5],[8 4 4 4 4],[0.95 0.65 0.6 0.55 0.5],8,0.0
282,3,0,12,0,0,[7 7 7 7 7],[10 6 6 6 6],[0.95 0.65 0.6 0.55 0.5],4,0.0
283,3,0,13,1,0,[9 9 8 8 8],[10 8 8 8 8],[0.95 0.65 0.6 0.55 0.5],9,0.0
284,3,0,14,0,0,[6 2 2 2 2],[3 3 3 3 3],[0.95 0.65 0.6 0.55 0.5],5,0.0
285,3,0,15,0,0,[9 3 3 3 3],[6 5 5 5 5],[0.95 0.65 0.6 0.55 0.5],10,0.0
286,3,0,16,1,0,[6 2 2 2 2],[3 3 3 3 3],[0.95 0.65 0.6 0.55 0.5],5,0.0
287,3,0,17,1,0,[3 3 3 3 3],[6 2 2 2 2],[0.95 0.65 0.6 0.55 0.5],6,0.0
288,3,0,18,1,0,[9 9 8 8 8],[10 8 8 8 8],[0.95 0.65 0.6 0.55 0.5],9,0.0
289,3,0,19,1,0,[5 5 5 5 5],[8 4 4 4 4],[0.95 0.65 0.6 0.55 0.5],8,0.0
290,3,0,20,1,0,[4 4 4 4 4],[7 2 2 2 2],[0.95 0.65 0.6 0.55 0.5],2,0.0
291,3,0,21,1,0,[10 6 6 6 6],[7 7 7 7 7],[0.95 0.65 0.6 0.55 0.5],7,0.0
292,3,0,22,1,0,[9 9 8 8 8],[10 8 8 8 8],[0.95 0.65 0.6 0.55 0.5],9,0.0
293,3,0,23,0,0,[10 8 8 8 8],[9 9 8 8 8],[0.95 0.65 0.6 0.55 0.5],3,0.0
294,3,0,24,1,0,[9 9 8 8 8],[10 8 8 8 8],[0.95 0.65 0.6 0.55 0.5],9,0.0
295,3,0,25,1,0,[10 8 8 8 8],[9 9 8 8 8],[0.95 0.65 0.6 0.55 0.5],3,0.0
296,3,0,26,1,0,[9 3 3 3 3],[6 5 5 5 5],[0.95 0.65 0.6 0.55 0.5],10,0.0
297,3,0,27,0,0,[10 8 8 8 8],[9 9 8 8 8],[0.95 0.65 0.6 0.55 0.5],3,0.0
298,3,0,28,1,0,[7 7 7 7 7],[10 6 6 6 6],[0.95 0.65 0.6 0.55 0.5],4,0.0
299,3,0,29,0,0,[6 2 2 2 2],[3 3 3 3 3],[0.95 0.65 0.6 0.55 0.5],5,0.0
300,3,0,30,0,0,[5 5 5 5 5],[8 4 4 4 4],[0.95 0.65 0.6 0.55 0.5],8,0.0
301,3,0,31,0,0,[9 9 8 8 8],[10 8 8 8 8],[0.95 0.65 0.6 0.55 0.5],9,0.0
302,3,0,32,1,0,[7 7 7 7 7],[10 6 6 6 6],[0.95 0.65 0.6 0.55 0.5],4,0.0
303,3,0,33,1,0,[6 2 2 2 2],[3 3 3 3 3],[0.95 0.65 0.6 0.55 0.5],5,0.0
304,3,0,34,1,0,[10 8 8 8 8],[9 9 8 8 8],[0.95 0.65 0.6 0.55 0.5],3,0.0
305,3,0,35,1,0,[3 3 3 3 3],[6 2 2 2 2],[0.95 0.65 0.6 0.55 0.5],6,0.0
306,3,0,36,1,0,[7 7 7 7 7],[10 6 6 6 6],[0.95 0.65 0.6 0.55 0.5],4,0.0
307,3,0,37,1,0,[10 8 8 8 8],[9 9 8 8 8],[0.95 0.65 0.6 0.55 0.5],3,0.0
308,3,0,38,1,0,[9 3 3 3 3],[6 5 5 5 5],[0.95 0.65 0.6 0.55 0.5],10,0.0
309,3,0,39,0,0,[5 5 5 5 5],[8 4 4 4 4],[0.95 0.65 0.6 0.55 0.5],8,0.0
310,3,0,40,1,0,[9 9 8 8 8],[10 8 8 8 8],[0.95 0.65 0.6 0.55 0.5],9,0.0
311,3,0,41,1,0,[10 8 8 8 8],[9 9 8 8 8],[0.95 0.65 0.6 0.55 0.5],3,0.0
312,3,0,42,0,0,[4 4 4 4 4],[7 2 2 2 2],[0.95 0.65 0.6 0.55 0.5],2,0.0
313,3,0,43,0,0,[10 6 6 6 6],[7 7 7 7 7],[0.95 0.65 0.6 0.55 0.5],7,0.0
314,3,0,44,0,0,[6 2 2 2 2],[3 3 3 3 3],[0.95 0.65 0.6 0.55 0.5],5,0.0
315,3,0,45,1,0,[9 3 3 3 3],[6 5 5 5 5],[0.95 0.65 0.6 0.55 0.5],10,0.0
316,3,0,46,0,0,[10 6 6 6 6],[7 7 7 7 7],[0.95 0.65 0.6 0.55 0.5],7,0.0
317,3,0,47,1,0,[9 3 3 3 3],[6 5 5 5 5],[0.95 0.65 0.6 0.55 0.5],10,0.0
318,3,0,48,1,0,[5 5 5 5 5],[8 4 4 4 4],[0.95 0.65 0.6 0.55 0.5],8,0.0
319,3,0,49,1,0,[10 6 6 6 6],[7 7 7 7 7],[0.95 0.65 0.6 0.55 0.5],7,0.0
320,3,0,50,1,0,[5 5 5 5 5],[8 4 4 4 4],[0.95 0.65 0.6 0.55 0.5],8,0.0
321,3,0,51,0,0,[8 4 4 4 4],[5 5 5 5 5],[0.95 0.65 0.6 0.55 0.5],1,0.0
322,3,0,52,0,0,[7 7 7 7 7],[10 6 6 6 6],[0.95 0.65 0.6 0.55 0.5],4,0.0
323,3,0,53,0,0,[7 7 7 7 7],[10 6 6 6 6],[0.95 0.65 0.6 0.55 0.5],4,0.0
324,3,0,54,1,0,[9 9 8 8 8],[10 8 8 8 8],[0.95 0.65 0.6 0.55 0.5],9,0.0
325,3,0,55,1,0,[9 3 3 3 3],[6 5 5 5 5],[0.95 0.65 0.6 0.55 0.5],10,0.0
326,3,0,56,1,0,[8 4 4 4 4],[5 5 5 5 5],[0.95 0.65 0.6 0.55 0.5],1,0.0
327,3,0,57,1,0,[5 5 5 5 5],[8 4 4 4 4],[0.95 0.65 0.6 0.55 0.5],8,0.0
328,3,0,58,0,0,[6 2 2 2 2],[3 3 3 3 3],[0.95 0.65 0.6 0.55 0.5],5,0.0
329,3,0,59,1,0,[10 8 8 8 8],[9 9 8 8 8],[0.95 0.65 0.6 0.55 0.5],3,0.0
330,3,0,60,1,0,[7 7 7 7 7],[10 6 6 6 6],[0.95 0.65 0.6 0.55 0.5],4,0.0
331,3,0,61,0,0,[9 3 3 3 3],[6 5 5 5 5],[0.95 0.65 0.6 0.55 0.5],10,0.0
332,3,0,62,1,0,[8 4 4 4 4],[5 5 5 5 5],[0.95 0.65 0.6 0.55 0.5],1,0.0
333,3,0,63,1,0,[4 4 4 4 4],[7 2 2 2 2],[0.95 0.65 0.6 0.55 0.5],2,0.0
334,3,0,64,0,0,[4 4 4 4 4],[7 2 2 2 2],[0.95 0.65 0.6 0.55 0.5],2,0.0
335,3,0,65,0,0,[9 9 8 8 8],[10 8 8 8 8],[0.95 0.65 0.6 0.55 0.5],9,0.0
336,3,0,66,1,0,[8 4 4 4 4],[5 5 5 5 5],[0.95 0.65 0.6 0.55 0.5],1,0.0
337,3,0,67,0,0,[9 3 3 3 3],[6 5 5 5 5],[0.95 0.65 0.6 0.55 0.5],10,0.0
338,3,0,68,0,0,[6 2 2 2 2],[3 3 3 3 3],[0.95 0.65 0.6 0.55 0.5],5,0.0
339,3,0,69,0,0,[4 4 4 4 4],[7 2 2 2 2],[0.95 0.65 0.6 0.55 0.5],2,0.0
340,3,0,70,0,0,[4 4 4 4 4],[7 2 2 2 2],[0.95 0.65 0.6 0.55 0.5],2,0.0
341,3,0,71,0,0,[10 6 6 6 6],[7 7 7 7 7],[0.95 0.65 0.6 0.55 0.5],7,0.0
342,3,0,72,0,0,[8 4 4 4 4],[5 5 5 5 5],[0.95 0.65 0.6 0.55 0.5],1,0.0
343,3,0,73,1,0,[9 9 8 8 8],[10 8 8 8 8],[0.95 0.65 0.6 0.55 0.5],9,0.0
344,3,0,74,1,0,[7 7 7 7 7],[10 6 6 6 6],[0.95 0.65 0.6 0.55 0.5],4,0.0
345,3,0,75,1,0,[10 8 8 8 8],[9 9 8 8 8],[0.95 0.65 0.6 0.55 0.5],3,0.0
346,3,0,76,0,0,[3 3 3 3 3],[6 2 2 2 2],[0.95 0.65 0.6 0.55 0.5],6,0.0
347,3,0,77,1,0,[8 4 4 4 4],[5 5 5 5 5],[0.95 0.65 0.6 0.55 0.5],1,0.0
348,3,0,78,1,0,[4 4 4 4 4],[7 2 2 2 2],[0.95 0.65 0.6 0.55 0.5],2,0.0
349,3,0,79,1,0,[8 4 4 4 4],[5 5 5 5 5],[0.95 0.65 0.6 0.55 0.5],1,0.0
350,3,0,80,0,0,[3 3 3 3 3],[6 2 2 2 2],[0.95 0.65 0.6 0.55 0.5],6,0.0
351,3,0,81,0,0,[6 2 2 2 2],[3 3 3 3 3],[0.95 0.65 0.6 0.55 0.5],5,0.0
352,3,0,82,1,0,[10 6 6 6 6],[7 7 7 7 7],[0.95 0.65 0.6 0.55 0.5],7,0.0
353,3,0,83,0,0,[5 5 5 5 5],[8 4 4 4 4],[0.95 0.65 0.6 0.55 0.5],8,0.0
354,3,0,84,1,0,[4 4 4 4 4],[7 2 2 2 2],[0.95 0.65 0.6 0.55 0.5],2,0.0
355,3,0,85,1,0,[3 3 3 3 3],[6 2 2 2 2],[0.95 0.65 0.6 0.55 0.5],6,0.0
356,3,0,86,1,0,[3 3 3 3 3],[6 2 2 2 2],[0.95 0.65 0.6 0.55 0.5],6,0.0
357,3,0,87,0,0,[9 3 3 3 3],[6 5 5 5 5],[0.95 0.65 0.6 0.55 0.5],10,0.0
358,3,0,88,1,0,[10 6 6 6 6],[7 7 7 7 7],[0.95 0.65 0.6 0.55 0.5],7,0.0
359,3,0,89,1,0,[8 4 4 4 4],[5 5 5 5 5],[0.95 0.65 0.6 0.55 0.5],1,0.0
360,4,0,0,1,0,[8 4 4 4 4],[5 5 5 5 5],[0.95 0.65 0.6 0.55 0.5],1,0.0
361,4,0,1,0,0,[4 4 4 4 4],[7 2 2 2 2],[0.95 0.65 0.6 0.55 0.5],2,0.0
362,4,0,2,0,0,[10 8 8 8 8],[9 9 8 8 8],[0.95 0.65 0.6 0.55 0.5],3,0.0
363,4,0,3,0,0,[7 7 7 7 7],[10 6 6 6 6],[0.95 0.65 0.6 0.55 0.5],4,0.0
364,4,0,4,0,0,[6 2 2 2 2],[3 3 3 3 3],[0.95 0.65 0.6 0.55 0.5],5,0.0
365,4,0,5,1,0,[3 3 3 3 3],[6 2 2 2 2],[0.95 0.65 0.6 0.55 0.5],6,0.0
366,4,0,6,0,0,[3 3 3 3 3],[6 2 2 2 2],[0.95 0.65 0.6 0.55 0.5],6,0.0
367,4,0,7,0,0,[10 6 6 6 6],[7 7 7 7 7],[0.95 0.65 0.6 0.55 0.5],7,0.0
368,4,0,8,1,0,[10 6 6 6 6],[7 7 7 7 7],[0.95 0.65 0.6 0.55 0.5],7,0.0
369,4,0,9,1,0,[5 5 5 5 5],[8 4 4 4 4],[0.95 0.65 0.6 0.55 0.5],8,0.0
370,4,0,10,1,0,[3 3 3 3 3],[6 2 2 2 2],[0.95 0.65 0.6 0.55 0.5],6,0.0
371,4,0,11,1,0,[5 5 5 5 5],[8 4 4 4 4],[0.95 0.65 0.6 0.55 0.5],8,0.0
372,4,0,12,1,0,[7 7 7 7 7],[10 6 6 6 6],[0.95 0.65 0.6 0.55 0.5],4,0.0
373,4,0,13,0,0,[9 9 8 8 8],[10 8 8 8 8],[0.95 0.65 0.6 0.55 0.5],9,0.0
374,4,0,14,0,0,[6 2 2 2 2],[3 3 3 3 3],[0.95 0.65 0.6 0.55 0.5],5,0.0
375,4,0,15,0,0,[9 3 3 3 3],[6 5 5 5 5],[0.95 0.65 0.6 0.55 0.5],10,0.0
376,4,0,16,0,0,[6 2 2 2 2],[3 3 3 3 3],[0.95 0.65 0.6 0.55 0.5],5,0.0
377,4,0,17,1,0,[3 3 3 3 3],[6 2 2 2 2],[0.95 0.65 0.6 0.55 0.5],6,0.0
378,4,0,18,0,0,[9 9 8 8 8],[10 8 8 8 8],[0.95 0.65 0.6 0.55 0.5],9,0.0
379,4,0,19,1,0,[5 5 5 5 5],[8 4 4 4 4],[0.95 0.65 0.6 0.55 0.5],8,0.0
380,4,0,20,1,0,[4 4 4 4 4],[7 2 2 2 2],[0.95 0.65 0.6 0.55 0.5],2,0.0
381,4,0,21,0,0,[10 6 6 6 6],[7 7 7 7 7],[0.95 0.65 0.6 0.55 0.5],7,0.0
382,4,0,22,0,0,[9 9 8 8 8],[10 8 8 8 8],[0.95 0.65 0.6 0.55 0.5],9,0.0
383,4,0,23,1,0,[10 8 8 8 8],[9 9 8 8 8],[0.95 0.65 0.6 0.55 0.5],3,0.0
384,4,0,24,0,0,[9 9 8 8 8],[10 8 8 8 8],[0.95 0.65 0.6 0.55 0.5],9,0.0
385,4,0,25,1,0,[10 8 8 8 8],[9 9 8 8 8],[0.95 0.65 0.6 0.55 0.5],3,0.0
386,4,0,26,0,0,[9 3 3 3 3],[6 5 5 5 5],[0.95 0.65 0.6 0.55 0.5],10,0.0
387,4,0,27,1,0,[10 8 8 8 8],[9 9 8 8 8],[0.95 0.65 0.6 0.55 0.5],3,0.0
388,4,0,28,1,0,[7 7 7 7 7],[10 6 6 6 6],[0.95 0.65 0.6 0.55 0.5],4,0.0
389,4,0,29,0,0,[6 2 2 2 2],[3 3 3 3 3],[0.95 0.65 0.6 0.55 0.5],5,0.0
390,4,0,30,1,0,[5 5 5 5 5],[8 4 4 4 4],[0.95 0.65 0.6 0.55 0.5],8,0.0
391,4,0,31,0,0,[9 9 8 8 8],[10 8 8 8 8],[0.95 0.65 0.6 0.55 0.5],9,0.0
392,4,0,32,1,0,[7 7 7 7 7],[10 6 6 6 6],[0.95 0.65 0.6 0.55 0.5],4,0.0
393,4,0,33,0,0,[6 2 2 2 2],[3 3 3 3 3],[0.95 0.65 0.6 0.55 0.5],5,0.0
394,4,0,34,1,0,[10 8 8 8 8],[9 9 8 8 8],[0.95 0.65 0.6 0.55 0.5],3,0.0
395,4,0,35,1,0,[3 3 3 3 3],[6 2 2 2 2],[0.95 0.65 0.6 0.55 0.5],6,0.0
396,4,0,36,1,0,[7 7 7 7 7],[10 6 6 6 6],[0.95 0.65 0.6 0.55 0.5],4,0.0
397,4,0,37,1,0,[10 8 8 8 8],[9 9 8 8 8],[0.95 0.65 0.6 0.55 0.5],3,0.0
398,4,0,38,0,0,[9 3 3 3 3],[6 5 5 5 5],[0.95 0.65 0.6 0.55 0.5],10,0.0
399,4,0,39,1,0,[5 5 5 5 5],[8 4 4 4 4],[0.95 0.65 0.6 0.55 0.5],8,0.0
400,4,0,40,0,0,[9 9 8 8 8],[10 8 8 8 8],[0.95 0.65 0.6 0.55 0.5],9,0.0
401,4,0,41,1,0,[10 8 8 8 8],[9 9 8 8 8],[0.95 0.65 0.6 0.55 0.5],3,0.0
402,4,0,42,1,0,[4 4 4 4 4],[7 2 2 2 2],[0.95 0.65 0.6 0.55 0.5],2,0.0
403,4,0,43,0,0,[10 6 6 6 6],[7 7 7 7 7],[0.95 0.65 0.6 0.55 0.5],7,0.0
404,4,0,44,0,0,[6 2 2 2 2],[3 3 3 3 3],[0.95 0.65 0.6 0.55 0.5],5,0.0
405,4,0,45,0,0,[9 3 3 3 3],[6 5 5 5 5],[0.95 0.65 0.6 0.55 0.5],10,0.0
406,4,0,46,0,0,[10 6 6 6 6],[7 7 7 7 7],[0.95 0.65 0.6 0.55 0.5],7,0.0
407,4,0,47,0,0,[9 3 3 3 3],[6 5 5 5 5],[0.95 0.65 0.6 0.55 0.5],10,0.0
408,4,0,48,1,0,[5 5 5 5 5],[8 4 4 4 4],[0.95 0.65 0.6 0.55 0.5],8,0.0
409,4,0,49,0,0,[10 6 6 6 6],[7 7 7 7 7],[0.95 0.65 0.6 0.55 0.5],7,0.0
410,4,0,50,1,0,[5 5 5 5 5],[8 4 4 4 4],[0.95 0.65 0.6 0.55 0.5],8,0.0
411,4,0,51,0,0,[8 4 4 4 4],[5 5 5 5 5],[0.95 0.65 0.6 0.55 0.5],1,0.0
412,4,0,52,1,0,[7 7 7 7 7],[10 6 6 6 6],[0.95 0.65 0.6 0.55 0.5],4,0.0
413,4,0,53,1,0,[7 7 7 7 7],[10 6 6 6 6],[0.95 0.65 0.6 0.55 0.5],4,0.0
414,4,0,54,0,0,[9 9 8 8 8],[10 8 8 8 8],[0.95 0.65 0.6 0.55 0.5],9,0.0
415,4,0,55,0,0,[9 3 3 3 3],[6 5 5 5 5],[0.95 0.65 0.6 0.55 0.5],10,0.0
416,4,0,56,0,0,[8 4 4 4 4],[5 5 5 5 5],[0.95 0.65 0.6 0.55 0.5],1,0.0
417,4,0,57,1,0,[5 5 5 5 5],[8 4 4 4 4],[0.95 0.65 0.6 0.55 0.5],8,0.0
418,4,0,58,0,0,[6 2 2 2 2],[3 3 3 3 3],[0.95 0.65 0.6 0.55 0.5],5,0.0
419,4,0,59,1,0,[10 8 8 8 8],[9 9 8 8 8],[0.95 0.65 0.6 0.55 0.5],3,0.0
420,4,0,60,1,0,[7 7 7 7 7],[10 6 6 6 6],[0.95 0.65 0.6 0.55 0.5],4,0.0
421,4,0,61,0,0,[9 3 3 3 3],[6 5 5 5 5],[0.95 0.65 0.6 0.55 0.5],10,0.0
422,4,0,62,0,0,[8 4 4 4 4],[5 5 5 5 5],[0.95 0.65 0.6 0.55 0.5],1,0.0
423,4,0,63,1,0,[4 4 4 4 4],[7 2 2 2 2],[0.95 0.65 0.6 0.55 0.5],2,0.0
424,4,0,64,1,0,[4 4 4 4 4],[7 2 2 2 2],[0.95 0.65 0.6 0.55 0.5],2,0.0
425,4,0,65,0,0,[9 9 8 8 8],[10 8 8 8 8],[0.95 0.65 0.6 0.55 0.5],9,0.0
426,4,0,66,0,0,[8 4 4 4 4],[5 5 5 5 5],[0.95 0.65 0.6 0.55 0.5],1,0.0
427,4,0,67,0,0,[9 3 3 3 3],[6 5 5 5 5],[0.95 0.65 0.6 0.55 0.5],10,0.0
428,4,0,68,0,0,[6 2 2 2 2],[3 3 3 3 3],[0.95 0.65 0.6 0.55 0.5],5,0.0
429,4,0,69,1,0,[4 4 4 4 4],[7 2 2 2 2],[0.95 0.65 0.6 0.55 0.5],2,0.0
430,4,0,70,1,0,[4 4 4 4 4],[7 2 2 2 2],[0.95 0.65 0.6 0.55 0.5],2,0.0
431,4,0,71,0,0,[10 6 6 6 6],[7 7 7 7 7],[0.95 0.65 0.6 0.55 0.5],7,0.0
432,4,0,72,0,0,[8 4 4 4 4],[5 5 5 5 5],[0.95 0.65 0.6 0.55 0.5],1,0.0
433,4,0,73,0,0,[9 9 8 8 8],[10 8 8 8 8],[0.95 0.65 0.6 0.55 0.5],9,0.0
434,4,0,74,1,0,[7 7 7 7 7],[10 6 6 6 6],[0.95 0.65 0.6 0.55 0.5],4,0.0
435,4,0,75,1,0,[10 8 8 8 8],[9 9 8 8 8],[0.95 0.65 0.6 0.55 0.5],3,0.0
436,4,0,76,1,0,[3 3 3 3 3],[6 2 2 2 2],[0.95 0.65 0.6 0.55 0.5],6,0.0
437,4,0,77,0,0,[8 4 4 4 4],[5 5 5 5 5],[0.95 0.65 0.6 0.55 0.5],1,0.0
438,4,0,78,1,0,[4 4 4 4 4],[7 2 2 2 2],[0.95 0.65 0.6 0.55 0.5],2,0.0
439,4,0,79,0,0,[8 4 4 4 4],[5 5 5 5 5],[0.95 0.65 0.6 0.55 0.5],1,0.0
440,4,0,80,1,0,[3 3 3 3 3],[6 2 2 2 2],[0.95 0.65 0.6 0.55 0.5],6,0.0
441,4,0,81,0,0,[6 2 2 2 2],[3 3 3 3 3],[0.95 0.65 0.6 0.55 0.5],5,0.0
442,4,0,82,0,0,[10 6 6 6 6],[7 7 7 7 7],[0.95 0.65 0.6 0.55 0.5],7,0.0
443,4,0,83,1,0,[5 5 5 5 5],[8 4 4 4 4],[0.95 0.65 0.6 0.55 0.5],8,0.0
444,4,0,84,1,0,[4 4 4 4 4],[7 2 2 2 2],[0.95 0.65 0.6 0.55 0.5],2,0.0
445,4,0,85,1,0,[3 3 3 3 3],[6 2 2 2 2],[0.95 0.65 0.6 0.55 0.5],6,0.0
446,4,0,86,1,0,[3 3 3 3 3],[6 2 2 2 2],[0.95 0.65 0.6 0.55 0.5],6,0.0
447,4,0,87,0,0,[9 3 3 3 3],[6 5 5 5 5],[0.95 0.65 0.6 0.55 0.5],10,0.0
448,4,0,88,0,0,[10 6 6 6 6],[7 7 7 7 7],[0.95 0.65 0.6 0.55 0.5],7,0.0
449,4,0,89,0,0,[8 4 4 4 4],[5 5 5 5 5],[0.95 0.65 0.6 0.55 0.5],1,0.0
450,5,0,0,1,0,[8 4 4 4 4],[5 5 5 5 5],[0.95 0.65 0.6 0.55 0.5],1,0.0
451,5,0,1,1,0,[4 4 4 4 4],[7 2 2 2 2],[0.95 0.65 0.6 0.55 0.5],2,0.0
452,5,0,2,1,0,[10 8 8 8 8],[9 9 8 8 8],[0.95 0.65 0.6 0.55 0.5],3,0.0
453,5,0,3,0,0,[7 7 7 7 7],[10 6 6 6 6],[0.95 0.65 0.6 0.55 0.5],4,0.0
454,5,0,4,0,0,[6 2 2 2 2],[3 3 3 3 3],[0.95 0.65 0.6 0.55 0.5],5,0.0
455,5,0,5,1,0,[3 3 3 3 3],[6 2 2 2 2],[0.95 0.65 0.6 0.55 0.5],6,0.0
456,5,0,6,1,0,[3 3 3 3 3],[6 2 2 2 2],[0.95 0.65 0.6 0.55 0.5],6,0.0
457,5,0,7,0,0,[10 6 6 6 6],[7 7 7 7 7],[0.95 0.65 0.6 0.55 0.5],7,0.0
458,5,0,8,0,0,[10 6 6 6 6],[7 7 7 7 7],[0.95 0.65 0.6 0.55 0.5],7,0.0
459,5,0,9,1,0,[5 5 5 5 5],[8 4 4 4 4],[0.95 0.65 0.6 0.55 0.5],8,0.0
460,5,0,10,1,0,[3 3 3 3 3],[6 2 2 2 2],[0.95 0.65 0.6 0.55 0.5],6,0.0
461,5,0,11,1,0,[5 5 5 5 5],[8 4 4 4 4],[0.95 0.65 0.6 0.55 0.5],8,0.0
462,5,0,12,1,0,[7 7 7 7 7],[10 6 6 6 6],[0.95 0.65 0.6 0.55 0.5],4,0.0
463,5,0,13,1,0,[9 9 8 8 8],[10 8 8 8 8],[0.95 0.65 0.6 0.55 0.5],9,0.0
464,5,0,14,0,0,[6 2 2 2 2],[3 3 3 3 3],[0.95 0.65 0.6 0.55 0.5],5,0.0
465,5,0,15,0,0,[9 3 3 3 3],[6 5 5 5 5],[0.95 0.65 0.6 0.55 0.5],10,0.0
466,5,0,16,0,0,[6 2 2 2 2],[3 3 3 3 3],[0.95 0.65 0.6 0.55 0.5],5,0.0
467,5,0,17,1,0,[3 3 3 3 3],[6 2 2 2 2],[0.95 0.65 0.6 0.55 0.5],6,0.0
468,5,0,18,1,0,[9 9 8 8 8],[10 8 8 8 8],[0.95 0.65 0.6 0.55 0.5],9,0.0
469,5,0,19,1,0,[5 5 5 5 5],[8 4 4 4 4],[0.95 0.65 0.6 0.55 0.5],8,0.0
470,5,0,20,1,0,[4 4 4 4 4],[7 2 2 2 2],[0.95 0.65 0.6 0.55 0.5],2,0.0
471,5,0,21,0,0,[10 6 6 6 6],[7 7 7 7 7],[0.95 0.65 0.6 0.55 0.5],7,0.0
472,5,0,22,0,0,[9 9 8 8 8],[10 8 8 8 8],[0.95 0.65 0.6 0.55 0.5],9,0.0
473,5,0,23,0,0,[10 8 8 8 8],[9 9 8 8 8],[0.95 0.65 0.6 0.55 0.5],3,0.0
474,5,0,24,1,0,[9 9 8 8 8],[10 8 8 8 8],[0.95 0.65 0.6 0.55 0.5],9,0.0
475,5,0,25,0,0,[10 8 8 8 8],[9 9 8 8 8],[0.95 0.65 0.6 0.55 0.5],3,0.0
476,5,0,26,0,0,[9 3 3 3 3],[6 5 5 5 5],[0.95 0.65 0.6 0.55 0.5],10,0.0
477,5,0,27,0,0,[10 8 8 8 8],[9 9 8 8 8],[0.95 0.65 0.6 0.55 0.5],3,0.0
478,5,0,28,1,0,[7 7 7 7 7],[10 6 6 6 6],[0.95 0.65 0.6 0.55 0.5],4,0.0
479,5,0,29,0,0,[6 2 2 2 2],[3 3 3 3 3],[0.95 0.65 0.6 0.55 0.5],5,0.0
480,5,0,30,1,0,[5 5 5 5 5],[8 4 4 4 4],[0.95 0.65 0.6 0.55 0.5],8,0.0
481,5,0,31,1,0,[9 9 8 8 8],[10 8 8 8 8],[0.95 0.65 0.6 0.55 0.5],9,0.0
482,5,0,32,1,0,[7 7 7 7 7],[10 6 6 6 6],[0.95 0.65 0.6 0.55 0.5],4,0.0
483,5,0,33,0,0,[6 2 2 2 2],[3 3 3 3 3],[0.95 0.65 0.6 0.55 0.5],5,0.0
484,5,0,34,0,0,[10 8 8 8 8],[9 9 8 8 8],[0.95 0.65 0.6 0.55 0.5],3,0.0
485,5,0,35,1,0,[3 3 3 3 3],[6 2 2 2 2],[0.95 0.65 0.6 0.55 0.5],6,0.0
486,5,0,36,1,0,[7 7 7 7 7],[10 6 6 6 6],[0.95 0.65 0.6 0.55 0.5],4,0.0
487,5,0,37,1,0,[10 8 8 8 8],[9 9 8 8 8],[0.95 0.65 0.6 0.55 0.5],3,0.0
488,5,0,38,0,0,[9 3 3 3 3],[6 5 5 5 5],[0.95 0.65 0.6 0.55 0.5],10,0.0
489,5,0,39,1,0,[5 5 5 5 5],[8 4 4 4 4],[0.95 0.65 0.6 0.55 0.5],8,0.0
490,5,0,40,1,0,[9 9 8 8 8],[10 8 8 8 8],[0.95 0.65 0.6 0.55 0.5],9,0.0
491,5,0,41,0,0,[10 8 8 8 8],[9 9 8 8 8],[0.95 0.65 0.6 0.55 0.5],3,0.0
492,5,0,42,1,0,[4 4 4 4 4],[7 2 2 2 2],[0.95 0.65 0.6 0.55 0.5],2,0.0
493,5,0,43,0,0,[10 6 6 6 6],[7 7 7 7 7],[0.95 0.65 0.6 0.55 0.5],7,0.0
494,5,0,44,0,0,[6 2 2 2 2],[3 3 3 3 3],[0.95 0.65 0.6 0.55 0.5],5,0.0
495,5,0,45,0,0,[9 3 3 3 3],[6 5 5 5 5],[0.95 0.65 0.6 0.55 0.5],10,0.0
496,5,0,46,0,0,[10 6 6 6 6],[7 7 7 7 7],[0.95 0.65 0.6 0.55 0.5],7,0.0
497,5,0,47,0,0,[9 3 3 3 3],[6 5 5 5 5],[0.95 0.65 0.6 0.55 0.5],10,0.0
498,5,0,48,1,0,[5 5 5 5 5],[8 4 4 4 4],[0.95 0.65 0.6 0.55 0.5],8,0.0
499,5,0,49,0,0,[10 6 6 6 6],[7 7 7 7 7],[0.95 0.65 0.6 0.55 0.5],7,0.0
500,5,0,50,1,0,[5 5 5 5 5],[8 4 4 4 4],[0.95 0.65 0.6 0.55 0.5],8,0.0
501,5,0,51,0,0,[8 4 4 4 4],[5 5 5 5 5],[0.95 0.65 0.6 0.55 0.5],1,0.0
502,5,0,52,1,0,[7 7 7 7 7],[10 6 6 6 6],[0.95 0.65 0.6 0.55 0.5],4,0.0
503,5,0,53,1,0,[7 7 7 7 7],[10 6 6 6 6],[0.95 0.65 0.6 0.55 0.5],4,0.0
504,5,0,54,1,0,[9 9 8 8 8],[10 8 8 8 8],[0.95 0.65 0.6 0.55 0.5],9,0.0
505,5,0,55,0,0,[9 3 3 3 3],[6 5 5 5 5],[0.95 0.65 0.6 0.55 0.5],10,0.0
506,5,0,56,0,0,[8 4 4 4 4],[5 5 5 5 5],[0.95 0.65 0.6 0.55 0.5],1,0.0
507,5,0,57,1,0,[5 5 5 5 5],[8 4 4 4 4],[0.95 0.65 0.6 0.55 0.5],8,0.0
508,5,0,58,0,0,[6 2 2 2 2],[3 3 3 3 3],[0.95 0.65 0.6 0.55 0.5],5,0.0
509,5,0,59,0,0,[10 8 8 8 8],[9 9 8 8 8],[0.95 0.65 0.6 0.55 0.5],3,0.0
510,5,0,60,1,0,[7 7 7 7 7],[10 6 6 6 6],[0.95 0.65 0.6 0.55 0.5],4,0.0
511,5,0,61,0,0,[9 3 3 3 3],[6 5 5 5 5],[0.95 0.65 0.6 0.55 0.5],10,0.0
512,5,0,62,0,0,[8 4 4 4 4],[5 5 5 5 5],[0.95 0.65 0.6 0.55 0.5],1,0.0
513,5,0,63,1,0,[4 4 4 4 4],[7 2 2 2 2],[0.95 0.65 0.6 0.55 0.5],2,0.0
514,5,0,64,1,0,[4 4 4 4 4],[7 2 2 2 2],[0.95 0.65 0.6 0.55 0.5],2,0.0
515,5,0,65,1,0,[9 9 8 8 8],[10 8 8 8 8],[0.95 0.65 0.6 0.55 0.5],9,0.0
516,5,0,66,0,0,[8 4 4 4 4],[5 5 5 5 5],[0.95 0.65 0.6 0.55 0.5],1,0.0
517,5,0,67,0,0,[9 3 3 3 3],[6 5 5 5 5],[0.95 0.65 0.6 0.55 0.5],10,0.0
518,5,0,68,0,0,[6 2 2 2 2],[3 3 3 3 3],[0.95 0.65 0.6 0.55 0.5],5,0.0
519,5,0,69,1,0,[4 4 4 4 4],[7 2 2 2 2],[0.95 0.65 0.6 0.55 0.5],2,0.0
520,5,0,70,1,0,[4 4 4 4 4],[7 2 2 2 2],[0.95 0.65 0.6 0.55 0.5],2,0.0
521,5,0,71,0,0,[10 6 6 6 6],[7 7 7 7 7],[0.95 0.65 0.6 0.55 0.5],7,0.0
522,5,0,72,0,0,[8 4 4 4 4],[5 5 5 5 5],[0.95 0.65 0.6 0.55 0.5],1,0.0
523,5,0,73,1,0,[9 9 8 8 8],[10 8 8 8 8],[0.95 0.65 0.6 0.55 0.5],9,0.0
524,5,0,74,1,0,[7 7 7 7 7],[10 6 6 6 6],[0.95 0.65 0.6 0.55 0.5],4,0.0
525,5,0,75,0,0,[10 8 8 8 8],[9 9 8 8 8],[0.95 0.65 0.6 0.55 0.5],3,0.0
526,5,0,76,1,0,[3 3 3 3 3],[6 2 2 2 2],[0.95 0.65 0.6 0.55 0.5],6,0.0
527,5,0,77,0,0,[8 4 4 4 4],[5 5 5 5 5],[0.95 0.65 0.6 0.55 0.5],1,0.0
528,5,0,78,1,0,[4 4 4 4 4],[7 2 2 2 2],[0.95 0.65 0.6 0.55 0.5],2,0.0
529,5,0,79,0,0,[8 4 4 4 4],[5 5 5 5 5],[0.95 0.65 0.6 0.55 0.5],1,0.0
530,5,0,80,1,0,[3 3 3 3 3],[6 2 2 2 2],[0.95 0.65 0.6 0.55 0.5],6,0.0
531,5,0,81,0,0,[6 2 2 2 2],[3 3 3 3 3],[0.95 0.65 0.6 0.55 0.5],5,0.0
532,5,0,82,0,0,[10 6 6 6 6],[7 7 7 7 7],[0.95 0.65 0.6 0.55 0.5],7,0.0
533,5,0,83,1,0,[5 5 5 5 5],[8 4 4 4 4],[0.95 0.65 0.6 0.55 0.5],8,0.0
534,5,0,84,1,0,[4 4 4 4 4],[7 2 2 2 2],[0.95 0.65 0.6 0.55 0.5],2,0.0
535,5,0,85,1,0,[3 3 3 3 3],[6 2 2 2 2],[0.95 0.65 0.6 0.55 0.5],6,0.0
536,5,0,86,1,0,[3 3 3 3 3],[6 2 2 2 2],[0.95 0.65 0.6 0.55 0.5],6,0.0
537,5,0,87,0,0,[9 3 3 3 3],[6 5 5 5 5],[0.95 0.65 0.6 0.55 0.5],10,0.0
538,5,0,88,0,0,[10 6 6 6 6],[7 7 7 7 7],[0.95 0.65 0.6 0.55 0.5],7,0.0
539,5,0,89,0,0,[8 4 4 4 4],[5 5 5 5 5],[0.95 0.65 0.6 0.55 0.5],1,0.0
540,6,0,0,1,0,[8 4 4 4 4],[5 5 5 5 5],[0.95 0.65 0.6 0.55 0.5],1,0.0
541,6,0,1,0,0,[4 4 4 4 4],[7 2 2 2 2],[0.95 0.65 0.6 0.55 0.5],2,0.0
542,6,0,2,0,0,[10 8 8 8 8],[9 9 8 8 8],[0.95 0.65 0.6 0.55 0.5],3,0.0
543,6,0,3,0,0,[7 7 7 7 7],[10 6 6 6 6],[0.95 0.65 0.6 0.55 0.5],4,0.0
544,6,0,4,1,0,[6 2 2 2 2],[3 3 3 3 3],[0.95 0.65 0.6 0.55 0.5],5,0.0
545,6,0,5,0,0,[3 3 3 3 3],[6 2 2 2 2],[0.95 0.65 0.6 0.55 0.5],6,0.0
546,6,0,6,0,0,[3 3 3 3 3],[6 2 2 2 2],[0.95 0.65 0.6 0.55 0.5],6,0.0
547,6,0,7,1,0,[10 6 6 6 6],[7 7 7 7 7],[0.95 0.65 0.6 0.55 0.5],7,0.0
548,6,0,8,1,0,[10 6 6 6 6],[7 7 7 7 7],[0.95 0.65 0.6 0.55 0.5],7,0.0
549,6,0,9,0,0,[5 5 5 5 5],[8 4 4 4 4],[0.95 0.65 0.6 0.55 0.5],8,0.0
550,6,0,10,1,0,[3 3 3 3 3],[6 2 2 2 2],[0.95 0.65 0.6 0.55 0.5],6,0.0
551,6,0,11,1,0,[5 5 5 5 5],[8 4 4 4 4],[0.95 0.65 0.6 0.55 0.5],8,0.0
552,6,0,12,0,0,[7 7 7 7 7],[10 6 6 6 6],[0.95 0.65 0.6 0.55 0.5],4,0.0
553,6,0,13,0,0,[9 9 8 8 8],[10 8 8 8 8],[0.95 0.65 0.6 0.55 0.5],9,0.0
554,6,0,14,1,0,[6 2 2 2 2],[3 3 3 3 3],[0.95 0.65 0.6 0.55 0.5],5,0.0
555,6,0,15,1,0,[9 3 3 3 3],[6 5 5 5 5],[0.95 0.65 0.6 0.55 0.5],10,0.0
556,6,0,16,1,0,[6 2 2 2 2],[3 3 3 3 3],[0.95 0.65 0.6 0.55 0.5],5,0.0
557,6,0,17,0,0,[3 3 3 3 3],[6 2 2 2 2],[0.95 0.65 0.6 0.55 0.5],6,0.0
558,6,0,18,1,0,[9 9 8 8 8],[10 8 8 8 8],[0.95 0.65 0.6 0.55 0.5],9,0.0
559,6,0,19,1,0,[5 5 5 5 5],[8 4 4 4 4],[0.95 0.65 0.6 0.55 0.5],8,0.0
560,6,0,20,0,0,[4 4 4 4 4],[7 2 2 2 2],[0.95 0.65 0.6 0.55 0.5],2,0.0
561,6,0,21,0,0,[10 6 6 6 6],[7 7 7 7 7],[0.95 0.65 0.6 0.55 0.5],7,0.0
562,6,0,22,1,0,[9 9 8 8 8],[10 8 8 8 8],[0.95 0.65 0.6 0.55 0.5],9,0.0
563,6,0,23,1,0,[10 8 8 8 8],[9 9 8 8 8],[0.95 0.65 0.6 0.55 0.5],3,0.0
564,6,0,24,1,0,[9 9 8 8 8],[10 8 8 8 8],[0.95 0.65 0.6 0.55 0.5],9,0.0
565,6,0,25,1,0,[10 8 8 8 8],[9 9 8 8 8],[0.95 0.65 0.6 0.55 0.5],3,0.0
566,6,0,26,0,0,[9 3 3 3 3],[6 5 5 5 5],[0.95 0.65 0.6 0.55 0.5],10,0.0
567,6,0,27,1,0,[10 8 8 8 8],[9 9 8 8 8],[0.95 0.65 0.6 0.55 0.5],3,0.0
568,6,0,28,0,0,[7 7 7 7 7],[10 6 6 6 6],[0.95 0.65 0.6 0.55 0.5],4,0.0
569,6,0,29,1,0,[6 2 2 2 2],[3 3 3 3 3],[0.95 0.65 0.6 0.55 0.5],5,0.0
570,6,0,30,0,0,[5 5 5 5 5],[8 4 4 4 4],[0.95 0.65 0.6 0.55 0.5],8,0.0
571,6,0,31,0,0,[9 9 8 8 8],[10 8 8 8 8],[0.95 0.65 0.6 0.55 0.5],9,0.0
572,6,0,32,0,0,[7 7 7 7 7],[10 6 6 6 6],[0.95 0.65 0.6 0.55 0.5],4,0.0
573,6,0,33,1,0,[6 2 2 2 2],[3 3 3 3 3],[0.95 0.65 0.6 0.55 0.5],5,0.0
574,6,0,34,0,0,[10 8 8 8 8],[9 9 8 8 8],[0.95 0.65 0.6 0.55 0.5],3,0.0
575,6,0,35,0,0,[3 3 3 3 3],[6 2 2 2 2],[0.95 0.65 0.6 0.55 0.5],6,0.0
576,6,0,36,0,0,[7 7 7 7 7],[10 6 6 6 6],[0.95 0.65 0.6 0.55 0.5],4,0.0
577,6,0,37,1,0,[10 8 8 8 8],[9 9 8 8 8],[0.95 0.65 0.6 0.55 0.5],3,0.0
578,6,0,38,1,0,[9 3 3 3 3],[6 5 5 5 5],[0.95 0.65 0.6 0.55 0.5],10,0.0
579,6,0,39,0,0,[5 5 5 5 5],[8 4 4 4 4],[0.95 0.65 0.6 0.55 0.5],8,0.0
580,6,0,40,0,0,[9 9 8 8 8],[10 8 8 8 8],[0.95 0.65 0.6 0.55 0.5],9,0.0
581,6,0,41,1,0,[10 8 8 8 8],[9 9 8 8 8],[0.95 0.65 0.6 0.55 0.5],3,0.0
582,6,0,42,0,0,[4 4 4 4 4],[7 2 2 2 2],[0.95 0.65 0.6 0.55 0.5],2,0.0
583,6,0,43,0,0,[10 6 6 6 6],[7 7 7 7 7],[0.95 0.65 0.6 0.55 0.5],7,0.0
584,6,0,44,1,0,[6 2 2 2 2],[3 3 3 3 3],[0.95 0.65 0.6 0.55 0.5],5,0.0
585,6,0,45,1,0,[9 3 3 3 3],[6 5 5 5 5],[0.95 0.65 0.6 0.55 0.5],10,0.0
586,6,0,46,0,0,[10 6 6 6 6],[7 7 7 7 7],[0.95 0.65 0.6 0.55 0.5],7,0.0
587,6,0,47,1,0,[9 3 3 3 3],[6 5 5 5 5],[0.95 0.65 0.6 0.55 0.5],10,0.0
588,6,0,48,0,0,[5 5 5 5 5],[8 4 4 4 4],[0.95 0.65 0.6 0.55 0.5],8,0.0
589,6,0,49,1,0,[10 6 6 6 6],[7 7 7 7 7],[0.95 0.65 0.6 0.55 0.5],7,0.0
590,6,0,50,1,0,[5 5 5 5 5],[8 4 4 4 4],[0.95 0.65 0.6 0.55 0.5],8,0.0
591,6,0,51,0,0,[8 4 4 4 4],[5 5 5 5 5],[0.95 0.65 0.6 0.55 0.5],1,0.0
592,6,0,52,0,0,[7 7 7 7 7],[10 6 6 6 6],[0.95 0.65 0.6 0.55 0.5],4,0.0
593,6,0,53,0,0,[7 7 7 7 7],[10 6 6 6 6],[0.95 0.65 0.6 0.55 0.5],4,0.0
594,6,0,54,0,0,[9 9 8 8 8],[10 8 8 8 8],[0.95 0.65 0.6 0.55 0.5],9,0.0
595,6,0,55,1,0,[9 3 3 3 3],[6 5 5 5 5],[0.95 0.65 0.6 0.55 0.5],10,0.0
596,6,0,56,0,0,[8 4 4 4 4],[5 5 5 5 5],[0.95 0.65 0.6 0.55 0.5],1,0.0
597,6,0,57,1,0,[5 5 5 5 5],[8 4 4 4 4],[0.95 0.65 0.6 0.55 0.5],8,0.0
598,6,0,58,1,0,[6 2 2 2 2],[3 3 3 3 3],[0.95 0.65 0.6 0.55 0.5],5,0.0
599,6,0,59,1,0,[10 8 8 8 8],[9 9 8 8 8],[0.95 0.65 0.6 0.55 0.5],3,0.0
600,6,0,60,0,0,[7 7 7 7 7],[10 6 6 6 6],[0.95 0.65 0.6 0.55 0.5],4,0.0
601,6,0,61,1,0,[9 3 3 3 3],[6 5 5 5 5],[0.95 0.65 0.6 0.55 0.5],10,0.0
602,6,0,62,1,0,[8 4 4 4 4],[5 5 5 5 5],[0.95 0.65 0.6 0.55 0.5],1,0.0
603,6,0,63,0,0,[4 4 4 4 4],[7 2 2 2 2],[0.95 0.65 0.6 0.55 0.5],2,0.0
604,6,0,64,0,0,[4 4 4 4 4],[7 2 2 2 2],[0.95 0.65 0.6 0.55 0.5],2,0.0
605,6,0,65,0,0,[9 9 8 8 8],[10 8 8 8 8],[0.95 0.65 0.6 0.55 0.5],9,0.0
606,6,0,66,1,0,[8 4 4 4 4],[5 5 5 5 5],[0.95 0.65 0.6 0.55 0.5],1,0.0
607,6,0,67,0,0,[9 3 3 3 3],[6 5 5 5 5],[0.95 0.65 0.6 0.55 0.5],10,0.0
608,6,0,68,0,0,[6 2 2 2 2],[3 3 3 3 3],[0.95 0.65 0.6 0.55 0.5],5,0.0
609,6,0,69,0,0,[4 4 4 4 4],[7 2 2 2 2],[0.95 0.65 0.6 0.55 0.5],2,0.0
610,6,0,70,0,0,[4 4 4 4 4],[7 2 2 2 2],[0.95 0.65 0.6 0.55 0.5],2,0.0
611,6,0,71,1,0,[10 6 6 6 6],[7 7 7 7 7],[0.95 0.65 0.6 0.55 0.5],7,0.0
612,6,0,72,1,0,[8 4 4 4 4],[5 5 5 5 5],[0.95 0.65 0.6 0.55 0.5],1,0.0
613,6,0,73,0,0,[9 9 8 8 8],[10 8 8 8 8],[0.95 0.65 0.6 0.55 0.5],9,0.0
614,6,0,74,0,0,[7 7 7 7 7],[10 6 6 6 6],[0.95 0.65 0.6 0.55 0.5],4,0.0
615,6,0,75,1,0,[10 8 8 8 8],[9 9 8 8 8],[0.95 0.65 0.6 0.55 0.5],3,0.0
616,6,0,76,0,0,[3 3 3 3 3],[6 2 2 2 2],[0.95 0.65 0.6 0.55 0.5],6,0.0
617,6,0,77,0,0,[8 4 4 4 4],[5 5 5 5 5],[0.95 0.65 0.6 0.55 0.5],1,0.0
618,6,0,78,0,0,[4 4 4 4 4],[7 2 2 2 2],[0.95 0.65 0.6 0.55 0.5],2,0.0
619,6,0,79,1,0,[8 4 4 4 4],[5 5 5 5 5],[0.95 0.65 0.6 0.55 0.5],1,0.0
620,6,0,80,0,0,[3 3 3 3 3],[6 2 2 2 2],[0.95 0.65 0.6 0.55 0.5],6,0.0
621,6,0,81,1,0,[6 2 2 2 2],[3 3 3 3 3],[0.95 0.65 0.6 0.55 0.5],5,0.0
622,6,0,82,1,0,[10 6 6 6 6],[7 7 7 7 7],[0.95 0.65 0.6 0.55 0.5],7,0.0
623,6,0,83,0,0,[5 5 5 5 5],[8 4 4 4 4],[0.95 0.65 0.6 0.55 0.5],8,0.0
624,6,0,84,0,0,[4 4 4 4 4],[7 2 2 2 2],[0.95 0.65 0.6 0.55 0.5],2,0.0
625,6,0,85,0,0,[3 3 3 3 3],[6 2 2 2 2],[0.95 0.65 0.6 0.55 0.5],6,0.0
626,6,0,86,0,0,[3 3 3 3 3],[6 2 2 2 2],[0.95 0.65 0.6 0.55 0.5],6,0.0
627,6,0,87,1,0,[9 3 3 3 3],[6 5 5 5 5],[0.95 0.65 0.6 0.55 0.5],10,0.0
628,6,0,88,1,0,[10 6 6 6 6],[7 7 7 7 7],[0.95 0.65 0.6 0.55 0.5],7,0.0
629,6,0,89,0,0,[8 4 4 4 4],[5 5 5 5 5],[0.95 0.65 0.6 0.55 0.5],1,0.0
630,7,0,0,0,0,[8 4 4 4 4],[5 5 5 5 5],[0.95 0.65 0.6 0.55 0.5],1,0.0
631,7,0,1,0,0,[4 4 4 4 4],[7 2 2 2 2],[0.95 0.65 0.6 0.55 0.5],2,0.0
632,7,0,2,0,0,[10 8 8 8 8],[9 9 8 8 8],[0.95 0.65 0.6 0.55 0.5],3,0.0
633,7,0,3,1,0,[7 7 7 7 7],[10 6 6 6 6],[0.95 0.65 0.6 0.55 0.5],4,0.0
634,7,0,4,1,0,[6 2 2 2 2],[3 3 3 3 3],[0.95 0.65 0.6 0.55 0.5],5,0.0
635,7,0,5,1,0,[3 3 3 3 3],[6 2 2 2 2],[0.95 0.65 0.6 0.55 0.5],6,0.0
636,7,0,6,1,0,[3 3 3 3 3],[6 2 2 2 2],[0.95 0.65 0.6 0.55 0.5],6,0.0
637,7,0,7,1,0,[10 6 6 6 6],[7 7 7 7 7],[0.95 0.65 0.6 0.55 0.5],7,0.0
638,7,0,8,1,0,[10 6 6 6 6],[7 7 7 7 7],[0.95 0.65 0.6 0.55 0.5],7,0.0
639,7,0,9,0,0,[5 5 5 5 5],[8 4 4 4 4],[0.95 0.65 0.6 0.55 0.5],8,0.0
640,7,0,10,0,0,[3 3 3 3 3],[6 2 2 2 2],[0.95 0.65 0.6 0.55 0.5],6,0.0
641,7,0,11,0,0,[5 5 5 5 5],[8 4 4 4 4],[0.95 0.65 0.6 0.55 0.5],8,0.0
642,7,0,12,0,0,[7 7 7 7 7],[10 6 6 6 6],[0.95 0.65 0.6 0.55 0.5],4,0.0
643,7,0,13,0,0,[9 9 8 8 8],[10 8 8 8 8],[0.95 0.65 0.6 0.55 0.5],9,0.0
644,7,0,14,1,0,[6 2 2 2 2],[3 3 3 3 3],[0.95 0.65 0.6 0.55 0.5],5,0.0
645,7,0,15,1,0,[9 3 3 3 3],[6 5 5 5 5],[0.95 0.65 0.6 0.55 0.5],10,0.0
646,7,0,16,1,0,[6 2 2 2 2],[3 3 3 3 3],[0.95 0.65 0.6 0.55 0.5],5,0.0
647,7,0,17,0,0,[3 3 3 3 3],[6 2 2 2 2],[0.95 0.65 0.6 0.55 0.5],6,0.0
648,7,0,18,0,0,[9 9 8 8 8],[10 8 8 8 8],[0.95 0.65 0.6 0.55 0.5],9,0.0
649,7,0,19,0,0,[5 5 5 5 5],[8 4 4 4 4],[0.95 0.65 0.6 0.55 0.5],8,0.0
650,7,0,20,0,0,[4 4 4 4 4],[7 2 2 2 2],[0.95 0.65 0.6 0.55 0.5],2,0.0
651,7,0,21,1,0,[10 6 6 6 6],[7 7 7 7 7],[0.95 0.65 0.6 0.55 0.5],7,0.0
652,7,0,22,0,0,[9 9 8 8 8],[10 8 8 8 8],[0.95 0.65 0.6 0.55 0.5],9,0.0
653,7,0,23,0,0,[10 8 8 8 8],[9 9 8 8 8],[0.95 0.65 0.6 0.55 0.5],3,0.0
654,7,0,24,0,0,[9 9 8 8 8],[10 8 8 8 8],[0.95 0.65 0.6 0.55 0.5],9,0.0
655,7,0,25,0,0,[10 8 8 8 8],[9 9 8 8 8],[0.95 0.65 0.6 0.55 0.5],3,0.0
656,7,0,26,1,0,[9 3 3 3 3],[6 5 5 5 5],[0.95 0.65 0.6 0.55 0.5],10,0.0
657,7,0,27,1,0,[10 8 8 8 8],[9 9 8 8 8],[0.95 0.65 0.6 0.55 0.5],3,0.0
658,7,0,28,1,0,[7 7 7 7 7],[10 6 6 6 6],[0.95 0.65 0.6 0.55 0.5],4,0.0
659,7,0,29,1,0,[6 2 2 2 2],[3 3 3 3 3],[0.95 0.65 0.6 0.55 0.5],5,0.0
660,7,0,30,1,0,[5 5 5 5 5],[8 4 4 4 4],[0.95 0.65 0.6 0.55 0.5],8,0.0
661,7,0,31,1,0,[9 9 8 8 8],[10 8 8 8 8],[0.95 0.65 0.6 0.55 0.5],9,0.0
662,7,0,32,0,0,[7 7 7 7 7],[10 6 6 6 6],[0.95 0.65 0.6 0.55 0.5],4,0.0
663,7,0,33,1,0,[6 2 2 2 2],[3 3 3 3 3],[0.95 0.65 0.6 0.55 0.5],5,0.0
664,7,0,34,0,0,[10 8 8 8 8],[9 9 8 8 8],[0.95 0.65 0.6 0.55 0.5],3,0.0
665,7,0,35,0,0,[3 3 3 3 3],[6 2 2 2 2],[0.95 0.65 0.6 0.55 0.5],6,0.0
666,7,0,36,0,0,[7 7 7 7 7],[10 6 6 6 6],[0.95 0.65 0.6 0.55 0.5],4,0.0
667,7,0,37,1,0,[10 8 8 8 8],[9 9 8 8 8],[0.95 0.65 0.6 0.55 0.5],3,0.0
668,7,0,38,1,0,[9 3 3 3 3],[6 5 5 5 5],[0.95 0.65 0.6 0.55 0.5],10,0.0
669,7,0,39,0,0,[5 5 5 5 5],[8 4 4 4 4],[0.95 0.65 0.6 0.55 0.5],8,0.0
670,7,0,40,0,0,[9 9 8 8 8],[10 8 8 8 8],[0.95 0.65 0.6 0.55 0.5],9,0.0
671,7,0,41,1,0,[10 8 8 8 8],[9 9 8 8 8],[0.95 0.65 0.6 0.55 0.5],3,0.0
672,7,0,42,0,0,[4 4 4 4 4],[7 2 2 2 2],[0.95 0.65 0.6 0.55 0.5],2,0.0
673,7,0,43,1,0,[10 6 6 6 6],[7 7 7 7 7],[0.95 0.65 0.6 0.55 0.5],7,0.0
674,7,0,44,1,0,[6 2 2 2 2],[3 3 3 3 3],[0.95 0.65 0.6 0.55 0.5],5,0.0
675,7,0,45,1,0,[9 3 3 3 3],[6 5 5 5 5],[0.95 0.65 0.6 0.55 0.5],10,0.0
676,7,0,46,0,0,[10 6 6 6 6],[7 7 7 7 7],[0.95 0.65 0.6 0.55 0.5],7,0.0
677,7,0,47,1,0,[9 3 3 3 3],[6 5 5 5 5],[0.95 0.65 0.6 0.55 0.5],10,0.0
678,7,0,48,0,0,[5 5 5 5 5],[8 4 4 4 4],[0.95 0.65 0.6 0.55 0.5],8,0.0
679,7,0,49,1,0,[10 6 6 6 6],[7 7 7 7 7],[0.95 0.65 0.6 0.55 0.5],7,0.0
680,7,0,50,0,0,[5 5 5 5 5],[8 4 4 4 4],[0.95 0.65 0.6 0.55 0.5],8,0.0
681,7,0,51,1,0,[8 4 4 4 4],[5 5 5 5 5],[0.95 0.65 0.6 0.55 0.5],1,0.0
682,7,0,52,0,0,[7 7 7 7 7],[10 6 6 6 6],[0.95 0.65 0.6 0.55 0.5],4,0.0
683,7,0,53,0,0,[7 7 7 7 7],[10 6 6 6 6],[0.95 0.65 0.6 0.55 0.5],4,0.0
684,7,0,54,0,0,[9 9 8 8 8],[10 8 8 8 8],[0.95 0.65 0.6 0.55 0.5],9,0.0
685,7,0,55,1,0,[9 3 3 3 3],[6 5 5 5 5],[0.95 0.65 0.6 0.55 0.5],10,0.0
686,7,0,56,0,0,[8 4 4 4 4],[5 5 5 5 5],[0.95 0.65 0.6 0.55 0.5],1,0.0
687,7,0,57,1,0,[5 5 5 5 5],[8 4 4 4 4],[0.95 0.65 0.6 0.55 0.5],8,0.0
688,7,0,58,1,0,[6 2 2 2 2],[3 3 3 3 3],[0.95 0.65 0.6 0.55 0.5],5,0.0
689,7,0,59,1,0,[10 8 8 8 8],[9 9 8 8 8],[0.95 0.65 0.6 0.55 0.5],3,0.0
690,7,0,60,0,0,[7 7 7 7 7],[10 6 6 6 6],[0.95 0.65 0.6 0.55 0.5],4,0.0
691,7,0,61,1,0,[9 3 3 3 3],[6 5 5 5 5],[0.95 0.65 0.6 0.55 0.5],10,0.0
692,7,0,62,1,0,[8 4 4 4 4],[5 5 5 5 5],[0.95 0.65 0.6 0.55 0.5],1,0.0
693,7,0,63,0,0,[4 4 4 4 4],[7 2 2 2 2],[0.95 0.65 0.6 0.55 0.5],2,0.0
694,7,0,64,0,0,[4 4 4 4 4],[7 2 2 2 2],[0.95 0.65 0.6 0.55 0.5],2,0.0
695,7,0,65,1,0,[9 9 8 8 8],[10 8 8 8 8],[0.95 0.65 0.6 0.55 0.5],9,0.0
696,7,0,66,1,0,[8 4 4 4 4],[5 5 5 5 5],[0.95 0.65 0.6 0.55 0.5],1,0.0
697,7,0,67,1,0,[9 3 3 3 3],[6 5 5 5 5],[0.95 0.65 0.6 0.55 0.5],10,0.0
698,7,0,68,1,0,[6 2 2 2 2],[3 3 3 3 3],[0.95 0.65 0.6 0.55 0.5],5,0.0
699,7,0,69,0,0,[4 4 4 4 4],[7 2 2 2 2],[0.95 0.65 0.6 0.55 0.5],2,0.0
700,7,0,70,0,0,[4 4 4 4 4],[7 2 2 2 2],[0.95 0.65 0.6 0.55 0.5],2,0.0
701,7,0,71,0,0,[10 6 6 6 6],[7 7 7 7 7],[0.95 0.65 0.6 0.55 0.5],7,0.0
702,7,0,72,1,0,[8 4 4 4 4],[5 5 5 5 5],[0.95 0.65 0.6 0.55 0.5],1,0.0
703,7,0,73,1,0,[9 9 8 8 8],[10 8 8 8 8],[0.95 0.65 0.6 0.55 0.5],9,0.0
704,7,0,74,0,0,[7 7 7 7 7],[10 6 6 6 6],[0.95 0.65 0.6 0.55 0.5],4,0.0
705,7,0,75,1,0,[10 8 8 8 8],[9 9 8 8 8],[0.95 0.65 0.6 0.55 0.5],3,0.0
706,7,0,76,0,0,[3 3 3 3 3],[6 2 2 2 2],[0.95 0.65 0.6 0.55 0.5],6,0.0
707,7,0,77,1,0,[8 4 4 4 4],[5 5 5 5 5],[0.95 0.65 0.6 0.55 0.5],1,0.0
708,7,0,78,0,0,[4 4 4 4 4],[7 2 2 2 2],[0.95 0.65 0.6 0.55 0.5],2,0.0
709,7,0,79,1,0,[8 4 4 4 4],[5 5 5 5 5],[0.95 0.65 0.6 0.55 0.5],1,0.0
710,7,0,80,0,0,[3 3 3 3 3],[6 2 2 2 2],[0.95 0.65 0.6 0.55 0.5],6,0.0
711,7,0,81,1,0,[6 2 2 2 2],[3 3 3 3 3],[0.95 0.65 0.6 0.55 0.5],5,0.0
712,7,0,82,1,0,[10 6 6 6 6],[7 7 7 7 7],[0.95 0.65 0.6 0.55 0.5],7,0.0
713,7,0,83,0,0,[5 5 5 5 5],[8 4 4 4 4],[0.95 0.65 0.6 0.55 0.5],8,0.0
714,7,0,84,0,0,[4 4 4 4 4],[7 2 2 2 2],[0.95 0.65 0.6 0.55 0.5],2,0.0
715,7,0,85,0,0,[3 3 3 3 3],[6 2 2 2 2],[0.95 0.65 0.6 0.55 0.5],6,0.0
716,7,0,86,0,0,[3 3 3 3 3],[6 2 2 2 2],[0.95 0.65 0.6 0.55 0.5],6,0.0
717,7,0,87,1,0,[9 3 3 3 3],[6 5 5 5 5],[0.95 0.65 0.6 0.55 0.5],10,0.0
718,7,0,88,1,0,[10 6 6 6 6],[7 7 7 7 7],[0.95 0.65 0.6 0.55 0.5],7,0.0
719,7,0,89,1,0,[8 4 4 4 4],[5 5 5 5 5],[0.95 0.65 0.6 0.55 0.5],1,0.0
720,8,0,0,0,0,[8 4 4 4 4],[5 5 5 5 5],[0.95 0.65 0.6 0.55 0.5],1,0.0
721,8,0,1,0,0,[4 4 4 4 4],[7 2 2 2 2],[0.95 0.65 0.6 0.55 0.5],2,0.0
722,8,0,2,1,0,[10 8 8 8 8],[9 9 8 8 8],[0.95 0.65 0.6 0.55 0.5],3,0.0
723,8,0,3,1,0,[7 7 7 7 7],[10 6 6 6 6],[0.95 0.65 0.6 0.55 0.5],4,0.0
724,8,0,4,1,0,[6 2 2 2 2],[3 3 3 3 3],[0.95 0.65 0.6 0.55 0.5],5,0.0
725,8,0,5,1,0,[3 3 3 3 3],[6 2 2 2 2],[0.95 0.65 0.6 0.55 0.5],6,0.0
726,8,0,6,0,0,[3 3 3 3 3],[6 2 2 2 2],[0.95 0.65 0.6 0.55 0.5],6,0.0
727,8,0,7,0,0,[10 6 6 6 6],[7 7 7 7 7],[0.95 0.65 0.6 0.55 0.5],7,0.0
728,8,0,8,1,0,[10 6 6 6 6],[7 7 7 7 7],[0.95 0.65 0.6 0.55 0.5],7,0.0
729,8,0,9,1,0,[5 5 5 5 5],[8 4 4 4 4],[0.95 0.65 0.6 0.55 0.5],8,0.0
730,8,0,10,0,0,[3 3 3 3 3],[6 2 2 2 2],[0.95 0.65 0.6 0.55 0.5],6,0.0
731,8,0,11,0,0,[5 5 5 5 5],[8 4 4 4 4],[0.95 0.65 0.6 0.55 0.5],8,0.0
732,8,0,12,1,0,[7 7 7 7 7],[10 6 6 6 6],[0.95 0.65 0.6 0.55 0.5],4,0.0
733,8,0,13,1,0,[9 9 8 8 8],[10 8 8 8 8],[0.95 0.65 0.6 0.55 0.5],9,0.0
734,8,0,14,1,0,[6 2 2 2 2],[3 3 3 3 3],[0.95 0.65 0.6 0.55 0.5],5,0.0
735,8,0,15,0,0,[9 3 3 3 3],[6 5 5 5 5],[0.95 0.65 0.6 0.55 0.5],10,0.0
736,8,0,16,1,0,[6 2 2 2 2],[3 3 3 3 3],[0.95 0.65 0.6 0.55 0.5],5,0.0
737,8,0,17,1,0,[3 3 3 3 3],[6 2 2 2 2],[0.95 0.65 0.6 0.55 0.5],6,0.0
738,8,0,18,1,0,[9 9 8 8 8],[10 8 8 8 8],[0.95 0.65 0.6 0.55 0.5],9,0.0
739,8,0,19,1,0,[5 5 5 5 5],[8 4 4 4 4],[0.95 0.65 0.6 0.55 0.5],8,0.0
740,8,0,20,0,0,[4 4 4 4 4],[7 2 2 2 2],[0.95 0.65 0.6 0.55 0.5],2,0.0
741,8,0,21,1,0,[10 6 6 6 6],[7 7 7 7 7],[0.95 0.65 0.6 0.55 0.5],7,0.0
742,8,0,22,1,0,[9 9 8 8 8],[10 8 8 8 8],[0.95 0.65 0.6 0.55 0.5],9,0.0
743,8,0,23,1,0,[10 8 8 8 8],[9 9 8 8 8],[0.95 0.65 0.6 0.55 0.5],3,0.0
744,8,0,24,1,0,[9 9 8 8 8],[10 8 8 8 8],[0.95 0.65 0.6 0.55 0.5],9,0.0
745,8,0,25,1,0,[10 8 8 8 8],[9 9 8 8 8],[0.95 0.65 0.6 0.55 0.5],3,0.0
746,8,0,26,1,0,[9 3 3 3 3],[6 5 5 5 5],[0.95 0.65 0.6 0.55 0.5],10,0.0
747,8,0,27,0,0,[10 8 8 8 8],[9 9 8 8 8],[0.95 0.65 0.6 0.55 0.5],3,0.0
748,8,0,28,1,0,[7 7 7 7 7],[10 6 6 6 6],[0.95 0.65 0.6 0.55 0.5],4,0.0
749,8,0,29,1,0,[6 2 2 2 2],[3 3 3 3 3],[0.95 0.65 0.6 0.55 0.5],5,0.0
750,8,0,30,0,0,[5 5 5 5 5],[8 4 4 4 4],[0.95 0.65 0.6 0.55 0.5],8,0.0
751,8,0,31,1,0,[9 9 8 8 8],[10 8 8 8 8],[0.95 0.65 0.6 0.55 0.5],9,0.0
752,8,0,32,0,0,[7 7 7 7 7],[10 6 6 6 6],[0.95 0.65 0.6 0.55 0.5],4,0.0
753,8,0,33,0,0,[6 2 2 2 2],[3 3 3 3 3],[0.95 0.65 0.6 0.55 0.5],5,0.0
754,8,0,34,1,0,[10 8 8 8 8],[9 9 8 8 8],[0.95 0.65 0.6 0.55 0.5],3,0.0
755,8,0,35,0,0,[3 3 3 3 3],[6 2 2 2 2],[0.95 0.65 0.6 0.55 0.5],6,0.0
756,8,0,36,0,0,[7 7 7 7 7],[10 6 6 6 6],[0.95 0.65 0.6 0.55 0.5],4,0.0
757,8,0,37,1,0,[10 8 8 8 8],[9 9 8 8 8],[0.95 0.65 0.6 0.55 0.5],3,0.0
758,8,0,38,1,0,[9 3 3 3 3],[6 5 5 5 5],[0.95 0.65 0.6 0.55 0.5],10,0.0
759,8,0,39,1,0,[5 5 5 5 5],[8 4 4 4 4],[0.95 0.65 0.6 0.55 0.5],8,0.0
760,8,0,40,0,0,[9 9 8 8 8],[10 8 8 8 8],[0.95 0.65 0.6 0.55 0.5],9,0.0
761,8,0,41,0,0,[10 8 8 8 8],[9 9 8 8 8],[0.95 0.65 0.6 0.55 0.5],3,0.0
762,8,0,42,0,0,[4 4 4 4 4],[7 2 2 2 2],[0.95 0.65 0.6 0.55 0.5],2,0.0
763,8,0,43,1,0,[10 6 6 6 6],[7 7 7 7 7],[0.95 0.65 0.6 0.55 0.5],7,0.0
764,8,0,44,1,0,[6 2 2 2 2],[3 3 3 3 3],[0.95 0.65 0.6 0.55 0.5],5,0.0
765,8,0,45,1,0,[9 3 3 3 3],[6 5 5 5 5],[0.95 0.65 0.6 0.55 0.5],10,0.0
766,8,0,46,0,0,[10 6 6 6 6],[7 7 7 7 7],[0.95 0.65 0.6 0.55 0.5],7,0.0
767,8,0,47,1,0,[9 3 3 3 3],[6 5 5 5 5],[0.95 0.65 0.6 0.55 0.5],10,0.0
768,8,0,48,1,0,[5 5 5 5 5],[8 4 4 4 4],[0.95 0.65 0.6 0.55 0.5],8,0.0
769,8,0,49,1,0,[10 6 6 6 6],[7 7 7 7 7],[0.95 0.65 0.6 0.55 0.5],7,0.0
770,8,0,50,1,0,[5 5 5 5 5],[8 4 4 4 4],[0.95 0.65 0.6 0.55 0.5],8,0.0
771,8,0,51,0,0,[8 4 4 4 4],[5 5 5 5 5],[0.95 0.65 0.6 0.55 0.5],1,0.0
772,8,0,52,1,0,[7 7 7 7 7],[10 6 6 6 6],[0.95 0.65 0.6 0.55 0.5],4,0.0
773,8,0,53,1,0,[7 7 7 7 7],[10 6 6 6 6],[0.95 0.65 0.6 0.55 0.5],4,0.0
774,8,0,54,1,0,[9 9 8 8 8],[10 8 8 8 8],[0.95 0.65 0.6 0.55 0.5],9,0.0
775,8,0,55,1,0,[9 3 3 3 3],[6 5 5 5 5],[0.95 0.65 0.6 0.55 0.5],10,0.0
776,8,0,56,0,0,[8 4 4 4 4],[5 5 5 5 5],[0.95 0.65 0.6 0.55 0.5],1,0.0
777,8,0,57,0,0,[5 5 5 5 5],[8 4 4 4 4],[0.95 0.65 0.6 0.55 0.5],8,0.0
778,8,0,58,0,0,[6 2 2 2 2],[3 3 3 3 3],[0.95 0.65 0.6 0.55 0.5],5,0.0
779,8,0,59,0,0,[10 8 8 8 8],[9 9 8 8 8],[0.95 0.65 0.6 0.55 0.5],3,0.0
780,8,0,60,0,0,[7 7 7 7 7],[10 6 6 6 6],[0.95 0.65 0.6 0.55 0.5],4,0.0
781,8,0,61,0,0,[9 3 3 3 3],[6 5 5 5 5],[0.95 0.65 0.6 0.55 0.5],10,0.0
782,8,0,62,0,0,[8 4 4 4 4],[5 5 5 5 5],[0.95 0.65 0.6 0.55 0.5],1,0.0
783,8,0,63,1,0,[4 4 4 4 4],[7 2 2 2 2],[0.95 0.65 0.6 0.55 0.5],2,0.0
784,8,0,64,1,0,[4 4 4 4 4],[7 2 2 2 2],[0.95 0.65 0.6 0.55 0.5],2,0.0
785,8,0,65,0,0,[9 9 8 8 8],[10 8 8 8 8],[0.95 0.65 0.6 0.55 0.5],9,0.0
786,8,0,66,0,0,[8 4 4 4 4],[5 5 5 5 5],[0.95 0.65 0.6 0.55 0.5],1,0.0
787,8,0,67,1,0,[9 3 3 3 3],[6 5 5 5 5],[0.95 0.65 0.6 0.55 0.5],10,0.0
788,8,0,68,0,0,[6 2 2 2 2],[3 3 3 3 3],[0.95 0.65 0.6 0.55 0.5],5,0.0
789,8,0,69,0,0,[4 4 4 4 4],[7 2 2 2 2],[0.95 0.65 0.6 0.55 0.5],2,0.0
790,8,0,70,0,0,[4 4 4 4 4],[7 2 2 2 2],[0.95 0.65 0.6 0.55 0.5],2,0.0
791,8,0,71,0,0,[10 6 6 6 6],[7 7 7 7 7],[0.95 0.65 0.6 0.55 0.5],7,0.0
792,8,0,72,0,0,[8 4 4 4 4],[5 5 5 5 5],[0.95 0.65 0.6 0.55 0.5],1,0.0
793,8,0,73,1,0,[9 9 8 8 8],[10 8 8 8 8],[0.95 0.65 0.6 0.55 0.5],9,0.0
794,8,0,74,1,0,[7 7 7 7 7],[10 6 6 6 6],[0.95 0.65 0.6 0.55 0.5],4,0.0
795,8,0,75,1,0,[10 8 8 8 8],[9 9 8 8 8],[0.95 0.65 0.6 0.55 0.5],3,0.0
796,8,0,76,1,0,[3 3 3 3 3],[6 2 2 2 2],[0.95 0.65 0.6 0.55 0.5],6,0.0
797,8,0,77,0,0,[8 4 4 4 4],[5 5 5 5 5],[0.95 0.65 0.6 0.55 0.5],1,0.0
798,8,0,78,0,0,[4 4 4 4 4],[7 2 2 2 2],[0.95 0.65 0.6 0.55 0.5],2,0.0
799,8,0,79,0,0,[8 4 4 4 4],[5 5 5 5 5],[0.95 0.65 0.6 0.55 0.5],1,0.0
800,8,0,80,1,0,[3 3 3 3 3],[6 2 2 2 2],[0.95 0.65 0.6 0.55 0.5],6,0.0
801,8,0,81,1,0,[6 2 2 2 2],[3 3 3 3 3],[0.95 0.65 0.6 0.55 0.5],5,0.0
802,8,0,82,1,0,[10 6 6 6 6],[7 7 7 7 7],[0.95 0.65 0.6 0.55 0.5],7,0.0
803,8,0,83,1,0,[5 5 5 5 5],[8 4 4 4 4],[0.95 0.65 0.6 0.55 0.5],8,0.0
804,8,0,84,1,0,[4 4 4 4 4],[7 2 2 2 2],[0.95 0.65 0.6 0.55 0.5],2,0.0
805,8,0,85,0,0,[3 3 3 3 3],[6 2 2 2 2],[0.95 0.65 0.6 0.55 0.5],6,0.0
806,8,0,86,1,0,[3 3 3 3 3],[6 2 2 2 2],[0.95 0.65 0.6 0.55 0.5],6,0.0
807,8,0,87,1,0,[9 3 3 3 3],[6 5 5 5 5],[0.95 0.65 0.6 0.55 0.5],10,0.0
808,8,0,88,1,0,[10 6 6 6 6],[7 7 7 7 7],[0.95 0.65 0.6 0.55 0.5],7,0.0
809,8,0,89,1,0,[8 4 4 4 4],[5 5 5 5 5],[0.95 0.65 0.6 0.55 0.5],1,0.0
810,9,0,0,0,0,[10 10 7 7 7],[9 9 9 9 9],[0.95 0.65 0.6 0.55 0.5],11,0.0
811,9,0,1,1,0,[6 6 6 6 6],[10 10 5 5 5],[0.95 0.65 0.6 0.55 0.5],12,0.0
812,9,0,2,1,0,[8 8 8 8 8],[10 10 7 7 7],[0.95 0.65 0.6 0.55 0.5],13,0.0
813,9,0,3,0,0,[6 6 6 6 6],[10 10 5 5 5],[0.95 0.65 0.6 0.55 0.5],12,0.0
814,9,0,4,0,0,[6 6 6 6 6],[10 10 5 5 5],[0.95 0.65 0.6 0.55 0.5],12,0.0
815,9,0,5,0,0,[6 6 6 6 6],[10 10 5 5 5],[0.95 0.65 0.6 0.55 0.5],12,0.0
816,9,0,6,0,0,[4 4 4 4 4],[10 10 3 3 3],[0.95 0.65 0.6 0.55 0.5],14,0.0
817,9,0,7,0,0,[10 10 2 2 2],[5 5 5 5 5],[0.95 0.65 0.6 0.55 0.5],15,0.0
818,9,0,8,0,0,[10 10 7 7 7],[9 9 9 9 9],[0.95 0.65 0.6 0.55 0.5],11,0.0
819,9,0,9,0,0,[6 6 6 6 6],[10 10 5 5 5],[0.95 0.65 0.6 0.55 0.5],12,0.0
820,9,0,10,0,0,[8 8 8 8 8],[10 10 7 7 7],[0.95 0.65 0.6 0.55 0.5],13,0.0
821,9,0,11,1,0,[8 8 8 8 8],[10 10 7 7 7],[0.95 0.65 0.6 0.55 0.5],13,0.0
822,9,0,12,0,0,[6 6 6 6 6],[10 10 5 5 5],[0.95 0.65 0.6 0.55 0.5],12,0.0
823,9,0,13,1,0,[10 10 2 2 2],[5 5 5 5 5],[0.95 0.65 0.6 0.55 0.5],15,0.0
824,9,0,14,0,0,[4 4 4 4 4],[10 10 3 3 3],[0.95 0.65 0.6 0.55 0.5],14,0.0
825,9,0,15,1,0,[10 10 4 4 4],[7 7 7 7 7],[0.95 0.65 0.6 0.55 0.5],16,0.0
826,9,0,16,0,0,[10 10 4 4 4],[7 7 7 7 7],[0.95 0.65 0.6 0.55 0.5],16,0.0
827,9,0,17,1,0,[10 10 7 7 7],[9 9 9 9 9],[0.95 0.65 0.6 0.55 0.5],11,0.0
828,9,0,18,1,0,[10 10 7 7 7],[9 9 9 9 9],[0.95 0.65 0.6 0.55 0.5],11,0.0
829,9,0,19,1,0,[4 4 4 4 4],[10 10 3 3 3],[0.95 0.65 0.6 0.55 0.5],14,0.0
830,9,0,20,0,0,[10 10 2 2 2],[5 5 5 5 5],[0.95 0.65 0.6 0.55 0.5],15,0.0
831,9,0,21,1,0,[6 6 6 6 6],[10 10 5 5 5],[0.95 0.65 0.6 0.55 0.5],12,0.0
832,9,0,22,0,0,[10 10 7 7 7],[9 9 9 9 9],[0.95 0.65 0.6 0.55 0.5],11,0.0
833,9,0,23,1,0,[10 10 4 4 4],[7 7 7 7 7],[0.95 0.65 0.6 0.55 0.5],16,0.0
834,9,0,24,0,0,[10 10 2 2 2],[5 5 5 5 5],[0.95 0.65 0.6 0.55 0.5],15,0.0
835,9,0,25,1,0,[10 10 2 2 2],[5 5 5 5 5],[0.95 0.65 0.6 0.55 0.5],15,0.0
836,9,0,26,1,0,[8 8 8 8 8],[10 10 7 7 7],[0.95 0.65 0.6 0.55 0.5],13,0.0
837,9,0,27,1,0,[10 10 2 2 2],[5 5 5 5 5],[0.95 0.65 0.6 0.55 0.5],15,0.0
838,9,0,28,0,0,[10 10 4 4 4],[7 7 7 7 7],[0.95 0.65 0.6 0.55 0.5],16,0.0
839,9,0,29,0,0,[10 10 2 2 2],[5 5 5 5 5],[0.95 0.65 0.6 0.55 0.5],15,0.0
840,9,0,30,1,0,[10 10 2 2 2],[5 5 5 5 5],[0.95 0.65 0.6 0.55 0.5],15,0.0
841,9,0,31,1,0,[4 4 4 4 4],[10 10 3 3 3],[0.95 0.65 0.6 0.55 0.5],14,0.0
842,9,0,32,1,0,[6 6 6 6 6],[10 10 5 5 5],[0.95 0.65 0.6 0.55 0.5],12,0.0
843,9,0,33,1,0,[10 10 7 7 7],[9 9 9 9 9],[0.95 0.65 0.6 0.55 0.5],11,0.0
844,9,0,34,1,0,[10 10 2 2 2],[5 5 5 5 5],[0.95 0.65 0.6 0.55 0.5],15,0.0
845,9,0,35,1,0,[6 6 6 6 6],[10 10 5 5 5],[0.95 0.65 0.6 0.55 0.5],12,0.0
846,9,0,36,0,0,[8 8 8 8 8],[10 10 7 7 7],[0.95 0.65 0.6 0.55 0.5],13,0.0
847,9,0,37,1,0,[10 10 7 7 7],[9 9 9 9 9],[0.95 0.65 0.6 0.55 0.5],11,0.0
848,9,0,38,0,0,[4 4 4 4 4],[10 10 3 3 3],[0.95 0.65 0.6 0.55 0.5],14,0.0
849,9,0,39,0,0,[10 10 4 4 4],[7 7 7 7 7],[0.95 0.65 0.6 0.55 0.5],16,0.0
850,9,0,40,0,0,[6 6 6 6 6],[10 10 5 5 5],[0.95 0.65 0.6 0.55 0.5],12,0.0
851,9,0,41,1,0,[10 10 2 2 2],[5 5 5 5 5],[0.95 0.65 0.6 0.55 0.5],15,0.0
852,9,0,42,1,0,[4 4 4 4 4],[10 10 3 3 3],[0.95 0.65 0.6 0.55 0.5],14,0.0
853,9,0,43,1,0,[4 4 4 4 4],[10 10 3 3 3],[0.95 0.65 0.6 0.55 0.5],14,0.0
854,9,0,44,1,0,[8 8 8 8 8],[10 10 7 7 7],[0.95 0.65 0.6 0.55 0.5],13,0.0
855,9,0,45,1,0,[6 6 6 6 6],[10 10 5 5 5],[0.95 0.65 0.6 0.55 0.5],12,0.0
856,9,0,46,0,0,[10 10 7 7 7],[9 9 9 9 9],[0.95 0.65 0.6 0.55 0.5],11,0.0
857,9,0,47,1,0,[8 8 8 8 8],[10 10 7 7 7],[0.95 0.65 0.6 0.55 0.5],13,0.0
858,9,0,48,0,0,[8 8 8 8 8],[10 10 7 7 7],[0.95 0.65 0.6 0.55 0.5],13,0.0
859,9,0,49,0,0,[10 10 4 4 4],[7 7 7 7 7],[0.95 0.65 0.6 0.55 0.5],16,0.0
860,9,0,50,1,0,[4 4 4 4 4],[10 10 3 3 3],[0.95 0.65 0.6 0.55 0.5],14,0.0
861,9,0,51,1,0,[10 10 7 7 7],[9 9 9 9 9],[0.95 0.65 0.6 0.55 0.5],11,0.0
862,9,0,52,1,0,[10 10 4 4 4],[7 7 7 7 7],[0.95 0.65 0.6 0.55 0.5],16,0.0
863,9,0,53,0,0,[4 4 4 4 4],[10 10 3 3 3],[0.95 0.65 0.6 0.55 0.5],14,0.0
864,9,0,54,1,0,[6 6 6 6 6],[10 10 5 5 5],[0.95 0.65 0.6 0.55 0.5],12,0.0
865,9,0,55,1,0,[4 4 4 4 4],[10 10 3 3 3],[0.95 0.65 0.6 0.55 0.5],14,0.0
866,9,0,56,1,0,[8 8 8 8 8],[10 10 7 7 7],[0.95 0.65 0.6 0.55 0.5],13,0.0
867,9,0,57,1,0,[10 10 7 7 7],[9 9 9 9 9],[0.95 0.65 0.6 0.55 0.5],11,0.0
868,9,0,58,0,0,[10 10 4 4 4],[7 7 7 7 7],[0.95 0.65 0.6 0.55 0.5],16,0.0
869,9,0,59,0,0,[10 10 4 4 4],[7 7 7 7 7],[0.95 0.65 0.6 0.55 0.5],16,0.0
870,9,0,60,1,0,[10 10 2 2 2],[5 5 5 5 5],[0.95 0.65 0.6 0.55 0.5],15,0.0
871,9,0,61,1,0,[8 8 8 8 8],[10 10 7 7 7],[0.95 0.65 0.6 0.55 0.5],13,0.0
872,9,0,62,0,0,[8 8 8 8 8],[10 10 7 7 7],[0.95 0.65 0.6 0.55 0.5],13,0.0
873,9,0,63,1,0,[10 10 4 4 4],[7 7 7 7 7],[0.95 0.65 0.6 0.55 0.5],16,0.0
874,9,0,64,0,0,[10 10 7 7 7],[9 9 9 9 9],[0.95 0.65 0.6 0.55 0.5],11,0.0
875,9,0,65,0,0,[6 6 6 6 6],[10 10 5 5 5],[0.95 0.65 0.6 0.55 0.5],12,0.0
876,9,0,66,1,0,[10 10 4 4 4],[7 7 7 7 7],[0.95 0.65 0.6 0.55 0.5],16,0.0
877,9,0,67,1,0,[10 10 2 2 2],[5 5 5 5 5],[0.95 0.65 0.6 0.55 0.5],15,0.0
878,9,0,68,0,0,[10 10 7 7 7],[9 9 9 9 9],[0.95 0.65 0.6 0.55 0.5],11,0.0
879,9,0,69,1,0,[4 4 4 4 4],[10 10 3 3 3],[0.95 0.65 0.6 0.55 0.5],14,0.0
880,9,0,70,1,0,[10 10 4 4 4],[7 7 7 7 7],[0.95 0.65 0.6 0.55 0.5],16,0.0
881,9,0,71,0,0,[8 8 8 8 8],[10 10 7 7 7],[0.95 0.65 0.6 0.55 0.5],13,0.0
882,9,0,72,1,0,[8 8 8 8 8],[10 10 7 7 7],[0.95 0.65 0.6 0.55 0.5],13,0.0
883,9,0,73,1,0,[10 10 2 2 2],[5 5 5 5 5],[0.95 0.65 0.6 0.55 0.5],15,0.0
884,9,0,74,1,0,[10 10 2 2 2],[5 5 5 5 5],[0.95 0.65 0.6 0.55 0.5],15,0.0
885,9,0,75,1,0,[6 6 6 6 6],[10 10 5 5 5],[0.95 0.65 0.6 0.55 0.5],12,0.0
886,9,0,76,1,0,[4 4 4 4 4],[10 10 3 3 3],[0.95 0.65 0.6 0.55 0.5],14,0.0
887,9,0,77,0,0,[4 4 4 4 4],[10 10 3 3 3],[0.95 0.65 0.6 0.55 0.5],14,0.0
888,9,0,78,1,0,[6 6 6 6 6],[10 10 5 5 5],[0.95 0.65 0.6 0.55 0.5],12,0.0
889,9,0,79,1,0,[8 8 8 8 8],[10 10 7 7 7],[0.95 0.65 0.6 0.55 0.5],13,0.0
890,9,0,80,0,0,[10 10 2 2 2],[5 5 5 5 5],[0.95 0.65 0.6 0.55 0.5],15,0.0
891,9,0,81,1,0,[4 4 4 4 4],[10 10 3 3 3],[0.95 0.65 0.6 0.55 0.5],14,0.0
892,9,0,82,1,0,[8 8 8 8 8],[10 10 7 7 7],[0.95 0.65 0.6 0.55 0.5],13,0.0
893,9,0,83,1,0,[10 10 7 7 7],[9 9 9 9 9],[0.95 0.65 0.6 0.55 0.5],11,0.0
894,9,0,84,1,0,[10 10 4 4 4],[7 7 7 7 7],[0.95 0.65 0.6 0.55 0.5],16,0.0
895,9,0,85,0,0,[4 4 4 4 4],[10 10 3 3 3],[0.95 0.65 0.6 0.55 0.5],14,0.0
896,9,0,86,1,0,[10 10 7 7 7],[9 9 9 9 9],[0.95 0.65 0.6 0.55 0.5],11,0.0
897,9,0,87,0,0,[8 8 8 8 8],[10 10 7 7 7],[0.95 0.65 0.6 0.55 0.5],13,0.0
898,9,0,88,1,0,[10 10 4 4 4],[7 7 7 7 7],[0.95 0.65 0.6 0.55 0.5],16,0.0
899,9,0,89,1,0,[10 10 2 2 2],[5 5 5 5 5],[0.95 0.65 0.6 0.55 0.5],15,0.0
900,9,0,90,0,0,[4 4 4 4 4],[10 10 3 3 3],[0.95 0.65 0.6 0.55 0.5],14,0.0
901,9,0,91,1,0,[10 10 4 4 4],[7 7 7 7 7],[0.95 0.65 0.6 0.55 0.5],16,0.0
902,9,0,92,1,0,[6 6 6 6 6],[10 10 5 5 5],[0.95 0.65 0.6 0.55 0.5],12,0.0
903,9,0,93,1,0,[10 10 7 7 7],[9 9 9 9 9],[0.95 0.65 0.6 0.55 0.5],11,0.0
904,9,0,94,1,0,[10 10 4 4 4],[7 7 7 7 7],[0.95 0.65 0.6 0.55 0.5],16,0.0
905,9,0,95,1,0,[10 10 7 7 7],[9 9 9 9 9],[0.95 0.65 0.6 0.55 0.5],11,0.0
906,20,0,0,0,0,[10 10 7 7 7],[9 9 9 9 9],[0.95 0.65 0.6 0.55 0.5],11,0.0
907,20,0,1,1,0,[6 6 6 6 6],[10 10 5 5 5],[0.95 0.65 0.6 0.55 0.5],12,0.0
908,20,0,2,1,0,[8 8 8 8 8],[10 10 7 7 7],[0.95 0.65 0.6 0.55 0.5],13,0.0
909,20,0,3,0,0,[6 6 6 6 6],[10 10 5 5 5],[0.95 0.65 0.6 0.55 0.5],12,0.0
910,20,0,4,1,0,[6 6 6 6 6],[10 10 5 5 5],[0.95 0.65 0.6 0.55 0.5],12,0.0
911,20,0,5,1,0,[6 6 6 6 6],[10 10 5 5 5],[0.95 0.65 0.6 0.55 0.5],12,0.0
912,20,0,6,1,0,[4 4 4 4 4],[10 10 3 3 3],[0.95 0.65 0.6 0.55 0.5],14,0.0
913,20,0,7,0,0,[10 10 2 2 2],[5 5 5 5 5],[0.95 0.65 0.6 0.55 0.5],15,0.0
914,20,0,8,1,0,[10 10 7 7 7],[9 9 9 9 9],[0.95 0.65 0.6 0.55 0.5],11,0.0
915,20,0,9,0,0,[6 6 6 6 6],[10 10 5 5 5],[0.95 0.65 0.6 0.55 0.5],12,0.0
916,20,0,10,1,0,[8 8 8 8 8],[10 10 7 7 7],[0.95 0.65 0.6 0.55 0.5],13,0.0
917,20,0,11,0,0,[8 8 8 8 8],[10 10 7 7 7],[0.95 0.65 0.6 0.55 0.5],13,0.0
918,20,0,12,1,0,[6 6 6 6 6],[10 10 5 5 5],[0.95 0.65 0.6 0.55 0.5],12,0.0
919,20,0,13,0,0,[10 10 2 2 2],[5 5 5 5 5],[0.95 0.65 0.6 0.55 0.5],15,0.0
920,20,0,14,1,0,[4 4 4 4 4],[10 10 3 3 3],[0.95 0.65 0.6 0.55 0.5],14,0.0
921,20,0,15,1,0,[10 10 4 4 4],[7 7 7 7 7],[0.95 0.65 0.6 0.55 0.5],16,0.0
922,20,0,16,0,0,[10 10 4 4 4],[7 7 7 7 7],[0.95 0.65 0.6 0.55 0.5],16,0.0
923,20,0,17,1,0,[10 10 7 7 7],[9 9 9 9 9],[0.95 0.65 0.6 0.55 0.5],11,0.0
924,20,0,18,1,0,[10 10 7 7 7],[9 9 9 9 9],[0.95 0.65 0.6 0.55 0.5],11,0.0
925,20,0,19,0,0,[4 4 4 4 4],[10 10 3 3 3],[0.95 0.65 0.6 0.55 0.5],14,0.0
926,20,0,20,1,0,[10 10 2 2 2],[5 5 5 5 5],[0.95 0.65 0.6 0.55 0.5],15,0.0
927,20,0,21,1,0,[6 6 6 6 6],[10 10 5 5 5],[0.95 0.65 0.6 0.55 0.5],12,0.0
928,20,0,22,1,0,[10 10 7 7 7],[9 9 9 9 9],[0.95 0.65 0.6 0.55 0.5],11,0.0
929,20,0,23,1,0,[10 10 4 4 4],[7 7 7 7 7],[0.95 0.65 0.6 0.55 0.5],16,0.0
930,20,0,24,1,0,[10 10 2 2 2],[5 5 5 5 5],[0.95 0.65 0.6 0.55 0.5],15,0.0
931,20,0,25,0,0,[10 10 2 2 2],[5 5 5 5 5],[0.95 0.65 0.6 0.55 0.5],15,0.0
932,20,0,26,0,0,[8 8 8 8 8],[10 10 7 7 7],[0.95 0.65 0.6 0.55 0.5],13,0.0
933,20,0,27,1,0,[10 10 2 2 2],[5 5 5 5 5],[0.95 0.65 0.6 0.55 0.5],15,0.0
934,20,0,28,1,0,[10 10 4 4 4],[7 7 7 7 7],[0.95 0.65 0.6 0.55 0.5],16,0.0
935,20,0,29,1,0,[10 10 2 2 2],[5 5 5 5 5],[0.95 0.65 0.6 0.55 0.5],15,0.0
936,20,0,30,1,0,[10 10 2 2 2],[5 5 5 5 5],[0.95 0.65 0.6 0.55 0.5],15,0.0
937,20,0,31,1,0,[4 4 4 4 4],[10 10 3 3 3],[0.95 0.65 0.6 0.55 0.5],14,0.0
938,20,0,32,0,0,[6 6 6 6 6],[10 10 5 5 5],[0.95 0.65 0.6 0.55 0.5],12,0.0
939,20,0,33,1,0,[10 10 7 7 7],[9 9 9 9 9],[0.95 0.65 0.6 0.55 0.5],11,0.0
940,20,0,34,1,0,[10 10 2 2 2],[5 5 5 5 5],[0.95 0.65 0.6 0.55 0.5],15,0.0
941,20,0,35,0,0,[6 6 6 6 6],[10 10 5 5 5],[0.95 0.65 0.6 0.55 0.5],12,0.0
942,20,0,36,0,0,[8 8 8 8 8],[10 10 7 7 7],[0.95 0.65 0.6 0.55 0.5],13,0.0
943,20,0,37,0,0,[10 10 7 7 7],[9 9 9 9 9],[0.95 0.65 0.6 0.55 0.5],11,0.0
944,20,0,38,1,0,[4 4 4 4 4],[10 10 3 3 3],[0.95 0.65 0.6 0.55 0.5],14,0.0
945,20,0,39,1,0,[10 10 4 4 4],[7 7 7 7 7],[0.95 0.65 0.6 0.55 0.5],16,0.0
946,20,0,40,0,0,[6 6 6 6 6],[10 10 5 5 5],[0.95 0.65 0.6 0.55 0.5],12,0.0
947,20,0,41,1,0,[10 10 2 2 2],[5 5 5 5 5],[0.95 0.65 0.6 0.55 0.5],15,0.0
948,20,0,42,0,0,[4 4 4 4 4],[10 10 3 3 3],[0.95 0.65 0.6 0.55 0.5],14,0.0
949,20,0,43,0,0,[4 4 4 4 4],[10 10 3 3 3],[0.95 0.65 0.6 0.55 0.5],14,0.0
950,20,0,44,0,0,[8 8 8 8 8],[10 10 7 7 7],[0.95 0.65 0.6 0.55 0.5],13,0.0
951,20,0,45,0,0,[6 6 6 6 6],[10 10 5 5 5],[0.95 0.65 0.6 0.55 0.5],12,0.0
952,20,0,46,0,0,[10 10 7 7 7],[9 9 9 9 9],[0.95 0.65 0.6 0.55 0.5],11,0.0
953,20,0,47,0,0,[8 8 8 8 8],[10 10 7 7 7],[0.95 0.65 0.6 0.55 0.5],13,0.0
954,20,0,48,0,0,[8 8 8 8 8],[10 10 7 7 7],[0.95 0.65 0.6 0.55 0.5],13,0.0
955,20,0,49,1,0,[10 10 4 4 4],[7 7 7 7 7],[0.95 0.65 0.6 0.55 0.5],16,0.0
956,20,0,50,0,0,[4 4 4 4 4],[10 10 3 3 3],[0.95 0.65 0.6 0.55 0.5],14,0.0
957,20,0,51,1,0,[10 10 7 7 7],[9 9 9 9 9],[0.95 0.65 0.6 0.55 0.5],11,0.0
958,20,0,52,1,0,[10 10 4 4 4],[7 7 7 7 7],[0.95 0.65 0.6 0.55 0.5],16,0.0
959,20,0,53,1,0,[4 4 4 4 4],[10 10 3 3 3],[0.95 0.65 0.6 0.55 0.5],14,0.0
960,20,0,54,0,0,[6 6 6 6 6],[10 10 5 5 5],[0.95 0.65 0.6 0.55 0.5],12,0.0
961,20,0,55,0,0,[4 4 4 4 4],[10 10 3 3 3],[0.95 0.65 0.6 0.55 0.5],14,0.0
962,20,0,56,0,0,[8 8 8 8 8],[10 10 7 7 7],[0.95 0.65 0.6 0.55 0.5],13,0.0
963,20,0,57,1,0,[10 10 7 7 7],[9 9 9 9 9],[0.95 0.65 0.6 0.55 0.5],11,0.0
964,20,0,58,1,0,[10 10 4 4 4],[7 7 7 7 7],[0.95 0.65 0.6 0.55 0.5],16,0.0
965,20,0,59,1,0,[10 10 4 4 4],[7 7 7 7 7],[0.95 0.65 0.6 0.55 0.5],16,0.0
966,20,0,60,1,0,[10 10 2 2 2],[5 5 5 5 5],[0.95 0.65 0.6 0.55 0.5],15,0.0
967,20,0,61,0,0,[8 8 8 8 8],[10 10 7 7 7],[0.95 0.65 0.6 0.55 0.5],13,0.0
968,20,0,62,0,0,[8 8 8 8 8],[10 10 7 7 7],[0.95 0.65 0.6 0.55 0.5],13,0.0
969,20,0,63,1,0,[10 10 4 4 4],[7 7 7 7 7],[0.95 0.65 0.6 0.55 0.5],16,0.0
970,20,0,64,1,0,[10 10 7 7 7],[9 9 9 9 9],[0.95 0.65 0.6 0.55 0.5],11,0.0
971,20,0,65,0,0,[6 6 6 6 6],[10 10 5 5 5],[0.95 0.65 0.6 0.55 0.5],12,0.0
972,20,0,66,1,0,[10 10 4 4 4],[7 7 7 7 7],[0.95 0.65 0.6 0.55 0.5],16,0.0
973,20,0,67,1,0,[10 10 2 2 2],[5 5 5 5 5],[0.95 0.65 0.6 0.55 0.5],15,0.0
974,20,0,68,1,0,[10 10 7 7 7],[9 9 9 9 9],[0.95 0.65 0.6 0.55 0.5],11,0.0
975,20,0,69,0,0,[4 4 4 4 4],[10 10 3 3 3],[0.95 0.65 0.6 0.55 0.5],14,0.0
976,20,0,70,1,0,[10 10 4 4 4],[7 7 7 7 7],[0.95 0.65 0.6 0.55 0.5],16,0.0
977,20,0,71,0,0,[8 8 8 8 8],[10 10 7 7 7],[0.95 0.65 0.6 0.55 0.5],13,0.0
978,20,0,72,0,0,[8 8 8 8 8],[10 10 7 7 7],[0.95 0.65 0.6 0.55 0.5],13,0.0
979,20,0,73,1,0,[10 10 2 2 2],[5 5 5 5 5],[0.95 0.65 0.6 0.55 0.5],15,0.0
980,20,0,74,1,0,[10 10 2 2 2],[5 5 5 5 5],[0.95 0.65 0.6 0.55 0.5],15,0.0
981,20,0,75,1,0,[6 6 6 6 6],[10 10 5 5 5],[0.95 0.65 0.6 0.55 0.5],12,0.0
982,20,0,76,1,0,[4 4 4 4 4],[10 10 3 3 3],[0.95 0.65 0.6 0.55 0.5],14,0.0
983,20,0,77,1,0,[4 4 4 4 4],[10 10 3 3 3],[0.95 0.65 0.6 0.55 0.5],14,0.0
984,20,0,78,0,0,[6 6 6 6 6],[10 10 5 5 5],[0.95 0.65 0.6 0.55 0.5],12,0.0
985,20,0,79,0,0,[8 8 8 8 8],[10 10 7 7 7],[0.95 0.65 0.6 0.55 0.5],13,0.0
986,20,0,80,1,0,[10 10 2 2 2],[5 5 5 5 5],[0.95 0.65 0.6 0.55 0.5],15,0.0
987,20,0,81,0,0,[4 4 4 4 4],[10 10 3 3 3],[0.95 0.65 0.6 0.55 0.5],14,0.0
988,20,0,82,0,0,[8 8 8 8 8],[10 10 7 7 7],[0.95 0.65 0.6 0.55 0.5],13,0.0
989,20,0,83,1,0,[10 10 7 7 7],[9 9 9 9 9],[0.95 0.65 0.6 0.55 0.5],11,0.0
990,20,0,84,0,0,[10 10 4 4 4],[7 7 7 7 7],[0.95 0.65 0.6 0.55 0.5],16,0.0
991,20,0,85,1,0,[4 4 4 4 4],[10 10 3 3 3],[0.95 0.65 0.6 0.55 0.5],14,0.0
992,20,0,86,1,0,[10 10 7 7 7],[9 9 9 9 9],[0.95 0.65 0.6 0.55 0.5],11,0.0
993,20,0,87,0,0,[8 8 8 8 8],[10 10 7 7 7],[0.95 0.65 0.6 0.55 0.5],13,0.0
994,20,0,88,1,0,[10 10 4 4 4],[7 7 7 7 7],[0.95 0.65 0.6 0.55 0.5],16,0.0
995,20,0,89,1,0,[10 10 2 2 2],[5 5 5 5 5],[0.95 0.65 0.6 0.55 0.5],15,0.0
996,20,0,90,1,0,[4 4 4 4 4],[10 10 3 3 3],[0.95 0.65 0.6 0.55 0.5],14,0.0
997,20,0,91,1,0,[10 10 4 4 4],[7 7 7 7 7],[0.95 0.65 0.6 0.55 0.5],16,0.0
998,20,0,92,0,0,[6 6 6 6 6],[10 10 5 5 5],[0.95 0.65 0.6 0.55 0.5],12,0.0
999,20,0,93,1,0,[10 10 7 7 7],[9 9 9 9 9],[0.95 0.65 0.6 0.55 0.5],11,0.0
1000,20,0,94,1,0,[10 10 4 4 4],[7 7 7 7 7],[0.95 0.65 0.6 0.55 0.5],16,0.0
1001,20,0,95,1,0,[10 10 7 7 7],[9 9 9 9 9],[0.95 0.65 0.6 0.55 0.5],11,0.0
1002,21,0,0,1,0,[10 10 7 7 7],[9 9 9 9 9],[0.95 0.65 0.6 0.55 0.5],11,0.0
1003,21,0,1,1,0,[6 6 6 6 6],[10 10 5 5 5],[0.95 0.65 0.6 0.55 0.5],12,0.0
1004,21,0,2,1,0,[8 8 8 8 8],[10 10 7 7 7],[0.95 0.65 0.6 0.55 0.5],13,0.0
1005,21,0,3,1,0,[6 6 6 6 6],[10 10 5 5 5],[0.95 0.65 0.6 0.55 0.5],12,0.0
1006,21,0,4,1,0,[6 6 6 6 6],[10 10 5 5 5],[0.95 0.65 0.6 0.55 0.5],12,0.0
1007,21,0,5,0,0,[6 6 6 6 6],[10 10 5 5 5],[0.95 0.65 0.6 0.55 0.5],12,0.0
1008,21,0,6,0,0,[4 4 4 4 4],[10 10 3 3 3],[0.95 0.65 0.6 0.55 0.5],14,0.0
1009,21,0,7,0,0,[10 10 2 2 2],[5 5 5 5 5],[0.95 0.65 0.6 0.55 0.5],15,0.0
1010,21,0,8,0,0,[10 10 7 7 7],[9 9 9 9 9],[0.95 0.65 0.6 0.55 0.5],11,0.0
1011,21,0,9,0,0,[6 6 6 6 6],[10 10 5 5 5],[0.95 0.65 0.6 0.55 0.5],12,0.0
1012,21,0,10,1,0,[8 8 8 8 8],[10 10 7 7 7],[0.95 0.65 0.6 0.55 0.5],13,0.0
1013,21,0,11,0,0,[8 8 8 8 8],[10 10 7 7 7],[0.95 0.65 0.6 0.55 0.5],13,0.0
1014,21,0,12,0,0,[6 6 6 6 6],[10 10 5 5 5],[0.95 0.65 0.6 0.55 0.5],12,0.0
1015,21,0,13,1,0,[10 10 2 2 2],[5 5 5 5 5],[0.95 0.65 0.6 0.55 0.5],15,0.0
1016,21,0,14,0,0,[4 4 4 4 4],[10 10 3 3 3],[0.95 0.65 0.6 0.55 0.5],14,0.0
1017,21,0,15,0,0,[10 10 4 4 4],[7 7 7 7 7],[0.95 0.65 0.6 0.55 0.5],16,0.0
1018,21,0,16,1,0,[10 10 4 4 4],[7 7 7 7 7],[0.95 0.65 0.6 0.55 0.5],16,0.0
1019,21,0,17,0,0,[10 10 7 7 7],[9 9 9 9 9],[0.95 0.65 0.6 0.55 0.5],11,0.0
1020,21,0,18,0,0,[10 10 7 7 7],[9 9 9 9 9],[0.95 0.65 0.6 0.55 0.5],11,0.0
1021,21,0,19,1,0,[4 4 4 4 4],[10 10 3 3 3],[0.95 0.65 0.6 0.55 0.5],14,0.0
1022,21,0,20,0,0,[10 10 2 2 2],[5 5 5 5 5],[0.95 0.65 0.6 0.55 0.5],15,0.0
1023,21,0,21,1,0,[6 6 6 6 6],[10 10 5 5 5],[0.95 0.65 0.6 0.55 0.5],12,0.0
1024,21,0,22,1,0,[10 10 7 7 7],[9 9 9 9 9],[0.95 0.65 0.6 0.55 0.5],11,0.0
1025,21,0,23,0,0,[10 10 4 4 4],[7 7 7 7 7],[0.95 0.65 0.6 0.55 0.5],16,0.0
1026,21,0,24,0,0,[10 10 2 2 2],[5 5 5 5 5],[0.95 0.65 0.6 0.55 0.5],15,0.0
1027,21,0,25,0,0,[10 10 2 2 2],[5 5 5 5 5],[0.95 0.65 0.6 0.55 0.5],15,0.0
1028,21,0,26,1,0,[8 8 8 8 8],[10 10 7 7 7],[0.95 0.65 0.6 0.55 0.5],13,0.0
1029,21,0,27,0,0,[10 10 2 2 2],[5 5 5 5 5],[0.95 0.65 0.6 0.55 0.5],15,0.0
1030,21,0,28,0,0,[10 10 4 4 4],[7 7 7 7 7],[0.95 0.65 0.6 0.55 0.5],16,0.0
1031,21,0,29,0,0,[10 10 2 2 2],[5 5 5 5 5],[0.95 0.65 0.6 0.55 0.5],15,0.0
1032,21,0,30,1,0,[10 10 2 2 2],[5 5 5 5 5],[0.95 0.65 0.6 0.55 0.5],15,0.0
1033,21,0,31,1,0,[4 4 4 4 4],[10 10 3 3 3],[0.95 0.65 0.6 0.55 0.5],14,0.0
1034,21,0,32,1,0,[6 6 6 6 6],[10 10 5 5 5],[0.95 0.65 0.6 0.55 0.5],12,0.0
1035,21,0,33,1,0,[10 10 7 7 7],[9 9 9 9 9],[0.95 0.65 0.6 0.55 0.5],11,0.0
1036,21,0,34,1,0,[10 10 2 2 2],[5 5 5 5 5],[0.95 0.65 0.6 0.55 0.5],15,0.0
1037,21,0,35,1,0,[6 6 6 6 6],[10 10 5 5 5],[0.95 0.65 0.6 0.55 0.5],12,0.0
1038,21,0,36,1,0,[8 8 8 8 8],[10 10 7 7 7],[0.95 0.65 0.6 0.55 0.5],13,0.0
1039,21,0,37,0,0,[10 10 7 7 7],[9 9 9 9 9],[0.95 0.65 0.6 0.55 0.5],11,0.0
1040,21,0,38,0,0,[4 4 4 4 4],[10 10 3 3 3],[0.95 0.65 0.6 0.55 0.5],14,0.0
1041,21,0,39,1,0,[10 10 4 4 4],[7 7 7 7 7],[0.95 0.65 0.6 0.55 0.5],16,0.0
1042,21,0,40,1,0,[6 6 6 6 6],[10 10 5 5 5],[0.95 0.65 0.6 0.55 0.5],12,0.0
1043,21,0,41,0,0,[10 10 2 2 2],[5 5 5 5 5],[0.95 0.65 0.6 0.55 0.5],15,0.0
1044,21,0,42,0,0,[4 4 4 4 4],[10 10 3 3 3],[0.95 0.65 0.6 0.55 0.5],14,0.0
1045,21,0,43,1,0,[4 4 4 4 4],[10 10 3 3 3],[0.95 0.65 0.6 0.55 0.5],14,0.0
1046,21,0,44,1,0,[8 8 8 8 8],[10 10 7 7 7],[0.95 0.65 0.6 0.55 0.5],13,0.0
1047,21,0,45,1,0,[6 6 6 6 6],[10 10 5 5 5],[0.95 0.65 0.6 0.55 0.5],12,0.0
1048,21,0,46,1,0,[10 10 7 7 7],[9 9 9 9 9],[0.95 0.65 0.6 0.55 0.5],11,0.0
1049,21,0,47,1,0,[8 8 8 8 8],[10 10 7 7 7],[0.95 0.65 0.6 0.55 0.5],13,0.0
1050,21,0,48,1,0,[8 8 8 8 8],[10 10 7 7 7],[0.95 0.65 0.6 0.55 0.5],13,0.0
1051,21,0,49,0,0,[10 10 4 4 4],[7 7 7 7 7],[0.95 0.65 0.6 0.55 0.5],16,0.0
1052,21,0,50,1,0,[4 4 4 4 4],[10 10 3 3 3],[0.95 0.65 0.6 0.55 0.5],14,0.0
1053,21,0,51,1,0,[10 10 7 7 7],[9 9 9 9 9],[0.95 0.65 0.6 0.55 0.5],11,0.0
1054,21,0,52,0,0,[10 10 4 4 4],[7 7 7 7 7],[0.95 0.65 0.6 0.55 0.5],16,0.0
1055,21,0,53,1,0,[4 4 4 4 4],[10 10 3 3 3],[0.95 0.65 0.6 0.55 0.5],14,0.0
1056,21,0,54,1,0,[6 6 6 6 6],[10 10 5 5 5],[0.95 0.65 0.6 0.55 0.5],12,0.0
1057,21,0,55,1,0,[4 4 4 4 4],[10 10 3 3 3],[0.95 0.65 0.6 0.55 0.5],14,0.0
1058,21,0,56,1,0,[8 8 8 8 8],[10 10 7 7 7],[0.95 0.65 0.6 0.55 0.5],13,0.0
1059,21,0,57,0,0,[10 10 7 7 7],[9 9 9 9 9],[0.95 0.65 0.6 0.55 0.5],11,0.0
1060,21,0,58,0,0,[10 10 4 4 4],[7 7 7 7 7],[0.95 0.65 0.6 0.55 0.5],16,0.0
1061,21,0,59,1,0,[10 10 4 4 4],[7 7 7 7 7],[0.95 0.65 0.6 0.55 0.5],16,0.0
1062,21,0,60,0,0,[10 10 2 2 2],[5 5 5 5 5],[0.95 0.65 0.6 0.55 0.5],15,0.0
1063,21,0,61,0,0,[8 8 8 8 8],[10 10 7 7 7],[0.95 0.65 0.6 0.55 0.5],13,0.0
1064,21,0,62,1,0,[8 8 8 8 8],[10 10 7 7 7],[0.95 0.65 0.6 0.55 0.5],13,0.0
1065,21,0,63,0,0,[10 10 4 4 4],[7 7 7 7 7],[0.95 0.65 0.6 0.55 0.5],16,0.0
1066,21,0,64,0,0,[10 10 7 7 7],[9 9 9 9 9],[0.95 0.65 0.6 0.55 0.5],11,0.0
1067,21,0,65,1,0,[6 6 6 6 6],[10 10 5 5 5],[0.95 0.65 0.6 0.55 0.5],12,0.0
1068,21,0,66,0,0,[10 10 4 4 4],[7 7 7 7 7],[0.95 0.65 0.6 0.55 0.5],16,0.0
1069,21,0,67,0,0,[10 10 2 2 2],[5 5 5 5 5],[0.95 0.65 0.6 0.55 0.5],15,0.0
1070,21,0,68,0,0,[10 10 7 7 7],[9 9 9 9 9],[0.95 0.65 0.6 0.55 0.5],11,0.0
1071,21,0,69,1,0,[4 4 4 4 4],[10 10 3 3 3],[0.95 0.65 0.6 0.55 0.5],14,0.0
1072,21,0,70,0,0,[10 10 4 4 4],[7 7 7 7 7],[0.95 0.65 0.6 0.55 0.5],16,0.0
1073,21,0,71,0,0,[8 8 8 8 8],[10 10 7 7 7],[0.95 0.65 0.6 0.55 0.5],13,0.0
1074,21,0,72,1,0,[8 8 8 8 8],[10 10 7 7 7],[0.95 0.65 0.6 0.55 0.5],13,0.0
1075,21,0,73,0,0,[10 10 2 2 2],[5 5 5 5 5],[0.95 0.65 0.6 0.55 0.5],15,0.0
1076,21,0,74,0,0,[10 10 2 2 2],[5 5 5 5 5],[0.95 0.65 0.6 0.55 0.5],15,0.0
1077,21,0,75,0,0,[6 6 6 6 6],[10 10 5 5 5],[0.95 0.65 0.6 0.55 0.5],12,0.0
1078,21,0,76,0,0,[4 4 4 4 4],[10 10 3 3 3],[0.95 0.65 0.6 0.55 0.5],14,0.0
1079,21,0,77,1,0,[4 4 4 4 4],[10 10 3 3 3],[0.95 0.65 0.6 0.55 0.5],14,0.0
1080,21,0,78,1,0,[6 6 6 6 6],[10 10 5 5 5],[0.95 0.65 0.6 0.55 0.5],12,0.0
1081,21,0,79,1,0,[8 8 8 8 8],[10 10 7 7 7],[0.95 0.65 0.6 0.55 0.5],13,0.0
1082,21,0,80,0,0,[10 10 2 2 2],[5 5 5 5 5],[0.95 0.65 0.6 0.55 0.5],15,0.0
1083,21,0,81,1,0,[4 4 4 4 4],[10 10 3 3 3],[0.95 0.65 0.6 0.55 0.5],14,0.0
1084,21,0,82,1,0,[8 8 8 8 8],[10 10 7 7 7],[0.95 0.65 0.6 0.55 0.5],13,0.0
1085,21,0,83,0,0,[10 10 7 7 7],[9 9 9 9 9],[0.95 0.65 0.6 0.55 0.5],11,0.0
1086,21,0,84,0,0,[10 10 4 4 4],[7 7 7 7 7],[0.95 0.65 0.6 0.55 0.5],16,0.0
1087,21,0,85,1,0,[4 4 4 4 4],[10 10 3 3 3],[0.95 0.65 0.6 0.55 0.5],14,0.0
1088,21,0,86,0,0,[10 10 7 7 7],[9 9 9 9 9],[0.95 0.65 0.6 0.55 0.5],11,0.0
1089,21,0,87,0,0,[8 8 8 8 8],[10 10 7 7 7],[0.95 0.65 0.6 0.55 0.5],13,0.0
1090,21,0,88,0,0,[10 10 4 4 4],[7 7 7 7 7],[0.95 0.65 0.6 0.55 0.5],16,0.0
1091,21,0,89,0,0,[10 10 2 2 2],[5 5 5 5 5],[0.95 0.65 0.6 0.55 0.5],15,0.0
1092,21,0,90,1,0,[4 4 4 4 4],[10 10 3 3 3],[0.95 0.65 0.6 0.55 0.5],14,0.0
1093,21,0,91,0,0,[10 10 4 4 4],[7 7 7 7 7],[0.95 0.65 0.6 0.55 0.5],16,0.0
1094,21,0,92,1,0,[6 6 6 6 6],[10 10 5 5 5],[0.95 0.65 0.6 0.55 0.5],12,0.0
1095,21,0,93,0,0,[10 10 7 7 7],[9 9 9 9 9],[0.95 0.65 0.6 0.55 0.5],11,0.0
1096,21,0,94,1,0,[10 10 4 4 4],[7 7 7 7 7],[0.95 0.65 0.6 0.55 0.5],16,0.0
1097,21,0,95,0,0,[10 10 7 7 7],[9 9 9 9 9],[0.95 0.65 0.6 0.55 0.5],11,0.0
1098,22,0,0,0,0,[10 10 7 7 7],[9 9 9 9 9],[0.95 0.65 0.6 0.55 0.5],11,0.0
1099,22,0,1,1,0,[6 6 6 6 6],[10 10 5 5 5],[0.95 0.65 0.6 0.55 0.5],12,0.0
1100,22,0,2,0,0,[8 8 8 8 8],[10 10 7 7 7],[0.95 0.65 0.6 0.55 0.5],13,0.0
1101,22,0,3,1,0,[6 6 6 6 6],[10 10 5 5 5],[0.95 0.65 0.6 0.55 0.5],12,0.0
1102,22,0,4,1,0,[6 6 6 6 6],[10 10 5 5 5],[0.95 0.65 0.6 0.55 0.5],12,0.0
1103,22,0,5,0,0,[6 6 6 6 6],[10 10 5 5 5],[0.95 0.65 0.6 0.55 0.5],12,0.0
1104,22,0,6,0,0,[4 4 4 4 4],[10 10 3 3 3],[0.95 0.65 0.6 0.55 0.5],14,0.0
1105,22,0,7,0,0,[10 10 2 2 2],[5 5 5 5 5],[0.95 0.65 0.6 0.55 0.5],15,0.0
1106,22,0,8,0,0,[10 10 7 7 7],[9 9 9 9 9],[0.95 0.65 0.6 0.55 0.5],11,0.0
1107,22,0,9,0,0,[6 6 6 6 6],[10 10 5 5 5],[0.95 0.65 0.6 0.55 0.5],12,0.0
1108,22,0,10,1,0,[8 8 8 8 8],[10 10 7 7 7],[0.95 0.65 0.6 0.55 0.5],13,0.0
1109,22,0,11,0,0,[8 8 8 8 8],[10 10 7 7 7],[0.95 0.65 0.6 0.55 0.5],13,0.0
1110,22,0,12,0,0,[6 6 6 6 6],[10 10 5 5 5],[0.95 0.65 0.6 0.55 0.5],12,0.0
1111,22,0,13,1,0,[10 10 2 2 2],[5 5 5 5 5],[0.95 0.65 0.6 0.55 0.5],15,0.0
1112,22,0,14,0,0,[4 4 4 4 4],[10 10 3 3 3],[0.95 0.65 0.6 0.55 0.5],14,0.0
1113,22,0,15,1,0,[10 10 4 4 4],[7 7 7 7 7],[0.95 0.65 0.6 0.55 0.5],16,0.0
1114,22,0,16,0,0,[10 10 4 4 4],[7 7 7 7 7],[0.95 0.65 0.6 0.55 0.5],16,0.0
1115,22,0,17,1,0,[10 10 7 7 7],[9 9 9 9 9],[0.95 0.65 0.6 0.55 0.5],11,0.0
1116,22,0,18,1,0,[10 10 7 7 7],[9 9 9 9 9],[0.95 0.65 0.6 0.55 0.5],11,0.0
1117,22,0,19,1,0,[4 4 4 4 4],[10 10 3 3 3],[0.95 0.65 0.6 0.55 0.5],14,0.0
1118,22,0,20,1,0,[10 10 2 2 2],[5 5 5 5 5],[0.95 0.65 0.6 0.55 0.5],15,0.0
1119,22,0,21,1,0,[6 6 6 6 6],[10 10 5 5 5],[0.95 0.65 0.6 0.55 0.5],12,0.0
1120,22,0,22,0,0,[10 10 7 7 7],[9 9 9 9 9],[0.95 0.65 0.6 0.55 0.5],11,0.0
1121,22,0,23,1,0,[10 10 4 4 4],[7 7 7 7 7],[0.95 0.65 0.6 0.55 0.5],16,0.0
1122,22,0,24,1,0,[10 10 2 2 2],[5 5 5 5 5],[0.95 0.65 0.6 0.55 0.5],15,0.0
1123,22,0,25,0,0,[10 10 2 2 2],[5 5 5 5 5],[0.95 0.65 0.6 0.55 0.5],15,0.0
1124,22,0,26,1,0,[8 8 8 8 8],[10 10 7 7 7],[0.95 0.65 0.6 0.55 0.5],13,0.0
1125,22,0,27,0,0,[10 10 2 2 2],[5 5 5 5 5],[0.95 0.65 0.6 0.55 0.5],15,0.0
1126,22,0,28,1,0,[10 10 4 4 4],[7 7 7 7 7],[0.95 0.65 0.6 0.55 0.5],16,0.0
1127,22,0,29,0,0,[10 10 2 2 2],[5 5 5 5 5],[0.95 0.65 0.6 0.55 0.5],15,0.0
1128,22,0,30,1,0,[10 10 2 2 2],[5 5 5 5 5],[0.95 0.65 0.6 0.55 0.5],15,0.0
1129,22,0,31,0,0,[4 4 4 4 4],[10 10 3 3 3],[0.95 0.65 0.6 0.55 0.5],14,0.0
1130,22,0,32,1,0,[6 6 6 6 6],[10 10 5 5 5],[0.95 0.65 0.6 0.55 0.5],12,0.0
1131,22,0,33,1,0,[10 10 7 7 7],[9 9 9 9 9],[0.95 0.65 0.6 0.55 0.5],11,0.0
1132,22,0,34,0,0,[10 10 2 2 2],[5 5 5 5 5],[0.95 0.65 0.6 0.55 0.5],15,0.0
1133,22,0,35,1,0,[6 6 6 6 6],[10 10 5 5 5],[0.95 0.65 0.6 0.55 0.5],12,0.0
1134,22,0,36,0,0,[8 8 8 8 8],[10 10 7 7 7],[0.95 0.65 0.6 0.55 0.5],13,0.0
1135,22,0,37,1,0,[10 10 7 7 7],[9 9 9 9 9],[0.95 0.65 0.6 0.55 0.5],11,0.0
1136,22,0,38,1,0,[4 4 4 4 4],[10 10 3 3 3],[0.95 0.65 0.6 0.55 0.5],14,0.0
1137,22,0,39,1,0,[10 10 4 4 4],[7 7 7 7 7],[0.95 0.65 0.6 0.55 0.5],16,0.0
1138,22,0,40,0,0,[6 6 6 6 6],[10 10 5 5 5],[0.95 0.65 0.6 0.55 0.5],12,0.0
1139,22,0,41,0,0,[10 10 2 2 2],[5 5 5 5 5],[0.95 0.65 0.6 0.55 0.5],15,0.0
1140,22,0,42,1,0,[4 4 4 4 4],[10 10 3 3 3],[0.95 0.65 0.6 0.55 0.5],14,0.0
1141,22,0,43,1,0,[4 4 4 4 4],[10 10 3 3 3],[0.95 0.65 0.6 0.55 0.5],14,0.0
1142,22,0,44,0,0,[8 8 8 8 8],[10 10 7 7 7],[0.95 0.65 0.6 0.55 0.5],13,0.0
1143,22,0,45,1,0,[6 6 6 6 6],[10 10 5 5 5],[0.95 0.65 0.6 0.55 0.5],12,0.0
1144,22,0,46,0,0,[10 10 7 7 7],[9 9 9 9 9],[0.95 0.65 0.6 0.55 0.5],11,0.0
1145,22,0,47,0,0,[8 8 8 8 8],[10 10 7 7 7],[0.95 0.65 0.6 0.55 0.5],13,0.0
1146,22,0,48,1,0,[8 8 8 8 8],[10 10 7 7 7],[0.95 0.65 0.6 0.55 0.5],13,0.0
1147,22,0,49,1,0,[10 10 4 4 4],[7 7 7 7 7],[0.95 0.65 0.6 0.55 0.5],16,0.0
1148,22,0,50,1,0,[4 4 4 4 4],[10 10 3 3 3],[0.95 0.65 0.6 0.55 0.5],14,0.0
1149,22,0,51,0,0,[10 10 7 7 7],[9 9 9 9 9],[0.95 0.65 0.6 0.55 0.5],11,0.0
1150,22,0,52,0,0,[10 10 4 4 4],[7 7 7 7 7],[0.95 0.65 0.6 0.55 0.5],16,0.0
1151,22,0,53,0,0,[4 4 4 4 4],[10 10 3 3 3],[0.95 0.65 0.6 0.55 0.5],14,0.0
1152,22,0,54,1,0,[6 6 6 6 6],[10 10 5 5 5],[0.95 0.65 0.6 0.55 0.5],12,0.0
1153,22,0,55,1,0,[4 4 4 4 4],[10 10 3 3 3],[0.95 0.65 0.6 0.55 0.5],14,0.0
1154,22,0,56,0,0,[8 8 8 8 8],[10 10 7 7 7],[0.95 0.65 0.6 0.55 0.5],13,0.0
1155,22,0,57,0,0,[10 10 7 7 7],[9 9 9 9 9],[0.95 0.65 0.6 0.55 0.5],11,0.0
1156,22,0,58,1,0,[10 10 4 4 4],[7 7 7 7 7],[0.95 0.65 0.6 0.55 0.5],16,0.0
1157,22,0,59,1,0,[10 10 4 4 4],[7 7 7 7 7],[0.95 0.65 0.6 0.55 0.5],16,0.0
1158,22,0,60,0,0,[10 10 2 2 2],[5 5 5 5 5],[0.95 0.65 0.6 0.55 0.5],15,0.0
1159,22,0,61,0,0,[8 8 8 8 8],[10 10 7 7 7],[0.95 0.65 0.6 0.55 0.5],13,0.0
1160,22,0,62,1,0,[8 8 8 8 8],[10 10 7 7 7],[0.95 0.65 0.6 0.55 0.5],13,0.0
1161,22,0,63,0,0,[10 10 4 4 4],[7 7 7 7 7],[0.95 0.65 0.6 0.55 0.5],16,0.0
1162,22,0,64,0,0,[10 10 7 7 7],[9 9 9 9 9],[0.95 0.65 0.6 0.55 0.5],11,0.0
1163,22,0,65,0,0,[6 6 6 6 6],[10 10 5 5 5],[0.95 0.65 0.6 0.55 0.5],12,0.0
1164,22,0,66,0,0,[10 10 4 4 4],[7 7 7 7 7],[0.95 0.65 0.6 0.55 0.5],16,0.0
1165,22,0,67,0,0,[10 10 2 2 2],[5 5 5 5 5],[0.95 0.65 0.6 0.55 0.5],15,0.0
1166,22,0,68,1,0,[10 10 7 7 7],[9 9 9 9 9],[0.95 0.65 0.6 0.55 0.5],11,0.0
1167,22,0,69,1,0,[4 4 4 4 4],[10 10 3 3 3],[0.95 0.65 0.6 0.55 0.5],14,0.0
1168,22,0,70,0,0,[10 10 4 4 4],[7 7 7 7 7],[0.95 0.65 0.6 0.55 0.5],16,0.0
1169,22,0,71,1,0,[8 8 8 8 8],[10 10 7 7 7],[0.95 0.65 0.6 0.55 0.5],13,0.0
1170,22,0,72,0,0,[8 8 8 8 8],[10 10 7 7 7],[0.95 0.65 0.6 0.55 0.5],13,0.0
1171,22,0,73,0,0,[10 10 2 2 2],[5 5 5 5 5],[0.95 0.65 0.6 0.55 0.5],15,0.0
1172,22,0,74,0,0,[10 10 2 2 2],[5 5 5 5 5],[0.95 0.65 0.6 0.55 0.5],15,0.0
1173,22,0,75,1,0,[6 6 6 6 6],[10 10 5 5 5],[0.95 0.65 0.6 0.55 0.5],12,0.0
1174,22,0,76,1,0,[4 4 4 4 4],[10 10 3 3 3],[0.95 0.65 0.6 0.55 0.5],14,0.0
1175,22,0,77,0,0,[4 4 4 4 4],[10 10 3 3 3],[0.95 0.65 0.6 0.55 0.5],14,0.0
1176,22,0,78,1,0,[6 6 6 6 6],[10 10 5 5 5],[0.95 0.65 0.6 0.55 0.5],12,0.0
1177,22,0,79,0,0,[8 8 8 8 8],[10 10 7 7 7],[0.95 0.65 0.6 0.55 0.5],13,0.0
1178,22,0,80,1,0,[10 10 2 2 2],[5 5 5 5 5],[0.95 0.65 0.6 0.55 0.5],15,0.0
1179,22,0,81,1,0,[4 4 4 4 4],[10 10 3 3 3],[0.95 0.65 0.6 0.55 0.5],14,0.0
1180,22,0,82,1,0,[8 8 8 8 8],[10 10 7 7 7],[0.95 0.65 0.6 0.55 0.5],13,0.0
1181,22,0,83,1,0,[10 10 7 7 7],[9 9 9 9 9],[0.95 0.65 0.6 0.55 0.5],11,0.0
1182,22,0,84,0,0,[10 10 4 4 4],[7 7 7 7 7],[0.95 0.65 0.6 0.55 0.5],16,0.0
1183,22,0,85,0,0,[4 4 4 4 4],[10 10 3 3 3],[0.95 0.65 0.6 0.55 0.5],14,0.0
1184,22,0,86,1,0,[10 10 7 7 7],[9 9 9 9 9],[0.95 0.65 0.6 0.55 0.5],11,0.0
1185,22,0,87,0,0,[8 8 8 8 8],[10 10 7 7 7],[0.95 0.65 0.6 0.55 0.5],13,0.0
1186,22,0,88,0,0,[10 10 4 4 4],[7 7 7 7 7],[0.95 0.65 0.6 0.55 0.5],16,0.0
1187,22,0,89,0,0,[10 10 2 2 2],[5 5 5 5 5],[0.95 0.65 0.6 0.55 0.5],15,0.0
1188,22,0,90,0,0,[4 4 4 4 4],[10 10 3 3 3],[0.95 0.65 0.6 0.55 0.5],14,0.0
1189,22,0,91,0,0,[10 10 4 4 4],[7 7 7 7 7],[0.95 0.65 0.6 0.55 0.5],16,0.0
1190,22,0,92,1,0,[6 6 6 6 6],[10 10 5 5 5],[0.95 0.65 0.6 0.55 0.5],12,0.0
1191,22,0,93,1,0,[10 10 7 7 7],[9 9 9 9 9],[0.95 0.65 0.6 0.55 0.5],11,0.0
1192,22,0,94,0,0,[10 10 4 4 4],[7 7 7 7 7],[0.95 0.65 0.6 0.55 0.5],16,0.0
1193,22,0,95,1,0,[10 10 7 7 7],[9 9 9 9 9],[0.95 0.65 0.6 0.55 0.5],11,0.0
1194,23,0,0,1,0,[10 10 7 7 7],[9 9 9 9 9],[0.95 0.65 0.6 0.55 0.5],11,0.0
1195,23,0,1,0,0,[6 6 6 6 6],[10 10 5 5 5],[0.95 0.65 0.6 0.55 0.5],12,0.0
1196,23,0,2,1,0,[8 8 8 8 8],[10 10 7 7 7],[0.95 0.65 0.6 0.55 0.5],13,0.0
1197,23,0,3,0,0,[6 6 6 6 6],[10 10 5 5 5],[0.95 0.65 0.6 0.55 0.5],12,0.0
1198,23,0,4,0,0,[6 6 6 6 6],[10 10 5 5 5],[0.95 0.65 0.6 0.55 0.5],12,0.0
1199,23,0,5,1,0,[6 6 6 6 6],[10 10 5 5 5],[0.95 0.65 0.6 0.55 0.5],12,0.0
1200,23,0,6,1,0,[4 4 4 4 4],[10 10 3 3 3],[0.95 0.65 0.6 0.55 0.5],14,0.0
1201,23,0,7,1,0,[10 10 2 2 2],[5 5 5 5 5],[0.95 0.65 0.6 0.55 0.5],15,0.0
1202,23,0,8,1,0,[10 10 7 7 7],[9 9 9 9 9],[0.95 0.65 0.6 0.55 0.5],11,0.0
1203,23,0,9,0,0,[6 6 6 6 6],[10 10 5 5 5],[0.95 0.65 0.6 0.55 0.5],12,0.0
1204,23,0,10,1,0,[8 8 8 8 8],[10 10 7 7 7],[0.95 0.65 0.6 0.55 0.5],13,0.0
1205,23,0,11,1,0,[8 8 8 8 8],[10 10 7 7 7],[0.95 0.65 0.6 0.55 0.5],13,0.0
1206,23,0,12,0,0,[6 6 6 6 6],[10 10 5 5 5],[0.95 0.65 0.6 0.55 0.5],12,0.0
1207,23,0,13,1,0,[10 10 2 2 2],[5 5 5 5 5],[0.95 0.65 0.6 0.55 0.5],15,0.0
1208,23,0,14,1,0,[4 4 4 4 4],[10 10 3 3 3],[0.95 0.65 0.6 0.55 0.5],14,0.0
1209,23,0,15,1,0,[10 10 4 4 4],[7 7 7 7 7],[0.95 0.65 0.6 0.55 0.5],16,0.0
1210,23,0,16,1,0,[10 10 4 4 4],[7 7 7 7 7],[0.95 0.65 0.6 0.55 0.5],16,0.0
1211,23,0,17,1,0,[10 10 7 7 7],[9 9 9 9 9],[0.95 0.65 0.6 0.55 0.5],11,0.0
1212,23,0,18,1,0,[10 10 7 7 7],[9 9 9 9 9],[0.95 0.65 0.6 0.55 0.5],11,0.0
1213,23,0,19,0,0,[4 4 4 4 4],[10 10 3 3 3],[0.95 0.65 0.6 0.55 0.5],14,0.0
1214,23,0,20,1,0,[10 10 2 2 2],[5 5 5 5 5],[0.95 0.65 0.6 0.55 0.5],15,0.0
1215,23,0,21,0,0,[6 6 6 6 6],[10 10 5 5 5],[0.95 0.65 0.6 0.55 0.5],12,0.0
1216,23,0,22,1,0,[10 10 7 7 7],[9 9 9 9 9],[0.95 0.65 0.6 0.55 0.5],11,0.0
1217,23,0,23,1,0,[10 10 4 4 4],[7 7 7 7 7],[0.95 0.65 0.6 0.55 0.5],16,0.0
1218,23,0,24,1,0,[10 10 2 2 2],[5 5 5 5 5],[0.95 0.65 0.6 0.55 0.5],15,0.0
1219,23,0,25,1,0,[10 10 2 2 2],[5 5 5 5 5],[0.95 0.65 0.6 0.55 0.5],15,0.0
1220,23,0,26,0,0,[8 8 8 8 8],[10 10 7 7 7],[0.95 0.65 0.6 0.55 0.5],13,0.0
1221,23,0,27,1,0,[10 10 2 2 2],[5 5 5 5 5],[0.95 0.65 0.6 0.55 0.5],15,0.0
1222,23,0,28,1,0,[10 10 4 4 4],[7 7 7 7 7],[0.95 0.65 0.6 0.55 0.5],16,0.0
1223,23,0,29,1,0,[10 10 2 2 2],[5 5 5 5 5],[0.95 0.65 0.6 0.55 0.5],15,0.0
1224,23,0,30,1,0,[10 10 2 2 2],[5 5 5 5 5],[0.95 0.65 0.6 0.55 0.5],15,0.0
1225,23,0,31,1,0,[4 4 4 4 4],[10 10 3 3 3],[0.95 0.65 0.6 0.55 0.5],14,0.0
1226,23,0,32,0,0,[6 6 6 6 6],[10 10 5 5 5],[0.95 0.65 0.6 0.55 0.5],12,0.0
1227,23,0,33,1,0,[10 10 7 7 7],[9 9 9 9 9],[0.95 0.65 0.6 0.55 0.5],11,0.0
1228,23,0,34,1,0,[10 10 2 2 2],[5 5 5 5 5],[0.95 0.65 0.6 0.55 0.5],15,0.0
1229,23,0,35,0,0,[6 6 6 6 6],[10 10 5 5 5],[0.95 0.65 0.6 0.55 0.5],12,0.0
1230,23,0,36,0,0,[8 8 8 8 8],[10 10 7 7 7],[0.95 0.65 0.6 0.55 0.5],13,0.0
1231,23,0,37,1,0,[10 10 7 7 7],[9 9 9 9 9],[0.95 0.65 0.6 0.55 0.5],11,0.0
1232,23,0,38,1,0,[4 4 4 4 4],[10 10 3 3 3],[0.95 0.65 0.6 0.55 0.5],14,0.0
1233,23,0,39,1,0,[10 10 4 4 4],[7 7 7 7 7],[0.95 0.65 0.6 0.55 0.5],16,0.0
1234,23,0,40,1,0,[6 6 6 6 6],[10 10 5 5 5],[0.95 0.65 0.6 0.55 0.5],12,0.0
1235,23,0,41,1,0,[10 10 2 2 2],[5 5 5 5 5],[0.95 0.65 0.6 0.55 0.5],15,0.0
1236,23,0,42,0,0,[4 4 4 4 4],[10 10 3 3 3],[0.95 0.65 0.6 0.55 0.5],14,0.0
1237,23,0,43,1,0,[4 4 4 4 4],[10 10 3 3 3],[0.95 0.65 0.6 0.55 0.5],14,0.0
1238,23,0,44,0,0,[8 8 8 8 8],[10 10 7 7 7],[0.95 0.65 0.6 0.55 0.5],13,0.0
1239,23,0,45,1,0,[6 6 6 6 6],[10 10 5 5 5],[0.95 0.65 0.6 0.55 0.5],12,0.0
1240,23,0,46,1,0,[10 10 7 7 7],[9 9 9 9 9],[0.95 0.65 0.6 0.55 0.5],11,0.0
1241,23,0,47,0,0,[8 8 8 8 8],[10 10 7 7 7],[0.95 0.65 0.6 0.55 0.5],13,0.0
1242,23,0,48,1,0,[8 8 8 8 8],[10 10 7 7 7],[0.95 0.65 0.6 0.55 0.5],13,0.0
1243,23,0,49,1,0,[10 10 4 4 4],[7 7 7 7 7],[0.95 0.65 0.6 0.55 0.5],16,0.0
1244,23,0,50,1,0,[4 4 4 4 4],[10 10 3 3 3],[0.95 0.65 0.6 0.55 0.5],14,0.0
1245,23,0,51,1,0,[10 10 7 7 7],[9 9 9 9 9],[0.95 0.65 0.6 0.55 0.5],11,0.0
1246,23,0,52,1,0,[10 10 4 4 4],[7 7 7 7 7],[0.95 0.65 0.6 0.55 0.5],16,0.0
1247,23,0,53,1,0,[4 4 4 4 4],[10 10 3 3 3],[0.95 0.65 0.6 0.55 0.5],14,0.0
1248,23,0,54,1,0,[6 6 6 6 6],[10 10 5 5 5],[0.95 0.65 0.6 0.55 0.5],12,0.0
1249,23,0,55,1,0,[4 4 4 4 4],[10 10 3 3 3],[0.95 0.65 0.6 0.55 0.5],14,0.0
1250,23,0,56,1,0,[8 8 8 8 8],[10 10 7 7 7],[0.95 0.65 0.6 0.55 0.5],13,0.0
1251,23,0,57,1,0,[10 10 7 7 7],[9 9 9 9 9],[0.95 0.65 0.6 0.55 0.5],11,0.0
1252,23,0,58,1,0,[10 10 4 4 4],[7 7 7 7 7],[0.95 0.65 0.6 0.55 0.5],16,0.0
1253,23,0,59,1,0,[10 10 4 4 4],[7 7 7 7 7],[0.95 0.65 0.6 0.55 0.5],16,0.0
1254,23,0,60,0,0,[10 10 2 2 2],[5 5 5 5 5],[0.95 0.65 0.6 0.55 0.5],15,0.0
1255,23,0,61,0,0,[8 8 8 8 8],[10 10 7 7 7],[0.95 0.65 0.6 0.55 0.5],13,0.0
1256,23,0,62,1,0,[8 8 8 8 8],[10 10 7 7 7],[0.95 0.65 0.6 0.55 0.5],13,0.0
1257,23,0,63,1,0,[10 10 4 4 4],[7 7 7 7 7],[0.95 0.65 0.6 0.55 0.5],16,0.0
1258,23,0,64,1,0,[10 10 7 7 7],[9 9 9 9 9],[0.95 0.65 0.6 0.55 0.5],11,0.0
1259,23,0,65,1,0,[6 6 6 6 6],[10 10 5 5 5],[0.95 0.65 0.6 0.55 0.5],12,0.0
1260,23,0,66,1,0,[10 10 4 4 4],[7 7 7 7 7],[0.95 0.65 0.6 0.55 0.5],16,0.0
1261,23,0,67,0,0,[10 10 2 2 2],[5 5 5 5 5],[0.95 0.65 0.6 0.55 0.5],15,0.0
1262,23,0,68,1,0,[10 10 7 7 7],[9 9 9 9 9],[0.95 0.65 0.6 0.55 0.5],11,0.0
1263,23,0,69,1,0,[4 4 4 4 4],[10 10 3 3 3],[0.95 0.65 0.6 0.55 0.5],14,0.0
1264,23,0,70,1,0,[10 10 4 4 4],[7 7 7 7 7],[0.95 0.65 0.6 0.55 0.5],16,0.0
1265,23,0,71,0,0,[8 8 8 8 8],[10 10 7 7 7],[0.95 0.65 0.6 0.55 0.5],13,0.0
1266,23,0,72,1,0,[8 8 8 8 8],[10 10 7 7 7],[0.95 0.65 0.6 0.55 0.5],13,0.0
1267,23,0,73,0,0,[10 10 2 2 2],[5 5 5 5 5],[0.95 0.65 0.6 0.55 0.5],15,0.0
1268,23,0,74,0,0,[10 10 2 2 2],[5 5 5 5 5],[0.95 0.65 0.6 0.55 0.5],15,0.0
1269,23,0,75,1,0,[6 6 6 6 6],[10 10 5 5 5],[0.95 0.65 0.6 0.55 0.5],12,0.0
1270,23,0,76,1,0,[4 4 4 4 4],[10 10 3 3 3],[0.95 0.65 0.6 0.55 0.5],14,0.0
1271,23,0,77,1,0,[4 4 4 4 4],[10 10 3 3 3],[0.95 0.65 0.6 0.55 0.5],14,0.0
1272,23,0,78,1,0,[6 6 6 6 6],[10 10 5 5 5],[0.95 0.65 0.6 0.55 0.5],12,0.0
1273,23,0,79,0,0,[8 8 8 8 8],[10 10 7 7 7],[0.95 0.65 0.6 0.55 0.5],13,0.0
1274,23,0,80,0,0,[10 10 2 2 2],[5 5 5 5 5],[0.95 0.65 0.6 0.55 0.5],15,0.0
1275,23,0,81,1,0,[4 4 4 4 4],[10 10 3 3 3],[0.95 0.65 0.6 0.55 0.5],14,0.0
1276,23,0,82,1,0,[8 8 8 8 8],[10 10 7 7 7],[0.95 0.65 0.6 0.55 0.5],13,0.0
1277,23,0,83,1,0,[10 10 7 7 7],[9 9 9 9 9],[0.95 0.65 0.6 0.55 0.5],11,0.0
1278,23,0,84,1,0,[10 10 4 4 4],[7 7 7 7 7],[0.95 0.65 0.6 0.55 0.5],16,0.0
1279,23,0,85,1,0,[4 4 4 4 4],[10 10 3 3 3],[0.95 0.65 0.6 0.55 0.5],14,0.0
1280,23,0,86,1,0,[10 10 7 7 7],[9 9 9 9 9],[0.95 0.65 0.6 0.55 0.5],11,0.0
1281,23,0,87,0,0,[8 8 8 8 8],[10 10 7 7 7],[0.95 0.65 0.6 0.55 0.5],13,0.0
1282,23,0,88,1,0,[10 10 4 4 4],[7 7 7 7 7],[0.95 0.65 0.6 0.55 0.5],16,0.0
1283,23,0,89,0,0,[10 10 2 2 2],[5 5 5 5 5],[0.95 0.65 0.6 0.55 0.5],15,0.0
1284,23,0,90,1,0,[4 4 4 4 4],[10 10 3 3 3],[0.95 0.65 0.6 0.55 0.5],14,0.0
1285,23,0,91,1,0,[10 10 4 4 4],[7 7 7 7 7],[0.95 0.65 0.6 0.55 0.5],16,0.0
1286,23,0,92,1,0,[6 6 6 6 6],[10 10 5 5 5],[0.95 0.65 0.6 0.55 0.5],12,0.0
1287,23,0,93,1,0,[10 10 7 7 7],[9 9 9 9 9],[0.95 0.65 0.6 0.55 0.5],11,0.0
1288,23,0,94,0,0,[10 10 4 4 4],[7 7 7 7 7],[0.95 0.65 0.6 0.55 0.5],16,0.0
1289,23,0,95,1,0,[10 10 7 7 7],[9 9 9 9 9],[0.95 0.65 0.6 0.55 0.5],11,0.0
1290,24,0,0,0,0,[10 10 7 7 7],[9 9 9 9 9],[0.95 0.65 0.6 0.55 0.5],11,0.0
1291,24,0,1,1,0,[6 6 6 6 6],[10 10 5 5 5],[0.95 0.65 0.6 0.55 0.5],12,0.0
1292,24,0,2,1,0,[8 8 8 8 8],[10 10 7 7 7],[0.95 0.65 0.6 0.55 0.5],13,0.0
1293,24,0,3,1,0,[6 6 6 6 6],[10 10 5 5 5],[0.95 0.65 0.6 0.55 0.5],12,0.0
1294,24,0,4,1,0,[6 6 6 6 6],[10 10 5 5 5],[0.95 0.65 0.6 0.55 0.5],12,0.0
1295,24,0,5,0,0,[6 6 6 6 6],[10 10 5 5 5],[0.95 0.65 0.6 0.55 0.5],12,0.0
1296,24,0,6,1,0,[4 4 4 4 4],[10 10 3 3 3],[0.95 0.65 0.6 0.55 0.5],14,0.0
1297,24,0,7,0,0,[10 10 2 2 2],[5 5 5 5 5],[0.95 0.65 0.6 0.55 0.5],15,0.0
1298,24,0,8,1,0,[10 10 7 7 7],[9 9 9 9 9],[0.95 0.65 0.6 0.55 0.5],11,0.0
1299,24,0,9,0,0,[6 6 6 6 6],[10 10 5 5 5],[0.95 0.65 0.6 0.55 0.5],12,0.0
1300,24,0,10,1,0,[8 8 8 8 8],[10 10 7 7 7],[0.95 0.65 0.6 0.55 0.5],13,0.0
1301,24,0,11,1,0,[8 8 8 8 8],[10 10 7 7 7],[0.95 0.65 0.6 0.55 0.5],13,0.0
1302,24,0,12,1,0,[6 6 6 6 6],[10 10 5 5 5],[0.95 0.65 0.6 0.55 0.5],12,0.0
1303,24,0,13,0,0,[10 10 2 2 2],[5 5 5 5 5],[0.95 0.65 0.6 0.55 0.5],15,0.0
1304,24,0,14,1,0,[4 4 4 4 4],[10 10 3 3 3],[0.95 0.65 0.6 0.55 0.5],14,0.0
1305,24,0,15,0,0,[10 10 4 4 4],[7 7 7 7 7],[0.95 0.65 0.6 0.55 0.5],16,0.0
1306,24,0,16,0,0,[10 10 4 4 4],[7 7 7 7 7],[0.95 0.65 0.6 0.55 0.5],16,0.0
1307,24,0,17,0,0,[10 10 7 7 7],[9 9 9 9 9],[0.95 0.65 0.6 0.55 0.5],11,0.0
1308,24,0,18,0,0,[10 10 7 7 7],[9 9 9 9 9],[0.95 0.65 0.6 0.55 0.5],11,0.0
1309,24,0,19,1,0,[4 4 4 4 4],[10 10 3 3 3],[0.95 0.65 0.6 0.55 0.5],14,0.0
1310,24,0,20,0,0,[10 10 2 2 2],[5 5 5 5 5],[0.95 0.65 0.6 0.55 0.5],15,0.0
1311,24,0,21,1,0,[6 6 6 6 6],[10 10 5 5 5],[0.95 0.65 0.6 0.55 0.5],12,0.0
1312,24,0,22,1,0,[10 10 7 7 7],[9 9 9 9 9],[0.95 0.65 0.6 0.55 0.5],11,0.0
1313,24,0,23,1,0,[10 10 4 4 4],[7 7 7 7 7],[0.95 0.65 0.6 0.55 0.5],16,0.0
1314,24,0,24,1,0,[10 10 2 2 2],[5 5 5 5 5],[0.95 0.65 0.6 0.55 0.5],15,0.0
1315,24,0,25,1,0,[10 10 2 2 2],[5 5 5 5 5],[0.95 0.65 0.6 0.55 0.5],15,0.0
1316,24,0,26,1,0,[8 8 8 8 8],[10 10 7 7 7],[0.95 0.65 0.6 0.55 0.5],13,0.0
1317,24,0,27,1,0,[10 10 2 2 2],[5 5 5 5 5],[0.95 0.65 0.6 0.55 0.5],15,0.0
1318,24,0,28,1,0,[10 10 4 4 4],[7 7 7 7 7],[0.95 0.65 0.6 0.55 0.5],16,0.0
1319,24,0,29,1,0,[10 10 2 2 2],[5 5 5 5 5],[0.95 0.65 0.6 0.55 0.5],15,0.0
1320,24,0,30,1,0,[10 10 2 2 2],[5 5 5 5 5],[0.95 0.65 0.6 0.55 0.5],15,0.0
1321,24,0,31,1,0,[4 4 4 4 4],[10 10 3 3 3],[0.95 0.65 0.6 0.55 0.5],14,0.0
1322,24,0,32,0,0,[6 6 6 6 6],[10 10 5 5 5],[0.95 0.65 0.6 0.55 0.5],12,0.0
1323,24,0,33,1,0,[10 10 7 7 7],[9 9 9 9 9],[0.95 0.65 0.6 0.55 0.5],11,0.0
1324,24,0,34,1,0,[10 10 2 2 2],[5 5 5 5 5],[0.95 0.65 0.6 0.55 0.5],15,0.0
1325,24,0,35,0,0,[6 6 6 6 6],[10 10 5 5 5],[0.95 0.65 0.6 0.55 0.5],12,0.0
1326,24,0,36,1,0,[8 8 8 8 8],[10 10 7 7 7],[0.95 0.65 0.6 0.55 0.5],13,0.0
1327,24,0,37,1,0,[10 10 7 7 7],[9 9 9 9 9],[0.95 0.65 0.6 0.55 0.5],11,0.0
1328,24,0,38,0,0,[4 4 4 4 4],[10 10 3 3 3],[0.95 0.65 0.6 0.55 0.5],14,0.0
1329,24,0,39,1,0,[10 10 4 4 4],[7 7 7 7 7],[0.95 0.65 0.6 0.55 0.5],16,0.0
1330,24,0,40,1,0,[6 6 6 6 6],[10 10 5 5 5],[0.95 0.65 0.6 0.55 0.5],12,0.0
1331,24,0,41,1,0,[10 10 2 2 2],[5 5 5 5 5],[0.95 0.65 0.6 0.55 0.5],15,0.0
1332,24,0,42,1,0,[4 4 4 4 4],[10 10 3 3 3],[0.95 0.65 0.6 0.55 0.5],14,0.0
1333,24,0,43,1,0,[4 4 4 4 4],[10 10 3 3 3],[0.95 0.65 0.6 0.55 0.5],14,0.0
1334,24,0,44,1,0,[8 8 8 8 8],[10 10 7 7 7],[0.95 0.65 0.6 0.55 0.5],13,0.0
1335,24,0,45,0,0,[6 6 6 6 6],[10 10 5 5 5],[0.95 0.65 0.6 0.55 0.5],12,0.0
1336,24,0,46,0,0,[10 10 7 7 7],[9 9 9 9 9],[0.95 0.65 0.6 0.55 0.5],11,0.0
1337,24,0,47,1,0,[8 8 8 8 8],[10 10 7 7 7],[0.95 0.65 0.6 0.55 0.5],13,0.0
1338,24,0,48,1,0,[8 8 8 8 8],[10 10 7 7 7],[0.95 0.65 0.6 0.55 0.5],13,0.0
1339,24,0,49,1,0,[10 10 4 4 4],[7 7 7 7 7],[0.95 0.65 0.6 0.55 0.5],16,0.0
1340,24,0,50,1,0,[4 4 4 4 4],[10 10 3 3 3],[0.95 0.65 0.6 0.55 0.5],14,0.0
1341,24,0,51,1,0,[10 10 7 7 7],[9 9 9 9 9],[0.95 0.65 0.6 0.55 0.5],11,0.0
1342,24,0,52,1,0,[10 10 4 4 4],[7 7 7 7 7],[0.95 0.65 0.6 0.55 0.5],16,0.0
1343,24,0,53,1,0,[4 4 4 4 4],[10 10 3 3 3],[0.95 0.65 0.6 0.55 0.5],14,0.0
1344,24,0,54,0,0,[6 6 6 6 6],[10 10 5 5 5],[0.95 0.65 0.6 0.55 0.5],12,0.0
1345,24,0,55,1,0,[4 4 4 4 4],[10 10 3 3 3],[0.95 0.65 0.6 0.55 0.5],14,0.0
1346,24,0,56,1,0,[8 8 8 8 8],[10 10 7 7 7],[0.95 0.65 0.6 0.55 0.5],13,0.0
1347,24,0,57,1,0,[10 10 7 7 7],[9 9 9 9 9],[0.95 0.65 0.6 0.55 0.5],11,0.0
1348,24,0,58,0,0,[10 10 4 4 4],[7 7 7 7 7],[0.95 0.65 0.6 0.55 0.5],16,0.0
1349,24,0,59,1,0,[10 10 4 4 4],[7 7 7 7 7],[0.95 0.65 0.6 0.55 0.5],16,0.0
1350,24,0,60,1,0,[10 10 2 2 2],[5 5 5 5 5],[0.95 0.65 0.6 0.55 0.5],15,0.0
1351,24,0,61,1,0,[8 8 8 8 8],[10 10 7 7 7],[0.95 0.65 0.6 0.55 0.5],13,0.0
1352,24,0,62,1,0,[8 8 8 8 8],[10 10 7 7 7],[0.95 0.65 0.6 0.55 0.5],13,0.0
1353,24,0,63,1,0,[10 10 4 4 4],[7 7 7 7 7],[0.95 0.65 0.6 0.55 0.5],16,0.0
1354,24,0,64,1,0,[10 10 7 7 7],[9 9 9 9 9],[0.95 0.65 0.6 0.55 0.5],11,0.0
1355,24,0,65,1,0,[6 6 6 6 6],[10 10 5 5 5],[0.95 0.65 0.6 0.55 0.5],12,0.0
1356,24,0,66,0,0,[10 10 4 4 4],[7 7 7 7 7],[0.95 0.65 0.6 0.55 0.5],16,0.0
1357,24,0,67,1,0,[10 10 2 2 2],[5 5 5 5 5],[0.95 0.65 0.6 0.55 0.5],15,0.0
1358,24,0,68,1,0,[10 10 7 7 7],[9 9 9 9 9],[0.95 0.65 0.6 0.55 0.5],11,0.0
1359,24,0,69,1,0,[4 4 4 4 4],[10 10 3 3 3],[0.95 0.65 0.6 0.55 0.5],14,0.0
1360,24,0,70,1,0,[10 10 4 4 4],[7 7 7 7 7],[0.95 0.65 0.6 0.55 0.5],16,0.0
1361,24,0,71,1,0,[8 8 8 8 8],[10 10 7 7 7],[0.95 0.65 0.6 0.55 0.5],13,0.0
1362,24,0,72,1,0,[8 8 8 8 8],[10 10 7 7 7],[0.95 0.65 0.6 0.55 0.5],13,0.0
1363,24,0,73,0,0,[10 10 2 2 2],[5 5 5 5 5],[0.95 0.65 0.6 0.55 0.5],15,0.0
1364,24,0,74,0,0,[10 10 2 2 2],[5 5 5 5 5],[0.95 0.65 0.6 0.55 0.5],15,0.0
1365,24,0,75,1,0,[6 6 6 6 6],[10 10 5 5 5],[0.95 0.65 0.6 0.55 0.5],12,0.0
1366,24,0,76,1,0,[4 4 4 4 4],[10 10 3 3 3],[0.95 0.65 0.6 0.55 0.5],14,0.0
1367,24,0,77,1,0,[4 4 4 4 4],[10 10 3 3 3],[0.95 0.65 0.6 0.55 0.5],14,0.0
1368,24,0,78,1,0,[6 6 6 6 6],[10 10 5 5 5],[0.95 0.65 0.6 0.55 0.5],12,0.0
1369,24,0,79,1,0,[8 8 8 8 8],[10 10 7 7 7],[0.95 0.65 0.6 0.55 0.5],13,0.0
1370,24,0,80,0,0,[10 10 2 2 2],[5 5 5 5 5],[0.95 0.65 0.6 0.55 0.5],15,0.0
1371,24,0,81,1,0,[4 4 4 4 4],[10 10 3 3 3],[0.95 0.65 0.6 0.55 0.5],14,0.0
1372,24,0,82,1,0,[8 8 8 8 8],[10 10 7 7 7],[0.95 0.65 0.6 0.55 0.5],13,0.0
1373,24,0,83,0,0,[10 10 7 7 7],[9 9 9 9 9],[0.95 0.65 0.6 0.55 0.5],11,0.0
1374,24,0,84,0,0,[10 10 4 4 4],[7 7 7 7 7],[0.95 0.65 0.6 0.55 0.5],16,0.0
1375,24,0,85,1,0,[4 4 4 4 4],[10 10 3 3 3],[0.95 0.65 0.6 0.55 0.5],14,0.0
1376,24,0,86,1,0,[10 10 7 7 7],[9 9 9 9 9],[0.95 0.65 0.6 0.55 0.5],11,0.0
1377,24,0,87,1,0,[8 8 8 8 8],[10 10 7 7 7],[0.95 0.65 0.6 0.55 0.5],13,0.0
1378,24,0,88,0,0,[10 10 4 4 4],[7 7 7 7 7],[0.95 0.65 0.6 0.55 0.5],16,0.0
1379,24,0,89,0,0,[10 10 2 2 2],[5 5 5 5 5],[0.95 0.65 0.6 0.55 0.5],15,0.0
1380,24,0,90,1,0,[4 4 4 4 4],[10 10 3 3 3],[0.95 0.65 0.6 0.55 0.5],14,0.0
1381,24,0,91,0,0,[10 10 4 4 4],[7 7 7 7 7],[0.95 0.65 0.6 0.55 0.5],16,0.0
1382,24,0,92,1,0,[6 6 6 6 6],[10 10 5 5 5],[0.95 0.65 0.6 0.55 0.5],12,0.0
1383,24,0,93,1,0,[10 10 7 7 7],[9 9 9 9 9],[0.95 0.65 0.6 0.55 0.5],11,0.0
1384,24,0,94,0,0,[10 10 4 4 4],[7 7 7 7 7],[0.95 0.65 0.6 0.55 0.5],16,0.0
1385,24,0,95,0,0,[10 10 7 7 7],[9 9 9 9 9],[0.95 0.65 0.6 0.55 0.5],11,0.0
