,participant,task,trial,choice,reward,stimulus_0,stimulus_1,validities,item_type,tier
0,0,0,0,0,0,[0 1 0 1 0 1],[1 0 1 0 1 0],[0.95 0.9 0.85 0.8 0.75 0.7],1,0.0
1,0,0,1,1,0,[0 1 0 1 0 1],[1 0 1 0 1 0],[0.95 0.9 0.85 0.8 0.75 0.7],1,0.0
2,0,0,2,1,0,[1 0 0 0 0 1],[0 1 1 1 0 0],[0.95 0.9 0.85 0.8 0.75 0.7],2,0.0
3,0,0,3,0,0,[1 0 0 0 0 1],[0 1 1 1 0 0],[0.95 0.9 0.85 0.8 0.75 0.7],2,0.0
4,0,0,4,0,0,[0 1 1 1 1 0],[1 0 0 0 0 1],[0.95 0.9 0.85 0.8 0.75 0.7],3,0.0
5,0,0,5,1,0,[0 1 0 1 0 1],[1 0 1 0 1 0],[0.95 0.9 0.85 0.8 0.75 0.7],1,0.0
6,0,0,6,1,0,[0 1 0 1 0 1],[1 0 1 0 1 0],[0.95 0.9 0.85 0.8 0.75 0.7],1,0.0
7,0,0,7,1,0,[1 0 0 0 0 1],[0 1 1 1 0 0],[0.95 0.9 0.85 0.8 0.75 0.7],2,0.0
8,0,0,8,1,0,[0 1 0 1 0 1],[1 0 1 0 1 0],[0.95 0.9 0.85 0.8 0.75 0.7],1,0.0
9,0,0,9,1,0,[0 1 0 1 0 1],[1 0 1 0 1 0],[0.95 0.9 0.85 0.8 0.75 0.7],1,0.0
10,0,0,10,1,0,[1 0 0 0 0 1],[0 1 1 1 0 0],[0.95 0.9 0.85 0.8 0.75 0.7],2,0.0
11,0,0,11,1,0,[1 0 0 1 1 0],[0 1 1 0 0 1],[0.95 0.9 0.85 0.8 0.75 0.7],4,0.0
12,0,0,12,0,0,[0 1 1 1 1 0],[1 0 0 0 0 1],[0.95 0.9 0.85 0.8 0.75 0.7],3,0.0
13,0,0,13,0,0,[0 1 1 1 1 0],[1 0 0 0 0 1],[0.95 0.9 0.85 0.8 0.75 0.7],3,0.0
14,0,0,14,1,0,[1 0 0 1 1 0],[0 1 1 0 0 1],[0.95 0.9 0.85 0.8 0.75 0.7],4,0.0
15,0,0,15,1,0,[1 0 0 1 1 0],[0 1 1 0 0 1],[0.95 0.9 0.85 0.8 0.75 0.7],4,0.0
16,0,0,16,1,0,[0 1 0 1 0 1],[1 0 1 0 1 0],[0.95 0.9 0.85 0.8 0.75 0.7],1,0.0
17,0,0,17,1,0,[1 0 0 1 1 0],[0 1 1 0 0 1],[0.95 0.9 0.85 0.8 0.75 0.7],4,0.0
18,0,0,18,1,0,[1 0 0 0 0 1],[0 1 1 1 0 0],[0.95 0.9 0.85 0.8 0.75 0.7],2,0.0
19,0,0,19,1,0,[0 1 0 1 0 1],[1 0 1 0 1 0],[0.95 0.9 0.85 0.8 0.75 0.7],1,0.0
20,0,0,20,1,0,[1 0 0 1 1 0],[0 1 1 0 0 1],[0.95 0.9 0.85 0.8 0.75 0.7],4,0.0
21,0,0,21,1,0,[1 0 0 0 0 1],[0 1 1 1 0 0],[0.95 0.9 0.85 0.8 0.75 0.7],2,0.0
22,0,0,22,1,0,[1 0 0 0 0 1],[0 1 1 1 0 0],[0.95 0.9 0.85 0.8 0.75 0.7],2,0.0
23,0,0,23,1,0,[0 1 0 1 0 1],[1 0 1 0 1 0],[0.95 0.9 0.85 0.8 0.75 0.7],1,0.0
24,0,0,24,1,0,[1 0 0 0 0 1],[0 1 1 1 0 0],[0.95 0.9 0.85 0.8 0.75 0.7],2,0.0
25,0,0,25,1,0,[0 1 0 1 0 1],[1 0 1 0 1 0],[0.95 0.9 0.85 0.8 0.75 0.7],1,0.0
26,0,0,26,1,0,[1 0 0 0 0 1],[0 1 1 1 0 0],[0.95 0.9 0.85 0.8 0.75 0.7],2,0.0
27,0,0,27,1,0,[1 0 0 0 0 1],[0 1 1 1 0 0],[0.95 0.9 0.85 0.8 0.75 0.7],2,0.0
28,0,0,28,1,0,[1 0 0 0 0 1],[0 1 1 1 0 0],[0.95 0.9 0.85 0.8 0.75 0.7],2,0.0
29,0,0,29,0,0,[0 1 1 1 1 0],[1 0 0 0 0 1],[0.95 0.9 0.85 0.8 0.75 0.7],3,0.0
30,0,0,30,1,0,[0 1 0 1 0 1],[1 0 1 0 1 0],[0.95 0.9 0.85 0.8 0.75 0.7],1,0.0
31,0,0,31,0,0,[0 1 1 1 1 0],[1 0 0 0 0 1],[0.95 0.9 0.85 0.8 0.75 0.7],3,0.0
32,0,0,32,1,0,[1 0 0 1 1 0],[0 1 1 0 0 1],[0.95 0.9 0.85 0.8 0.75 0.7],4,0.0
33,0,0,33,0,0,[1 0 0 1 1 0],[0 1 1 0 0 1],[0.95 0.9 0.85 0.8 0.75 0.7],4,0.0
34,0,0,34,1,0,[1 0 0 0 0 1],[0 1 1 1 0 0],[0.95 0.9 0.85 0.8 0.75 0.7],2,0.0
35,0,0,35,0,0,[0 1 1 1 1 0],[1 0 0 0 0 1],[0.95 0.9 0.85 0.8 0.75 0.7],3,0.0
36,0,0,36,1,0,[1 0 0 0 0 1],[0 1 1 1 0 0],[0.95 0.9 0.85 0.8 0.75 0.7],2,0.0
37,0,0,37,1,0,[1 0 0 0 0 1],[0 1 1 1 0 0],[0.95 0.9 0.85 0.8 0.75 0.7],2,0.0
38,0,0,38,0,0,[0 1 1 1 1 0],[1 0 0 0 0 1],[0.95 0.9 0.85 0.8 0.75 0.7],3,0.0
39,0,0,39,1,0,[1 0 0 0 0 1],[0 1 1 1 0 0],[0.95 0.9 0.85 0.8 0.75 0.7],2,0.0
40,0,0,40,1,0,[1 0 0 1 1 0],[0 1 1 0 0 1],[0.95 0.9 0.85 0.8 0.75 0.7],4,0.0
41,0,0,41,1,0,[1 0 0 0 0 1],[0 1 1 1 0 0],[0.95 0.9 0.85 0.8 0.75 0.7],2,0.0
42,0,0,42,0,0,[0 1 1 1 1 0],[1 0 0 0 0 1],[0.95 0.9 0.85 0.8 0.75 0.7],3,0.0
43,0,0,43,0,0,[0 1 1 1 1 0],[1 0 0 0 0 1],[0.95 0.9 0.85 0.8 0.75 0.7],3,0.0
44,0,0,44,1,0,[0 1 0 1 0 1],[1 0 1 0 1 0],[0.95 0.9 0.85 0.8 0.75 0.7],1,0.0
45,0,0,45,1,0,[0 1 0 1 0 1],[1 0 1 0 1 0],[0.95 0.9 0.85 0.8 0.75 0.7],1,0.0
46,0,0,46,0,0,[0 1 1 1 1 0],[1 0 0 0 0 1],[0.95 0.9 0.85 0.8 0.75 0.7],3,0.0
47,0,0,47,0,0,[0 1 1 1 1 0],[1 0 0 0 0 1],[0.95 0.9 0.85 0.8 0.75 0.7],3,0.0
48,0,0,48,1,0,[1 0 0 0 0 1],[0 1 1 1 0 0],[0.95 0.9 0.85 0.8 0.75 0.7],2,0.0
49,0,0,49,1,0,[1 0 0 0 0 1],[0 1 1 1 0 0],[0.95 0.9 0.85 0.8 0.75 0.7],2,0.0
50,0,0,50,1,0,[1 0 0 0 0 1],[0 1 1 1 0 0],[0.95 0.9 0.85 0.8 0.75 0.7],2,0.0
51,0,0,51,1,0,[1 0 0 1 1 0],[0 1 1 0 0 1],[0.95 0.9 0.85 0.8 0.75 0.7],4,0.0
52,0,0,52,1,0,[0 1 0 1 0 1],[1 0 1 0 1 0],[0.95 0.9 0.85 0.8 0.75 0.7],1,0.0
53,0,0,53,0,0,[0 1 1 1 1 0],[1 0 0 0 0 1],[0.95 0.9 0.85 0.8 0.75 0.7],3,0.0
54,0,0,54,0,0,[0 1 1 1 1 0],[1 0 0 0 0 1],[0.95 0.9 0.85 0.8 0.75 0.7],3,0.0
55,0,0,55,0,0,[0 1 1 1 1 0],[1 0 0 0 0 1],[0.95 0.9 0.85 0.8 0.75 0.7],3,0.0
56,0,0,56,1,0,[1 0 0 0 0 1],[0 1 1 1 0 0],[0.95 0.9 0.85 0.8 0.75 0.7],2,0.0
57,0,0,57,1,0,[1 0 0 1 1 0],[0 1 1 0 0 1],[0.95 0.9 0.85 0.8 0.75 0.7],4,0.0
58,0,0,58,0,0,[0 1 1 1 1 0],[1 0 0 0 0 1],[0.95 0.9 0.85 0.8 0.75 0.7],3,0.0
59,0,0,59,1,0,[1 0 0 1 1 0],[0 1 1 0 0 1],[0.95 0.9 0.85 0.8 0.75 0.7],4,0.0
60,0,0,60,0,0,[0 1 1 1 1 0],[1 0 0 0 0 1],[0.95 0.9 0.85 0.8 0.75 0.7],3,0.0
61,0,0,61,1,0,[0 1 0 1 0 1],[1 0 1 0 1 0],[0.95 0.9 0.85 0.8 0.75 0.7],1,0.0
62,0,0,62,1,0,[1 0 0 1 1 0],[0 1 1 0 0 1],[0.95 0.9 0.85 0.8 0.75 0.7],4,0.0
63,0,0,63,1,0,[0 1 0 1 0 1],[1 0 1 0 1 0],[0.95 0.9 0.85 0.8 0.75 0.7],1,0.0
64,0,0,64,1,0,[1 0 0 1 1 0],[0 1 1 0 0 1],[0.95 0.9 0.85 0.8 0.75 0.7],4,0.0
65,0,0,65,1,0,[0 1 1 1 1 0],[1 0 0 0 0 1],[0.95 0.9 0.85 0.8 0.75 0.7],3,0.0
66,0,0,66,1,0,[0 1 0 1 0 1],[1 0 1 0 1 0],[0.95 0.9 0.85 0.8 0.75 0.7],1,0.0
67,0,0,67,1,0,[1 0 0 1 1 0],[0 1 1 0 0 1],[0.95 0.9 0.85 0.8 0.75 0.7],4,0.0
68,0,0,68,1,0,[1 0 0 1 1 0],[0 1 1 0 0 1],[0.95 0.9 0.85 0.8 0.75 0.7],4,0.0
69,0,0,69,1,0,[0 1 0 1 0 1],[1 0 1 0 1 0],[0.95 0.9 0.85 0.8 0.75 0.7],1,0.0
70,0,0,70,1,0,[0 1 0 1 0 1],[1 0 1 0 1 0],[0.95 0.9 0.85 0.8 0.75 0.7],1,0.0
71,0,0,71,0,0,[0 1 1 1 1 0],[1 0 0 0 0 1],[0.95 0.9 0.85 0.8 0.75 0.7],3,0.0
72,0,0,72,1,0,[0 1 0 1 0 1],[1 0 1 0 1 0],[0.95 0.9 0.85 0.8 0.75 0.7],1,0.0
73,0,0,73,1,0,[1 0 0 0 0 1],[0 1 1 1 0 0],[0.95 0.9 0.85 0.8 0.75 0.7],2,0.0
74,0,0,74,1,0,[0 1 0 1 0 1],[1 0 1 0 1 0],[0.95 0.9 0.85 0.8 0.75 0.7],1,0.0
75,0,0,75,1,0,[1 0 0 1 1 0],[0 1 1 0 0 1],[0.95 0.9 0.85 0.8 0.75 0.7],4,0.0
76,0,0,76,1,0,[1 0 0 0 0 1],[0 1 1 1 0 0],[0.95 0.9 0.85 0.8 0.75 0.7],2,0.0
77,0,0,77,0,0,[0 1 1 1 1 0],[1 0 0 0 0 1],[0.95 0.9 0.85 0.8 0.75 0.7],3,0.0
78,0,0,78,1,0,[1 0 0 0 0 1],[0 1 1 1 0 0],[0.95 0.9 0.85 0.8 0.75 0.7],2,0.0
79,0,0,79,0,0,[0 1 1 1 1 0],[1 0 0 0 0 1],[0.95 0.9 0.85 0.8 0.75 0.7],3,0.0
80,0,0,80,0,0,[1 0 0 1 1 0],[0 1 1 0 0 1],[0.95 0.9 0.85 0.8 0.75 0.7],4,0.0
81,0,0,81,0,0,[1 0 0 1 1 0],[0 1 1 0 0 1],[0.95 0.9 0.85 0.8 0.75 0.7],4,0.0
82,0,0,82,0,0,[1 0 0 1 1 0],[0 1 1 0 0 1],[0.95 0.9 0.85 0.8 0.75 0.7],4,0.0
83,0,0,83,0,0,[0 1 1 1 1 0],[1 0 0 0 0 1],[0.95 0.9 0.85 0.8 0.75 0.7],3,0.0
84,0,0,84,0,0,[0 1 1 1 1 0],[1 0 0 0 0 1],[0.95 0.9 0.85 0.8 0.75 0.7],3,0.0
85,0,0,85,1,0,[1 0 0 0 0 1],[0 1 1 1 0 0],[0.95 0.9 0.85 0.8 0.75 0.7],2,0.0
86,0,0,86,0,0,[1 0 0 1 1 0],[0 1 1 0 0 1],[0.95 0.9 0.85 0.8 0.75 0.7],4,0.0
87,0,0,87,0,0,[1 0 0 1 1 0],[0 1 1 0 0 1],[0.95 0.9 0.85 0.8 0.75 0.7],4,0.0
88,0,0,88,0,0,[1 0 0 1 1 0],[0 1 1 0 0 1],[0.95 0.9 0.85 0.8 0.75 0.7],4,0.0
89,0,0,89,0,0,[1 0 0 1 1 0],[0 1 1 0 0 1],[0.95 0.9 0.85 0.8 0.75 0.7],4,0.0
90,0,0,90,1,0,[0 1 0 1 0 1],[1 0 1 0 1 0],[0.95 0.9 0.85 0.8 0.75 0.7],1,0.0
91,0,0,91,0,0,[1 0 0 1 1 0],[0 1 1 0 0 1],[0.95 0.9 0.85 0.8 0.75 0.7],4,0.0
92,0,0,92,0,0,[0 1 1 1 1 0],[1 0 0 0 0 1],[0.95 0.9 0.85 0.8 0.75 0.7],3,0.0
93,0,0,93,0,0,[0 1 1 1 1 0],[1 0 0 0 0 1],[0.95 0.9 0.85 0.8 0.75 0.7],3,0.0
94,0,0,94,1,0,[0 1 0 1 0 1],[1 0 1 0 1 0],[0.95 0.9 0.85 0.8 0.75 0.7],1,0.0
95,0,0,95,1,0,[0 1 0 1 0 1],[1 0 1 0 1 0],[0.95 0.9 0.85 0.8 0.75 0.7],1,0.0
96,1,0,0,0,0,[0 1 0 1 0 1],[1 0 1 0 1 0],[0.95 0.9 0.85 0.8 0.75 0.7],1,0.0
97,1,0,1,1,0,[0 1 0 1 0 1],[1 0 1 0 1 0],[0.95 0.9 0.85 0.8 0.75 0.7],1,0.0
98,1,0,2,1,0,[1 0 0 0 0 1],[0 1 1 1 0 0],[0.95 0.9 0.85 0.8 0.75 0.7],2,0.0
99,1,0,3,1,0,[1 0 0 0 0 1],[0 1 1 1 0 0],[0.95 0.9 0.85 0.8 0.75 0.7],2,0.0
100,1,0,4,0,0,[0 1 1 1 1 0],[1 0 0 0 0 1],[0.95 0.9 0.85 0.8 0.75 0.7],3,0.0
101,1,0,5,1,0,[0 1 0 1 0 1],[1 0 1 0 1 0],[0.95 0.9 0.85 0.8 0.75 0.7],1,0.0
102,1,0,6,1,0,[0 1 0 1 0 1],[1 0 1 0 1 0],[0.95 0.9 0.85 0.8 0.75 0.7],1,0.0
103,1,0,7,1,0,[1 0 0 0 0 1],[0 1 1 1 0 0],[0.95 0.9 0.85 0.8 0.75 0.7],2,0.0
104,1,0,8,1,0,[0 1 0 1 0 1],[1 0 1 0 1 0],[0.95 0.9 0.85 0.8 0.75 0.7],1,0.0
105,1,0,9,1,0,[0 1 0 1 0 1],[1 0 1 0 1 0],[0.95 0.9 0.85 0.8 0.75 0.7],1,0.0
106,1,0,10,1,0,[1 0 0 0 0 1],[0 1 1 1 0 0],[0.95 0.9 0.85 0.8 0.75 0.7],2,0.0
107,1,0,11,0,0,[1 0 0 1 1 0],[0 1 1 0 0 1],[0.95 0.9 0.85 0.8 0.75 0.7],4,0.0
108,1,0,12,0,0,[0 1 1 1 1 0],[1 0 0 0 0 1],[0.95 0.9 0.85 0.8 0.75 0.7],3,0.0
109,1,0,13,0,0,[0 1 1 1 1 0],[1 0 0 0 0 1],[0.95 0.9 0.85 0.8 0.75 0.7],3,0.0
110,1,0,14,0,0,[1 0 0 1 1 0],[0 1 1 0 0 1],[0.95 0.9 0.85 0.8 0.75 0.7],4,0.0
111,1,0,15,0,0,[1 0 0 1 1 0],[0 1 1 0 0 1],[0.95 0.9 0.85 0.8 0.75 0.7],4,0.0
112,1,0,16,0,0,[0 1 0 1 0 1],[1 0 1 0 1 0],[0.95 0.9 0.85 0.8 0.75 0.7],1,0.0
113,1,0,17,0,0,[1 0 0 1 1 0],[0 1 1 0 0 1],[0.95 0.9 0.85 0.8 0.75 0.7],4,0.0
114,1,0,18,1,0,[1 0 0 0 0 1],[0 1 1 1 0 0],[0.95 0.9 0.85 0.8 0.75 0.7],2,0.0
115,1,0,19,1,0,[0 1 0 1 0 1],[1 0 1 0 1 0],[0.95 0.9 0.85 0.8 0.75 0.7],1,0.0
116,1,0,20,0,0,[1 0 0 1 1 0],[0 1 1 0 0 1],[0.95 0.9 0.85 0.8 0.75 0.7],4,0.0
117,1,0,21,1,0,[1 0 0 0 0 1],[0 1 1 1 0 0],[0.95 0.9 0.85 0.8 0.75 0.7],2,0.0
118,1,0,22,1,0,[1 0 0 0 0 1],[0 1 1 1 0 0],[0.95 0.9 0.85 0.8 0.75 0.7],2,0.0
119,1,0,23,1,0,[0 1 0 1 0 1],[1 0 1 0 1 0],[0.95 0.9 0.85 0.8 0.75 0.7],1,0.0
120,1,0,24,1,0,[1 0 0 0 0 1],[0 1 1 1 0 0],[0.95 0.9 0.85 0.8 0.75 0.7],2,0.0
121,1,0,25,1,0,[0 1 0 1 0 1],[1 0 1 0 1 0],[0.95 0.9 0.85 0.8 0.75 0.7],1,0.0
122,1,0,26,1,0,[1 0 0 0 0 1],[0 1 1 1 0 0],[0.95 0.9 0.85 0.8 0.75 0.7],2,0.0
123,1,0,27,1,0,[1 0 0 0 0 1],[0 1 1 1 0 0],[0.95 0.9 0.85 0.8 0.75 0.7],2,0.0
124,1,0,28,1,0,[1 0 0 0 0 1],[0 1 1 1 0 0],[0.95 0.9 0.85 0.8 0.75 0.7],2,0.0
125,1,0,29,0,0,[0 1 1 1 1 0],[1 0 0 0 0 1],[0.95 0.9 0.85 0.8 0.75 0.7],3,0.0
126,1,0,30,1,0,[0 1 0 1 0 1],[1 0 1 0 1 0],[0.95 0.9 0.85 0.8 0.75 0.7],1,0.0
127,1,0,31,0,0,[0 1 1 1 1 0],[1 0 0 0 0 1],[0.95 0.9 0.85 0.8 0.75 0.7],3,0.0
128,1,0,32,0,0,[1 0 0 1 1 0],[0 1 1 0 0 1],[0.95 0.9 0.85 0.8 0.75 0.7],4,0.0
129,1,0,33,0,0,[1 0 0 1 1 0],[0 1 1 0 0 1],[0.95 0.9 0.85 0.8 0.75 0.7],4,0.0
130,1,0,34,1,0,[1 0 0 0 0 1],[0 1 1 1 0 0],[0.95 0.9 0.85 0.8 0.75 0.7],2,0.0
131,1,0,35,0,0,[0 1 1 1 1 0],[1 0 0 0 0 1],[0.95 0.9 0.85 0.8 0.75 0.7],3,0.0
132,1,0,36,1,0,[1 0 0 0 0 1],[0 1 1 1 0 0],[0.95 0.9 0.85 0.8 0.75 0.7],2,0.0
133,1,0,37,1,0,[1 0 0 0 0 1],[0 1 1 1 0 0],[0.95 0.9 0.85 0.8 0.75 0.7],2,0.0
134,1,0,38,0,0,[0 1 1 1 1 0],[1 0 0 0 0 1],[0.95 0.9 0.85 0.8 0.75 0.7],3,0.0
135,1,0,39,1,0,[1 0 0 0 0 1],[0 1 1 1 0 0],[0.95 0.9 0.85 0.8 0.75 0.7],2,0.0
136,1,0,40,0,0,[1 0 0 1 1 0],[0 1 1 0 0 1],[0.95 0.9 0.85 0.8 0.75 0.7],4,0.0
137,1,0,41,1,0,[1 0 0 0 0 1],[0 1 1 1 0 0],[0.95 0.9 0.85 0.8 0.75 0.7],2,0.0
138,1,0,42,0,0,[0 1 1 1 1 0],[1 0 0 0 0 1],[0.95 0.9 0.85 0.8 0.75 0.7],3,0.0
139,1,0,43,0,0,[0 1 1 1 1 0],[1 0 0 0 0 1],[0.95 0.9 0.85 0.8 0.75 0.7],3,0.0
140,1,0,44,1,0,[0 1 0 1 0 1],[1 0 1 0 1 0],[0.95 0.9 0.85 0.8 0.75 0.7],1,0.0
141,1,0,45,1,0,[0 1 0 1 0 1],[1 0 1 0 1 0],[0.95 0.9 0.85 0.8 0.75 0.7],1,0.0
142,1,0,46,0,0,[0 1 1 1 1 0],[1 0 0 0 0 1],[0.95 0.9 0.85 0.8 0.75 0.7],3,0.0
143,1,0,47,0,0,[0 1 1 1 1 0],[1 0 0 0 0 1],[0.95 0.9 0.85 0.8 0.75 0.7],3,0.0
144,1,0,48,1,0,[1 0 0 0 0 1],[0 1 1 1 0 0],[0.95 0.9 0.85 0.8 0.75 0.7],2,0.0
145,1,0,49,1,0,[1 0 0 0 0 1],[0 1 1 1 0 0],[0.95 0.9 0.85 0.8 0.75 0.7],2,0.0
146,1,0,50,1,0,[1 0 0 0 0 1],[0 1 1 1 0 0],[0.95 0.9 0.85 0.8 0.75 0.7],2,0.0
147,1,0,51,0,0,[1 0 0 1 1 0],[0 1 1 0 0 1],[0.95 0.9 0.85 0.8 0.75 0.7],4,0.0
148,1,0,52,0,0,[0 1 0 1 0 1],[1 0 1 0 1 0],[0.95 0.9 0.85 0.8 0.75 0.7],1,0.0
149,1,0,53,0,0,[0 1 1 1 1 0],[1 0 0 0 0 1],[0.95 0.9 0.85 0.8 0.75 0.7],3,0.0
150,1,0,54,0,0,[0 1 1 1 1 0],[1 0 0 0 0 1],[0.95 0.9 0.85 0.8 0.75 0.7],3,0.0
151,1,0,55,0,0,[0 1 1 1 1 0],[1 0 0 0 0 1],[0.95 0.9 0.85 0.8 0.75 0.7],3,0.0
152,1,0,56,1,0,[1 0 0 0 0 1],[0 1 1 1 0 0],[0.95 0.9 0.85 0.8 0.75 0.7],2,0.0
153,1,0,57,0,0,[1 0 0 1 1 0],[0 1 1 0 0 1],[0.95 0.9 0.85 0.8 0.75 0.7],4,0.0
154,1,0,58,0,0,[0 1 1 1 1 0],[1 0 0 0 0 1],[0.95 0.9 0.85 0.8 0.75 0.7],3,0.0
155,1,0,59,0,0,[1 0 0 1 1 0],[0 1 1 0 0 1],[0.95 0.9 0.85 0.8 0.75 0.7],4,0.0
156,1,0,60,0,0,[0 1 1 1 1 0],[1 0 0 0 0 1],[0.95 0.9 0.85 0.8 0.75 0.7],3,0.0
157,1,0,61,1,0,[0 1 0 1 0 1],[1 0 1 0 1 0],[0.95 0.9 0.85 0.8 0.75 0.7],1,0.0
158,1,0,62,0,0,[1 0 0 1 1 0],[0 1 1 0 0 1],[0.95 0.9 0.85 0.8 0.75 0.7],4,0.0
159,1,0,63,1,0,[0 1 0 1 0 1],[1 0 1 0 1 0],[0.95 0.9 0.85 0.8 0.75 0.7],1,0.0
160,1,0,64,0,0,[1 0 0 1 1 0],[0 1 1 0 0 1],[0.95 0.9 0.85 0.8 0.75 0.7],4,0.0
161,1,0,65,0,0,[0 1 1 1 1 0],[1 0 0 0 0 1],[0.95 0.9 0.85 0.8 0.75 0.7],3,0.0
162,1,0,66,1,0,[0 1 0 1 0 1],[1 0 1 0 1 0],[0.95 0.9 0.85 0.8 0.75 0.7],1,0.0
163,1,0,67,0,0,[1 0 0 1 1 0],[0 1 1 0 0 1],[0.95 0.9 0.85 0.8 0.75 0.7],4,0.0
164,1,0,68,0,0,[1 0 0 1 1 0],[0 1 1 0 0 1],[0.95 0.9 0.85 0.8 0.75 0.7],4,0.0
165,1,0,69,1,0,[0 1 0 1 0 1],[1 0 1 0 1 0],[0.95 0.9 0.85 0.8 0.75 0.7],1,0.0
166,1,0,70,1,0,[0 1 0 1 0 1],[1 0 1 0 1 0],[0.95 0.9 0.85 0.8 0.75 0.7],1,0.0
167,1,0,71,0,0,[0 1 1 1 1 0],[1 0 0 0 0 1],[0.95 0.9 0.85 0.8 0.75 0.7],3,0.0
168,1,0,72,1,0,[0 1 0 1 0 1],[1 0 1 0 1 0],[0.95 0.9 0.85 0.8 0.75 0.7],1,0.0
169,1,0,73,1,0,[1 0 0 0 0 1],[0 1 1 1 0 0],[0.95 0.9 0.85 0.8 0.75 0.7],2,0.0
170,1,0,74,1,0,[0 1 0 1 0 1],[1 0 1 0 1 0],[0.95 0.9 0.85 0.8 0.75 0.7],1,0.0
171,1,0,75,0,0,[1 0 0 1 1 0],[0 1 1 0 0 1],[0.95 0.9 0.85 0.8 0.75 0.7],4,0.0
172,1,0,76,1,0,[1 0 0 0 0 1],[0 1 1 1 0 0],[0.95 0.9 0.85 0.8 0.75 0.7],2,0.0
173,1,0,77,0,0,[0 1 1 1 1 0],[1 0 0 0 0 1],[0.95 0.9 0.85 0.8 0.75 0.7],3,0.0
174,1,0,78,1,0,[1 0 0 0 0 1],[0 1 1 1 0 0],[0.95 0.9 0.85 0.8 0.75 0.7],2,0.0
175,1,0,79,0,0,[0 1 1 1 1 0],[1 0 0 0 0 1],[0.95 0.9 0.85 0.8 0.75 0.7],3,0.0
176,1,0,80,0,0,[1 0 0 1 1 0],[0 1 1 0 0 1],[0.95 0.9 0.85 0.8 0.75 0.7],4,0.0
177,1,0,81,0,0,[1 0 0 1 1 0],[0 1 1 0 0 1],[0.95 0.9 0.85 0.8 0.75 0.7],4,0.0
178,1,0,82,0,0,[1 0 0 1 1 0],[0 1 1 0 0 1],[0.95 0.9 0.85 0.8 0.75 0.7],4,0.0
179,1,0,83,0,0,[0 1 1 1 1 0],[1 0 0 0 0 1],[0.95 0.9 0.85 0.8 0.75 0.7],3,0.0
180,1,0,84,0,0,[0 1 1 1 1 0],[1 0 0 0 0 1],[0.95 0.9 0.85 0.8 0.75 0.7],3,0.0
181,1,0,85,1,0,[1 0 0 0 0 1],[0 1 1 1 0 0],[0.95 0.9 0.85 0.8 0.75 0.7],2,0.0
182,1,0,86,0,0,[1 0 0 1 1 0],[0 1 1 0 0 1],[0.95 0.9 0.85 0.8 0.75 0.7],4,0.0
183,1,0,87,0,0,[1 0 0 1 1 0],[0 1 1 0 0 1],[0.95 0.9 0.85 0.8 0.75 0.7],4,0.0
184,1,0,88,0,0,[1 0 0 1 1 0],[0 1 1 0 0 1],[0.95 0.9 0.85 0.8 0.75 0.7],4,0.0
185,1,0,89,0,0,[1 0 0 1 1 0],[0 1 1 0 0 1],[0.95 0.9 0.85 0.8 0.75 0.7],4,0.0
186,1,0,90,1,0,[0 1 0 1 0 1],[1 0 1 0 1 0],[0.95 0.9 0.85 0.8 0.75 0.7],1,0.0
187,1,0,91,0,0,[1 0 0 1 1 0],[0 1 1 0 0 1],[0.95 0.9 0.85 0.8 0.75 0.7],4,0.0
188,1,0,92,0,0,[0 1 1 1 1 0],[1 0 0 0 0 1],[0.95 0.9 0.85 0.8 0.75 0.7],3,0.0
189,1,0,93,0,0,[0 1 1 1 1 0],[1 0 0 0 0 1],[0.95 0.9 0.85 0.8 0.75 0.7],3,0.0
190,1,0,94,1,0,[0 1 0 1 0 1],[1 0 1 0 1 0],[0.95 0.9 0.85 0.8 0.75 0.7],1,0.0
191,1,0,95,1,0,[0 1 0 1 0 1],[1 0 1 0 1 0],[0.95 0.9 0.85 0.8 0.75 0.7],1,0.0
192,2,0,0,0,0,[0 1 0 1 0 1],[1 0 1 0 1 0],[0.95 0.9 0.85 0.8 0.75 0.7],1,0.0
193,2,0,1,1,0,[0 1 0 1 0 1],[1 0 1 0 1 0],[0.95 0.9 0.85 0.8 0.75 0.7],1,0.0
194,2,0,2,1,0,[1 0 0 0 0 1],[0 1 1 1 0 0],[0.95 0.9 0.85 0.8 0.75 0.7],2,0.0
195,2,0,3,0,0,[1 0 0 0 0 1],[0 1 1 1 0 0],[0.95 0.9 0.85 0.8 0.75 0.7],2,0.0
196,2,0,4,0,0,[0 1 1 1 1 0],[1 0 0 0 0 1],[0.95 0.9 0.85 0.8 0.75 0.7],3,0.0
197,2,0,5,1,0,[0 1 0 1 0 1],[1 0 1 0 1 0],[0.95 0.9 0.85 0.8 0.75 0.7],1,0.0
198,2,0,6,1,0,[0 1 0 1 0 1],[1 0 1 0 1 0],[0.95 0.9 0.85 0.8 0.75 0.7],1,0.0
199,2,0,7,0,0,[1 0 0 0 0 1],[0 1 1 1 0 0],[0.95 0.9 0.85 0.8 0.75 0.7],2,0.0
200,2,0,8,1,0,[0 1 0 1 0 1],[1 0 1 0 1 0],[0.95 0.9 0.85 0.8 0.75 0.7],1,0.0
201,2,0,9,1,0,[0 1 0 1 0 1],[1 0 1 0 1 0],[0.95 0.9 0.85 0.8 0.75 0.7],1,0.0
202,2,0,10,0,0,[1 0 0 0 0 1],[0 1 1 1 0 0],[0.95 0.9 0.85 0.8 0.75 0.7],2,0.0
203,2,0,11,1,0,[1 0 0 1 1 0],[0 1 1 0 0 1],[0.95 0.9 0.85 0.8 0.75 0.7],4,0.0
204,2,0,12,0,0,[0 1 1 1 1 0],[1 0 0 0 0 1],[0.95 0.9 0.85 0.8 0.75 0.7],3,0.0
205,2,0,13,0,0,[0 1 1 1 1 0],[1 0 0 0 0 1],[0.95 0.9 0.85 0.8 0.75 0.7],3,0.0
206,2,0,14,1,0,[1 0 0 1 1 0],[0 1 1 0 0 1],[0.95 0.9 0.85 0.8 0.75 0.7],4,0.0
207,2,0,15,0,0,[1 0 0 1 1 0],[0 1 1 0 0 1],[0.95 0.9 0.85 0.8 0.75 0.7],4,0.0
208,2,0,16,1,0,[0 1 0 1 0 1],[1 0 1 0 1 0],[0.95 0.9 0.85 0.8 0.75 0.7],1,0.0
209,2,0,17,1,0,[1 0 0 1 1 0],[0 1 1 0 0 1],[0.95 0.9 0.85 0.8 0.75 0.7],4,0.0
210,2,0,18,0,0,[1 0 0 0 0 1],[0 1 1 1 0 0],[0.95 0.9 0.85 0.8 0.75 0.7],2,0.0
211,2,0,19,1,0,[0 1 0 1 0 1],[1 0 1 0 1 0],[0.95 0.9 0.85 0.8 0.75 0.7],1,0.0
212,2,0,20,0,0,[1 0 0 1 1 0],[0 1 1 0 0 1],[0.95 0.9 0.85 0.8 0.75 0.7],4,0.0
213,2,0,21,0,0,[1 0 0 0 0 1],[0 1 1 1 0 0],[0.95 0.9 0.85 0.8 0.75 0.7],2,0.0
214,2,0,22,0,0,[1 0 0 0 0 1],[0 1 1 1 0 0],[0.95 0.9 0.85 0.8 0.75 0.7],2,0.0
215,2,0,23,0,0,[0 1 0 1 0 1],[1 0 1 0 1 0],[0.95 0.9 0.85 0.8 0.75 0.7],1,0.0
216,2,0,24,1,0,[1 0 0 0 0 1],[0 1 1 1 0 0],[0.95 0.9 0.85 0.8 0.75 0.7],2,0.0
217,2,0,25,0,0,[0 1 0 1 0 1],[1 0 1 0 1 0],[0.95 0.9 0.85 0.8 0.75 0.7],1,0.0
218,2,0,26,0,0,[1 0 0 0 0 1],[0 1 1 1 0 0],[0.95 0.9 0.85 0.8 0.75 0.7],2,0.0
219,2,0,27,0,0,[1 0 0 0 0 1],[0 1 1 1 0 0],[0.95 0.9 0.85 0.8 0.75 0.7],2,0.0
220,2,0,28,1,0,[1 0 0 0 0 1],[0 1 1 1 0 0],[0.95 0.9 0.85 0.8 0.75 0.7],2,0.0
221,2,0,29,1,0,[0 1 1 1 1 0],[1 0 0 0 0 1],[0.95 0.9 0.85 0.8 0.75 0.7],3,0.0
222,2,0,30,0,0,[0 1 0 1 0 1],[1 0 1 0 1 0],[0.95 0.9 0.85 0.8 0.75 0.7],1,0.0
223,2,0,31,0,0,[0 1 1 1 1 0],[1 0 0 0 0 1],[0.95 0.9 0.85 0.8 0.75 0.7],3,0.0
224,2,0,32,1,0,[1 0 0 1 1 0],[0 1 1 0 0 1],[0.95 0.9 0.85 0.8 0.75 0.7],4,0.0
225,2,0,33,1,0,[1 0 0 1 1 0],[0 1 1 0 0 1],[0.95 0.9 0.85 0.8 0.75 0.7],4,0.0
226,2,0,34,1,0,[1 0 0 0 0 1],[0 1 1 1 0 0],[0.95 0.9 0.85 0.8 0.75 0.7],2,0.0
227,2,0,35,1,0,[0 1 1 1 1 0],[1 0 0 0 0 1],[0.95 0.9 0.85 0.8 0.75 0.7],3,0.0
228,2,0,36,1,0,[1 0 0 0 0 1],[0 1 1 1 0 0],[0.95 0.9 0.85 0.8 0.75 0.7],2,0.0
229,2,0,37,0,0,[1 0 0 0 0 1],[0 1 1 1 0 0],[0.95 0.9 0.85 0.8 0.75 0.7],2,0.0
230,2,0,38,1,0,[0 1 1 1 1 0],[1 0 0 0 0 1],[0.95 0.9 0.85 0.8 0.75 0.7],3,0.0
231,2,0,39,0,0,[1 0 0 0 0 1],[0 1 1 1 0 0],[0.95 0.9 0.85 0.8 0.75 0.7],2,0.0
232,2,0,40,1,0,[1 0 0 1 1 0],[0 1 1 0 0 1],[0.95 0.9 0.85 0.8 0.75 0.7],4,0.0
233,2,0,41,0,0,[1 0 0 0 0 1],[0 1 1 1 0 0],[0.95 0.9 0.85 0.8 0.75 0.7],2,0.0
234,2,0,42,0,0,[0 1 1 1 1 0],[1 0 0 0 0 1],[0.95 0.9 0.85 0.8 0.75 0.7],3,0.0
235,2,0,43,0,0,[0 1 1 1 1 0],[1 0 0 0 0 1],[0.95 0.9 0.85 0.8 0.75 0.7],3,0.0
236,2,0,44,0,0,[0 1 0 1 0 1],[1 0 1 0 1 0],[0.95 0.9 0.85 0.8 0.75 0.7],1,0.0
237,2,0,45,0,0,[0 1 0 1 0 1],[1 0 1 0 1 0],[0.95 0.9 0.85 0.8 0.75 0.7],1,0.0
238,2,0,46,1,0,[0 1 1 1 1 0],[1 0 0 0 0 1],[0.95 0.9 0.85 0.8 0.75 0.7],3,0.0
239,2,0,47,1,0,[0 1 1 1 1 0],[1 0 0 0 0 1],[0.95 0.9 0.85 0.8 0.75 0.7],3,0.0
240,2,0,48,0,0,[1 0 0 0 0 1],[0 1 1 1 0 0],[0.95 0.9 0.85 0.8 0.75 0.7],2,0.0
241,2,0,49,1,0,[1 0 0 0 0 1],[0 1 1 1 0 0],[0.95 0.9 0.85 0.8 0.75 0.7],2,0.0
242,2,0,50,0,0,[1 0 0 0 0 1],[0 1 1 1 0 0],[0.95 0.9 0.85 0.8 0.75 0.7],2,0.0
243,2,0,51,1,0,[1 0 0 1 1 0],[0 1 1 0 0 1],[0.95 0.9 0.85 0.8 0.75 0.7],4,0.0
244,2,0,52,1,0,[0 1 0 1 0 1],[1 0 1 0 1 0],[0.95 0.9 0.85 0.8 0.75 0.7],1,0.0
245,2,0,53,0,0,[0 1 1 1 1 0],[1 0 0 0 0 1],[0.95 0.9 0.85 0.8 0.75 0.7],3,0.0
246,2,0,54,1,0,[0 1 1 1 1 0],[1 0 0 0 0 1],[0.95 0.9 0.85 0.8 0.75 0.7],3,0.0
247,2,0,55,0,0,[0 1 1 1 1 0],[1 0 0 0 0 1],[0.95 0.9 0.85 0.8 0.75 0.7],3,0.0
248,2,0,56,0,0,[1 0 0 0 0 1],[0 1 1 1 0 0],[0.95 0.9 0.85 0.8 0.75 0.7],2,0.0
249,2,0,57,0,0,[1 0 0 1 1 0],[0 1 1 0 0 1],[0.95 0.9 0.85 0.8 0.75 0.7],4,0.0
250,2,0,58,0,0,[0 1 1 1 1 0],[1 0 0 0 0 1],[0.95 0.9 0.85 0.8 0.75 0.7],3,0.0
251,2,0,59,1,0,[1 0 0 1 1 0],[0 1 1 0 0 1],[0.95 0.9 0.85 0.8 0.75 0.7],4,0.0
252,2,0,60,0,0,[0 1 1 1 1 0],[1 0 0 0 0 1],[0.95 0.9 0.85 0.8 0.75 0.7],3,0.0
253,2,0,61,1,0,[0 1 0 1 0 1],[1 0 1 0 1 0],[0.95 0.9 0.85 0.8 0.75 0.7],1,0.0
254,2,0,62,0,0,[1 0 0 1 1 0],[0 1 1 0 0 1],[0.95 0.9 0.85 0.8 0.75 0.7],4,0.0
255,2,0,63,0,0,[0 1 0 1 0 1],[1 0 1 0 1 0],[0.95 0.9 0.85 0.8 0.75 0.7],1,0.0
256,2,0,64,0,0,[1 0 0 1 1 0],[0 1 1 0 0 1],[0.95 0.9 0.85 0.8 0.75 0.7],4,0.0
257,2,0,65,1,0,[0 1 1 1 1 0],[1 0 0 0 0 1],[0.95 0.9 0.85 0.8 0.75 0.7],3,0.0
258,2,0,66,1,0,[0 1 0 1 0 1],[1 0 1 0 1 0],[0.95 0.9 0.85 0.8 0.75 0.7],1,0.0
259,2,0,67,1,0,[1 0 0 1 1 0],[0 1 1 0 0 1],[0.95 0.9 0.85 0.8 0.75 0.7],4,0.0
260,2,0,68,1,0,[1 0 0 1 1 0],[0 1 1 0 0 1],[0.95 0.9 0.85 0.8 0.75 0.7],4,0.0
261,2,0,69,1,0,[0 1 0 1 0 1],[1 0 1 0 1 0],[0.95 0.9 0.85 0.8 0.75 0.7],1,0.0
262,2,0,70,1,0,[0 1 0 1 0 1],[1 0 1 0 1 0],[0.95 0.9 0.85 0.8 0.75 0.7],1,0.0
263,2,0,71,1,0,[0 1 1 1 1 0],[1 0 0 0 0 1],[0.95 0.9 0.85 0.8 0.75 0.7],3,0.0
264,2,0,72,0,0,[0 1 0 1 0 1],[1 0 1 0 1 0],[0.95 0.9 0.85 0.8 0.75 0.7],1,0.0
265,2,0,73,1,0,[1 0 0 0 0 1],[0 1 1 1 0 0],[0.95 0.9 0.85 0.8 0.75 0.7],2,0.0
266,2,0,74,0,0,[0 1 0 1 0 1],[1 0 1 0 1 0],[0.95 0.9 0.85 0.8 0.75 0.7],1,0.0
267,2,0,75,1,0,[1 0 0 1 1 0],[0 1 1 0 0 1],[0.95 0.9 0.85 0.8 0.75 0.7],4,0.0
268,2,0,76,1,0,[1 0 0 0 0 1],[0 1 1 1 0 0],[0.95 0.9 0.85 0.8 0.75 0.7],2,0.0
269,2,0,77,1,0,[0 1 1 1 1 0],[1 0 0 0 0 1],[0.95 0.9 0.85 0.8 0.75 0.7],3,0.0
270,2,0,78,1,0,[1 0 0 0 0 1],[0 1 1 1 0 0],[0.95 0.9 0.85 0.8 0.75 0.7],2,0.0
271,2,0,79,1,0,[0 1 1 1 1 0],[1 0 0 0 0 1],[0.95 0.9 0.85 0.8 0.75 0.7],3,0.0
272,2,0,80,1,0,[1 0 0 1 1 0],[0 1 1 0 0 1],[0.95 0.9 0.85 0.8 0.75 0.7],4,0.0
273,2,0,81,0,0,[1 0 0 1 1 0],[0 1 1 0 0 1],[0.95 0.9 0.85 0.8 0.75 0.7],4,0.0
274,2,0,82,0,0,[1 0 0 1 1 0],[0 1 1 0 0 1],[0.95 0.9 0.85 0.8 0.75 0.7],4,0.0
275,2,0,83,1,0,[0 1 1 1 1 0],[1 0 0 0 0 1],[0.95 0.9 0.85 0.8 0.75 0.7],3,0.0
276,2,0,84,0,0,[0 1 1 1 1 0],[1 0 0 0 0 1],[0.95 0.9 0.85 0.8 0.75 0.7],3,0.0
277,2,0,85,1,0,[1 0 0 0 0 1],[0 1 1 1 0 0],[0.95 0.9 0.85 0.8 0.75 0.7],2,0.0
278,2,0,86,0,0,[1 0 0 1 1 0],[0 1 1 0 0 1],[0.95 0.9 0.85 0.8 0.75 0.7],4,0.0
279,2,0,87,0,0,[1 0 0 1 1 0],[0 1 1 0 0 1],[0.95 0.9 0.85 0.8 0.75 0.7],4,0.0
280,2,0,88,0,0,[1 0 0 1 1 0],[0 1 1 0 0 1],[0.95 0.9 0.85 0.8 0.75 0.7],4,0.0
281,2,0,89,1,0,[1 0 0 1 1 0],[0 1 1 0 0 1],[0.95 0.9 0.85 0.8 0.75 0.7],4,0.0
282,2,0,90,0,0,[0 1 0 1 0 1],[1 0 1 0 1 0],[0.95 0.9 0.85 0.8 0.75 0.7],1,0.0
283,2,0,91,0,0,[1 0 0 1 1 0],[0 1 1 0 0 1],[0.95 0.9 0.85 0.8 0.75 0.7],4,0.0
284,2,0,92,0,0,[0 1 1 1 1 0],[1 0 0 0 0 1],[0.95 0.9 0.85 0.8 0.75 0.7],3,0.0
285,2,0,93,1,0,[0 1 1 1 1 0],[1 0 0 0 0 1],[0.95 0.9 0.85 0.8 0.75 0.7],3,0.0
286,2,0,94,0,0,[0 1 0 1 0 1],[1 0 1 0 1 0],[0.95 0.9 0.85 0.8 0.75 0.7],1,0.0
287,2,0,95,0,0,[0 1 0 1 0 1],[1 0 1 0 1 0],[0.95 0.9 0.85 0.8 0.75 0.7],1,0.0
288,3,0,0,0,0,[0 1 0 1 0 1],[1 0 1 0 1 0],[0.95 0.9 0.85 0.8 0.75 0.7],1,0.0
289,3,0,1,1,0,[0 1 0 1 0 1],[1 0 1 0 1 0],[0.95 0.9 0.85 0.8 0.75 0.7],1,0.0
290,3,0,2,1,0,[1 0 0 0 0 1],[0 1 1 1 0 0],[0.95 0.9 0.85 0.8 0.75 0.7],2,0.0
291,3,0,3,0,0,[1 0 0 0 0 1],[0 1 1 1 0 0],[0.95 0.9 0.85 0.8 0.75 0.7],2,0.0
292,3,0,4,0,0,[0 1 1 1 1 0],[1 0 0 0 0 1],[0.95 0.9 0.85 0.8 0.75 0.7],3,0.0
293,3,0,5,1,0,[0 1 0 1 0 1],[1 0 1 0 1 0],[0.95 0.9 0.85 0.8 0.75 0.7],1,0.0
294,3,0,6,1,0,[0 1 0 1 0 1],[1 0 1 0 1 0],[0.95 0.9 0.85 0.8 0.75 0.7],1,0.0
295,3,0,7,0,0,[1 0 0 0 0 1],[0 1 1 1 0 0],[0.95 0.9 0.85 0.8 0.75 0.7],2,0.0
296,3,0,8,1,0,[0 1 0 1 0 1],[1 0 1 0 1 0],[0.95 0.9 0.85 0.8 0.75 0.7],1,0.0
297,3,0,9,1,0,[0 1 0 1 0 1],[1 0 1 0 1 0],[0.95 0.9 0.85 0.8 0.75 0.7],1,0.0
298,3,0,10,0,0,[1 0 0 0 0 1],[0 1 1 1 0 0],[0.95 0.9 0.85 0.8 0.75 0.7],2,0.0
299,3,0,11,1,0,[1 0 0 1 1 0],[0 1 1 0 0 1],[0.95 0.9 0.85 0.8 0.75 0.7],4,0.0
300,3,0,12,0,0,[0 1 1 1 1 0],[1 0 0 0 0 1],[0.95 0.9 0.85 0.8 0.75 0.7],3,0.0
301,3,0,13,0,0,[0 1 1 1 1 0],[1 0 0 0 0 1],[0.95 0.9 0.85 0.8 0.75 0.7],3,0.0
302,3,0,14,1,0,[1 0 0 1 1 0],[0 1 1 0 0 1],[0.95 0.9 0.85 0.8 0.75 0.7],4,0.0
303,3,0,15,0,0,[1 0 0 1 1 0],[0 1 1 0 0 1],[0.95 0.9 0.85 0.8 0.75 0.7],4,0.0
304,3,0,16,1,0,[0 1 0 1 0 1],[1 0 1 0 1 0],[0.95 0.9 0.85 0.8 0.75 0.7],1,0.0
305,3,0,17,0,0,[1 0 0 1 1 0],[0 1 1 0 0 1],[0.95 0.9 0.85 0.8 0.75 0.7],4,0.0
306,3,0,18,0,0,[1 0 0 0 0 1],[0 1 1 1 0 0],[0.95 0.9 0.85 0.8 0.75 0.7],2,0.0
307,3,0,19,1,0,[0 1 0 1 0 1],[1 0 1 0 1 0],[0.95 0.9 0.85 0.8 0.75 0.7],1,0.0
308,3,0,20,1,0,[1 0 0 1 1 0],[0 1 1 0 0 1],[0.95 0.9 0.85 0.8 0.75 0.7],4,0.0
309,3,0,21,0,0,[1 0 0 0 0 1],[0 1 1 1 0 0],[0.95 0.9 0.85 0.8 0.75 0.7],2,0.0
310,3,0,22,0,0,[1 0 0 0 0 1],[0 1 1 1 0 0],[0.95 0.9 0.85 0.8 0.75 0.7],2,0.0
311,3,0,23,0,0,[0 1 0 1 0 1],[1 0 1 0 1 0],[0.95 0.9 0.85 0.8 0.75 0.7],1,0.0
312,3,0,24,1,0,[1 0 0 0 0 1],[0 1 1 1 0 0],[0.95 0.9 0.85 0.8 0.75 0.7],2,0.0
313,3,0,25,0,0,[0 1 0 1 0 1],[1 0 1 0 1 0],[0.95 0.9 0.85 0.8 0.75 0.7],1,0.0
314,3,0,26,0,0,[1 0 0 0 0 1],[0 1 1 1 0 0],[0.95 0.9 0.85 0.8 0.75 0.7],2,0.0
315,3,0,27,1,0,[1 0 0 0 0 1],[0 1 1 1 0 0],[0.95 0.9 0.85 0.8 0.75 0.7],2,0.0
316,3,0,28,1,0,[1 0 0 0 0 1],[0 1 1 1 0 0],[0.95 0.9 0.85 0.8 0.75 0.7],2,0.0
317,3,0,29,0,0,[0 1 1 1 1 0],[1 0 0 0 0 1],[0.95 0.9 0.85 0.8 0.75 0.7],3,0.0
318,3,0,30,1,0,[0 1 0 1 0 1],[1 0 1 0 1 0],[0.95 0.9 0.85 0.8 0.75 0.7],1,0.0
319,3,0,31,0,0,[0 1 1 1 1 0],[1 0 0 0 0 1],[0.95 0.9 0.85 0.8 0.75 0.7],3,0.0
320,3,0,32,1,0,[1 0 0 1 1 0],[0 1 1 0 0 1],[0.95 0.9 0.85 0.8 0.75 0.7],4,0.0
321,3,0,33,0,0,[1 0 0 1 1 0],[0 1 1 0 0 1],[0.95 0.9 0.85 0.8 0.75 0.7],4,0.0
322,3,0,34,1,0,[1 0 0 0 0 1],[0 1 1 1 0 0],[0.95 0.9 0.85 0.8 0.75 0.7],2,0.0
323,3,0,35,0,0,[0 1 1 1 1 0],[1 0 0 0 0 1],[0.95 0.9 0.85 0.8 0.75 0.7],3,0.0
324,3,0,36,1,0,[1 0 0 0 0 1],[0 1 1 1 0 0],[0.95 0.9 0.85 0.8 0.75 0.7],2,0.0
325,3,0,37,1,0,[1 0 0 0 0 1],[0 1 1 1 0 0],[0.95 0.9 0.85 0.8 0.75 0.7],2,0.0
326,3,0,38,0,0,[0 1 1 1 1 0],[1 0 0 0 0 1],[0.95 0.9 0.85 0.8 0.75 0.7],3,0.0
327,3,0,39,1,0,[1 0 0 0 0 1],[0 1 1 1 0 0],[0.95 0.9 0.85 0.8 0.75 0.7],2,0.0
328,3,0,40,0,0,[1 0 0 1 1 0],[0 1 1 0 0 1],[0.95 0.9 0.85 0.8 0.75 0.7],4,0.0
329,3,0,41,1,0,[1 0 0 0 0 1],[0 1 1 1 0 0],[0.95 0.9 0.85 0.8 0.75 0.7],2,0.0
330,3,0,42,0,0,[0 1 1 1 1 0],[1 0 0 0 0 1],[0.95 0.9 0.85 0.8 0.75 0.7],3,0.0
331,3,0,43,0,0,[0 1 1 1 1 0],[1 0 0 0 0 1],[0.95 0.9 0.85 0.8 0.75 0.7],3,0.0
332,3,0,44,1,0,[0 1 0 1 0 1],[1 0 1 0 1 0],[0.95 0.9 0.85 0.8 0.75 0.7],1,0.0
333,3,0,45,1,0,[0 1 0 1 0 1],[1 0 1 0 1 0],[0.95 0.9 0.85 0.8 0.75 0.7],1,0.0
334,3,0,46,0,0,[0 1 1 1 1 0],[1 0 0 0 0 1],[0.95 0.9 0.85 0.8 0.75 0.7],3,0.0
335,3,0,47,0,0,[0 1 1 1 1 0],[1 0 0 0 0 1],[0.95 0.9 0.85 0.8 0.75 0.7],3,0.0
336,3,0,48,1,0,[1 0 0 0 0 1],[0 1 1 1 0 0],[0.95 0.9 0.85 0.8 0.75 0.7],2,0.0
337,3,0,49,1,0,[1 0 0 0 0 1],[0 1 1 1 0 0],[0.95 0.9 0.85 0.8 0.75 0.7],2,0.0
338,3,0,50,1,0,[1 0 0 0 0 1],[0 1 1 1 0 0],[0.95 0.9 0.85 0.8 0.75 0.7],2,0.0
339,3,0,51,0,0,[1 0 0 1 1 0],[0 1 1 0 0 1],[0.95 0.9 0.85 0.8 0.75 0.7],4,0.0
340,3,0,52,1,0,[0 1 0 1 0 1],[1 0 1 0 1 0],[0.95 0.9 0.85 0.8 0.75 0.7],1,0.0
341,3,0,53,0,0,[0 1 1 1 1 0],[1 0 0 0 0 1],[0.95 0.9 0.85 0.8 0.75 0.7],3,0.0
342,3,0,54,0,0,[0 1 1 1 1 0],[1 0 0 0 0 1],[0.95 0.9 0.85 0.8 0.75 0.7],3,0.0
343,3,0,55,0,0,[0 1 1 1 1 0],[1 0 0 0 0 1],[0.95 0.9 0.85 0.8 0.75 0.7],3,0.0
344,3,0,56,1,0,[1 0 0 0 0 1],[0 1 1 1 0 0],[0.95 0.9 0.85 0.8 0.75 0.7],2,0.0
345,3,0,57,0,0,[1 0 0 1 1 0],[0 1 1 0 0 1],[0.95 0.9 0.85 0.8 0.75 0.7],4,0.0
346,3,0,58,0,0,[0 1 1 1 1 0],[1 0 0 0 0 1],[0.95 0.9 0.85 0.8 0.75 0.7],3,0.0
347,3,0,59,0,0,[1 0 0 1 1 0],[0 1 1 0 0 1],[0.95 0.9 0.85 0.8 0.75 0.7],4,0.0
348,3,0,60,0,0,[0 1 1 1 1 0],[1 0 0 0 0 1],[0.95 0.9 0.85 0.8 0.75 0.7],3,0.0
349,3,0,61,1,0,[0 1 0 1 0 1],[1 0 1 0 1 0],[0.95 0.9 0.85 0.8 0.75 0.7],1,0.0
350,3,0,62,0,0,[1 0 0 1 1 0],[0 1 1 0 0 1],[0.95 0.9 0.85 0.8 0.75 0.7],4,0.0
351,3,0,63,1,0,[0 1 0 1 0 1],[1 0 1 0 1 0],[0.95 0.9 0.85 0.8 0.75 0.7],1,0.0
352,3,0,64,0,0,[1 0 0 1 1 0],[0 1 1 0 0 1],[0.95 0.9 0.85 0.8 0.75 0.7],4,0.0
353,3,0,65,0,0,[0 1 1 1 1 0],[1 0 0 0 0 1],[0.95 0.9 0.85 0.8 0.75 0.7],3,0.0
354,3,0,66,1,0,[0 1 0 1 0 1],[1 0 1 0 1 0],[0.95 0.9 0.85 0.8 0.75 0.7],1,0.0
355,3,0,67,0,0,[1 0 0 1 1 0],[0 1 1 0 0 1],[0.95 0.9 0.85 0.8 0.75 0.7],4,0.0
356,3,0,68,0,0,[1 0 0 1 1 0],[0 1 1 0 0 1],[0.95 0.9 0.85 0.8 0.75 0.7],4,0.0
357,3,0,69,1,0,[0 1 0 1 0 1],[1 0 1 0 1 0],[0.95 0.9 0.85 0.8 0.75 0.7],1,0.0
358,3,0,70,1,0,[0 1 0 1 0 1],[1 0 1 0 1 0],[0.95 0.9 0.85 0.8 0.75 0.7],1,0.0
359,3,0,71,0,0,[0 1 1 1 1 0],[1 0 0 0 0 1],[0.95 0.9 0.85 0.8 0.75 0.7],3,0.0
360,3,0,72,1,0,[0 1 0 1 0 1],[1 0 1 0 1 0],[0.95 0.9 0.85 0.8 0.75 0.7],1,0.0
361,3,0,73,0,0,[1 0 0 0 0 1],[0 1 1 1 0 0],[0.95 0.9 0.85 0.8 0.75 0.7],2,0.0
362,3,0,74,1,0,[0 1 0 1 0 1],[1 0 1 0 1 0],[0.95 0.9 0.85 0.8 0.75 0.7],1,0.0
363,3,0,75,0,0,[1 0 0 1 1 0],[0 1 1 0 0 1],[0.95 0.9 0.85 0.8 0.75 0.7],4,0.0
364,3,0,76,1,0,[1 0 0 0 0 1],[0 1 1 1 0 0],[0.95 0.9 0.85 0.8 0.75 0.7],2,0.0
365,3,0,77,0,0,[0 1 1 1 1 0],[1 0 0 0 0 1],[0.95 0.9 0.85 0.8 0.75 0.7],3,0.0
366,3,0,78,1,0,[1 0 0 0 0 1],[0 1 1 1 0 0],[0.95 0.9 0.85 0.8 0.75 0.7],2,0.0
367,3,0,79,0,0,[0 1 1 1 1 0],[1 0 0 0 0 1],[0.95 0.9 0.85 0.8 0.75 0.7],3,0.0
368,3,0,80,0,0,[1 0 0 1 1 0],[0 1 1 0 0 1],[0.95 0.9 0.85 0.8 0.75 0.7],4,0.0
369,3,0,81,0,0,[1 0 0 1 1 0],[0 1 1 0 0 1],[0.95 0.9 0.85 0.8 0.75 0.7],4,0.0
370,3,0,82,0,0,[1 0 0 1 1 0],[0 1 1 0 0 1],[0.95 0.9 0.85 0.8 0.75 0.7],4,0.0
371,3,0,83,0,0,[0 1 1 1 1 0],[1 0 0 0 0 1],[0.95 0.9 0.85 0.8 0.75 0.7],3,0.0
372,3,0,84,0,0,[0 1 1 1 1 0],[1 0 0 0 0 1],[0.95 0.9 0.85 0.8 0.75 0.7],3,0.0
373,3,0,85,1,0,[1 0 0 0 0 1],[0 1 1 1 0 0],[0.95 0.9 0.85 0.8 0.75 0.7],2,0.0
374,3,0,86,0,0,[1 0 0 1 1 0],[0 1 1 0 0 1],[0.95 0.9 0.85 0.8 0.75 0.7],4,0.0
375,3,0,87,0,0,[1 0 0 1 1 0],[0 1 1 0 0 1],[0.95 0.9 0.85 0.8 0.75 0.7],4,0.0
376,3,0,88,0,0,[1 0 0 1 1 0],[0 1 1 0 0 1],[0.95 0.9 0.85 0.8 0.75 0.7],4,0.0
377,3,0,89,0,0,[1 0 0 1 1 0],[0 1 1 0 0 1],[0.95 0.9 0.85 0.8 0.75 0.7],4,0.0
378,3,0,90,1,0,[0 1 0 1 0 1],[1 0 1 0 1 0],[0.95 0.9 0.85 0.8 0.75 0.7],1,0.0
379,3,0,91,0,0,[1 0 0 1 1 0],[0 1 1 0 0 1],[0.95 0.9 0.85 0.8 0.75 0.7],4,0.0
380,3,0,92,0,0,[0 1 1 1 1 0],[1 0 0 0 0 1],[0.95 0.9 0.85 0.8 0.75 0.7],3,0.0
381,3,0,93,0,0,[0 1 1 1 1 0],[1 0 0 0 0 1],[0.95 0.9 0.85 0.8 0.75 0.7],3,0.0
382,3,0,94,1,0,[0 1 0 1 0 1],[1 0 1 0 1 0],[0.95 0.9 0.85 0.8 0.75 0.7],1,0.0
383,3,0,95,1,0,[0 1 0 1 0 1],[1 0 1 0 1 0],[0.95 0.9 0.85 0.8 0.75 0.7],1,0.0
384,4,0,0,0,0,[0 1 0 1 0 1],[1 0 1 0 1 0],[0.95 0.9 0.85 0.8 0.75 0.7],1,0.0
385,4,0,1,1,0,[0 1 0 1 0 1],[1 0 1 0 1 0],[0.95 0.9 0.85 0.8 0.75 0.7],1,0.0
386,4,0,2,1,0,[1 0 0 0 0 1],[0 1 1 1 0 0],[0.95 0.9 0.85 0.8 0.75 0.7],2,0.0
387,4,0,3,0,0,[1 0 0 0 0 1],[0 1 1 1 0 0],[0.95 0.9 0.85 0.8 0.75 0.7],2,0.0
388,4,0,4,0,0,[0 1 1 1 1 0],[1 0 0 0 0 1],[0.95 0.9 0.85 0.8 0.75 0.7],3,0.0
389,4,0,5,1,0,[0 1 0 1 0 1],[1 0 1 0 1 0],[0.95 0.9 0.85 0.8 0.75 0.7],1,0.0
390,4,0,6,1,0,[0 1 0 1 0 1],[1 0 1 0 1 0],[0.95 0.9 0.85 0.8 0.75 0.7],1,0.0
391,4,0,7,0,0,[1 0 0 0 0 1],[0 1 1 1 0 0],[0.95 0.9 0.85 0.8 0.75 0.7],2,0.0
392,4,0,8,1,0,[0 1 0 1 0 1],[1 0 1 0 1 0],[0.95 0.9 0.85 0.8 0.75 0.7],1,0.0
393,4,0,9,1,0,[0 1 0 1 0 1],[1 0 1 0 1 0],[0.95 0.9 0.85 0.8 0.75 0.7],1,0.0
394,4,0,10,0,0,[1 0 0 0 0 1],[0 1 1 1 0 0],[0.95 0.9 0.85 0.8 0.75 0.7],2,0.0
395,4,0,11,1,0,[1 0 0 1 1 0],[0 1 1 0 0 1],[0.95 0.9 0.85 0.8 0.75 0.7],4,0.0
396,4,0,12,0,0,[0 1 1 1 1 0],[1 0 0 0 0 1],[0.95 0.9 0.85 0.8 0.75 0.7],3,0.0
397,4,0,13,0,0,[0 1 1 1 1 0],[1 0 0 0 0 1],[0.95 0.9 0.85 0.8 0.75 0.7],3,0.0
398,4,0,14,1,0,[1 0 0 1 1 0],[0 1 1 0 0 1],[0.95 0.9 0.85 0.8 0.75 0.7],4,0.0
399,4,0,15,0,0,[1 0 0 1 1 0],[0 1 1 0 0 1],[0.95 0.9 0.85 0.8 0.75 0.7],4,0.0
400,4,0,16,1,0,[0 1 0 1 0 1],[1 0 1 0 1 0],[0.95 0.9 0.85 0.8 0.75 0.7],1,0.0
401,4,0,17,0,0,[1 0 0 1 1 0],[0 1 1 0 0 1],[0.95 0.9 0.85 0.8 0.75 0.7],4,0.0
402,4,0,18,1,0,[1 0 0 0 0 1],[0 1 1 1 0 0],[0.95 0.9 0.85 0.8 0.75 0.7],2,0.0
403,4,0,19,1,0,[0 1 0 1 0 1],[1 0 1 0 1 0],[0.95 0.9 0.85 0.8 0.75 0.7],1,0.0
404,4,0,20,0,0,[1 0 0 1 1 0],[0 1 1 0 0 1],[0.95 0.9 0.85 0.8 0.75 0.7],4,0.0
405,4,0,21,1,0,[1 0 0 0 0 1],[0 1 1 1 0 0],[0.95 0.9 0.85 0.8 0.75 0.7],2,0.0
406,4,0,22,1,0,[1 0 0 0 0 1],[0 1 1 1 0 0],[0.95 0.9 0.85 0.8 0.75 0.7],2,0.0
407,4,0,23,1,0,[0 1 0 1 0 1],[1 0 1 0 1 0],[0.95 0.9 0.85 0.8 0.75 0.7],1,0.0
408,4,0,24,1,0,[1 0 0 0 0 1],[0 1 1 1 0 0],[0.95 0.9 0.85 0.8 0.75 0.7],2,0.0
409,4,0,25,1,0,[0 1 0 1 0 1],[1 0 1 0 1 0],[0.95 0.9 0.85 0.8 0.75 0.7],1,0.0
410,4,0,26,1,0,[1 0 0 0 0 1],[0 1 1 1 0 0],[0.95 0.9 0.85 0.8 0.75 0.7],2,0.0
411,4,0,27,1,0,[1 0 0 0 0 1],[0 1 1 1 0 0],[0.95 0.9 0.85 0.8 0.75 0.7],2,0.0
412,4,0,28,1,0,[1 0 0 0 0 1],[0 1 1 1 0 0],[0.95 0.9 0.85 0.8 0.75 0.7],2,0.0
413,4,0,29,0,0,[0 1 1 1 1 0],[1 0 0 0 0 1],[0.95 0.9 0.85 0.8 0.75 0.7],3,0.0
414,4,0,30,1,0,[0 1 0 1 0 1],[1 0 1 0 1 0],[0.95 0.9 0.85 0.8 0.75 0.7],1,0.0
415,4,0,31,0,0,[0 1 1 1 1 0],[1 0 0 0 0 1],[0.95 0.9 0.85 0.8 0.75 0.7],3,0.0
416,4,0,32,0,0,[1 0 0 1 1 0],[0 1 1 0 0 1],[0.95 0.9 0.85 0.8 0.75 0.7],4,0.0
417,4,0,33,0,0,[1 0 0 1 1 0],[0 1 1 0 0 1],[0.95 0.9 0.85 0.8 0.75 0.7],4,0.0
418,4,0,34,1,0,[1 0 0 0 0 1],[0 1 1 1 0 0],[0.95 0.9 0.85 0.8 0.75 0.7],2,0.0
419,4,0,35,0,0,[0 1 1 1 1 0],[1 0 0 0 0 1],[0.95 0.9 0.85 0.8 0.75 0.7],3,0.0
420,4,0,36,1,0,[1 0 0 0 0 1],[0 1 1 1 0 0],[0.95 0.9 0.85 0.8 0.75 0.7],2,0.0
421,4,0,37,1,0,[1 0 0 0 0 1],[0 1 1 1 0 0],[0.95 0.9 0.85 0.8 0.75 0.7],2,0.0
422,4,0,38,0,0,[0 1 1 1 1 0],[1 0 0 0 0 1],[0.95 0.9 0.85 0.8 0.75 0.7],3,0.0
423,4,0,39,1,0,[1 0 0 0 0 1],[0 1 1 1 0 0],[0.95 0.9 0.85 0.8 0.75 0.7],2,0.0
424,4,0,40,0,0,[1 0 0 1 1 0],[0 1 1 0 0 1],[0.95 0.9 0.85 0.8 0.75 0.7],4,0.0
425,4,0,41,1,0,[1 0 0 0 0 1],[0 1 1 1 0 0],[0.95 0.9 0.85 0.8 0.75 0.7],2,0.0
426,4,0,42,0,0,[0 1 1 1 1 0],[1 0 0 0 0 1],[0.95 0.9 0.85 0.8 0.75 0.7],3,0.0
427,4,0,43,0,0,[0 1 1 1 1 0],[1 0 0 0 0 1],[0.95 0.9 0.85 0.8 0.75 0.7],3,0.0
428,4,0,44,1,0,[0 1 0 1 0 1],[1 0 1 0 1 0],[0.95 0.9 0.85 0.8 0.75 0.7],1,0.0
429,4,0,45,1,0,[0 1 0 1 0 1],[1 0 1 0 1 0],[0.95 0.9 0.85 0.8 0.75 0.7],1,0.0
430,4,0,46,0,0,[0 1 1 1 1 0],[1 0 0 0 0 1],[0.95 0.9 0.85 0.8 0.75 0.7],3,0.0
431,4,0,47,0,0,[0 1 1 1 1 0],[1 0 0 0 0 1],[0.95 0.9 0.85 0.8 0.75 0.7],3,0.0
432,4,0,48,1,0,[1 0 0 0 0 1],[0 1 1 1 0 0],[0.95 0.9 0.85 0.8 0.75 0.7],2,0.0
433,4,0,49,1,0,[1 0 0 0 0 1],[0 1 1 1 0 0],[0.95 0.9 0.85 0.8 0.75 0.7],2,0.0
434,4,0,50,0,0,[1 0 0 0 0 1],[0 1 1 1 0 0],[0.95 0.9 0.85 0.8 0.75 0.7],2,0.0
435,4,0,51,0,0,[1 0 0 1 1 0],[0 1 1 0 0 1],[0.95 0.9 0.85 0.8 0.75 0.7],4,0.0
436,4,0,52,1,0,[0 1 0 1 0 1],[1 0 1 0 1 0],[0.95 0.9 0.85 0.8 0.75 0.7],1,0.0
437,4,0,53,0,0,[0 1 1 1 1 0],[1 0 0 0 0 1],[0.95 0.9 0.85 0.8 0.75 0.7],3,0.0
438,4,0,54,0,0,[0 1 1 1 1 0],[1 0 0 0 0 1],[0.95 0.9 0.85 0.8 0.75 0.7],3,0.0
439,4,0,55,0,0,[0 1 1 1 1 0],[1 0 0 0 0 1],[0.95 0.9 0.85 0.8 0.75 0.7],3,0.0
440,4,0,56,1,0,[1 0 0 0 0 1],[0 1 1 1 0 0],[0.95 0.9 0.85 0.8 0.75 0.7],2,0.0
441,4,0,57,0,0,[1 0 0 1 1 0],[0 1 1 0 0 1],[0.95 0.9 0.85 0.8 0.75 0.7],4,0.0
442,4,0,58,0,0,[0 1 1 1 1 0],[1 0 0 0 0 1],[0.95 0.9 0.85 0.8 0.75 0.7],3,0.0
443,4,0,59,0,0,[1 0 0 1 1 0],[0 1 1 0 0 1],[0.95 0.9 0.85 0.8 0.75 0.7],4,0.0
444,4,0,60,0,0,[0 1 1 1 1 0],[1 0 0 0 0 1],[0.95 0.9 0.85 0.8 0.75 0.7],3,0.0
445,4,0,61,1,0,[0 1 0 1 0 1],[1 0 1 0 1 0],[0.95 0.9 0.85 0.8 0.75 0.7],1,0.0
446,4,0,62,0,0,[1 0 0 1 1 0],[0 1 1 0 0 1],[0.95 0.9 0.85 0.8 0.75 0.7],4,0.0
447,4,0,63,1,0,[0 1 0 1 0 1],[1 0 1 0 1 0],[0.95 0.9 0.85 0.8 0.75 0.7],1,0.0
448,4,0,64,0,0,[1 0 0 1 1 0],[0 1 1 0 0 1],[0.95 0.9 0.85 0.8 0.75 0.7],4,0.0
449,4,0,65,0,0,[0 1 1 1 1 0],[1 0 0 0 0 1],[0.95 0.9 0.85 0.8 0.75 0.7],3,0.0
450,4,0,66,1,0,[0 1 0 1 0 1],[1 0 1 0 1 0],[0.95 0.9 0.85 0.8 0.75 0.7],1,0.0
451,4,0,67,0,0,[1 0 0 1 1 0],[0 1 1 0 0 1],[0.95 0.9 0.85 0.8 0.75 0.7],4,0.0
452,4,0,68,0,0,[1 0 0 1 1 0],[0 1 1 0 0 1],[0.95 0.9 0.85 0.8 0.75 0.7],4,0.0
453,4,0,69,1,0,[0 1 0 1 0 1],[1 0 1 0 1 0],[0.95 0.9 0.85 0.8 0.75 0.7],1,0.0
454,4,0,70,1,0,[0 1 0 1 0 1],[1 0 1 0 1 0],[0.95 0.9 0.85 0.8 0.75 0.7],1,0.0
455,4,0,71,0,0,[0 1 1 1 1 0],[1 0 0 0 0 1],[0.95 0.9 0.85 0.8 0.75 0.7],3,0.0
456,4,0,72,0,0,[0 1 0 1 0 1],[1 0 1 0 1 0],[0.95 0.9 0.85 0.8 0.75 0.7],1,0.0
457,4,0,73,1,0,[1 0 0 0 0 1],[0 1 1 1 0 0],[0.95 0.9 0.85 0.8 0.75 0.7],2,0.0
458,4,0,74,1,0,[0 1 0 1 0 1],[1 0 1 0 1 0],[0.95 0.9 0.85 0.8 0.75 0.7],1,0.0
459,4,0,75,0,0,[1 0 0 1 1 0],[0 1 1 0 0 1],[0.95 0.9 0.85 0.8 0.75 0.7],4,0.0
460,4,0,76,1,0,[1 0 0 0 0 1],[0 1 1 1 0 0],[0.95 0.9 0.85 0.8 0.75 0.7],2,0.0
461,4,0,77,0,0,[0 1 1 1 1 0],[1 0 0 0 0 1],[0.95 0.9 0.85 0.8 0.75 0.7],3,0.0
462,4,0,78,1,0,[1 0 0 0 0 1],[0 1 1 1 0 0],[0.95 0.9 0.85 0.8 0.75 0.7],2,0.0
463,4,0,79,0,0,[0 1 1 1 1 0],[1 0 0 0 0 1],[0.95 0.9 0.85 0.8 0.75 0.7],3,0.0
464,4,0,80,0,0,[1 0 0 1 1 0],[0 1 1 0 0 1],[0.95 0.9 0.85 0.8 0.75 0.7],4,0.0
465,4,0,81,0,0,[1 0 0 1 1 0],[0 1 1 0 0 1],[0.95 0.9 0.85 0.8 0.75 0.7],4,0.0
466,4,0,82,0,0,[1 0 0 1 1 0],[0 1 1 0 0 1],[0.95 0.9 0.85 0.8 0.75 0.7],4,0.0
467,4,0,83,0,0,[0 1 1 1 1 0],[1 0 0 0 0 1],[0.95 0.9 0.85 0.8 0.75 0.7],3,0.0
468,4,0,84,0,0,[0 1 1 1 1 0],[1 0 0 0 0 1],[0.95 0.9 0.85 0.8 0.75 0.7],3,0.0
469,4,0,85,1,0,[1 0 0 0 0 1],[0 1 1 1 0 0],[0.95 0.9 0.85 0.8 0.75 0.7],2,0.0
470,4,0,86,0,0,[1 0 0 1 1 0],[0 1 1 0 0 1],[0.95 0.9 0.85 0.8 0.75 0.7],4,0.0
471,4,0,87,0,0,[1 0 0 1 1 0],[0 1 1 0 0 1],[0.95 0.9 0.85 0.8 0.75 0.7],4,0.0
472,4,0,88,0,0,[1 0 0 1 1 0],[0 1 1 0 0 1],[0.95 0.9 0.85 0.8 0.75 0.7],4,0.0
473,4,0,89,0,0,[1 0 0 1 1 0],[0 1 1 0 0 1],[0.95 0.9 0.85 0.8 0.75 0.7],4,0.0
474,4,0,90,1,0,[0 1 0 1 0 1],[1 0 1 0 1 0],[0.95 0.9 0.85 0.8 0.75 0.7],1,0.0
475,4,0,91,0,0,[1 0 0 1 1 0],[0 1 1 0 0 1],[0.95 0.9 0.85 0.8 0.75 0.7],4,0.0
476,4,0,92,0,0,[0 1 1 1 1 0],[1 0 0 0 0 1],[0.95 0.9 0.85 0.8 0.75 0.7],3,0.0
477,4,0,93,0,0,[0 1 1 1 1 0],[1 0 0 0 0 1],[0.95 0.9 0.85 0.8 0.75 0.7],3,0.0
478,4,0,94,1,0,[0 1 0 1 0 1],[1 0 1 0 1 0],[0.95 0.9 0.85 0.8 0.75 0.7],1,0.0
479,4,0,95,1,0,[0 1 0 1 0 1],[1 0 1 0 1 0],[0.95 0.9 0.85 0.8 0.75 0.7],1,0.0
480,5,0,0,0,0,[0 1 0 1 0 1],[1 0 1 0 1 0],[0.95 0.9 0.85 0.8 0.75 0.7],1,0.0
481,5,0,1,1,0,[0 1 0 1 0 1],[1 0 1 0 1 0],[0.95 0.9 0.85 0.8 0.75 0.7],1,0.0
482,5,0,2,1,0,[1 0 0 0 0 1],[0 1 1 1 0 0],[0.95 0.9 0.85 0.8 0.75 0.7],2,0.0
483,5,0,3,1,0,[1 0 0 0 0 1],[0 1 1 1 0 0],[0.95 0.9 0.85 0.8 0.75 0.7],2,0.0
484,5,0,4,1,0,[0 1 1 1 1 0],[1 0 0 0 0 1],[0.95 0.9 0.85 0.8 0.75 0.7],3,0.0
485,5,0,5,1,0,[0 1 0 1 0 1],[1 0 1 0 1 0],[0.95 0.9 0.85 0.8 0.75 0.7],1,0.0
486,5,0,6,0,0,[0 1 0 1 0 1],[1 0 1 0 1 0],[0.95 0.9 0.85 0.8 0.75 0.7],1,0.0
487,5,0,7,0,0,[1 0 0 0 0 1],[0 1 1 1 0 0],[0.95 0.9 0.85 0.8 0.75 0.7],2,0.0
488,5,0,8,1,0,[0 1 0 1 0 1],[1 0 1 0 1 0],[0.95 0.9 0.85 0.8 0.75 0.7],1,0.0
489,5,0,9,1,0,[0 1 0 1 0 1],[1 0 1 0 1 0],[0.95 0.9 0.85 0.8 0.75 0.7],1,0.0
490,5,0,10,1,0,[1 0 0 0 0 1],[0 1 1 1 0 0],[0.95 0.9 0.85 0.8 0.75 0.7],2,0.0
491,5,0,11,0,0,[1 0 0 1 1 0],[0 1 1 0 0 1],[0.95 0.9 0.85 0.8 0.75 0.7],4,0.0
492,5,0,12,0,0,[0 1 1 1 1 0],[1 0 0 0 0 1],[0.95 0.9 0.85 0.8 0.75 0.7],3,0.0
493,5,0,13,0,0,[0 1 1 1 1 0],[1 0 0 0 0 1],[0.95 0.9 0.85 0.8 0.75 0.7],3,0.0
494,5,0,14,0,0,[1 0 0 1 1 0],[0 1 1 0 0 1],[0.95 0.9 0.85 0.8 0.75 0.7],4,0.0
495,5,0,15,0,0,[1 0 0 1 1 0],[0 1 1 0 0 1],[0.95 0.9 0.85 0.8 0.75 0.7],4,0.0
496,5,0,16,1,0,[0 1 0 1 0 1],[1 0 1 0 1 0],[0.95 0.9 0.85 0.8 0.75 0.7],1,0.0
497,5,0,17,0,0,[1 0 0 1 1 0],[0 1 1 0 0 1],[0.95 0.9 0.85 0.8 0.75 0.7],4,0.0
498,5,0,18,1,0,[1 0 0 0 0 1],[0 1 1 1 0 0],[0.95 0.9 0.85 0.8 0.75 0.7],2,0.0
499,5,0,19,1,0,[0 1 0 1 0 1],[1 0 1 0 1 0],[0.95 0.9 0.85 0.8 0.75 0.7],1,0.0
500,5,0,20,0,0,[1 0 0 1 1 0],[0 1 1 0 0 1],[0.95 0.9 0.85 0.8 0.75 0.7],4,0.0
501,5,0,21,1,0,[1 0 0 0 0 1],[0 1 1 1 0 0],[0.95 0.9 0.85 0.8 0.75 0.7],2,0.0
502,5,0,22,1,0,[1 0 0 0 0 1],[0 1 1 1 0 0],[0.95 0.9 0.85 0.8 0.75 0.7],2,0.0
503,5,0,23,1,0,[0 1 0 1 0 1],[1 0 1 0 1 0],[0.95 0.9 0.85 0.8 0.75 0.7],1,0.0
504,5,0,24,1,0,[1 0 0 0 0 1],[0 1 1 1 0 0],[0.95 0.9 0.85 0.8 0.75 0.7],2,0.0
505,5,0,25,1,0,[0 1 0 1 0 1],[1 0 1 0 1 0],[0.95 0.9 0.85 0.8 0.75 0.7],1,0.0
506,5,0,26,1,0,[1 0 0 0 0 1],[0 1 1 1 0 0],[0.95 0.9 0.85 0.8 0.75 0.7],2,0.0
507,5,0,27,1,0,[1 0 0 0 0 1],[0 1 1 1 0 0],[0.95 0.9 0.85 0.8 0.75 0.7],2,0.0
508,5,0,28,1,0,[1 0 0 0 0 1],[0 1 1 1 0 0],[0.95 0.9 0.85 0.8 0.75 0.7],2,0.0
509,5,0,29,0,0,[0 1 1 1 1 0],[1 0 0 0 0 1],[0.95 0.9 0.85 0.8 0.75 0.7],3,0.0
510,5,0,30,1,0,[0 1 0 1 0 1],[1 0 1 0 1 0],[0.95 0.9 0.85 0.8 0.75 0.7],1,0.0
511,5,0,31,0,0,[0 1 1 1 1 0],[1 0 0 0 0 1],[0.95 0.9 0.85 0.8 0.75 0.7],3,0.0
512,5,0,32,0,0,[1 0 0 1 1 0],[0 1 1 0 0 1],[0.95 0.9 0.85 0.8 0.75 0.7],4,0.0
513,5,0,33,0,0,[1 0 0 1 1 0],[0 1 1 0 0 1],[0.95 0.9 0.85 0.8 0.75 0.7],4,0.0
514,5,0,34,1,0,[1 0 0 0 0 1],[0 1 1 1 0 0],[0.95 0.9 0.85 0.8 0.75 0.7],2,0.0
515,5,0,35,0,0,[0 1 1 1 1 0],[1 0 0 0 0 1],[0.95 0.9 0.85 0.8 0.75 0.7],3,0.0
516,5,0,36,1,0,[1 0 0 0 0 1],[0 1 1 1 0 0],[0.95 0.9 0.85 0.8 0.75 0.7],2,0.0
517,5,0,37,1,0,[1 0 0 0 0 1],[0 1 1 1 0 0],[0.95 0.9 0.85 0.8 0.75 0.7],2,0.0
518,5,0,38,0,0,[0 1 1 1 1 0],[1 0 0 0 0 1],[0.95 0.9 0.85 0.8 0.75 0.7],3,0.0
519,5,0,39,1,0,[1 0 0 0 0 1],[0 1 1 1 0 0],[0.95 0.9 0.85 0.8 0.75 0.7],2,0.0
520,5,0,40,0,0,[1 0 0 1 1 0],[0 1 1 0 0 1],[0.95 0.9 0.85 0.8 0.75 0.7],4,0.0
521,5,0,41,1,0,[1 0 0 0 0 1],[0 1 1 1 0 0],[0.95 0.9 0.85 0.8 0.75 0.7],2,0.0
522,5,0,42,0,0,[0 1 1 1 1 0],[1 0 0 0 0 1],[0.95 0.9 0.85 0.8 0.75 0.7],3,0.0
523,5,0,43,0,0,[0 1 1 1 1 0],[1 0 0 0 0 1],[0.95 0.9 0.85 0.8 0.75 0.7],3,0.0
524,5,0,44,1,0,[0 1 0 1 0 1],[1 0 1 0 1 0],[0.95 0.9 0.85 0.8 0.75 0.7],1,0.0
525,5,0,45,1,0,[0 1 0 1 0 1],[1 0 1 0 1 0],[0.95 0.9 0.85 0.8 0.75 0.7],1,0.0
526,5,0,46,0,0,[0 1 1 1 1 0],[1 0 0 0 0 1],[0.95 0.9 0.85 0.8 0.75 0.7],3,0.0
527,5,0,47,0,0,[0 1 1 1 1 0],[1 0 0 0 0 1],[0.95 0.9 0.85 0.8 0.75 0.7],3,0.0
528,5,0,48,1,0,[1 0 0 0 0 1],[0 1 1 1 0 0],[0.95 0.9 0.85 0.8 0.75 0.7],2,0.0
529,5,0,49,1,0,[1 0 0 0 0 1],[0 1 1 1 0 0],[0.95 0.9 0.85 0.8 0.75 0.7],2,0.0
530,5,0,50,1,0,[1 0 0 0 0 1],[0 1 1 1 0 0],[0.95 0.9 0.85 0.8 0.75 0.7],2,0.0
531,5,0,51,0,0,[1 0 0 1 1 0],[0 1 1 0 0 1],[0.95 0.9 0.85 0.8 0.75 0.7],4,0.0
532,5,0,52,0,0,[0 1 0 1 0 1],[1 0 1 0 1 0],[0.95 0.9 0.85 0.8 0.75 0.7],1,0.0
533,5,0,53,0,0,[0 1 1 1 1 0],[1 0 0 0 0 1],[0.95 0.9 0.85 0.8 0.75 0.7],3,0.0
534,5,0,54,0,0,[0 1 1 1 1 0],[1 0 0 0 0 1],[0.95 0.9 0.85 0.8 0.75 0.7],3,0.0
535,5,0,55,0,0,[0 1 1 1 1 0],[1 0 0 0 0 1],[0.95 0.9 0.85 0.8 0.75 0.7],3,0.0
536,5,0,56,1,0,[1 0 0 0 0 1],[0 1 1 1 0 0],[0.95 0.9 0.85 0.8 0.75 0.7],2,0.0
537,5,0,57,0,0,[1 0 0 1 1 0],[0 1 1 0 0 1],[0.95 0.9 0.85 0.8 0.75 0.7],4,0.0
538,5,0,58,0,0,[0 1 1 1 1 0],[1 0 0 0 0 1],[0.95 0.9 0.85 0.8 0.75 0.7],3,0.0
539,5,0,59,0,0,[1 0 0 1 1 0],[0 1 1 0 0 1],[0.95 0.9 0.85 0.8 0.75 0.7],4,0.0
540,5,0,60,0,0,[0 1 1 1 1 0],[1 0 0 0 0 1],[0.95 0.9 0.85 0.8 0.75 0.7],3,0.0
541,5,0,61,1,0,[0 1 0 1 0 1],[1 0 1 0 1 0],[0.95 0.9 0.85 0.8 0.75 0.7],1,0.0
542,5,0,62,0,0,[1 0 0 1 1 0],[0 1 1 0 0 1],[0.95 0.9 0.85 0.8 0.75 0.7],4,0.0
543,5,0,63,1,0,[0 1 0 1 0 1],[1 0 1 0 1 0],[0.95 0.9 0.85 0.8 0.75 0.7],1,0.0
544,5,0,64,0,0,[1 0 0 1 1 0],[0 1 1 0 0 1],[0.95 0.9 0.85 0.8 0.75 0.7],4,0.0
545,5,0,65,0,0,[0 1 1 1 1 0],[1 0 0 0 0 1],[0.95 0.9 0.85 0.8 0.75 0.7],3,0.0
546,5,0,66,1,0,[0 1 0 1 0 1],[1 0 1 0 1 0],[0.95 0.9 0.85 0.8 0.75 0.7],1,0.0
547,5,0,67,0,0,[1 0 0 1 1 0],[0 1 1 0 0 1],[0.95 0.9 0.85 0.8 0.75 0.7],4,0.0
548,5,0,68,0,0,[1 0 0 1 1 0],[0 1 1 0 0 1],[0.95 0.9 0.85 0.8 0.75 0.7],4,0.0
549,5,0,69,1,0,[0 1 0 1 0 1],[1 0 1 0 1 0],[0.95 0.9 0.85 0.8 0.75 0.7],1,0.0
550,5,0,70,1,0,[0 1 0 1 0 1],[1 0 1 0 1 0],[0.95 0.9 0.85 0.8 0.75 0.7],1,0.0
551,5,0,71,0,0,[0 1 1 1 1 0],[1 0 0 0 0 1],[0.95 0.9 0.85 0.8 0.75 0.7],3,0.0
552,5,0,72,1,0,[0 1 0 1 0 1],[1 0 1 0 1 0],[0.95 0.9 0.85 0.8 0.75 0.7],1,0.0
553,5,0,73,1,0,[1 0 0 0 0 1],[0 1 1 1 0 0],[0.95 0.9 0.85 0.8 0.75 0.7],2,0.0
554,5,0,74,1,0,[0 1 0 1 0 1],[1 0 1 0 1 0],[0.95 0.9 0.85 0.8 0.75 0.7],1,0.0
555,5,0,75,0,0,[1 0 0 1 1 0],[0 1 1 0 0 1],[0.95 0.9 0.85 0.8 0.75 0.7],4,0.0
556,5,0,76,1,0,[1 0 0 0 0 1],[0 1 1 1 0 0],[0.95 0.9 0.85 0.8 0.75 0.7],2,0.0
557,5,0,77,0,0,[0 1 1 1 1 0],[1 0 0 0 0 1],[0.95 0.9 0.85 0.8 0.75 0.7],3,0.0
558,5,0,78,1,0,[1 0 0 0 0 1],[0 1 1 1 0 0],[0.95 0.9 0.85 0.8 0.75 0.7],2,0.0
559,5,0,79,0,0,[0 1 1 1 1 0],[1 0 0 0 0 1],[0.95 0.9 0.85 0.8 0.75 0.7],3,0.0
560,5,0,80,0,0,[1 0 0 1 1 0],[0 1 1 0 0 1],[0.95 0.9 0.85 0.8 0.75 0.7],4,0.0
561,5,0,81,0,0,[1 0 0 1 1 0],[0 1 1 0 0 1],[0.95 0.9 0.85 0.8 0.75 0.7],4,0.0
562,5,0,82,0,0,[1 0 0 1 1 0],[0 1 1 0 0 1],[0.95 0.9 0.85 0.8 0.75 0.7],4,0.0
563,5,0,83,0,0,[0 1 1 1 1 0],[1 0 0 0 0 1],[0.95 0.9 0.85 0.8 0.75 0.7],3,0.0
564,5,0,84,0,0,[0 1 1 1 1 0],[1 0 0 0 0 1],[0.95 0.9 0.85 0.8 0.75 0.7],3,0.0
565,5,0,85,1,0,[1 0 0 0 0 1],[0 1 1 1 0 0],[0.95 0.9 0.85 0.8 0.75 0.7],2,0.0
566,5,0,86,0,0,[1 0 0 1 1 0],[0 1 1 0 0 1],[0.95 0.9 0.85 0.8 0.75 0.7],4,0.0
567,5,0,87,0,0,[1 0 0 1 1 0],[0 1 1 0 0 1],[0.95 0.9 0.85 0.8 0.75 0.7],4,0.0
568,5,0,88,0,0,[1 0 0 1 1 0],[0 1 1 0 0 1],[0.95 0.9 0.85 0.8 0.75 0.7],4,0.0
569,5,0,89,0,0,[1 0 0 1 1 0],[0 1 1 0 0 1],[0.95 0.9 0.85 0.8 0.75 0.7],4,0.0
570,5,0,90,1,0,[0 1 0 1 0 1],[1 0 1 0 1 0],[0.95 0.9 0.85 0.8 0.75 0.7],1,0.0
571,5,0,91,0,0,[1 0 0 1 1 0],[0 1 1 0 0 1],[0.95 0.9 0.85 0.8 0.75 0.7],4,0.0
572,5,0,92,0,0,[0 1 1 1 1 0],[1 0 0 0 0 1],[0.95 0.9 0.85 0.8 0.75 0.7],3,0.0
573,5,0,93,1,0,[0 1 1 1 1 0],[1 0 0 0 0 1],[0.95 0.9 0.85 0.8 0.75 0.7],3,0.0
574,5,0,94,1,0,[0 1 0 1 0 1],[1 0 1 0 1 0],[0.95 0.9 0.85 0.8 0.75 0.7],1,0.0
575,5,0,95,1,0,[0 1 0 1 0 1],[1 0 1 0 1 0],[0.95 0.9 0.85 0.8 0.75 0.7],1,0.0
576,6,0,0,1,0,[0 1 0 1 0 1],[1 0 1 0 1 0],[0.95 0.9 0.85 0.8 0.75 0.7],1,0.0
577,6,0,1,1,0,[0 1 0 1 0 1],[1 0 1 0 1 0],[0.95 0.9 0.85 0.8 0.75 0.7],1,0.0
578,6,0,2,1,0,[1 0 0 0 0 1],[0 1 1 1 0 0],[0.95 0.9 0.85 0.8 0.75 0.7],2,0.0
579,6,0,3,0,0,[1 0 0 0 0 1],[0 1 1 1 0 0],[0.95 0.9 0.85 0.8 0.75 0.7],2,0.0
580,6,0,4,0,0,[0 1 1 1 1 0],[1 0 0 0 0 1],[0.95 0.9 0.85 0.8 0.75 0.7],3,0.0
581,6,0,5,1,0,[0 1 0 1 0 1],[1 0 1 0 1 0],[0.95 0.9 0.85 0.8 0.75 0.7],1,0.0
582,6,0,6,0,0,[0 1 0 1 0 1],[1 0 1 0 1 0],[0.95 0.9 0.85 0.8 0.75 0.7],1,0.0
583,6,0,7,0,0,[1 0 0 0 0 1],[0 1 1 1 0 0],[0.95 0.9 0.85 0.8 0.75 0.7],2,0.0
584,6,0,8,1,0,[0 1 0 1 0 1],[1 0 1 0 1 0],[0.95 0.9 0.85 0.8 0.75 0.7],1,0.0
585,6,0,9,1,0,[0 1 0 1 0 1],[1 0 1 0 1 0],[0.95 0.9 0.85 0.8 0.75 0.7],1,0.0
586,6,0,10,0,0,[1 0 0 0 0 1],[0 1 1 1 0 0],[0.95 0.9 0.85 0.8 0.75 0.7],2,0.0
587,6,0,11,0,0,[1 0 0 1 1 0],[0 1 1 0 0 1],[0.95 0.9 0.85 0.8 0.75 0.7],4,0.0
588,6,0,12,0,0,[0 1 1 1 1 0],[1 0 0 0 0 1],[0.95 0.9 0.85 0.8 0.75 0.7],3,0.0
589,6,0,13,0,0,[0 1 1 1 1 0],[1 0 0 0 0 1],[0.95 0.9 0.85 0.8 0.75 0.7],3,0.0
590,6,0,14,0,0,[1 0 0 1 1 0],[0 1 1 0 0 1],[0.95 0.9 0.85 0.8 0.75 0.7],4,0.0
591,6,0,15,0,0,[1 0 0 1 1 0],[0 1 1 0 0 1],[0.95 0.9 0.85 0.8 0.75 0.7],4,0.0
592,6,0,16,0,0,[0 1 0 1 0 1],[1 0 1 0 1 0],[0.95 0.9 0.85 0.8 0.75 0.7],1,0.0
593,6,0,17,0,0,[1 0 0 1 1 0],[0 1 1 0 0 1],[0.95 0.9 0.85 0.8 0.75 0.7],4,0.0
594,6,0,18,0,0,[1 0 0 0 0 1],[0 1 1 1 0 0],[0.95 0.9 0.85 0.8 0.75 0.7],2,0.0
595,6,0,19,0,0,[0 1 0 1 0 1],[1 0 1 0 1 0],[0.95 0.9 0.85 0.8 0.75 0.7],1,0.0
596,6,0,20,0,0,[1 0 0 1 1 0],[0 1 1 0 0 1],[0.95 0.9 0.85 0.8 0.75 0.7],4,0.0
597,6,0,21,0,0,[1 0 0 0 0 1],[0 1 1 1 0 0],[0.95 0.9 0.85 0.8 0.75 0.7],2,0.0
598,6,0,22,0,0,[1 0 0 0 0 1],[0 1 1 1 0 0],[0.95 0.9 0.85 0.8 0.75 0.7],2,0.0
599,6,0,23,0,0,[0 1 0 1 0 1],[1 0 1 0 1 0],[0.95 0.9 0.85 0.8 0.75 0.7],1,0.0
600,6,0,24,1,0,[1 0 0 0 0 1],[0 1 1 1 0 0],[0.95 0.9 0.85 0.8 0.75 0.7],2,0.0
601,6,0,25,1,0,[0 1 0 1 0 1],[1 0 1 0 1 0],[0.95 0.9 0.85 0.8 0.75 0.7],1,0.0
602,6,0,26,0,0,[1 0 0 0 0 1],[0 1 1 1 0 0],[0.95 0.9 0.85 0.8 0.75 0.7],2,0.0
603,6,0,27,0,0,[1 0 0 0 0 1],[0 1 1 1 0 0],[0.95 0.9 0.85 0.8 0.75 0.7],2,0.0
604,6,0,28,1,0,[1 0 0 0 0 1],[0 1 1 1 0 0],[0.95 0.9 0.85 0.8 0.75 0.7],2,0.0
605,6,0,29,1,0,[0 1 1 1 1 0],[1 0 0 0 0 1],[0.95 0.9 0.85 0.8 0.75 0.7],3,0.0
606,6,0,30,1,0,[0 1 0 1 0 1],[1 0 1 0 1 0],[0.95 0.9 0.85 0.8 0.75 0.7],1,0.0
607,6,0,31,0,0,[0 1 1 1 1 0],[1 0 0 0 0 1],[0.95 0.9 0.85 0.8 0.75 0.7],3,0.0
608,6,0,32,0,0,[1 0 0 1 1 0],[0 1 1 0 0 1],[0.95 0.9 0.85 0.8 0.75 0.7],4,0.0
609,6,0,33,0,0,[1 0 0 1 1 0],[0 1 1 0 0 1],[0.95 0.9 0.85 0.8 0.75 0.7],4,0.0
610,6,0,34,1,0,[1 0 0 0 0 1],[0 1 1 1 0 0],[0.95 0.9 0.85 0.8 0.75 0.7],2,0.0
611,6,0,35,1,0,[0 1 1 1 1 0],[1 0 0 0 0 1],[0.95 0.9 0.85 0.8 0.75 0.7],3,0.0
612,6,0,36,1,0,[1 0 0 0 0 1],[0 1 1 1 0 0],[0.95 0.9 0.85 0.8 0.75 0.7],2,0.0
613,6,0,37,0,0,[1 0 0 0 0 1],[0 1 1 1 0 0],[0.95 0.9 0.85 0.8 0.75 0.7],2,0.0
614,6,0,38,1,0,[0 1 1 1 1 0],[1 0 0 0 0 1],[0.95 0.9 0.85 0.8 0.75 0.7],3,0.0
615,6,0,39,0,0,[1 0 0 0 0 1],[0 1 1 1 0 0],[0.95 0.9 0.85 0.8 0.75 0.7],2,0.0
616,6,0,40,0,0,[1 0 0 1 1 0],[0 1 1 0 0 1],[0.95 0.9 0.85 0.8 0.75 0.7],4,0.0
617,6,0,41,0,0,[1 0 0 0 0 1],[0 1 1 1 0 0],[0.95 0.9 0.85 0.8 0.75 0.7],2,0.0
618,6,0,42,0,0,[0 1 1 1 1 0],[1 0 0 0 0 1],[0.95 0.9 0.85 0.8 0.75 0.7],3,0.0
619,6,0,43,1,0,[0 1 1 1 1 0],[1 0 0 0 0 1],[0.95 0.9 0.85 0.8 0.75 0.7],3,0.0
620,6,0,44,1,0,[0 1 0 1 0 1],[1 0 1 0 1 0],[0.95 0.9 0.85 0.8 0.75 0.7],1,0.0
621,6,0,45,0,0,[0 1 0 1 0 1],[1 0 1 0 1 0],[0.95 0.9 0.85 0.8 0.75 0.7],1,0.0
622,6,0,46,1,0,[0 1 1 1 1 0],[1 0 0 0 0 1],[0.95 0.9 0.85 0.8 0.75 0.7],3,0.0
623,6,0,47,1,0,[0 1 1 1 1 0],[1 0 0 0 0 1],[0.95 0.9 0.85 0.8 0.75 0.7],3,0.0
624,6,0,48,0,0,[1 0 0 0 0 1],[0 1 1 1 0 0],[0.95 0.9 0.85 0.8 0.75 0.7],2,0.0
625,6,0,49,1,0,[1 0 0 0 0 1],[0 1 1 1 0 0],[0.95 0.9 0.85 0.8 0.75 0.7],2,0.0
626,6,0,50,0,0,[1 0 0 0 0 1],[0 1 1 1 0 0],[0.95 0.9 0.85 0.8 0.75 0.7],2,0.0
627,6,0,51,0,0,[1 0 0 1 1 0],[0 1 1 0 0 1],[0.95 0.9 0.85 0.8 0.75 0.7],4,0.0
628,6,0,52,0,0,[0 1 0 1 0 1],[1 0 1 0 1 0],[0.95 0.9 0.85 0.8 0.75 0.7],1,0.0
629,6,0,53,0,0,[0 1 1 1 1 0],[1 0 0 0 0 1],[0.95 0.9 0.85 0.8 0.75 0.7],3,0.0
630,6,0,54,1,0,[0 1 1 1 1 0],[1 0 0 0 0 1],[0.95 0.9 0.85 0.8 0.75 0.7],3,0.0
631,6,0,55,0,0,[0 1 1 1 1 0],[1 0 0 0 0 1],[0.95 0.9 0.85 0.8 0.75 0.7],3,0.0
632,6,0,56,0,0,[1 0 0 0 0 1],[0 1 1 1 0 0],[0.95 0.9 0.85 0.8 0.75 0.7],2,0.0
633,6,0,57,0,0,[1 0 0 1 1 0],[0 1 1 0 0 1],[0.95 0.9 0.85 0.8 0.75 0.7],4,0.0
634,6,0,58,0,0,[0 1 1 1 1 0],[1 0 0 0 0 1],[0.95 0.9 0.85 0.8 0.75 0.7],3,0.0
635,6,0,59,0,0,[1 0 0 1 1 0],[0 1 1 0 0 1],[0.95 0.9 0.85 0.8 0.75 0.7],4,0.0
636,6,0,60,0,0,[0 1 1 1 1 0],[1 0 0 0 0 1],[0.95 0.9 0.85 0.8 0.75 0.7],3,0.0
637,6,0,61,0,0,[0 1 0 1 0 1],[1 0 1 0 1 0],[0.95 0.9 0.85 0.8 0.75 0.7],1,0.0
638,6,0,62,0,0,[1 0 0 1 1 0],[0 1 1 0 0 1],[0.95 0.9 0.85 0.8 0.75 0.7],4,0.0
639,6,0,63,1,0,[0 1 0 1 0 1],[1 0 1 0 1 0],[0.95 0.9 0.85 0.8 0.75 0.7],1,0.0
640,6,0,64,1,0,[1 0 0 1 1 0],[0 1 1 0 0 1],[0.95 0.9 0.85 0.8 0.75 0.7],4,0.0
641,6,0,65,1,0,[0 1 1 1 1 0],[1 0 0 0 0 1],[0.95 0.9 0.85 0.8 0.75 0.7],3,0.0
642,6,0,66,1,0,[0 1 0 1 0 1],[1 0 1 0 1 0],[0.95 0.9 0.85 0.8 0.75 0.7],1,0.0
643,6,0,67,1,0,[1 0 0 1 1 0],[0 1 1 0 0 1],[0.95 0.9 0.85 0.8 0.75 0.7],4,0.0
644,6,0,68,0,0,[1 0 0 1 1 0],[0 1 1 0 0 1],[0.95 0.9 0.85 0.8 0.75 0.7],4,0.0
645,6,0,69,1,0,[0 1 0 1 0 1],[1 0 1 0 1 0],[0.95 0.9 0.85 0.8 0.75 0.7],1,0.0
646,6,0,70,1,0,[0 1 0 1 0 1],[1 0 1 0 1 0],[0.95 0.9 0.85 0.8 0.75 0.7],1,0.0
647,6,0,71,1,0,[0 1 1 1 1 0],[1 0 0 0 0 1],[0.95 0.9 0.85 0.8 0.75 0.7],3,0.0
648,6,0,72,1,0,[0 1 0 1 0 1],[1 0 1 0 1 0],[0.95 0.9 0.85 0.8 0.75 0.7],1,0.0
649,6,0,73,1,0,[1 0 0 0 0 1],[0 1 1 1 0 0],[0.95 0.9 0.85 0.8 0.75 0.7],2,0.0
650,6,0,74,1,0,[0 1 0 1 0 1],[1 0 1 0 1 0],[0.95 0.9 0.85 0.8 0.75 0.7],1,0.0
651,6,0,75,1,0,[1 0 0 1 1 0],[0 1 1 0 0 1],[0.95 0.9 0.85 0.8 0.75 0.7],4,0.0
652,6,0,76,1,0,[1 0 0 0 0 1],[0 1 1 1 0 0],[0.95 0.9 0.85 0.8 0.75 0.7],2,0.0
653,6,0,77,1,0,[0 1 1 1 1 0],[1 0 0 0 0 1],[0.95 0.9 0.85 0.8 0.75 0.7],3,0.0
654,6,0,78,1,0,[1 0 0 0 0 1],[0 1 1 1 0 0],[0.95 0.9 0.85 0.8 0.75 0.7],2,0.0
655,6,0,79,1,0,[0 1 1 1 1 0],[1 0 0 0 0 1],[0.95 0.9 0.85 0.8 0.75 0.7],3,0.0
656,6,0,80,1,0,[1 0 0 1 1 0],[0 1 1 0 0 1],[0.95 0.9 0.85 0.8 0.75 0.7],4,0.0
657,6,0,81,1,0,[1 0 0 1 1 0],[0 1 1 0 0 1],[0.95 0.9 0.85 0.8 0.75 0.7],4,0.0
658,6,0,82,1,0,[1 0 0 1 1 0],[0 1 1 0 0 1],[0.95 0.9 0.85 0.8 0.75 0.7],4,0.0
659,6,0,83,1,0,[0 1 1 1 1 0],[1 0 0 0 0 1],[0.95 0.9 0.85 0.8 0.75 0.7],3,0.0
660,6,0,84,0,0,[0 1 1 1 1 0],[1 0 0 0 0 1],[0.95 0.9 0.85 0.8 0.75 0.7],3,0.0
661,6,0,85,1,0,[1 0 0 0 0 1],[0 1 1 1 0 0],[0.95 0.9 0.85 0.8 0.75 0.7],2,0.0
662,6,0,86,1,0,[1 0 0 1 1 0],[0 1 1 0 0 1],[0.95 0.9 0.85 0.8 0.75 0.7],4,0.0
663,6,0,87,0,0,[1 0 0 1 1 0],[0 1 1 0 0 1],[0.95 0.9 0.85 0.8 0.75 0.7],4,0.0
664,6,0,88,0,0,[1 0 0 1 1 0],[0 1 1 0 0 1],[0.95 0.9 0.85 0.8 0.75 0.7],4,0.0
665,6,0,89,1,0,[1 0 0 1 1 0],[0 1 1 0 0 1],[0.95 0.9 0.85 0.8 0.75 0.7],4,0.0
666,6,0,90,1,0,[0 1 0 1 0 1],[1 0 1 0 1 0],[0.95 0.9 0.85 0.8 0.75 0.7],1,0.0
667,6,0,91,1,0,[1 0 0 1 1 0],[0 1 1 0 0 1],[0.95 0.9 0.85 0.8 0.75 0.7],4,0.0
668,6,0,92,0,0,[0 1 1 1 1 0],[1 0 0 0 0 1],[0.95 0.9 0.85 0.8 0.75 0.7],3,0.0
669,6,0,93,1,0,[0 1 1 1 1 0],[1 0 0 0 0 1],[0.95 0.9 0.85 0.8 0.75 0.7],3,0.0
670,6,0,94,1,0,[0 1 0 1 0 1],[1 0 1 0 1 0],[0.95 0.9 0.85 0.8 0.75 0.7],1,0.0
671,6,0,95,1,0,[0 1 0 1 0 1],[1 0 1 0 1 0],[0.95 0.9 0.85 0.8 0.75 0.7],1,0.0
672,7,0,0,0,0,[0 1 0 1 0 1],[1 0 1 0 1 0],[0.95 0.9 0.85 0.8 0.75 0.7],1,0.0
673,7,0,1,1,0,[0 1 0 1 0 1],[1 0 1 0 1 0],[0.95 0.9 0.85 0.8 0.75 0.7],1,0.0
674,7,0,2,1,0,[1 0 0 0 0 1],[0 1 1 1 0 0],[0.95 0.9 0.85 0.8 0.75 0.7],2,0.0
675,7,0,3,0,0,[1 0 0 0 0 1],[0 1 1 1 0 0],[0.95 0.9 0.85 0.8 0.75 0.7],2,0.0
676,7,0,4,0,0,[0 1 1 1 1 0],[1 0 0 0 0 1],[0.95 0.9 0.85 0.8 0.75 0.7],3,0.0
677,7,0,5,1,0,[0 1 0 1 0 1],[1 0 1 0 1 0],[0.95 0.9 0.85 0.8 0.75 0.7],1,0.0
678,7,0,6,1,0,[0 1 0 1 0 1],[1 0 1 0 1 0],[0.95 0.9 0.85 0.8 0.75 0.7],1,0.0
679,7,0,7,0,0,[1 0 0 0 0 1],[0 1 1 1 0 0],[0.95 0.9 0.85 0.8 0.75 0.7],2,0.0
680,7,0,8,1,0,[0 1 0 1 0 1],[1 0 1 0 1 0],[0.95 0.9 0.85 0.8 0.75 0.7],1,0.0
681,7,0,9,1,0,[0 1 0 1 0 1],[1 0 1 0 1 0],[0.95 0.9 0.85 0.8 0.75 0.7],1,0.0
682,7,0,10,0,0,[1 0 0 0 0 1],[0 1 1 1 0 0],[0.95 0.9 0.85 0.8 0.75 0.7],2,0.0
683,7,0,11,1,0,[1 0 0 1 1 0],[0 1 1 0 0 1],[0.95 0.9 0.85 0.8 0.75 0.7],4,0.0
684,7,0,12,0,0,[0 1 1 1 1 0],[1 0 0 0 0 1],[0.95 0.9 0.85 0.8 0.75 0.7],3,0.0
685,7,0,13,0,0,[0 1 1 1 1 0],[1 0 0 0 0 1],[0.95 0.9 0.85 0.8 0.75 0.7],3,0.0
686,7,0,14,1,0,[1 0 0 1 1 0],[0 1 1 0 0 1],[0.95 0.9 0.85 0.8 0.75 0.7],4,0.0
687,7,0,15,0,0,[1 0 0 1 1 0],[0 1 1 0 0 1],[0.95 0.9 0.85 0.8 0.75 0.7],4,0.0
688,7,0,16,1,0,[0 1 0 1 0 1],[1 0 1 0 1 0],[0.95 0.9 0.85 0.8 0.75 0.7],1,0.0
689,7,0,17,1,0,[1 0 0 1 1 0],[0 1 1 0 0 1],[0.95 0.9 0.85 0.8 0.75 0.7],4,0.0
690,7,0,18,0,0,[1 0 0 0 0 1],[0 1 1 1 0 0],[0.95 0.9 0.85 0.8 0.75 0.7],2,0.0
691,7,0,19,1,0,[0 1 0 1 0 1],[1 0 1 0 1 0],[0.95 0.9 0.85 0.8 0.75 0.7],1,0.0
692,7,0,20,0,0,[1 0 0 1 1 0],[0 1 1 0 0 1],[0.95 0.9 0.85 0.8 0.75 0.7],4,0.0
693,7,0,21,0,0,[1 0 0 0 0 1],[0 1 1 1 0 0],[0.95 0.9 0.85 0.8 0.75 0.7],2,0.0
694,7,0,22,0,0,[1 0 0 0 0 1],[0 1 1 1 0 0],[0.95 0.9 0.85 0.8 0.75 0.7],2,0.0
695,7,0,23,0,0,[0 1 0 1 0 1],[1 0 1 0 1 0],[0.95 0.9 0.85 0.8 0.75 0.7],1,0.0
696,7,0,24,1,0,[1 0 0 0 0 1],[0 1 1 1 0 0],[0.95 0.9 0.85 0.8 0.75 0.7],2,0.0
697,7,0,25,0,0,[0 1 0 1 0 1],[1 0 1 0 1 0],[0.95 0.9 0.85 0.8 0.75 0.7],1,0.0
698,7,0,26,0,0,[1 0 0 0 0 1],[0 1 1 1 0 0],[0.95 0.9 0.85 0.8 0.75 0.7],2,0.0
699,7,0,27,0,0,[1 0 0 0 0 1],[0 1 1 1 0 0],[0.95 0.9 0.85 0.8 0.75 0.7],2,0.0
700,7,0,28,1,0,[1 0 0 0 0 1],[0 1 1 1 0 0],[0.95 0.9 0.85 0.8 0.75 0.7],2,0.0
701,7,0,29,1,0,[0 1 1 1 1 0],[1 0 0 0 0 1],[0.95 0.9 0.85 0.8 0.75 0.7],3,0.0
702,7,0,30,0,0,[0 1 0 1 0 1],[1 0 1 0 1 0],[0.95 0.9 0.85 0.8 0.75 0.7],1,0.0
703,7,0,31,0,0,[0 1 1 1 1 0],[1 0 0 0 0 1],[0.95 0.9 0.85 0.8 0.75 0.7],3,0.0
704,7,0,32,1,0,[1 0 0 1 1 0],[0 1 1 0 0 1],[0.95 0.9 0.85 0.8 0.75 0.7],4,0.0
705,7,0,33,0,0,[1 0 0 1 1 0],[0 1 1 0 0 1],[0.95 0.9 0.85 0.8 0.75 0.7],4,0.0
706,7,0,34,1,0,[1 0 0 0 0 1],[0 1 1 1 0 0],[0.95 0.9 0.85 0.8 0.75 0.7],2,0.0
707,7,0,35,1,0,[0 1 1 1 1 0],[1 0 0 0 0 1],[0.95 0.9 0.85 0.8 0.75 0.7],3,0.0
708,7,0,36,1,0,[1 0 0 0 0 1],[0 1 1 1 0 0],[0.95 0.9 0.85 0.8 0.75 0.7],2,0.0
709,7,0,37,0,0,[1 0 0 0 0 1],[0 1 1 1 0 0],[0.95 0.9 0.85 0.8 0.75 0.7],2,0.0
710,7,0,38,1,0,[0 1 1 1 1 0],[1 0 0 0 0 1],[0.95 0.9 0.85 0.8 0.75 0.7],3,0.0
711,7,0,39,0,0,[1 0 0 0 0 1],[0 1 1 1 0 0],[0.95 0.9 0.85 0.8 0.75 0.7],2,0.0
712,7,0,40,1,0,[1 0 0 1 1 0],[0 1 1 0 0 1],[0.95 0.9 0.85 0.8 0.75 0.7],4,0.0
713,7,0,41,0,0,[1 0 0 0 0 1],[0 1 1 1 0 0],[0.95 0.9 0.85 0.8 0.75 0.7],2,0.0
714,7,0,42,0,0,[0 1 1 1 1 0],[1 0 0 0 0 1],[0.95 0.9 0.85 0.8 0.75 0.7],3,0.0
715,7,0,43,0,0,[0 1 1 1 1 0],[1 0 0 0 0 1],[0.95 0.9 0.85 0.8 0.75 0.7],3,0.0
716,7,0,44,0,0,[0 1 0 1 0 1],[1 0 1 0 1 0],[0.95 0.9 0.85 0.8 0.75 0.7],1,0.0
717,7,0,45,0,0,[0 1 0 1 0 1],[1 0 1 0 1 0],[0.95 0.9 0.85 0.8 0.75 0.7],1,0.0
718,7,0,46,1,0,[0 1 1 1 1 0],[1 0 0 0 0 1],[0.95 0.9 0.85 0.8 0.75 0.7],3,0.0
719,7,0,47,1,0,[0 1 1 1 1 0],[1 0 0 0 0 1],[0.95 0.9 0.85 0.8 0.75 0.7],3,0.0
720,7,0,48,0,0,[1 0 0 0 0 1],[0 1 1 1 0 0],[0.95 0.9 0.85 0.8 0.75 0.7],2,0.0
721,7,0,49,1,0,[1 0 0 0 0 1],[0 1 1 1 0 0],[0.95 0.9 0.85 0.8 0.75 0.7],2,0.0
722,7,0,50,0,0,[1 0 0 0 0 1],[0 1 1 1 0 0],[0.95 0.9 0.85 0.8 0.75 0.7],2,0.0
723,7,0,51,0,0,[1 0 0 1 1 0],[0 1 1 0 0 1],[0.95 0.9 0.85 0.8 0.75 0.7],4,0.0
724,7,0,52,1,0,[0 1 0 1 0 1],[1 0 1 0 1 0],[0.95 0.9 0.85 0.8 0.75 0.7],1,0.0
725,7,0,53,0,0,[0 1 1 1 1 0],[1 0 0 0 0 1],[0.95 0.9 0.85 0.8 0.75 0.7],3,0.0
726,7,0,54,1,0,[0 1 1 1 1 0],[1 0 0 0 0 1],[0.95 0.9 0.85 0.8 0.75 0.7],3,0.0
727,7,0,55,0,0,[0 1 1 1 1 0],[1 0 0 0 0 1],[0.95 0.9 0.85 0.8 0.75 0.7],3,0.0
728,7,0,56,0,0,[1 0 0 0 0 1],[0 1 1 1 0 0],[0.95 0.9 0.85 0.8 0.75 0.7],2,0.0
729,7,0,57,0,0,[1 0 0 1 1 0],[0 1 1 0 0 1],[0.95 0.9 0.85 0.8 0.75 0.7],4,0.0
730,7,0,58,0,0,[0 1 1 1 1 0],[1 0 0 0 0 1],[0.95 0.9 0.85 0.8 0.75 0.7],3,0.0
731,7,0,59,0,0,[1 0 0 1 1 0],[0 1 1 0 0 1],[0.95 0.9 0.85 0.8 0.75 0.7],4,0.0
732,7,0,60,0,0,[0 1 1 1 1 0],[1 0 0 0 0 1],[0.95 0.9 0.85 0.8 0.75 0.7],3,0.0
733,7,0,61,1,0,[0 1 0 1 0 1],[1 0 1 0 1 0],[0.95 0.9 0.85 0.8 0.75 0.7],1,0.0
734,7,0,62,0,0,[1 0 0 1 1 0],[0 1 1 0 0 1],[0.95 0.9 0.85 0.8 0.75 0.7],4,0.0
735,7,0,63,0,0,[0 1 0 1 0 1],[1 0 1 0 1 0],[0.95 0.9 0.85 0.8 0.75 0.7],1,0.0
736,7,0,64,0,0,[1 0 0 1 1 0],[0 1 1 0 0 1],[0.95 0.9 0.85 0.8 0.75 0.7],4,0.0
737,7,0,65,1,0,[0 1 1 1 1 0],[1 0 0 0 0 1],[0.95 0.9 0.85 0.8 0.75 0.7],3,0.0
738,7,0,66,1,0,[0 1 0 1 0 1],[1 0 1 0 1 0],[0.95 0.9 0.85 0.8 0.75 0.7],1,0.0
739,7,0,67,1,0,[1 0 0 1 1 0],[0 1 1 0 0 1],[0.95 0.9 0.85 0.8 0.75 0.7],4,0.0
740,7,0,68,1,0,[1 0 0 1 1 0],[0 1 1 0 0 1],[0.95 0.9 0.85 0.8 0.75 0.7],4,0.0
741,7,0,69,1,0,[0 1 0 1 0 1],[1 0 1 0 1 0],[0.95 0.9 0.85 0.8 0.75 0.7],1,0.0
742,7,0,70,1,0,[0 1 0 1 0 1],[1 0 1 0 1 0],[0.95 0.9 0.85 0.8 0.75 0.7],1,0.0
743,7,0,71,1,0,[0 1 1 1 1 0],[1 0 0 0 0 1],[0.95 0.9 0.85 0.8 0.75 0.7],3,0.0
744,7,0,72,0,0,[0 1 0 1 0 1],[1 0 1 0 1 0],[0.95 0.9 0.85 0.8 0.75 0.7],1,0.0
745,7,0,73,1,0,[1 0 0 0 0 1],[0 1 1 1 0 0],[0.95 0.9 0.85 0.8 0.75 0.7],2,0.0
746,7,0,74,0,0,[0 1 0 1 0 1],[1 0 1 0 1 0],[0.95 0.9 0.85 0.8 0.75 0.7],1,0.0
747,7,0,75,1,0,[1 0 0 1 1 0],[0 1 1 0 0 1],[0.95 0.9 0.85 0.8 0.75 0.7],4,0.0
748,7,0,76,1,0,[1 0 0 0 0 1],[0 1 1 1 0 0],[0.95 0.9 0.85 0.8 0.75 0.7],2,0.0
749,7,0,77,1,0,[0 1 1 1 1 0],[1 0 0 0 0 1],[0.95 0.9 0.85 0.8 0.75 0.7],3,0.0
750,7,0,78,1,0,[1 0 0 0 0 1],[0 1 1 1 0 0],[0.95 0.9 0.85 0.8 0.75 0.7],2,0.0
751,7,0,79,1,0,[0 1 1 1 1 0],[1 0 0 0 0 1],[0.95 0.9 0.85 0.8 0.75 0.7],3,0.0
752,7,0,80,0,0,[1 0 0 1 1 0],[0 1 1 0 0 1],[0.95 0.9 0.85 0.8 0.75 0.7],4,0.0
753,7,0,81,0,0,[1 0 0 1 1 0],[0 1 1 0 0 1],[0.95 0.9 0.85 0.8 0.75 0.7],4,0.0
754,7,0,82,0,0,[1 0 0 1 1 0],[0 1 1 0 0 1],[0.95 0.9 0.85 0.8 0.75 0.7],4,0.0
755,7,0,83,1,0,[0 1 1 1 1 0],[1 0 0 0 0 1],[0.95 0.9 0.85 0.8 0.75 0.7],3,0.0
756,7,0,84,0,0,[0 1 1 1 1 0],[1 0 0 0 0 1],[0.95 0.9 0.85 0.8 0.75 0.7],3,0.0
757,7,0,85,1,0,[1 0 0 0 0 1],[0 1 1 1 0 0],[0.95 0.9 0.85 0.8 0.75 0.7],2,0.0
758,7,0,86,0,0,[1 0 0 1 1 0],[0 1 1 0 0 1],[0.95 0.9 0.85 0.8 0.75 0.7],4,0.0
759,7,0,87,0,0,[1 0 0 1 1 0],[0 1 1 0 0 1],[0.95 0.9 0.85 0.8 0.75 0.7],4,0.0
760,7,0,88,0,0,[1 0 0 1 1 0],[0 1 1 0 0 1],[0.95 0.9 0.85 0.8 0.75 0.7],4,0.0
761,7,0,89,1,0,[1 0 0 1 1 0],[0 1 1 0 0 1],[0.95 0.9 0.85 0.8 0.75 0.7],4,0.0
762,7,0,90,0,0,[0 1 0 1 0 1],[1 0 1 0 1 0],[0.95 0.9 0.85 0.8 0.75 0.7],1,0.0
763,7,0,91,0,0,[1 0 0 1 1 0],[0 1 1 0 0 1],[0.95 0.9 0.85 0.8 0.75 0.7],4,0.0
764,7,0,92,0,0,[0 1 1 1 1 0],[1 0 0 0 0 1],[0.95 0.9 0.85 0.8 0.75 0.7],3,0.0
765,7,0,93,1,0,[0 1 1 1 1 0],[1 0 0 0 0 1],[0.95 0.9 0.85 0.8 0.75 0.7],3,0.0
766,7,0,94,0,0,[0 1 0 1 0 1],[1 0 1 0 1 0],[0.95 0.9 0.85 0.8 0.75 0.7],1,0.0
767,7,0,95,0,0,[0 1 0 1 0 1],[1 0 1 0 1 0],[0.95 0.9 0.85 0.8 0.75 0.7],1,0.0
768,8,0,0,0,0,[0 1 0 1 0 1],[1 0 1 0 1 0],[0.95 0.9 0.85 0.8 0.75 0.7],1,0.0
769,8,0,1,1,0,[0 1 0 1 0 1],[1 0 1 0 1 0],[0.95 0.9 0.85 0.8 0.75 0.7],1,0.0
770,8,0,2,1,0,[1 0 0 0 0 1],[0 1 1 1 0 0],[0.95 0.9 0.85 0.8 0.75 0.7],2,0.0
771,8,0,3,1,0,[1 0 0 0 0 1],[0 1 1 1 0 0],[0.95 0.9 0.85 0.8 0.75 0.7],2,0.0
772,8,0,4,0,0,[0 1 1 1 1 0],[1 0 0 0 0 1],[0.95 0.9 0.85 0.8 0.75 0.7],3,0.0
773,8,0,5,1,0,[0 1 0 1 0 1],[1 0 1 0 1 0],[0.95 0.9 0.85 0.8 0.75 0.7],1,0.0
774,8,0,6,1,0,[0 1 0 1 0 1],[1 0 1 0 1 0],[0.95 0.9 0.85 0.8 0.75 0.7],1,0.0
775,8,0,7,1,0,[1 0 0 0 0 1],[0 1 1 1 0 0],[0.95 0.9 0.85 0.8 0.75 0.7],2,0.0
776,8,0,8,1,0,[0 1 0 1 0 1],[1 0 1 0 1 0],[0.95 0.9 0.85 0.8 0.75 0.7],1,0.0
777,8,0,9,1,0,[0 1 0 1 0 1],[1 0 1 0 1 0],[0.95 0.9 0.85 0.8 0.75 0.7],1,0.0
778,8,0,10,1,0,[1 0 0 0 0 1],[0 1 1 1 0 0],[0.95 0.9 0.85 0.8 0.75 0.7],2,0.0
779,8,0,11,0,0,[1 0 0 1 1 0],[0 1 1 0 0 1],[0.95 0.9 0.85 0.8 0.75 0.7],4,0.0
780,8,0,12,0,0,[0 1 1 1 1 0],[1 0 0 0 0 1],[0.95 0.9 0.85 0.8 0.75 0.7],3,0.0
781,8,0,13,0,0,[0 1 1 1 1 0],[1 0 0 0 0 1],[0.95 0.9 0.85 0.8 0.75 0.7],3,0.0
782,8,0,14,0,0,[1 0 0 1 1 0],[0 1 1 0 0 1],[0.95 0.9 0.85 0.8 0.75 0.7],4,0.0
783,8,0,15,0,0,[1 0 0 1 1 0],[0 1 1 0 0 1],[0.95 0.9 0.85 0.8 0.75 0.7],4,0.0
784,8,0,16,1,0,[0 1 0 1 0 1],[1 0 1 0 1 0],[0.95 0.9 0.85 0.8 0.75 0.7],1,0.0
785,8,0,17,0,0,[1 0 0 1 1 0],[0 1 1 0 0 1],[0.95 0.9 0.85 0.8 0.75 0.7],4,0.0
786,8,0,18,1,0,[1 0 0 0 0 1],[0 1 1 1 0 0],[0.95 0.9 0.85 0.8 0.75 0.7],2,0.0
787,8,0,19,1,0,[0 1 0 1 0 1],[1 0 1 0 1 0],[0.95 0.9 0.85 0.8 0.75 0.7],1,0.0
788,8,0,20,0,0,[1 0 0 1 1 0],[0 1 1 0 0 1],[0.95 0.9 0.85 0.8 0.75 0.7],4,0.0
789,8,0,21,1,0,[1 0 0 0 0 1],[0 1 1 1 0 0],[0.95 0.9 0.85 0.8 0.75 0.7],2,0.0
790,8,0,22,1,0,[1 0 0 0 0 1],[0 1 1 1 0 0],[0.95 0.9 0.85 0.8 0.75 0.7],2,0.0
791,8,0,23,1,0,[0 1 0 1 0 1],[1 0 1 0 1 0],[0.95 0.9 0.85 0.8 0.75 0.7],1,0.0
792,8,0,24,1,0,[1 0 0 0 0 1],[0 1 1 1 0 0],[0.95 0.9 0.85 0.8 0.75 0.7],2,0.0
793,8,0,25,1,0,[0 1 0 1 0 1],[1 0 1 0 1 0],[0.95 0.9 0.85 0.8 0.75 0.7],1,0.0
794,8,0,26,1,0,[1 0 0 0 0 1],[0 1 1 1 0 0],[0.95 0.9 0.85 0.8 0.75 0.7],2,0.0
795,8,0,27,1,0,[1 0 0 0 0 1],[0 1 1 1 0 0],[0.95 0.9 0.85 0.8 0.75 0.7],2,0.0
796,8,0,28,1,0,[1 0 0 0 0 1],[0 1 1 1 0 0],[0.95 0.9 0.85 0.8 0.75 0.7],2,0.0
797,8,0,29,0,0,[0 1 1 1 1 0],[1 0 0 0 0 1],[0.95 0.9 0.85 0.8 0.75 0.7],3,0.0
798,8,0,30,1,0,[0 1 0 1 0 1],[1 0 1 0 1 0],[0.95 0.9 0.85 0.8 0.75 0.7],1,0.0
799,8,0,31,0,0,[0 1 1 1 1 0],[1 0 0 0 0 1],[0.95 0.9 0.85 0.8 0.75 0.7],3,0.0
800,8,0,32,0,0,[1 0 0 1 1 0],[0 1 1 0 0 1],[0.95 0.9 0.85 0.8 0.75 0.7],4,0.0
801,8,0,33,0,0,[1 0 0 1 1 0],[0 1 1 0 0 1],[0.95 0.9 0.85 0.8 0.75 0.7],4,0.0
802,8,0,34,1,0,[1 0 0 0 0 1],[0 1 1 1 0 0],[0.95 0.9 0.85 0.8 0.75 0.7],2,0.0
803,8,0,35,0,0,[0 1 1 1 1 0],[1 0 0 0 0 1],[0.95 0.9 0.85 0.8 0.75 0.7],3,0.0
804,8,0,36,1,0,[1 0 0 0 0 1],[0 1 1 1 0 0],[0.95 0.9 0.85 0.8 0.75 0.7],2,0.0
805,8,0,37,1,0,[1 0 0 0 0 1],[0 1 1 1 0 0],[0.95 0.9 0.85 0.8 0.75 0.7],2,0.0
806,8,0,38,0,0,[0 1 1 1 1 0],[1 0 0 0 0 1],[0.95 0.9 0.85 0.8 0.75 0.7],3,0.0
807,8,0,39,1,0,[1 0 0 0 0 1],[0 1 1 1 0 0],[0.95 0.9 0.85 0.8 0.75 0.7],2,0.0
808,8,0,40,0,0,[1 0 0 1 1 0],[0 1 1 0 0 1],[0.95 0.9 0.85 0.8 0.75 0.7],4,0.0
809,8,0,41,1,0,[1 0 0 0 0 1],[0 1 1 1 0 0],[0.95 0.9 0.85 0.8 0.75 0.7],2,0.0
810,8,0,42,0,0,[0 1 1 1 1 0],[1 0 0 0 0 1],[0.95 0.9 0.85 0.8 0.75 0.7],3,0.0
811,8,0,43,0,0,[0 1 1 1 1 0],[1 0 0 0 0 1],[0.95 0.9 0.85 0.8 0.75 0.7],3,0.0
812,8,0,44,1,0,[0 1 0 1 0 1],[1 0 1 0 1 0],[0.95 0.9 0.85 0.8 0.75 0.7],1,0.0
813,8,0,45,1,0,[0 1 0 1 0 1],[1 0 1 0 1 0],[0.95 0.9 0.85 0.8 0.75 0.7],1,0.0
814,8,0,46,0,0,[0 1 1 1 1 0],[1 0 0 0 0 1],[0.95 0.9 0.85 0.8 0.75 0.7],3,0.0
815,8,0,47,0,0,[0 1 1 1 1 0],[1 0 0 0 0 1],[0.95 0.9 0.85 0.8 0.75 0.7],3,0.0
816,8,0,48,1,0,[1 0 0 0 0 1],[0 1 1 1 0 0],[0.95 0.9 0.85 0.8 0.75 0.7],2,0.0
817,8,0,49,1,0,[1 0 0 0 0 1],[0 1 1 1 0 0],[0.95 0.9 0.85 0.8 0.75 0.7],2,0.0
818,8,0,50,1,0,[1 0 0 0 0 1],[0 1 1 1 0 0],[0.95 0.9 0.85 0.8 0.75 0.7],2,0.0
819,8,0,51,0,0,[1 0 0 1 1 0],[0 1 1 0 0 1],[0.95 0.9 0.85 0.8 0.75 0.7],4,0.0
820,8,0,52,1,0,[0 1 0 1 0 1],[1 0 1 0 1 0],[0.95 0.9 0.85 0.8 0.75 0.7],1,0.0
821,8,0,53,0,0,[0 1 1 1 1 0],[1 0 0 0 0 1],[0.95 0.9 0.85 0.8 0.75 0.7],3,0.0
822,8,0,54,0,0,[0 1 1 1 1 0],[1 0 0 0 0 1],[0.95 0.9 0.85 0.8 0.75 0.7],3,0.0
823,8,0,55,0,0,[0 1 1 1 1 0],[1 0 0 0 0 1],[0.95 0.9 0.85 0.8 0.75 0.7],3,0.0
824,8,0,56,1,0,[1 0 0 0 0 1],[0 1 1 1 0 0],[0.95 0.9 0.85 0.8 0.75 0.7],2,0.0
825,8,0,57,0,0,[1 0 0 1 1 0],[0 1 1 0 0 1],[0.95 0.9 0.85 0.8 0.75 0.7],4,0.0
826,8,0,58,0,0,[0 1 1 1 1 0],[1 0 0 0 0 1],[0.95 0.9 0.85 0.8 0.75 0.7],3,0.0
827,8,0,59,0,0,[1 0 0 1 1 0],[0 1 1 0 0 1],[0.95 0.9 0.85 0.8 0.75 0.7],4,0.0
828,8,0,60,0,0,[0 1 1 1 1 0],[1 0 0 0 0 1],[0.95 0.9 0.85 0.8 0.75 0.7],3,0.0
829,8,0,61,1,0,[0 1 0 1 0 1],[1 0 1 0 1 0],[0.95 0.9 0.85 0.8 0.75 0.7],1,0.0
830,8,0,62,0,0,[1 0 0 1 1 0],[0 1 1 0 0 1],[0.95 0.9 0.85 0.8 0.75 0.7],4,0.0
831,8,0,63,1,0,[0 1 0 1 0 1],[1 0 1 0 1 0],[0.95 0.9 0.85 0.8 0.75 0.7],1,0.0
832,8,0,64,0,0,[1 0 0 1 1 0],[0 1 1 0 0 1],[0.95 0.9 0.85 0.8 0.75 0.7],4,0.0
833,8,0,65,0,0,[0 1 1 1 1 0],[1 0 0 0 0 1],[0.95 0.9 0.85 0.8 0.75 0.7],3,0.0
834,8,0,66,1,0,[0 1 0 1 0 1],[1 0 1 0 1 0],[0.95 0.9 0.85 0.8 0.75 0.7],1,0.0
835,8,0,67,0,0,[1 0 0 1 1 0],[0 1 1 0 0 1],[0.95 0.9 0.85 0.8 0.75 0.7],4,0.0
836,8,0,68,0,0,[1 0 0 1 1 0],[0 1 1 0 0 1],[0.95 0.9 0.85 0.8 0.75 0.7],4,0.0
837,8,0,69,1,0,[0 1 0 1 0 1],[1 0 1 0 1 0],[0.95 0.9 0.85 0.8 0.75 0.7],1,0.0
838,8,0,70,1,0,[0 1 0 1 0 1],[1 0 1 0 1 0],[0.95 0.9 0.85 0.8 0.75 0.7],1,0.0
839,8,0,71,0,0,[0 1 1 1 1 0],[1 0 0 0 0 1],[0.95 0.9 0.85 0.8 0.75 0.7],3,0.0
840,8,0,72,1,0,[0 1 0 1 0 1],[1 0 1 0 1 0],[0.95 0.9 0.85 0.8 0.75 0.7],1,0.0
841,8,0,73,1,0,[1 0 0 0 0 1],[0 1 1 1 0 0],[0.95 0.9 0.85 0.8 0.75 0.7],2,0.0
842,8,0,74,1,0,[0 1 0 1 0 1],[1 0 1 0 1 0],[0.95 0.9 0.85 0.8 0.75 0.7],1,0.0
843,8,0,75,0,0,[1 0 0 1 1 0],[0 1 1 0 0 1],[0.95 0.9 0.85 0.8 0.75 0.7],4,0.0
844,8,0,76,1,0,[1 0 0 0 0 1],[0 1 1 1 0 0],[0.95 0.9 0.85 0.8 0.75 0.7],2,0.0
845,8,0,77,0,0,[0 1 1 1 1 0],[1 0 0 0 0 1],[0.95 0.9 0.85 0.8 0.75 0.7],3,0.0
846,8,0,78,1,0,[1 0 0 0 0 1],[0 1 1 1 0 0],[0.95 0.9 0.85 0.8 0.75 0.7],2,0.0
847,8,0,79,0,0,[0 1 1 1 1 0],[1 0 0 0 0 1],[0.95 0.9 0.85 0.8 0.75 0.7],3,0.0
848,8,0,80,0,0,[1 0 0 1 1 0],[0 1 1 0 0 1],[0.95 0.9 0.85 0.8 0.75 0.7],4,0.0
849,8,0,81,0,0,[1 0 0 1 1 0],[0 1 1 0 0 1],[0.95 0.9 0.85 0.8 0.75 0.7],4,0.0
850,8,0,82,0,0,[1 0 0 1 1 0],[0 1 1 0 0 1],[0.95 0.9 0.85 0.8 0.75 0.7],4,0.0
851,8,0,83,0,0,[0 1 1 1 1 0],[1 0 0 0 0 1],[0.95 0.9 0.85 0.8 0.75 0.7],3,0.0
852,8,0,84,0,0,[0 1 1 1 1 0],[1 0 0 0 0 1],[0.95 0.9 0.85 0.8 0.75 0.7],3,0.0
853,8,0,85,1,0,[1 0 0 0 0 1],[0 1 1 1 0 0],[0.95 0.9 0.85 0.8 0.75 0.7],2,0.0
854,8,0,86,0,0,[1 0 0 1 1 0],[0 1 1 0 0 1],[0.95 0.9 0.85 0.8 0.75 0.7],4,0.0
855,8,0,87,0,0,[1 0 0 1 1 0],[0 1 1 0 0 1],[0.95 0.9 0.85 0.8 0.75 0.7],4,0.0
856,8,0,88,0,0,[1 0 0 1 1 0],[0 1 1 0 0 1],[0.95 0.9 0.85 0.8 0.75 0.7],4,0.0
857,8,0,89,0,0,[1 0 0 1 1 0],[0 1 1 0 0 1],[0.95 0.9 0.85 0.8 0.75 0.7],4,0.0
858,8,0,90,1,0,[0 1 0 1 0 1],[1 0 1 0 1 0],[0.95 0.9 0.85 0.8 0.75 0.7],1,0.0
859,8,0,91,0,0,[1 0 0 1 1 0],[0 1 1 0 0 1],[0.95 0.9 0.85 0.8 0.75 0.7],4,0.0
860,8,0,92,0,0,[0 1 1 1 1 0],[1 0 0 0 0 1],[0.95 0.9 0.85 0.8 0.75 0.7],3,0.0
861,8,0,93,0,0,[0 1 1 1 1 0],[1 0 0 0 0 1],[0.95 0.9 0.85 0.8 0.75 0.7],3,0.0
862,8,0,94,1,0,[0 1 0 1 0 1],[1 0 1 0 1 0],[0.95 0.9 0.85 0.8 0.75 0.7],1,0.0
863,8,0,95,1,0,[0 1 0 1 0 1],[1 0 1 0 1 0],[0.95 0.9 0.85 0.8 0.75 0.7],1,0.0
864,9,0,0,1,0,[0 1 0 1 0 1],[1 0 1 0 1 0],[0.95 0.9 0.85 0.8 0.75 0.7],1,0.0
865,9,0,1,1,0,[0 1 0 1 0 1],[1 0 1 0 1 0],[0.95 0.9 0.85 0.8 0.75 0.7],1,0.0
866,9,0,2,1,0,[1 0 0 0 0 1],[0 1 1 1 0 0],[0.95 0.9 0.85 0.8 0.75 0.7],2,0.0
867,9,0,3,1,0,[1 0 0 0 0 1],[0 1 1 1 0 0],[0.95 0.9 0.85 0.8 0.75 0.7],2,0.0
868,9,0,4,0,0,[0 1 1 1 1 0],[1 0 0 0 0 1],[0.95 0.9 0.85 0.8 0.75 0.7],3,0.0
869,9,0,5,1,0,[0 1 0 1 0 1],[1 0 1 0 1 0],[0.95 0.9 0.85 0.8 0.75 0.7],1,0.0
870,9,0,6,1,0,[0 1 0 1 0 1],[1 0 1 0 1 0],[0.95 0.9 0.85 0.8 0.75 0.7],1,0.0
871,9,0,7,1,0,[1 0 0 0 0 1],[0 1 1 1 0 0],[0.95 0.9 0.85 0.8 0.75 0.7],2,0.0
872,9,0,8,1,0,[0 1 0 1 0 1],[1 0 1 0 1 0],[0.95 0.9 0.85 0.8 0.75 0.7],1,0.0
873,9,0,9,1,0,[0 1 0 1 0 1],[1 0 1 0 1 0],[0.95 0.9 0.85 0.8 0.75 0.7],1,0.0
874,9,0,10,1,0,[1 0 0 0 0 1],[0 1 1 1 0 0],[0.95 0.9 0.85 0.8 0.75 0.7],2,0.0
875,9,0,11,0,0,[1 0 0 1 1 0],[0 1 1 0 0 1],[0.95 0.9 0.85 0.8 0.75 0.7],4,0.0
876,9,0,12,0,0,[0 1 1 1 1 0],[1 0 0 0 0 1],[0.95 0.9 0.85 0.8 0.75 0.7],3,0.0
877,9,0,13,0,0,[0 1 1 1 1 0],[1 0 0 0 0 1],[0.95 0.9 0.85 0.8 0.75 0.7],3,0.0
878,9,0,14,0,0,[1 0 0 1 1 0],[0 1 1 0 0 1],[0.95 0.9 0.85 0.8 0.75 0.7],4,0.0
879,9,0,15,1,0,[1 0 0 1 1 0],[0 1 1 0 0 1],[0.95 0.9 0.85 0.8 0.75 0.7],4,0.0
880,9,0,16,1,0,[0 1 0 1 0 1],[1 0 1 0 1 0],[0.95 0.9 0.85 0.8 0.75 0.7],1,0.0
881,9,0,17,1,0,[1 0 0 1 1 0],[0 1 1 0 0 1],[0.95 0.9 0.85 0.8 0.75 0.7],4,0.0
882,9,0,18,1,0,[1 0 0 0 0 1],[0 1 1 1 0 0],[0.95 0.9 0.85 0.8 0.75 0.7],2,0.0
883,9,0,19,1,0,[0 1 0 1 0 1],[1 0 1 0 1 0],[0.95 0.9 0.85 0.8 0.75 0.7],1,0.0
884,9,0,20,1,0,[1 0 0 1 1 0],[0 1 1 0 0 1],[0.95 0.9 0.85 0.8 0.75 0.7],4,0.0
885,9,0,21,1,0,[1 0 0 0 0 1],[0 1 1 1 0 0],[0.95 0.9 0.85 0.8 0.75 0.7],2,0.0
886,9,0,22,1,0,[1 0 0 0 0 1],[0 1 1 1 0 0],[0.95 0.9 0.85 0.8 0.75 0.7],2,0.0
887,9,0,23,1,0,[0 1 0 1 0 1],[1 0 1 0 1 0],[0.95 0.9 0.85 0.8 0.75 0.7],1,0.0
888,9,0,24,1,0,[1 0 0 0 0 1],[0 1 1 1 0 0],[0.95 0.9 0.85 0.8 0.75 0.7],2,0.0
889,9,0,25,1,0,[0 1 0 1 0 1],[1 0 1 0 1 0],[0.95 0.9 0.85 0.8 0.75 0.7],1,0.0
890,9,0,26,1,0,[1 0 0 0 0 1],[0 1 1 1 0 0],[0.95 0.9 0.85 0.8 0.75 0.7],2,0.0
891,9,0,27,1,0,[1 0 0 0 0 1],[0 1 1 1 0 0],[0.95 0.9 0.85 0.8 0.75 0.7],2,0.0
892,9,0,28,1,0,[1 0 0 0 0 1],[0 1 1 1 0 0],[0.95 0.9 0.85 0.8 0.75 0.7],2,0.0
893,9,0,29,0,0,[0 1 1 1 1 0],[1 0 0 0 0 1],[0.95 0.9 0.85 0.8 0.75 0.7],3,0.0
894,9,0,30,1,0,[0 1 0 1 0 1],[1 0 1 0 1 0],[0.95 0.9 0.85 0.8 0.75 0.7],1,0.0
895,9,0,31,0,0,[0 1 1 1 1 0],[1 0 0 0 0 1],[0.95 0.9 0.85 0.8 0.75 0.7],3,0.0
896,9,0,32,1,0,[1 0 0 1 1 0],[0 1 1 0 0 1],[0.95 0.9 0.85 0.8 0.75 0.7],4,0.0
897,9,0,33,1,0,[1 0 0 1 1 0],[0 1 1 0 0 1],[0.95 0.9 0.85 0.8 0.75 0.7],4,0.0
898,9,0,34,1,0,[1 0 0 0 0 1],[0 1 1 1 0 0],[0.95 0.9 0.85 0.8 0.75 0.7],2,0.0
899,9,0,35,0,0,[0 1 1 1 1 0],[1 0 0 0 0 1],[0.95 0.9 0.85 0.8 0.75 0.7],3,0.0
900,9,0,36,1,0,[1 0 0 0 0 1],[0 1 1 1 0 0],[0.95 0.9 0.85 0.8 0.75 0.7],2,0.0
901,9,0,37,1,0,[1 0 0 0 0 1],[0 1 1 1 0 0],[0.95 0.9 0.85 0.8 0.75 0.7],2,0.0
902,9,0,38,0,0,[0 1 1 1 1 0],[1 0 0 0 0 1],[0.95 0.9 0.85 0.8 0.75 0.7],3,0.0
903,9,0,39,1,0,[1 0 0 0 0 1],[0 1 1 1 0 0],[0.95 0.9 0.85 0.8 0.75 0.7],2,0.0
904,9,0,40,1,0,[1 0 0 1 1 0],[0 1 1 0 0 1],[0.95 0.9 0.85 0.8 0.75 0.7],4,0.0
905,9,0,41,1,0,[1 0 0 0 0 1],[0 1 1 1 0 0],[0.95 0.9 0.85 0.8 0.75 0.7],2,0.0
906,9,0,42,0,0,[0 1 1 1 1 0],[1 0 0 0 0 1],[0.95 0.9 0.85 0.8 0.75 0.7],3,0.0
907,9,0,43,0,0,[0 1 1 1 1 0],[1 0 0 0 0 1],[0.95 0.9 0.85 0.8 0.75 0.7],3,0.0
908,9,0,44,1,0,[0 1 0 1 0 1],[1 0 1 0 1 0],[0.95 0.9 0.85 0.8 0.75 0.7],1,0.0
909,9,0,45,1,0,[0 1 0 1 0 1],[1 0 1 0 1 0],[0.95 0.9 0.85 0.8 0.75 0.7],1,0.0
910,9,0,46,0,0,[0 1 1 1 1 0],[1 0 0 0 0 1],[0.95 0.9 0.85 0.8 0.75 0.7],3,0.0
911,9,0,47,0,0,[0 1 1 1 1 0],[1 0 0 0 0 1],[0.95 0.9 0.85 0.8 0.75 0.7],3,0.0
912,9,0,48,1,0,[1 0 0 0 0 1],[0 1 1 1 0 0],[0.95 0.9 0.85 0.8 0.75 0.7],2,0.0
913,9,0,49,1,0,[1 0 0 0 0 1],[0 1 1 1 0 0],[0.95 0.9 0.85 0.8 0.75 0.7],2,0.0
914,9,0,50,1,0,[1 0 0 0 0 1],[0 1 1 1 0 0],[0.95 0.9 0.85 0.8 0.75 0.7],2,0.0
915,9,0,51,1,0,[1 0 0 1 1 0],[0 1 1 0 0 1],[0.95 0.9 0.85 0.8 0.75 0.7],4,0.0
916,9,0,52,1,0,[0 1 0 1 0 1],[1 0 1 0 1 0],[0.95 0.9 0.85 0.8 0.75 0.7],1,0.0
917,9,0,53,0,0,[0 1 1 1 1 0],[1 0 0 0 0 1],[0.95 0.9 0.85 0.8 0.75 0.7],3,0.0
918,9,0,54,0,0,[0 1 1 1 1 0],[1 0 0 0 0 1],[0.95 0.9 0.85 0.8 0.75 0.7],3,0.0
919,9,0,55,0,0,[0 1 1 1 1 0],[1 0 0 0 0 1],[0.95 0.9 0.85 0.8 0.75 0.7],3,0.0
920,9,0,56,0,0,[1 0 0 0 0 1],[0 1 1 1 0 0],[0.95 0.9 0.85 0.8 0.75 0.7],2,0.0
921,9,0,57,1,0,[1 0 0 1 1 0],[0 1 1 0 0 1],[0.95 0.9 0.85 0.8 0.75 0.7],4,0.0
922,9,0,58,0,0,[0 1 1 1 1 0],[1 0 0 0 0 1],[0.95 0.9 0.85 0.8 0.75 0.7],3,0.0
923,9,0,59,1,0,[1 0 0 1 1 0],[0 1 1 0 0 1],[0.95 0.9 0.85 0.8 0.75 0.7],4,0.0
924,9,0,60,0,0,[0 1 1 1 1 0],[1 0 0 0 0 1],[0.95 0.9 0.85 0.8 0.75 0.7],3,0.0
925,9,0,61,1,0,[0 1 0 1 0 1],[1 0 1 0 1 0],[0.95 0.9 0.85 0.8 0.75 0.7],1,0.0
926,9,0,62,1,0,[1 0 0 1 1 0],[0 1 1 0 0 1],[0.95 0.9 0.85 0.8 0.75 0.7],4,0.0
927,9,0,63,1,0,[0 1 0 1 0 1],[1 0 1 0 1 0],[0.95 0.9 0.85 0.8 0.75 0.7],1,0.0
928,9,0,64,1,0,[1 0 0 1 1 0],[0 1 1 0 0 1],[0.95 0.9 0.85 0.8 0.75 0.7],4,0.0
929,9,0,65,0,0,[0 1 1 1 1 0],[1 0 0 0 0 1],[0.95 0.9 0.85 0.8 0.75 0.7],3,0.0
930,9,0,66,1,0,[0 1 0 1 0 1],[1 0 1 0 1 0],[0.95 0.9 0.85 0.8 0.75 0.7],1,0.0
931,9,0,67,1,0,[1 0 0 1 1 0],[0 1 1 0 0 1],[0.95 0.9 0.85 0.8 0.75 0.7],4,0.0
932,9,0,68,1,0,[1 0 0 1 1 0],[0 1 1 0 0 1],[0.95 0.9 0.85 0.8 0.75 0.7],4,0.0
933,9,0,69,1,0,[0 1 0 1 0 1],[1 0 1 0 1 0],[0.95 0.9 0.85 0.8 0.75 0.7],1,0.0
934,9,0,70,1,0,[0 1 0 1 0 1],[1 0 1 0 1 0],[0.95 0.9 0.85 0.8 0.75 0.7],1,0.0
935,9,0,71,0,0,[0 1 1 1 1 0],[1 0 0 0 0 1],[0.95 0.9 0.85 0.8 0.75 0.7],3,0.0
936,9,0,72,1,0,[0 1 0 1 0 1],[1 0 1 0 1 0],[0.95 0.9 0.85 0.8 0.75 0.7],1,0.0
937,9,0,73,1,0,[1 0 0 0 0 1],[0 1 1 1 0 0],[0.95 0.9 0.85 0.8 0.75 0.7],2,0.0
938,9,0,74,1,0,[0 1 0 1 0 1],[1 0 1 0 1 0],[0.95 0.9 0.85 0.8 0.75 0.7],1,0.0
939,9,0,75,1,0,[1 0 0 1 1 0],[0 1 1 0 0 1],[0.95 0.9 0.85 0.8 0.75 0.7],4,0.0
940,9,0,76,1,0,[1 0 0 0 0 1],[0 1 1 1 0 0],[0.95 0.9 0.85 0.8 0.75 0.7],2,0.0
941,9,0,77,0,0,[0 1 1 1 1 0],[1 0 0 0 0 1],[0.95 0.9 0.85 0.8 0.75 0.7],3,0.0
942,9,0,78,1,0,[1 0 0 0 0 1],[0 1 1 1 0 0],[0.95 0.9 0.85 0.8 0.75 0.7],2,0.0
943,9,0,79,0,0,[0 1 1 1 1 0],[1 0 0 0 0 1],[0.95 0.9 0.85 0.8 0.75 0.7],3,0.0
944,9,0,80,1,0,[1 0 0 1 1 0],[0 1 1 0 0 1],[0.95 0.9 0.85 0.8 0.75 0.7],4,0.0
945,9,0,81,1,0,[1 0 0 1 1 0],[0 1 1 0 0 1],[0.95 0.9 0.85 0.8 0.75 0.7],4,0.0
946,9,0,82,1,0,[1 0 0 1 1 0],[0 1 1 0 0 1],[0.95 0.9 0.85 0.8 0.75 0.7],4,0.0
947,9,0,83,0,0,[0 1 1 1 1 0],[1 0 0 0 0 1],[0.95 0.9 0.85 0.8 0.75 0.7],3,0.0
948,9,0,84,0,0,[0 1 1 1 1 0],[1 0 0 0 0 1],[0.95 0.9 0.85 0.8 0.75 0.7],3,0.0
949,9,0,85,1,0,[1 0 0 0 0 1],[0 1 1 1 0 0],[0.95 0.9 0.85 0.8 0.75 0.7],2,0.0
950,9,0,86,1,0,[1 0 0 1 1 0],[0 1 1 0 0 1],[0.95 0.9 0.85 0.8 0.75 0.7],4,0.0
951,9,0,87,1,0,[1 0 0 1 1 0],[0 1 1 0 0 1],[0.95 0.9 0.85 0.8 0.75 0.7],4,0.0
952,9,0,88,1,0,[1 0 0 1 1 0],[0 1 1 0 0 1],[0.95 0.9 0.85 0.8 0.75 0.7],4,0.0
953,9,0,89,1,0,[1 0 0 1 1 0],[0 1 1 0 0 1],[0.95 0.9 0.85 0.8 0.75 0.7],4,0.0
954,9,0,90,1,0,[0 1 0 1 0 1],[1 0 1 0 1 0],[0.95 0.9 0.85 0.8 0.75 0.7],1,0.0
955,9,0,91,1,0,[1 0 0 1 1 0],[0 1 1 0 0 1],[0.95 0.9 0.85 0.8 0.75 0.7],4,0.0
956,9,0,92,0,0,[0 1 1 1 1 0],[1 0 0 0 0 1],[0.95 0.9 0.85 0.8 0.75 0.7],3,0.0
957,9,0,93,0,0,[0 1 1 1 1 0],[1 0 0 0 0 1],[0.95 0.9 0.85 0.8 0.75 0.7],3,0.0
958,9,0,94,1,0,[0 1 0 1 0 1],[1 0 1 0 1 0],[0.95 0.9 0.85 0.8 0.75 0.7],1,0.0
959,9,0,95,1,0,[0 1 0 1 0 1],[1 0 1 0 1 0],[0.95 0.9 0.85 0.8 0.75 0.7],1,0.0
960,10,0,0,0,0,[0 1 0 1 0 1],[1 0 1 0 1 0],[0.95 0.9 0.85 0.8 0.75 0.7],1,0.0
961,10,0,1,1,0,[0 1 0 1 0 1],[1 0 1 0 1 0],[0.95 0.9 0.85 0.8 0.75 0.7],1,0.0
962,10,0,2,1,0,[1 0 0 0 0 1],[0 1 1 1 0 0],[0.95 0.9 0.85 0.8 0.75 0.7],2,0.0
963,10,0,3,1,0,[1 0 0 0 0 1],[0 1 1 1 0 0],[0.95 0.9 0.85 0.8 0.75 0.7],2,0.0
964,10,0,4,0,0,[0 1 1 1 1 0],[1 0 0 0 0 1],[0.95 0.9 0.85 0.8 0.75 0.7],3,0.0
965,10,0,5,1,0,[0 1 0 1 0 1],[1 0 1 0 1 0],[0.95 0.9 0.85 0.8 0.75 0.7],1,0.0
966,10,0,6,1,0,[0 1 0 1 0 1],[1 0 1 0 1 0],[0.95 0.9 0.85 0.8 0.75 0.7],1,0.0
967,10,0,7,1,0,[1 0 0 0 0 1],[0 1 1 1 0 0],[0.95 0.9 0.85 0.8 0.75 0.7],2,0.0
968,10,0,8,1,0,[0 1 0 1 0 1],[1 0 1 0 1 0],[0.95 0.9 0.85 0.8 0.75 0.7],1,0.0
969,10,0,9,1,0,[0 1 0 1 0 1],[1 0 1 0 1 0],[0.95 0.9 0.85 0.8 0.75 0.7],1,0.0
970,10,0,10,1,0,[1 0 0 0 0 1],[0 1 1 1 0 0],[0.95 0.9 0.85 0.8 0.75 0.7],2,0.0
971,10,0,11,0,0,[1 0 0 1 1 0],[0 1 1 0 0 1],[0.95 0.9 0.85 0.8 0.75 0.7],4,0.0
972,10,0,12,0,0,[0 1 1 1 1 0],[1 0 0 0 0 1],[0.95 0.9 0.85 0.8 0.75 0.7],3,0.0
973,10,0,13,0,0,[0 1 1 1 1 0],[1 0 0 0 0 1],[0.95 0.9 0.85 0.8 0.75 0.7],3,0.0
974,10,0,14,0,0,[1 0 0 1 1 0],[0 1 1 0 0 1],[0.95 0.9 0.85 0.8 0.75 0.7],4,0.0
975,10,0,15,0,0,[1 0 0 1 1 0],[0 1 1 0 0 1],[0.95 0.9 0.85 0.8 0.75 0.7],4,0.0
976,10,0,16,1,0,[0 1 0 1 0 1],[1 0 1 0 1 0],[0.95 0.9 0.85 0.8 0.75 0.7],1,0.0
977,10,0,17,0,0,[1 0 0 1 1 0],[0 1 1 0 0 1],[0.95 0.9 0.85 0.8 0.75 0.7],4,0.0
978,10,0,18,1,0,[1 0 0 0 0 1],[0 1 1 1 0 0],[0.95 0.9 0.85 0.8 0.75 0.7],2,0.0
979,10,0,19,0,0,[0 1 0 1 0 1],[1 0 1 0 1 0],[0.95 0.9 0.85 0.8 0.75 0.7],1,0.0
980,10,0,20,0,0,[1 0 0 1 1 0],[0 1 1 0 0 1],[0.95 0.9 0.85 0.8 0.75 0.7],4,0.0
981,10,0,21,1,0,[1 0 0 0 0 1],[0 1 1 1 0 0],[0.95 0.9 0.85 0.8 0.75 0.7],2,0.0
982,10,0,22,1,0,[1 0 0 0 0 1],[0 1 1 1 0 0],[0.95 0.9 0.85 0.8 0.75 0.7],2,0.0
983,10,0,23,1,0,[0 1 0 1 0 1],[1 0 1 0 1 0],[0.95 0.9 0.85 0.8 0.75 0.7],1,0.0
984,10,0,24,1,0,[1 0 0 0 0 1],[0 1 1 1 0 0],[0.95 0.9 0.85 0.8 0.75 0.7],2,0.0
985,10,0,25,1,0,[0 1 0 1 0 1],[1 0 1 0 1 0],[0.95 0.9 0.85 0.8 0.75 0.7],1,0.0
986,10,0,26,1,0,[1 0 0 0 0 1],[0 1 1 1 0 0],[0.95 0.9 0.85 0.8 0.75 0.7],2,0.0
987,10,0,27,1,0,[1 0 0 0 0 1],[0 1 1 1 0 0],[0.95 0.9 0.85 0.8 0.75 0.7],2,0.0
988,10,0,28,1,0,[1 0 0 0 0 1],[0 1 1 1 0 0],[0.95 0.9 0.85 0.8 0.75 0.7],2,0.0
989,10,0,29,0,0,[0 1 1 1 1 0],[1 0 0 0 0 1],[0.95 0.9 0.85 0.8 0.75 0.7],3,0.0
990,10,0,30,1,0,[0 1 0 1 0 1],[1 0 1 0 1 0],[0.95 0.9 0.85 0.8 0.75 0.7],1,0.0
991,10,0,31,0,0,[0 1 1 1 1 0],[1 0 0 0 0 1],[0.95 0.9 0.85 0.8 0.75 0.7],3,0.0
992,10,0,32,0,0,[1 0 0 1 1 0],[0 1 1 0 0 1],[0.95 0.9 0.85 0.8 0.75 0.7],4,0.0
993,10,0,33,0,0,[1 0 0 1 1 0],[0 1 1 0 0 1],[0.95 0.9 0.85 0.8 0.75 0.7],4,0.0
994,10,0,34,1,0,[1 0 0 0 0 1],[0 1 1 1 0 0],[0.95 0.9 0.85 0.8 0.75 0.7],2,0.0
995,10,0,35,0,0,[0 1 1 1 1 0],[1 0 0 0 0 1],[0.95 0.9 0.85 0.8 0.75 0.7],3,0.0
996,10,0,36,1,0,[1 0 0 0 0 1],[0 1 1 1 0 0],[0.95 0.9 0.85 0.8 0.75 0.7],2,0.0
997,10,0,37,1,0,[1 0 0 0 0 1],[0 1 1 1 0 0],[0.95 0.9 0.85 0.8 0.75 0.7],2,0.0
998,10,0,38,0,0,[0 1 1 1 1 0],[1 0 0 0 0 1],[0.95 0.9 0.85 0.8 0.75 0.7],3,0.0
999,10,0,39,1,0,[1 0 0 0 0 1],[0 1 1 1 0 0],[0.95 0.9 0.85 0.8 0.75 0.7],2,0.0
1000,10,0,40,0,0,[1 0 0 1 1 0],[0 1 1 0 0 1],[0.95 0.9 0.85 0.8 0.75 0.7],4,0.0
1001,10,0,41,1,0,[1 0 0 0 0 1],[0 1 1 1 0 0],[0.95 0.9 0.85 0.8 0.75 0.7],2,0.0
1002,10,0,42,0,0,[0 1 1 1 1 0],[1 0 0 0 0 1],[0.95 0.9 0.85 0.8 0.75 0.7],3,0.0
1003,10,0,43,1,0,[0 1 1 1 1 0],[1 0 0 0 0 1],[0.95 0.9 0.85 0.8 0.75 0.7],3,0.0
1004,10,0,44,0,0,[0 1 0 1 0 1],[1 0 1 0 1 0],[0.95 0.9 0.85 0.8 0.75 0.7],1,0.0
1005,10,0,45,0,0,[0 1 0 1 0 1],[1 0 1 0 1 0],[0.95 0.9 0.85 0.8 0.75 0.7],1,0.0
1006,10,0,46,0,0,[0 1 1 1 1 0],[1 0 0 0 0 1],[0.95 0.9 0.85 0.8 0.75 0.7],3,0.0
1007,10,0,47,0,0,[0 1 1 1 1 0],[1 0 0 0 0 1],[0.95 0.9 0.85 0.8 0.75 0.7],3,0.0
1008,10,0,48,1,0,[1 0 0 0 0 1],[0 1 1 1 0 0],[0.95 0.9 0.85 0.8 0.75 0.7],2,0.0
1009,10,0,49,1,0,[1 0 0 0 0 1],[0 1 1 1 0 0],[0.95 0.9 0.85 0.8 0.75 0.7],2,0.0
1010,10,0,50,1,0,[1 0 0 0 0 1],[0 1 1 1 0 0],[0.95 0.9 0.85 0.8 0.75 0.7],2,0.0
1011,10,0,51,0,0,[1 0 0 1 1 0],[0 1 1 0 0 1],[0.95 0.9 0.85 0.8 0.75 0.7],4,0.0
1012,10,0,52,0,0,[0 1 0 1 0 1],[1 0 1 0 1 0],[0.95 0.9 0.85 0.8 0.75 0.7],1,0.0
1013,10,0,53,1,0,[0 1 1 1 1 0],[1 0 0 0 0 1],[0.95 0.9 0.85 0.8 0.75 0.7],3,0.0
1014,10,0,54,0,0,[0 1 1 1 1 0],[1 0 0 0 0 1],[0.95 0.9 0.85 0.8 0.75 0.7],3,0.0
1015,10,0,55,1,0,[0 1 1 1 1 0],[1 0 0 0 0 1],[0.95 0.9 0.85 0.8 0.75 0.7],3,0.0
1016,10,0,56,0,0,[1 0 0 0 0 1],[0 1 1 1 0 0],[0.95 0.9 0.85 0.8 0.75 0.7],2,0.0
1017,10,0,57,1,0,[1 0 0 1 1 0],[0 1 1 0 0 1],[0.95 0.9 0.85 0.8 0.75 0.7],4,0.0
1018,10,0,58,0,0,[0 1 1 1 1 0],[1 0 0 0 0 1],[0.95 0.9 0.85 0.8 0.75 0.7],3,0.0
1019,10,0,59,1,0,[1 0 0 1 1 0],[0 1 1 0 0 1],[0.95 0.9 0.85 0.8 0.75 0.7],4,0.0
1020,10,0,60,0,0,[0 1 1 1 1 0],[1 0 0 0 0 1],[0.95 0.9 0.85 0.8 0.75 0.7],3,0.0
1021,10,0,61,1,0,[0 1 0 1 0 1],[1 0 1 0 1 0],[0.95 0.9 0.85 0.8 0.75 0.7],1,0.0
1022,10,0,62,1,0,[1 0 0 1 1 0],[0 1 1 0 0 1],[0.95 0.9 0.85 0.8 0.75 0.7],4,0.0
1023,10,0,63,1,0,[0 1 0 1 0 1],[1 0 1 0 1 0],[0.95 0.9 0.85 0.8 0.75 0.7],1,0.0
1024,10,0,64,1,0,[1 0 0 1 1 0],[0 1 1 0 0 1],[0.95 0.9 0.85 0.8 0.75 0.7],4,0.0
1025,10,0,65,0,0,[0 1 1 1 1 0],[1 0 0 0 0 1],[0.95 0.9 0.85 0.8 0.75 0.7],3,0.0
1026,10,0,66,0,0,[0 1 0 1 0 1],[1 0 1 0 1 0],[0.95 0.9 0.85 0.8 0.75 0.7],1,0.0
1027,10,0,67,0,0,[1 0 0 1 1 0],[0 1 1 0 0 1],[0.95 0.9 0.85 0.8 0.75 0.7],4,0.0
1028,10,0,68,1,0,[1 0 0 1 1 0],[0 1 1 0 0 1],[0.95 0.9 0.85 0.8 0.75 0.7],4,0.0
1029,10,0,69,1,0,[0 1 0 1 0 1],[1 0 1 0 1 0],[0.95 0.9 0.85 0.8 0.75 0.7],1,0.0
1030,10,0,70,1,0,[0 1 0 1 0 1],[1 0 1 0 1 0],[0.95 0.9 0.85 0.8 0.75 0.7],1,0.0
1031,10,0,71,0,0,[0 1 1 1 1 0],[1 0 0 0 0 1],[0.95 0.9 0.85 0.8 0.75 0.7],3,0.0
1032,10,0,72,0,0,[0 1 0 1 0 1],[1 0 1 0 1 0],[0.95 0.9 0.85 0.8 0.75 0.7],1,0.0
1033,10,0,73,0,0,[1 0 0 0 0 1],[0 1 1 1 0 0],[0.95 0.9 0.85 0.8 0.75 0.7],2,0.0
1034,10,0,74,0,0,[0 1 0 1 0 1],[1 0 1 0 1 0],[0.95 0.9 0.85 0.8 0.75 0.7],1,0.0
1035,10,0,75,0,0,[1 0 0 1 1 0],[0 1 1 0 0 1],[0.95 0.9 0.85 0.8 0.75 0.7],4,0.0
1036,10,0,76,1,0,[1 0 0 0 0 1],[0 1 1 1 0 0],[0.95 0.9 0.85 0.8 0.75 0.7],2,0.0
1037,10,0,77,0,0,[0 1 1 1 1 0],[1 0 0 0 0 1],[0.95 0.9 0.85 0.8 0.75 0.7],3,0.0
1038,10,0,78,1,0,[1 0 0 0 0 1],[0 1 1 1 0 0],[0.95 0.9 0.85 0.8 0.75 0.7],2,0.0
1039,10,0,79,0,0,[0 1 1 1 1 0],[1 0 0 0 0 1],[0.95 0.9 0.85 0.8 0.75 0.7],3,0.0
1040,10,0,80,1,0,[1 0 0 1 1 0],[0 1 1 0 0 1],[0.95 0.9 0.85 0.8 0.75 0.7],4,0.0
1041,10,0,81,1,0,[1 0 0 1 1 0],[0 1 1 0 0 1],[0.95 0.9 0.85 0.8 0.75 0.7],4,0.0
1042,10,0,82,1,0,[1 0 0 1 1 0],[0 1 1 0 0 1],[0.95 0.9 0.85 0.8 0.75 0.7],4,0.0
1043,10,0,83,1,0,[0 1 1 1 1 0],[1 0 0 0 0 1],[0.95 0.9 0.85 0.8 0.75 0.7],3,0.0
1044,10,0,84,0,0,[0 1 1 1 1 0],[1 0 0 0 0 1],[0.95 0.9 0.85 0.8 0.75 0.7],3,0.0
1045,10,0,85,1,0,[1 0 0 0 0 1],[0 1 1 1 0 0],[0.95 0.9 0.85 0.8 0.75 0.7],2,0.0
1046,10,0,86,0,0,[1 0 0 1 1 0],[0 1 1 0 0 1],[0.95 0.9 0.85 0.8 0.75 0.7],4,0.0
1047,10,0,87,1,0,[1 0 0 1 1 0],[0 1 1 0 0 1],[0.95 0.9 0.85 0.8 0.75 0.7],4,0.0
1048,10,0,88,1,0,[1 0 0 1 1 0],[0 1 1 0 0 1],[0.95 0.9 0.85 0.8 0.75 0.7],4,0.0
1049,10,0,89,1,0,[1 0 0 1 1 0],[0 1 1 0 0 1],[0.95 0.9 0.85 0.8 0.75 0.7],4,0.0
1050,10,0,90,0,0,[0 1 0 1 0 1],[1 0 1 0 1 0],[0.95 0.9 0.85 0.8 0.75 0.7],1,0.0
1051,10,0,91,0,0,[1 0 0 1 1 0],[0 1 1 0 0 1],[0.95 0.9 0.85 0.8 0.75 0.7],4,0.0
1052,10,0,92,0,0,[0 1 1 1 1 0],[1 0 0 0 0 1],[0.95 0.9 0.85 0.8 0.75 0.7],3,0.0
1053,10,0,93,0,0,[0 1 1 1 1 0],[1 0 0 0 0 1],[0.95 0.9 0.85 0.8 0.75 0.7],3,0.0
1054,10,0,94,0,0,[0 1 0 1 0 1],[1 0 1 0 1 0],[0.95 0.9 0.85 0.8 0.75 0.7],1,0.0
1055,10,0,95,0,0,[0 1 0 1 0 1],[1 0 1 0 1 0],[0.95 0.9 0.85 0.8 0.75 0.7],1,0.0
1056,11,0,0,1,0,[0 1 0 1 0 1],[1 0 1 0 1 0],[0.95 0.9 0.85 0.8 0.75 0.7],1,0.0
1057,11,0,1,1,0,[0 1 0 1 0 1],[1 0 1 0 1 0],[0.95 0.9 0.85 0.8 0.75 0.7],1,0.0
1058,11,0,2,1,0,[1 0 0 0 0 1],[0 1 1 1 0 0],[0.95 0.9 0.85 0.8 0.75 0.7],2,0.0
1059,11,0,3,1,0,[1 0 0 0 0 1],[0 1 1 1 0 0],[0.95 0.9 0.85 0.8 0.75 0.7],2,0.0
1060,11,0,4,0,0,[0 1 1 1 1 0],[1 0 0 0 0 1],[0.95 0.9 0.85 0.8 0.75 0.7],3,0.0
1061,11,0,5,1,0,[0 1 0 1 0 1],[1 0 1 0 1 0],[0.95 0.9 0.85 0.8 0.75 0.7],1,0.0
1062,11,0,6,1,0,[0 1 0 1 0 1],[1 0 1 0 1 0],[0.95 0.9 0.85 0.8 0.75 0.7],1,0.0
1063,11,0,7,0,0,[1 0 0 0 0 1],[0 1 1 1 0 0],[0.95 0.9 0.85 0.8 0.75 0.7],2,0.0
1064,11,0,8,1,0,[0 1 0 1 0 1],[1 0 1 0 1 0],[0.95 0.9 0.85 0.8 0.75 0.7],1,0.0
1065,11,0,9,1,0,[0 1 0 1 0 1],[1 0 1 0 1 0],[0.95 0.9 0.85 0.8 0.75 0.7],1,0.0
1066,11,0,10,0,0,[1 0 0 0 0 1],[0 1 1 1 0 0],[0.95 0.9 0.85 0.8 0.75 0.7],2,0.0
1067,11,0,11,1,0,[1 0 0 1 1 0],[0 1 1 0 0 1],[0.95 0.9 0.85 0.8 0.75 0.7],4,0.0
1068,11,0,12,0,0,[0 1 1 1 1 0],[1 0 0 0 0 1],[0.95 0.9 0.85 0.8 0.75 0.7],3,0.0
1069,11,0,13,0,0,[0 1 1 1 1 0],[1 0 0 0 0 1],[0.95 0.9 0.85 0.8 0.75 0.7],3,0.0
1070,11,0,14,1,0,[1 0 0 1 1 0],[0 1 1 0 0 1],[0.95 0.9 0.85 0.8 0.75 0.7],4,0.0
1071,11,0,15,1,0,[1 0 0 1 1 0],[0 1 1 0 0 1],[0.95 0.9 0.85 0.8 0.75 0.7],4,0.0
1072,11,0,16,1,0,[0 1 0 1 0 1],[1 0 1 0 1 0],[0.95 0.9 0.85 0.8 0.75 0.7],1,0.0
1073,11,0,17,1,0,[1 0 0 1 1 0],[0 1 1 0 0 1],[0.95 0.9 0.85 0.8 0.75 0.7],4,0.0
1074,11,0,18,1,0,[1 0 0 0 0 1],[0 1 1 1 0 0],[0.95 0.9 0.85 0.8 0.75 0.7],2,0.0
1075,11,0,19,1,0,[0 1 0 1 0 1],[1 0 1 0 1 0],[0.95 0.9 0.85 0.8 0.75 0.7],1,0.0
1076,11,0,20,1,0,[1 0 0 1 1 0],[0 1 1 0 0 1],[0.95 0.9 0.85 0.8 0.75 0.7],4,0.0
1077,11,0,21,1,0,[1 0 0 0 0 1],[0 1 1 1 0 0],[0.95 0.9 0.85 0.8 0.75 0.7],2,0.0
1078,11,0,22,1,0,[1 0 0 0 0 1],[0 1 1 1 0 0],[0.95 0.9 0.85 0.8 0.75 0.7],2,0.0
1079,11,0,23,1,0,[0 1 0 1 0 1],[1 0 1 0 1 0],[0.95 0.9 0.85 0.8 0.75 0.7],1,0.0
1080,11,0,24,1,0,[1 0 0 0 0 1],[0 1 1 1 0 0],[0.95 0.9 0.85 0.8 0.75 0.7],2,0.0
1081,11,0,25,1,0,[0 1 0 1 0 1],[1 0 1 0 1 0],[0.95 0.9 0.85 0.8 0.75 0.7],1,0.0
1082,11,0,26,1,0,[1 0 0 0 0 1],[0 1 1 1 0 0],[0.95 0.9 0.85 0.8 0.75 0.7],2,0.0
1083,11,0,27,1,0,[1 0 0 0 0 1],[0 1 1 1 0 0],[0.95 0.9 0.85 0.8 0.75 0.7],2,0.0
1084,11,0,28,1,0,[1 0 0 0 0 1],[0 1 1 1 0 0],[0.95 0.9 0.85 0.8 0.75 0.7],2,0.0
1085,11,0,29,0,0,[0 1 1 1 1 0],[1 0 0 0 0 1],[0.95 0.9 0.85 0.8 0.75 0.7],3,0.0
1086,11,0,30,1,0,[0 1 0 1 0 1],[1 0 1 0 1 0],[0.95 0.9 0.85 0.8 0.75 0.7],1,0.0
1087,11,0,31,0,0,[0 1 1 1 1 0],[1 0 0 0 0 1],[0.95 0.9 0.85 0.8 0.75 0.7],3,0.0
1088,11,0,32,0,0,[1 0 0 1 1 0],[0 1 1 0 0 1],[0.95 0.9 0.85 0.8 0.75 0.7],4,0.0
1089,11,0,33,1,0,[1 0 0 1 1 0],[0 1 1 0 0 1],[0.95 0.9 0.85 0.8 0.75 0.7],4,0.0
1090,11,0,34,1,0,[1 0 0 0 0 1],[0 1 1 1 0 0],[0.95 0.9 0.85 0.8 0.75 0.7],2,0.0
1091,11,0,35,0,0,[0 1 1 1 1 0],[1 0 0 0 0 1],[0.95 0.9 0.85 0.8 0.75 0.7],3,0.0
1092,11,0,36,1,0,[1 0 0 0 0 1],[0 1 1 1 0 0],[0.95 0.9 0.85 0.8 0.75 0.7],2,0.0
1093,11,0,37,1,0,[1 0 0 0 0 1],[0 1 1 1 0 0],[0.95 0.9 0.85 0.8 0.75 0.7],2,0.0
1094,11,0,38,0,0,[0 1 1 1 1 0],[1 0 0 0 0 1],[0.95 0.9 0.85 0.8 0.75 0.7],3,0.0
1095,11,0,39,1,0,[1 0 0 0 0 1],[0 1 1 1 0 0],[0.95 0.9 0.85 0.8 0.75 0.7],2,0.0
1096,11,0,40,0,0,[1 0 0 1 1 0],[0 1 1 0 0 1],[0.95 0.9 0.85 0.8 0.75 0.7],4,0.0
1097,11,0,41,1,0,[1 0 0 0 0 1],[0 1 1 1 0 0],[0.95 0.9 0.85 0.8 0.75 0.7],2,0.0
1098,11,0,42,0,0,[0 1 1 1 1 0],[1 0 0 0 0 1],[0.95 0.9 0.85 0.8 0.75 0.7],3,0.0
1099,11,0,43,0,0,[0 1 1 1 1 0],[1 0 0 0 0 1],[0.95 0.9 0.85 0.8 0.75 0.7],3,0.0
1100,11,0,44,1,0,[0 1 0 1 0 1],[1 0 1 0 1 0],[0.95 0.9 0.85 0.8 0.75 0.7],1,0.0
1101,11,0,45,1,0,[0 1 0 1 0 1],[1 0 1 0 1 0],[0.95 0.9 0.85 0.8 0.75 0.7],1,0.0
1102,11,0,46,0,0,[0 1 1 1 1 0],[1 0 0 0 0 1],[0.95 0.9 0.85 0.8 0.75 0.7],3,0.0
1103,11,0,47,0,0,[0 1 1 1 1 0],[1 0 0 0 0 1],[0.95 0.9 0.85 0.8 0.75 0.7],3,0.0
1104,11,0,48,1,0,[1 0 0 0 0 1],[0 1 1 1 0 0],[0.95 0.9 0.85 0.8 0.75 0.7],2,0.0
1105,11,0,49,1,0,[1 0 0 0 0 1],[0 1 1 1 0 0],[0.95 0.9 0.85 0.8 0.75 0.7],2,0.0
1106,11,0,50,1,0,[1 0 0 0 0 1],[0 1 1 1 0 0],[0.95 0.9 0.85 0.8 0.75 0.7],2,0.0
1107,11,0,51,0,0,[1 0 0 1 1 0],[0 1 1 0 0 1],[0.95 0.9 0.85 0.8 0.75 0.7],4,0.0
1108,11,0,52,1,0,[0 1 0 1 0 1],[1 0 1 0 1 0],[0.95 0.9 0.85 0.8 0.75 0.7],1,0.0
1109,11,0,53,0,0,[0 1 1 1 1 0],[1 0 0 0 0 1],[0.95 0.9 0.85 0.8 0.75 0.7],3,0.0
1110,11,0,54,0,0,[0 1 1 1 1 0],[1 0 0 0 0 1],[0.95 0.9 0.85 0.8 0.75 0.7],3,0.0
1111,11,0,55,0,0,[0 1 1 1 1 0],[1 0 0 0 0 1],[0.95 0.9 0.85 0.8 0.75 0.7],3,0.0
1112,11,0,56,1,0,[1 0 0 0 0 1],[0 1 1 1 0 0],[0.95 0.9 0.85 0.8 0.75 0.7],2,0.0
1113,11,0,57,1,0,[1 0 0 1 1 0],[0 1 1 0 0 1],[0.95 0.9 0.85 0.8 0.75 0.7],4,0.0
1114,11,0,58,0,0,[0 1 1 1 1 0],[1 0 0 0 0 1],[0.95 0.9 0.85 0.8 0.75 0.7],3,0.0
1115,11,0,59,0,0,[1 0 0 1 1 0],[0 1 1 0 0 1],[0.95 0.9 0.85 0.8 0.75 0.7],4,0.0
1116,11,0,60,0,0,[0 1 1 1 1 0],[1 0 0 0 0 1],[0.95 0.9 0.85 0.8 0.75 0.7],3,0.0
1117,11,0,61,1,0,[0 1 0 1 0 1],[1 0 1 0 1 0],[0.95 0.9 0.85 0.8 0.75 0.7],1,0.0
1118,11,0,62,0,0,[1 0 0 1 1 0],[0 1 1 0 0 1],[0.95 0.9 0.85 0.8 0.75 0.7],4,0.0
1119,11,0,63,1,0,[0 1 0 1 0 1],[1 0 1 0 1 0],[0.95 0.9 0.85 0.8 0.75 0.7],1,0.0
1120,11,0,64,0,0,[1 0 0 1 1 0],[0 1 1 0 0 1],[0.95 0.9 0.85 0.8 0.75 0.7],4,0.0
1121,11,0,65,0,0,[0 1 1 1 1 0],[1 0 0 0 0 1],[0.95 0.9 0.85 0.8 0.75 0.7],3,0.0
1122,11,0,66,1,0,[0 1 0 1 0 1],[1 0 1 0 1 0],[0.95 0.9 0.85 0.8 0.75 0.7],1,0.0
1123,11,0,67,0,0,[1 0 0 1 1 0],[0 1 1 0 0 1],[0.95 0.9 0.85 0.8 0.75 0.7],4,0.0
1124,11,0,68,0,0,[1 0 0 1 1 0],[0 1 1 0 0 1],[0.95 0.9 0.85 0.8 0.75 0.7],4,0.0
1125,11,0,69,1,0,[0 1 0 1 0 1],[1 0 1 0 1 0],[0.95 0.9 0.85 0.8 0.75 0.7],1,0.0
1126,11,0,70,1,0,[0 1 0 1 0 1],[1 0 1 0 1 0],[0.95 0.9 0.85 0.8 0.75 0.7],1,0.0
1127,11,0,71,0,0,[0 1 1 1 1 0],[1 0 0 0 0 1],[0.95 0.9 0.85 0.8 0.75 0.7],3,0.0
1128,11,0,72,1,0,[0 1 0 1 0 1],[1 0 1 0 1 0],[0.95 0.9 0.85 0.8 0.75 0.7],1,0.0
1129,11,0,73,1,0,[1 0 0 0 0 1],[0 1 1 1 0 0],[0.95 0.9 0.85 0.8 0.75 0.7],2,0.0
1130,11,0,74,1,0,[0 1 0 1 0 1],[1 0 1 0 1 0],[0.95 0.9 0.85 0.8 0.75 0.7],1,0.0
1131,11,0,75,0,0,[1 0 0 1 1 0],[0 1 1 0 0 1],[0.95 0.9 0.85 0.8 0.75 0.7],4,0.0
1132,11,0,76,1,0,[1 0 0 0 0 1],[0 1 1 1 0 0],[0.95 0.9 0.85 0.8 0.75 0.7],2,0.0
1133,11,0,77,0,0,[0 1 1 1 1 0],[1 0 0 0 0 1],[0.95 0.9 0.85 0.8 0.75 0.7],3,0.0
1134,11,0,78,1,0,[1 0 0 0 0 1],[0 1 1 1 0 0],[0.95 0.9 0.85 0.8 0.75 0.7],2,0.0
1135,11,0,79,0,0,[0 1 1 1 1 0],[1 0 0 0 0 1],[0.95 0.9 0.85 0.8 0.75 0.7],3,0.0
1136,11,0,80,0,0,[1 0 0 1 1 0],[0 1 1 0 0 1],[0.95 0.9 0.85 0.8 0.75 0.7],4,0.0
1137,11,0,81,0,0,[1 0 0 1 1 0],[0 1 1 0 0 1],[0.95 0.9 0.85 0.8 0.75 0.7],4,0.0
1138,11,0,82,0,0,[1 0 0 1 1 0],[0 1 1 0 0 1],[0.95 0.9 0.85 0.8 0.75 0.7],4,0.0
1139,11,0,83,0,0,[0 1 1 1 1 0],[1 0 0 0 0 1],[0.95 0.9 0.85 0.8 0.75 0.7],3,0.0
1140,11,0,84,0,0,[0 1 1 1 1 0],[1 0 0 0 0 1],[0.95 0.9 0.85 0.8 0.75 0.7],3,0.0
1141,11,0,85,1,0,[1 0 0 0 0 1],[0 1 1 1 0 0],[0.95 0.9 0.85 0.8 0.75 0.7],2,0.0
1142,11,0,86,0,0,[1 0 0 1 1 0],[0 1 1 0 0 1],[0.95 0.9 0.85 0.8 0.75 0.7],4,0.0
1143,11,0,87,0,0,[1 0 0 1 1 0],[0 1 1 0 0 1],[0.95 0.9 0.85 0.8 0.75 0.7],4,0.0
1144,11,0,88,0,0,[1 0 0 1 1 0],[0 1 1 0 0 1],[0.95 0.9 0.85 0.8 0.75 0.7],4,0.0
1145,11,0,89,0,0,[1 0 0 1 1 0],[0 1 1 0 0 1],[0.95 0.9 0.85 0.8 0.75 0.7],4,0.0
1146,11,0,90,1,0,[0 1 0 1 0 1],[1 0 1 0 1 0],[0.95 0.9 0.85 0.8 0.75 0.7],1,0.0
1147,11,0,91,0,0,[1 0 0 1 1 0],[0 1 1 0 0 1],[0.95 0.9 0.85 0.8 0.75 0.7],4,0.0
1148,11,0,92,0,0,[0 1 1 1 1 0],[1 0 0 0 0 1],[0.95 0.9 0.85 0.8 0.75 0.7],3,0.0
1149,11,0,93,0,0,[0 1 1 1 1 0],[1 0 0 0 0 1],[0.95 0.9 0.85 0.8 0.75 0.7],3,0.0
1150,11,0,94,1,0,[0 1 0 1 0 1],[1 0 1 0 1 0],[0.95 0.9 0.85 0.8 0.75 0.7],1,0.0
1151,11,0,95,1,0,[0 1 0 1 0 1],[1 0 1 0 1 0],[0.95 0.9 0.85 0.8 0.75 0.7],1,0.0
1152,12,0,0,0,0,[0 1 0 1 0 1],[1 0 1 0 1 0],[0.95 0.9 0.85 0.8 0.75 0.7],1,0.0
1153,12,0,1,1,0,[0 1 0 1 0 1],[1 0 1 0 1 0],[0.95 0.9 0.85 0.8 0.75 0.7],1,0.0
1154,12,0,2,1,0,[1 0 0 0 0 1],[0 1 1 1 0 0],[0.95 0.9 0.85 0.8 0.75 0.7],2,0.0
1155,12,0,3,0,0,[1 0 0 0 0 1],[0 1 1 1 0 0],[0.95 0.9 0.85 0.8 0.75 0.7],2,0.0
1156,12,0,4,0,0,[0 1 1 1 1 0],[1 0 0 0 0 1],[0.95 0.9 0.85 0.8 0.75 0.7],3,0.0
1157,12,0,5,1,0,[0 1 0 1 0 1],[1 0 1 0 1 0],[0.95 0.9 0.85 0.8 0.75 0.7],1,0.0
1158,12,0,6,1,0,[0 1 0 1 0 1],[1 0 1 0 1 0],[0.95 0.9 0.85 0.8 0.75 0.7],1,0.0
1159,12,0,7,1,0,[1 0 0 0 0 1],[0 1 1 1 0 0],[0.95 0.9 0.85 0.8 0.75 0.7],2,0.0
1160,12,0,8,1,0,[0 1 0 1 0 1],[1 0 1 0 1 0],[0.95 0.9 0.85 0.8 0.75 0.7],1,0.0
1161,12,0,9,1,0,[0 1 0 1 0 1],[1 0 1 0 1 0],[0.95 0.9 0.85 0.8 0.75 0.7],1,0.0
1162,12,0,10,1,0,[1 0 0 0 0 1],[0 1 1 1 0 0],[0.95 0.9 0.85 0.8 0.75 0.7],2,0.0
1163,12,0,11,1,0,[1 0 0 1 1 0],[0 1 1 0 0 1],[0.95 0.9 0.85 0.8 0.75 0.7],4,0.0
1164,12,0,12,0,0,[0 1 1 1 1 0],[1 0 0 0 0 1],[0.95 0.9 0.85 0.8 0.75 0.7],3,0.0
1165,12,0,13,0,0,[0 1 1 1 1 0],[1 0 0 0 0 1],[0.95 0.9 0.85 0.8 0.75 0.7],3,0.0
1166,12,0,14,1,0,[1 0 0 1 1 0],[0 1 1 0 0 1],[0.95 0.9 0.85 0.8 0.75 0.7],4,0.0
1167,12,0,15,0,0,[1 0 0 1 1 0],[0 1 1 0 0 1],[0.95 0.9 0.85 0.8 0.75 0.7],4,0.0
1168,12,0,16,1,0,[0 1 0 1 0 1],[1 0 1 0 1 0],[0.95 0.9 0.85 0.8 0.75 0.7],1,0.0
1169,12,0,17,1,0,[1 0 0 1 1 0],[0 1 1 0 0 1],[0.95 0.9 0.85 0.8 0.75 0.7],4,0.0
1170,12,0,18,1,0,[1 0 0 0 0 1],[0 1 1 1 0 0],[0.95 0.9 0.85 0.8 0.75 0.7],2,0.0
1171,12,0,19,1,0,[0 1 0 1 0 1],[1 0 1 0 1 0],[0.95 0.9 0.85 0.8 0.75 0.7],1,0.0
1172,12,0,20,1,0,[1 0 0 1 1 0],[0 1 1 0 0 1],[0.95 0.9 0.85 0.8 0.75 0.7],4,0.0
1173,12,0,21,1,0,[1 0 0 0 0 1],[0 1 1 1 0 0],[0.95 0.9 0.85 0.8 0.75 0.7],2,0.0
1174,12,0,22,1,0,[1 0 0 0 0 1],[0 1 1 1 0 0],[0.95 0.9 0.85 0.8 0.75 0.7],2,0.0
1175,12,0,23,1,0,[0 1 0 1 0 1],[1 0 1 0 1 0],[0.95 0.9 0.85 0.8 0.75 0.7],1,0.0
1176,12,0,24,1,0,[1 0 0 0 0 1],[0 1 1 1 0 0],[0.95 0.9 0.85 0.8 0.75 0.7],2,0.0
1177,12,0,25,1,0,[0 1 0 1 0 1],[1 0 1 0 1 0],[0.95 0.9 0.85 0.8 0.75 0.7],1,0.0
1178,12,0,26,1,0,[1 0 0 0 0 1],[0 1 1 1 0 0],[0.95 0.9 0.85 0.8 0.75 0.7],2,0.0
1179,12,0,27,1,0,[1 0 0 0 0 1],[0 1 1 1 0 0],[0.95 0.9 0.85 0.8 0.75 0.7],2,0.0
1180,12,0,28,1,0,[1 0 0 0 0 1],[0 1 1 1 0 0],[0.95 0.9 0.85 0.8 0.75 0.7],2,0.0
1181,12,0,29,0,0,[0 1 1 1 1 0],[1 0 0 0 0 1],[0.95 0.9 0.85 0.8 0.75 0.7],3,0.0
1182,12,0,30,1,0,[0 1 0 1 0 1],[1 0 1 0 1 0],[0.95 0.9 0.85 0.8 0.75 0.7],1,0.0
1183,12,0,31,0,0,[0 1 1 1 1 0],[1 0 0 0 0 1],[0.95 0.9 0.85 0.8 0.75 0.7],3,0.0
1184,12,0,32,1,0,[1 0 0 1 1 0],[0 1 1 0 0 1],[0.95 0.9 0.85 0.8 0.75 0.7],4,0.0
1185,12,0,33,1,0,[1 0 0 1 1 0],[0 1 1 0 0 1],[0.95 0.9 0.85 0.8 0.75 0.7],4,0.0
1186,12,0,34,1,0,[1 0 0 0 0 1],[0 1 1 1 0 0],[0.95 0.9 0.85 0.8 0.75 0.7],2,0.0
1187,12,0,35,0,0,[0 1 1 1 1 0],[1 0 0 0 0 1],[0.95 0.9 0.85 0.8 0.75 0.7],3,0.0
1188,12,0,36,1,0,[1 0 0 0 0 1],[0 1 1 1 0 0],[0.95 0.9 0.85 0.8 0.75 0.7],2,0.0
1189,12,0,37,1,0,[1 0 0 0 0 1],[0 1 1 1 0 0],[0.95 0.9 0.85 0.8 0.75 0.7],2,0.0
1190,12,0,38,0,0,[0 1 1 1 1 0],[1 0 0 0 0 1],[0.95 0.9 0.85 0.8 0.75 0.7],3,0.0
1191,12,0,39,1,0,[1 0 0 0 0 1],[0 1 1 1 0 0],[0.95 0.9 0.85 0.8 0.75 0.7],2,0.0
1192,12,0,40,1,0,[1 0 0 1 1 0],[0 1 1 0 0 1],[0.95 0.9 0.85 0.8 0.75 0.7],4,0.0
1193,12,0,41,1,0,[1 0 0 0 0 1],[0 1 1 1 0 0],[0.95 0.9 0.85 0.8 0.75 0.7],2,0.0
1194,12,0,42,0,0,[0 1 1 1 1 0],[1 0 0 0 0 1],[0.95 0.9 0.85 0.8 0.75 0.7],3,0.0
1195,12,0,43,0,0,[0 1 1 1 1 0],[1 0 0 0 0 1],[0.95 0.9 0.85 0.8 0.75 0.7],3,0.0
1196,12,0,44,1,0,[0 1 0 1 0 1],[1 0 1 0 1 0],[0.95 0.9 0.85 0.8 0.75 0.7],1,0.0
1197,12,0,45,1,0,[0 1 0 1 0 1],[1 0 1 0 1 0],[0.95 0.9 0.85 0.8 0.75 0.7],1,0.0
1198,12,0,46,0,0,[0 1 1 1 1 0],[1 0 0 0 0 1],[0.95 0.9 0.85 0.8 0.75 0.7],3,0.0
1199,12,0,47,0,0,[0 1 1 1 1 0],[1 0 0 0 0 1],[0.95 0.9 0.85 0.8 0.75 0.7],3,0.0
1200,12,0,48,1,0,[1 0 0 0 0 1],[0 1 1 1 0 0],[0.95 0.9 0.85 0.8 0.75 0.7],2,0.0
1201,12,0,49,1,0,[1 0 0 0 0 1],[0 1 1 1 0 0],[0.95 0.9 0.85 0.8 0.75 0.7],2,0.0
1202,12,0,50,1,0,[1 0 0 0 0 1],[0 1 1 1 0 0],[0.95 0.9 0.85 0.8 0.75 0.7],2,0.0
1203,12,0,51,1,0,[1 0 0 1 1 0],[0 1 1 0 0 1],[0.95 0.9 0.85 0.8 0.75 0.7],4,0.0
1204,12,0,52,1,0,[0 1 0 1 0 1],[1 0 1 0 1 0],[0.95 0.9 0.85 0.8 0.75 0.7],1,0.0
1205,12,0,53,0,0,[0 1 1 1 1 0],[1 0 0 0 0 1],[0.95 0.9 0.85 0.8 0.75 0.7],3,0.0
1206,12,0,54,0,0,[0 1 1 1 1 0],[1 0 0 0 0 1],[0.95 0.9 0.85 0.8 0.75 0.7],3,0.0
1207,12,0,55,0,0,[0 1 1 1 1 0],[1 0 0 0 0 1],[0.95 0.9 0.85 0.8 0.75 0.7],3,0.0
1208,12,0,56,1,0,[1 0 0 0 0 1],[0 1 1 1 0 0],[0.95 0.9 0.85 0.8 0.75 0.7],2,0.0
1209,12,0,57,1,0,[1 0 0 1 1 0],[0 1 1 0 0 1],[0.95 0.9 0.85 0.8 0.75 0.7],4,0.0
1210,12,0,58,0,0,[0 1 1 1 1 0],[1 0 0 0 0 1],[0.95 0.9 0.85 0.8 0.75 0.7],3,0.0
1211,12,0,59,1,0,[1 0 0 1 1 0],[0 1 1 0 0 1],[0.95 0.9 0.85 0.8 0.75 0.7],4,0.0
1212,12,0,60,0,0,[0 1 1 1 1 0],[1 0 0 0 0 1],[0.95 0.9 0.85 0.8 0.75 0.7],3,0.0
1213,12,0,61,1,0,[0 1 0 1 0 1],[1 0 1 0 1 0],[0.95 0.9 0.85 0.8 0.75 0.7],1,0.0
1214,12,0,62,1,0,[1 0 0 1 1 0],[0 1 1 0 0 1],[0.95 0.9 0.85 0.8 0.75 0.7],4,0.0
1215,12,0,63,1,0,[0 1 0 1 0 1],[1 0 1 0 1 0],[0.95 0.9 0.85 0.8 0.75 0.7],1,0.0
1216,12,0,64,1,0,[1 0 0 1 1 0],[0 1 1 0 0 1],[0.95 0.9 0.85 0.8 0.75 0.7],4,0.0
1217,12,0,65,0,0,[0 1 1 1 1 0],[1 0 0 0 0 1],[0.95 0.9 0.85 0.8 0.75 0.7],3,0.0
1218,12,0,66,1,0,[0 1 0 1 0 1],[1 0 1 0 1 0],[0.95 0.9 0.85 0.8 0.75 0.7],1,0.0
1219,12,0,67,1,0,[1 0 0 1 1 0],[0 1 1 0 0 1],[0.95 0.9 0.85 0.8 0.75 0.7],4,0.0
1220,12,0,68,1,0,[1 0 0 1 1 0],[0 1 1 0 0 1],[0.95 0.9 0.85 0.8 0.75 0.7],4,0.0
1221,12,0,69,1,0,[0 1 0 1 0 1],[1 0 1 0 1 0],[0.95 0.9 0.85 0.8 0.75 0.7],1,0.0
1222,12,0,70,1,0,[0 1 0 1 0 1],[1 0 1 0 1 0],[0.95 0.9 0.85 0.8 0.75 0.7],1,0.0
1223,12,0,71,0,0,[0 1 1 1 1 0],[1 0 0 0 0 1],[0.95 0.9 0.85 0.8 0.75 0.7],3,0.0
1224,12,0,72,1,0,[0 1 0 1 0 1],[1 0 1 0 1 0],[0.95 0.9 0.85 0.8 0.75 0.7],1,0.0
1225,12,0,73,1,0,[1 0 0 0 0 1],[0 1 1 1 0 0],[0.95 0.9 0.85 0.8 0.75 0.7],2,0.0
1226,12,0,74,1,0,[0 1 0 1 0 1],[1 0 1 0 1 0],[0.95 0.9 0.85 0.8 0.75 0.7],1,0.0
1227,12,0,75,1,0,[1 0 0 1 1 0],[0 1 1 0 0 1],[0.95 0.9 0.85 0.8 0.75 0.7],4,0.0
1228,12,0,76,1,0,[1 0 0 0 0 1],[0 1 1 1 0 0],[0.95 0.9 0.85 0.8 0.75 0.7],2,0.0
1229,12,0,77,1,0,[0 1 1 1 1 0],[1 0 0 0 0 1],[0.95 0.9 0.85 0.8 0.75 0.7],3,0.0
1230,12,0,78,1,0,[1 0 0 0 0 1],[0 1 1 1 0 0],[0.95 0.9 0.85 0.8 0.75 0.7],2,0.0
1231,12,0,79,0,0,[0 1 1 1 1 0],[1 0 0 0 0 1],[0.95 0.9 0.85 0.8 0.75 0.7],3,0.0
1232,12,0,80,1,0,[1 0 0 1 1 0],[0 1 1 0 0 1],[0.95 0.9 0.85 0.8 0.75 0.7],4,0.0
1233,12,0,81,1,0,[1 0 0 1 1 0],[0 1 1 0 0 1],[0.95 0.9 0.85 0.8 0.75 0.7],4,0.0
1234,12,0,82,1,0,[1 0 0 1 1 0],[0 1 1 0 0 1],[0.95 0.9 0.85 0.8 0.75 0.7],4,0.0
1235,12,0,83,0,0,[0 1 1 1 1 0],[1 0 0 0 0 1],[0.95 0.9 0.85 0.8 0.75 0.7],3,0.0
1236,12,0,84,0,0,[0 1 1 1 1 0],[1 0 0 0 0 1],[0.95 0.9 0.85 0.8 0.75 0.7],3,0.0
1237,12,0,85,1,0,[1 0 0 0 0 1],[0 1 1 1 0 0],[0.95 0.9 0.85 0.8 0.75 0.7],2,0.0
1238,12,0,86,1,0,[1 0 0 1 1 0],[0 1 1 0 0 1],[0.95 0.9 0.85 0.8 0.75 0.7],4,0.0
1239,12,0,87,1,0,[1 0 0 1 1 0],[0 1 1 0 0 1],[0.95 0.9 0.85 0.8 0.75 0.7],4,0.0
1240,12,0,88,1,0,[1 0 0 1 1 0],[0 1 1 0 0 1],[0.95 0.9 0.85 0.8 0.75 0.7],4,0.0
1241,12,0,89,1,0,[1 0 0 1 1 0],[0 1 1 0 0 1],[0.95 0.9 0.85 0.8 0.75 0.7],4,0.0
1242,12,0,90,1,0,[0 1 0 1 0 1],[1 0 1 0 1 0],[0.95 0.9 0.85 0.8 0.75 0.7],1,0.0
1243,12,0,91,1,0,[1 0 0 1 1 0],[0 1 1 0 0 1],[0.95 0.9 0.85 0.8 0.75 0.7],4,0.0
1244,12,0,92,0,0,[0 1 1 1 1 0],[1 0 0 0 0 1],[0.95 0.9 0.85 0.8 0.75 0.7],3,0.0
1245,12,0,93,0,0,[0 1 1 1 1 0],[1 0 0 0 0 1],[0.95 0.9 0.85 0.8 0.75 0.7],3,0.0
1246,12,0,94,1,0,[0 1 0 1 0 1],[1 0 1 0 1 0],[0.95 0.9 0.85 0.8 0.75 0.7],1,0.0
1247,12,0,95,1,0,[0 1 0 1 0 1],[1 0 1 0 1 0],[0.95 0.9 0.85 0.8 0.75 0.7],1,0.0
1248,13,0,0,0,0,[0 1 0 1 0 1],[1 0 1 0 1 0],[0.95 0.9 0.85 0.8 0.75 0.7],1,0.0
1249,13,0,1,1,0,[0 1 0 1 0 1],[1 0 1 0 1 0],[0.95 0.9 0.85 0.8 0.75 0.7],1,0.0
1250,13,0,2,0,0,[1 0 0 0 0 1],[0 1 1 1 0 0],[0.95 0.9 0.85 0.8 0.75 0.7],2,0.0
1251,13,0,3,1,0,[1 0 0 0 0 1],[0 1 1 1 0 0],[0.95 0.9 0.85 0.8 0.75 0.7],2,0.0
1252,13,0,4,0,0,[0 1 1 1 1 0],[1 0 0 0 0 1],[0.95 0.9 0.85 0.8 0.75 0.7],3,0.0
1253,13,0,5,1,0,[0 1 0 1 0 1],[1 0 1 0 1 0],[0.95 0.9 0.85 0.8 0.75 0.7],1,0.0
1254,13,0,6,1,0,[0 1 0 1 0 1],[1 0 1 0 1 0],[0.95 0.9 0.85 0.8 0.75 0.7],1,0.0
1255,13,0,7,0,0,[1 0 0 0 0 1],[0 1 1 1 0 0],[0.95 0.9 0.85 0.8 0.75 0.7],2,0.0
1256,13,0,8,1,0,[0 1 0 1 0 1],[1 0 1 0 1 0],[0.95 0.9 0.85 0.8 0.75 0.7],1,0.0
1257,13,0,9,1,0,[0 1 0 1 0 1],[1 0 1 0 1 0],[0.95 0.9 0.85 0.8 0.75 0.7],1,0.0
1258,13,0,10,0,0,[1 0 0 0 0 1],[0 1 1 1 0 0],[0.95 0.9 0.85 0.8 0.75 0.7],2,0.0
1259,13,0,11,0,0,[1 0 0 1 1 0],[0 1 1 0 0 1],[0.95 0.9 0.85 0.8 0.75 0.7],4,0.0
1260,13,0,12,0,0,[0 1 1 1 1 0],[1 0 0 0 0 1],[0.95 0.9 0.85 0.8 0.75 0.7],3,0.0
1261,13,0,13,0,0,[0 1 1 1 1 0],[1 0 0 0 0 1],[0.95 0.9 0.85 0.8 0.75 0.7],3,0.0
1262,13,0,14,1,0,[1 0 0 1 1 0],[0 1 1 0 0 1],[0.95 0.9 0.85 0.8 0.75 0.7],4,0.0
1263,13,0,15,1,0,[1 0 0 1 1 0],[0 1 1 0 0 1],[0.95 0.9 0.85 0.8 0.75 0.7],4,0.0
1264,13,0,16,0,0,[0 1 0 1 0 1],[1 0 1 0 1 0],[0.95 0.9 0.85 0.8 0.75 0.7],1,0.0
1265,13,0,17,0,0,[1 0 0 1 1 0],[0 1 1 0 0 1],[0.95 0.9 0.85 0.8 0.75 0.7],4,0.0
1266,13,0,18,1,0,[1 0 0 0 0 1],[0 1 1 1 0 0],[0.95 0.9 0.85 0.8 0.75 0.7],2,0.0
1267,13,0,19,1,0,[0 1 0 1 0 1],[1 0 1 0 1 0],[0.95 0.9 0.85 0.8 0.75 0.7],1,0.0
1268,13,0,20,0,0,[1 0 0 1 1 0],[0 1 1 0 0 1],[0.95 0.9 0.85 0.8 0.75 0.7],4,0.0
1269,13,0,21,1,0,[1 0 0 0 0 1],[0 1 1 1 0 0],[0.95 0.9 0.85 0.8 0.75 0.7],2,0.0
1270,13,0,22,0,0,[1 0 0 0 0 1],[0 1 1 1 0 0],[0.95 0.9 0.85 0.8 0.75 0.7],2,0.0
1271,13,0,23,1,0,[0 1 0 1 0 1],[1 0 1 0 1 0],[0.95 0.9 0.85 0.8 0.75 0.7],1,0.0
1272,13,0,24,0,0,[1 0 0 0 0 1],[0 1 1 1 0 0],[0.95 0.9 0.85 0.8 0.75 0.7],2,0.0
1273,13,0,25,1,0,[0 1 0 1 0 1],[1 0 1 0 1 0],[0.95 0.9 0.85 0.8 0.75 0.7],1,0.0
1274,13,0,26,1,0,[1 0 0 0 0 1],[0 1 1 1 0 0],[0.95 0.9 0.85 0.8 0.75 0.7],2,0.0
1275,13,0,27,1,0,[1 0 0 0 0 1],[0 1 1 1 0 0],[0.95 0.9 0.85 0.8 0.75 0.7],2,0.0
1276,13,0,28,1,0,[1 0 0 0 0 1],[0 1 1 1 0 0],[0.95 0.9 0.85 0.8 0.75 0.7],2,0.0
1277,13,0,29,0,0,[0 1 1 1 1 0],[1 0 0 0 0 1],[0.95 0.9 0.85 0.8 0.75 0.7],3,0.0
1278,13,0,30,1,0,[0 1 0 1 0 1],[1 0 1 0 1 0],[0.95 0.9 0.85 0.8 0.75 0.7],1,0.0
1279,13,0,31,0,0,[0 1 1 1 1 0],[1 0 0 0 0 1],[0.95 0.9 0.85 0.8 0.75 0.7],3,0.0
1280,13,0,32,1,0,[1 0 0 1 1 0],[0 1 1 0 0 1],[0.95 0.9 0.85 0.8 0.75 0.7],4,0.0
1281,13,0,33,1,0,[1 0 0 1 1 0],[0 1 1 0 0 1],[0.95 0.9 0.85 0.8 0.75 0.7],4,0.0
1282,13,0,34,1,0,[1 0 0 0 0 1],[0 1 1 1 0 0],[0.95 0.9 0.85 0.8 0.75 0.7],2,0.0
1283,13,0,35,0,0,[0 1 1 1 1 0],[1 0 0 0 0 1],[0.95 0.9 0.85 0.8 0.75 0.7],3,0.0
1284,13,0,36,0,0,[1 0 0 0 0 1],[0 1 1 1 0 0],[0.95 0.9 0.85 0.8 0.75 0.7],2,0.0
1285,13,0,37,1,0,[1 0 0 0 0 1],[0 1 1 1 0 0],[0.95 0.9 0.85 0.8 0.75 0.7],2,0.0
1286,13,0,38,0,0,[0 1 1 1 1 0],[1 0 0 0 0 1],[0.95 0.9 0.85 0.8 0.75 0.7],3,0.0
1287,13,0,39,1,0,[1 0 0 0 0 1],[0 1 1 1 0 0],[0.95 0.9 0.85 0.8 0.75 0.7],2,0.0
1288,13,0,40,0,0,[1 0 0 1 1 0],[0 1 1 0 0 1],[0.95 0.9 0.85 0.8 0.75 0.7],4,0.0
1289,13,0,41,1,0,[1 0 0 0 0 1],[0 1 1 1 0 0],[0.95 0.9 0.85 0.8 0.75 0.7],2,0.0
1290,13,0,42,0,0,[0 1 1 1 1 0],[1 0 0 0 0 1],[0.95 0.9 0.85 0.8 0.75 0.7],3,0.0
1291,13,0,43,0,0,[0 1 1 1 1 0],[1 0 0 0 0 1],[0.95 0.9 0.85 0.8 0.75 0.7],3,0.0
1292,13,0,44,1,0,[0 1 0 1 0 1],[1 0 1 0 1 0],[0.95 0.9 0.85 0.8 0.75 0.7],1,0.0
1293,13,0,45,1,0,[0 1 0 1 0 1],[1 0 1 0 1 0],[0.95 0.9 0.85 0.8 0.75 0.7],1,0.0
1294,13,0,46,0,0,[0 1 1 1 1 0],[1 0 0 0 0 1],[0.95 0.9 0.85 0.8 0.75 0.7],3,0.0
1295,13,0,47,0,0,[0 1 1 1 1 0],[1 0 0 0 0 1],[0.95 0.9 0.85 0.8 0.75 0.7],3,0.0
1296,13,0,48,1,0,[1 0 0 0 0 1],[0 1 1 1 0 0],[0.95 0.9 0.85 0.8 0.75 0.7],2,0.0
1297,13,0,49,1,0,[1 0 0 0 0 1],[0 1 1 1 0 0],[0.95 0.9 0.85 0.8 0.75 0.7],2,0.0
1298,13,0,50,1,0,[1 0 0 0 0 1],[0 1 1 1 0 0],[0.95 0.9 0.85 0.8 0.75 0.7],2,0.0
1299,13,0,51,1,0,[1 0 0 1 1 0],[0 1 1 0 0 1],[0.95 0.9 0.85 0.8 0.75 0.7],4,0.0
1300,13,0,52,1,0,[0 1 0 1 0 1],[1 0 1 0 1 0],[0.95 0.9 0.85 0.8 0.75 0.7],1,0.0
1301,13,0,53,0,0,[0 1 1 1 1 0],[1 0 0 0 0 1],[0.95 0.9 0.85 0.8 0.75 0.7],3,0.0
1302,13,0,54,0,0,[0 1 1 1 1 0],[1 0 0 0 0 1],[0.95 0.9 0.85 0.8 0.75 0.7],3,0.0
1303,13,0,55,0,0,[0 1 1 1 1 0],[1 0 0 0 0 1],[0.95 0.9 0.85 0.8 0.75 0.7],3,0.0
1304,13,0,56,1,0,[1 0 0 0 0 1],[0 1 1 1 0 0],[0.95 0.9 0.85 0.8 0.75 0.7],2,0.0
1305,13,0,57,1,0,[1 0 0 1 1 0],[0 1 1 0 0 1],[0.95 0.9 0.85 0.8 0.75 0.7],4,0.0
1306,13,0,58,0,0,[0 1 1 1 1 0],[1 0 0 0 0 1],[0.95 0.9 0.85 0.8 0.75 0.7],3,0.0
1307,13,0,59,0,0,[1 0 0 1 1 0],[0 1 1 0 0 1],[0.95 0.9 0.85 0.8 0.75 0.7],4,0.0
1308,13,0,60,0,0,[0 1 1 1 1 0],[1 0 0 0 0 1],[0.95 0.9 0.85 0.8 0.75 0.7],3,0.0
1309,13,0,61,1,0,[0 1 0 1 0 1],[1 0 1 0 1 0],[0.95 0.9 0.85 0.8 0.75 0.7],1,0.0
1310,13,0,62,1,0,[1 0 0 1 1 0],[0 1 1 0 0 1],[0.95 0.9 0.85 0.8 0.75 0.7],4,0.0
1311,13,0,63,1,0,[0 1 0 1 0 1],[1 0 1 0 1 0],[0.95 0.9 0.85 0.8 0.75 0.7],1,0.0
1312,13,0,64,0,0,[1 0 0 1 1 0],[0 1 1 0 0 1],[0.95 0.9 0.85 0.8 0.75 0.7],4,0.0
1313,13,0,65,0,0,[0 1 1 1 1 0],[1 0 0 0 0 1],[0.95 0.9 0.85 0.8 0.75 0.7],3,0.0
1314,13,0,66,1,0,[0 1 0 1 0 1],[1 0 1 0 1 0],[0.95 0.9 0.85 0.8 0.75 0.7],1,0.0
1315,13,0,67,1,0,[1 0 0 1 1 0],[0 1 1 0 0 1],[0.95 0.9 0.85 0.8 0.75 0.7],4,0.0
1316,13,0,68,1,0,[1 0 0 1 1 0],[0 1 1 0 0 1],[0.95 0.9 0.85 0.8 0.75 0.7],4,0.0
1317,13,0,69,1,0,[0 1 0 1 0 1],[1 0 1 0 1 0],[0.95 0.9 0.85 0.8 0.75 0.7],1,0.0
1318,13,0,70,1,0,[0 1 0 1 0 1],[1 0 1 0 1 0],[0.95 0.9 0.85 0.8 0.75 0.7],1,0.0
1319,13,0,71,0,0,[0 1 1 1 1 0],[1 0 0 0 0 1],[0.95 0.9 0.85 0.8 0.75 0.7],3,0.0
1320,13,0,72,1,0,[0 1 0 1 0 1],[1 0 1 0 1 0],[0.95 0.9 0.85 0.8 0.75 0.7],1,0.0
1321,13,0,73,1,0,[1 0 0 0 0 1],[0 1 1 1 0 0],[0.95 0.9 0.85 0.8 0.75 0.7],2,0.0
1322,13,0,74,0,0,[0 1 0 1 0 1],[1 0 1 0 1 0],[0.95 0.9 0.85 0.8 0.75 0.7],1,0.0
1323,13,0,75,0,0,[1 0 0 1 1 0],[0 1 1 0 0 1],[0.95 0.9 0.85 0.8 0.75 0.7],4,0.0
1324,13,0,76,1,0,[1 0 0 0 0 1],[0 1 1 1 0 0],[0.95 0.9 0.85 0.8 0.75 0.7],2,0.0
1325,13,0,77,0,0,[0 1 1 1 1 0],[1 0 0 0 0 1],[0.95 0.9 0.85 0.8 0.75 0.7],3,0.0
1326,13,0,78,1,0,[1 0 0 0 0 1],[0 1 1 1 0 0],[0.95 0.9 0.85 0.8 0.75 0.7],2,0.0
1327,13,0,79,0,0,[0 1 1 1 1 0],[1 0 0 0 0 1],[0.95 0.9 0.85 0.8 0.75 0.7],3,0.0
1328,13,0,80,0,0,[1 0 0 1 1 0],[0 1 1 0 0 1],[0.95 0.9 0.85 0.8 0.75 0.7],4,0.0
1329,13,0,81,0,0,[1 0 0 1 1 0],[0 1 1 0 0 1],[0.95 0.9 0.85 0.8 0.75 0.7],4,0.0
1330,13,0,82,0,0,[1 0 0 1 1 0],[0 1 1 0 0 1],[0.95 0.9 0.85 0.8 0.75 0.7],4,0.0
1331,13,0,83,0,0,[0 1 1 1 1 0],[1 0 0 0 0 1],[0.95 0.9 0.85 0.8 0.75 0.7],3,0.0
1332,13,0,84,0,0,[0 1 1 1 1 0],[1 0 0 0 0 1],[0.95 0.9 0.85 0.8 0.75 0.7],3,0.0
1333,13,0,85,1,0,[1 0 0 0 0 1],[0 1 1 1 0 0],[0.95 0.9 0.85 0.8 0.75 0.7],2,0.0
1334,13,0,86,1,0,[1 0 0 1 1 0],[0 1 1 0 0 1],[0.95 0.9 0.85 0.8 0.75 0.7],4,0.0
1335,13,0,87,1,0,[1 0 0 1 1 0],[0 1 1 0 0 1],[0.95 0.9 0.85 0.8 0.75 0.7],4,0.0
1336,13,0,88,1,0,[1 0 0 1 1 0],[0 1 1 0 0 1],[0.95 0.9 0.85 0.8 0.75 0.7],4,0.0
1337,13,0,89,1,0,[1 0 0 1 1 0],[0 1 1 0 0 1],[0.95 0.9 0.85 0.8 0.75 0.7],4,0.0
1338,13,0,90,0,0,[0 1 0 1 0 1],[1 0 1 0 1 0],[0.95 0.9 0.85 0.8 0.75 0.7],1,0.0
1339,13,0,91,0,0,[1 0 0 1 1 0],[0 1 1 0 0 1],[0.95 0.9 0.85 0.8 0.75 0.7],4,0.0
1340,13,0,92,0,0,[0 1 1 1 1 0],[1 0 0 0 0 1],[0.95 0.9 0.85 0.8 0.75 0.7],3,0.0
1341,13,0,93,0,0,[0 1 1 1 1 0],[1 0 0 0 0 1],[0.95 0.9 0.85 0.8 0.75 0.7],3,0.0
1342,13,0,94,0,0,[0 1 0 1 0 1],[1 0 1 0 1 0],[0.95 0.9 0.85 0.8 0.75 0.7],1,0.0
1343,13,0,95,0,0,[0 1 0 1 0 1],[1 0 1 0 1 0],[0.95 0.9 0.85 0.8 0.75 0.7],1,0.0
1344,15,0,0,0,0,[0 1 0 1 0 1],[1 0 1 0 1 0],[0.95 0.9 0.85 0.8 0.75 0.7],1,0.0
1345,15,0,1,1,0,[0 1 0 1 0 1],[1 0 1 0 1 0],[0.95 0.9 0.85 0.8 0.75 0.7],1,0.0
1346,15,0,2,1,0,[1 0 0 0 0 1],[0 1 1 1 0 0],[0.95 0.9 0.85 0.8 0.75 0.7],2,0.0
1347,15,0,3,0,0,[1 0 0 0 0 1],[0 1 1 1 0 0],[0.95 0.9 0.85 0.8 0.75 0.7],2,0.0
1348,15,0,4,0,0,[0 1 1 1 1 0],[1 0 0 0 0 1],[0.95 0.9 0.85 0.8 0.75 0.7],3,0.0
1349,15,0,5,1,0,[0 1 0 1 0 1],[1 0 1 0 1 0],[0.95 0.9 0.85 0.8 0.75 0.7],1,0.0
1350,15,0,6,1,0,[0 1 0 1 0 1],[1 0 1 0 1 0],[0.95 0.9 0.85 0.8 0.75 0.7],1,0.0
1351,15,0,7,0,0,[1 0 0 0 0 1],[0 1 1 1 0 0],[0.95 0.9 0.85 0.8 0.75 0.7],2,0.0
1352,15,0,8,1,0,[0 1 0 1 0 1],[1 0 1 0 1 0],[0.95 0.9 0.85 0.8 0.75 0.7],1,0.0
1353,15,0,9,1,0,[0 1 0 1 0 1],[1 0 1 0 1 0],[0.95 0.9 0.85 0.8 0.75 0.7],1,0.0
1354,15,0,10,0,0,[1 0 0 0 0 1],[0 1 1 1 0 0],[0.95 0.9 0.85 0.8 0.75 0.7],2,0.0
1355,15,0,11,0,0,[1 0 0 1 1 0],[0 1 1 0 0 1],[0.95 0.9 0.85 0.8 0.75 0.7],4,0.0
1356,15,0,12,0,0,[0 1 1 1 1 0],[1 0 0 0 0 1],[0.95 0.9 0.85 0.8 0.75 0.7],3,0.0
1357,15,0,13,0,0,[0 1 1 1 1 0],[1 0 0 0 0 1],[0.95 0.9 0.85 0.8 0.75 0.7],3,0.0
1358,15,0,14,0,0,[1 0 0 1 1 0],[0 1 1 0 0 1],[0.95 0.9 0.85 0.8 0.75 0.7],4,0.0
1359,15,0,15,1,0,[1 0 0 1 1 0],[0 1 1 0 0 1],[0.95 0.9 0.85 0.8 0.75 0.7],4,0.0
1360,15,0,16,1,0,[0 1 0 1 0 1],[1 0 1 0 1 0],[0.95 0.9 0.85 0.8 0.75 0.7],1,0.0
1361,15,0,17,1,0,[1 0 0 1 1 0],[0 1 1 0 0 1],[0.95 0.9 0.85 0.8 0.75 0.7],4,0.0
1362,15,0,18,0,0,[1 0 0 0 0 1],[0 1 1 1 0 0],[0.95 0.9 0.85 0.8 0.75 0.7],2,0.0
1363,15,0,19,1,0,[0 1 0 1 0 1],[1 0 1 0 1 0],[0.95 0.9 0.85 0.8 0.75 0.7],1,0.0
1364,15,0,20,0,0,[1 0 0 1 1 0],[0 1 1 0 0 1],[0.95 0.9 0.85 0.8 0.75 0.7],4,0.0
1365,15,0,21,0,0,[1 0 0 0 0 1],[0 1 1 1 0 0],[0.95 0.9 0.85 0.8 0.75 0.7],2,0.0
1366,15,0,22,0,0,[1 0 0 0 0 1],[0 1 1 1 0 0],[0.95 0.9 0.85 0.8 0.75 0.7],2,0.0
1367,15,0,23,0,0,[0 1 0 1 0 1],[1 0 1 0 1 0],[0.95 0.9 0.85 0.8 0.75 0.7],1,0.0
1368,15,0,24,1,0,[1 0 0 0 0 1],[0 1 1 1 0 0],[0.95 0.9 0.85 0.8 0.75 0.7],2,0.0
1369,15,0,25,0,0,[0 1 0 1 0 1],[1 0 1 0 1 0],[0.95 0.9 0.85 0.8 0.75 0.7],1,0.0
1370,15,0,26,0,0,[1 0 0 0 0 1],[0 1 1 1 0 0],[0.95 0.9 0.85 0.8 0.75 0.7],2,0.0
1371,15,0,27,0,0,[1 0 0 0 0 1],[0 1 1 1 0 0],[0.95 0.9 0.85 0.8 0.75 0.7],2,0.0
1372,15,0,28,1,0,[1 0 0 0 0 1],[0 1 1 1 0 0],[0.95 0.9 0.85 0.8 0.75 0.7],2,0.0
1373,15,0,29,1,0,[0 1 1 1 1 0],[1 0 0 0 0 1],[0.95 0.9 0.85 0.8 0.75 0.7],3,0.0
1374,15,0,30,0,0,[0 1 0 1 0 1],[1 0 1 0 1 0],[0.95 0.9 0.85 0.8 0.75 0.7],1,0.0
1375,15,0,31,0,0,[0 1 1 1 1 0],[1 0 0 0 0 1],[0.95 0.9 0.85 0.8 0.75 0.7],3,0.0
1376,15,0,32,1,0,[1 0 0 1 1 0],[0 1 1 0 0 1],[0.95 0.9 0.85 0.8 0.75 0.7],4,0.0
1377,15,0,33,0,0,[1 0 0 1 1 0],[0 1 1 0 0 1],[0.95 0.9 0.85 0.8 0.75 0.7],4,0.0
1378,15,0,34,1,0,[1 0 0 0 0 1],[0 1 1 1 0 0],[0.95 0.9 0.85 0.8 0.75 0.7],2,0.0
1379,15,0,35,1,0,[0 1 1 1 1 0],[1 0 0 0 0 1],[0.95 0.9 0.85 0.8 0.75 0.7],3,0.0
1380,15,0,36,1,0,[1 0 0 0 0 1],[0 1 1 1 0 0],[0.95 0.9 0.85 0.8 0.75 0.7],2,0.0
1381,15,0,37,0,0,[1 0 0 0 0 1],[0 1 1 1 0 0],[0.95 0.9 0.85 0.8 0.75 0.7],2,0.0
1382,15,0,38,1,0,[0 1 1 1 1 0],[1 0 0 0 0 1],[0.95 0.9 0.85 0.8 0.75 0.7],3,0.0
1383,15,0,39,0,0,[1 0 0 0 0 1],[0 1 1 1 0 0],[0.95 0.9 0.85 0.8 0.75 0.7],2,0.0
1384,15,0,40,0,0,[1 0 0 1 1 0],[0 1 1 0 0 1],[0.95 0.9 0.85 0.8 0.75 0.7],4,0.0
1385,15,0,41,0,0,[1 0 0 0 0 1],[0 1 1 1 0 0],[0.95 0.9 0.85 0.8 0.75 0.7],2,0.0
1386,15,0,42,0,0,[0 1 1 1 1 0],[1 0 0 0 0 1],[0.95 0.9 0.85 0.8 0.75 0.7],3,0.0
1387,15,0,43,0,0,[0 1 1 1 1 0],[1 0 0 0 0 1],[0.95 0.9 0.85 0.8 0.75 0.7],3,0.0
1388,15,0,44,0,0,[0 1 0 1 0 1],[1 0 1 0 1 0],[0.95 0.9 0.85 0.8 0.75 0.7],1,0.0
1389,15,0,45,0,0,[0 1 0 1 0 1],[1 0 1 0 1 0],[0.95 0.9 0.85 0.8 0.75 0.7],1,0.0
1390,15,0,46,1,0,[0 1 1 1 1 0],[1 0 0 0 0 1],[0.95 0.9 0.85 0.8 0.75 0.7],3,0.0
1391,15,0,47,1,0,[0 1 1 1 1 0],[1 0 0 0 0 1],[0.95 0.9 0.85 0.8 0.75 0.7],3,0.0
1392,15,0,48,0,0,[1 0 0 0 0 1],[0 1 1 1 0 0],[0.95 0.9 0.85 0.8 0.75 0.7],2,0.0
1393,15,0,49,1,0,[1 0 0 0 0 1],[0 1 1 1 0 0],[0.95 0.9 0.85 0.8 0.75 0.7],2,0.0
1394,15,0,50,0,0,[1 0 0 0 0 1],[0 1 1 1 0 0],[0.95 0.9 0.85 0.8 0.75 0.7],2,0.0
1395,15,0,51,0,0,[1 0 0 1 1 0],[0 1 1 0 0 1],[0.95 0.9 0.85 0.8 0.75 0.7],4,0.0
1396,15,0,52,1,0,[0 1 0 1 0 1],[1 0 1 0 1 0],[0.95 0.9 0.85 0.8 0.75 0.7],1,0.0
1397,15,0,53,0,0,[0 1 1 1 1 0],[1 0 0 0 0 1],[0.95 0.9 0.85 0.8 0.75 0.7],3,0.0
1398,15,0,54,1,0,[0 1 1 1 1 0],[1 0 0 0 0 1],[0.95 0.9 0.85 0.8 0.75 0.7],3,0.0
1399,15,0,55,0,0,[0 1 1 1 1 0],[1 0 0 0 0 1],[0.95 0.9 0.85 0.8 0.75 0.7],3,0.0
1400,15,0,56,0,0,[1 0 0 0 0 1],[0 1 1 1 0 0],[0.95 0.9 0.85 0.8 0.75 0.7],2,0.0
1401,15,0,57,1,0,[1 0 0 1 1 0],[0 1 1 0 0 1],[0.95 0.9 0.85 0.8 0.75 0.7],4,0.0
1402,15,0,58,0,0,[0 1 1 1 1 0],[1 0 0 0 0 1],[0.95 0.9 0.85 0.8 0.75 0.7],3,0.0
1403,15,0,59,1,0,[1 0 0 1 1 0],[0 1 1 0 0 1],[0.95 0.9 0.85 0.8 0.75 0.7],4,0.0
1404,15,0,60,0,0,[0 1 1 1 1 0],[1 0 0 0 0 1],[0.95 0.9 0.85 0.8 0.75 0.7],3,0.0
1405,15,0,61,1,0,[0 1 0 1 0 1],[1 0 1 0 1 0],[0.95 0.9 0.85 0.8 0.75 0.7],1,0.0
1406,15,0,62,1,0,[1 0 0 1 1 0],[0 1 1 0 0 1],[0.95 0.9 0.85 0.8 0.75 0.7],4,0.0
1407,15,0,63,0,0,[0 1 0 1 0 1],[1 0 1 0 1 0],[0.95 0.9 0.85 0.8 0.75 0.7],1,0.0
1408,15,0,64,1,0,[1 0 0 1 1 0],[0 1 1 0 0 1],[0.95 0.9 0.85 0.8 0.75 0.7],4,0.0
1409,15,0,65,1,0,[0 1 1 1 1 0],[1 0 0 0 0 1],[0.95 0.9 0.85 0.8 0.75 0.7],3,0.0
1410,15,0,66,1,0,[0 1 0 1 0 1],[1 0 1 0 1 0],[0.95 0.9 0.85 0.8 0.75 0.7],1,0.0
1411,15,0,67,0,0,[1 0 0 1 1 0],[0 1 1 0 0 1],[0.95 0.9 0.85 0.8 0.75 0.7],4,0.0
1412,15,0,68,0,0,[1 0 0 1 1 0],[0 1 1 0 0 1],[0.95 0.9 0.85 0.8 0.75 0.7],4,0.0
1413,15,0,69,1,0,[0 1 0 1 0 1],[1 0 1 0 1 0],[0.95 0.9 0.85 0.8 0.75 0.7],1,0.0
1414,15,0,70,1,0,[0 1 0 1 0 1],[1 0 1 0 1 0],[0.95 0.9 0.85 0.8 0.75 0.7],1,0.0
1415,15,0,71,1,0,[0 1 1 1 1 0],[1 0 0 0 0 1],[0.95 0.9 0.85 0.8 0.75 0.7],3,0.0
1416,15,0,72,0,0,[0 1 0 1 0 1],[1 0 1 0 1 0],[0.95 0.9 0.85 0.8 0.75 0.7],1,0.0
1417,15,0,73,1,0,[1 0 0 0 0 1],[0 1 1 1 0 0],[0.95 0.9 0.85 0.8 0.75 0.7],2,0.0
1418,15,0,74,0,0,[0 1 0 1 0 1],[1 0 1 0 1 0],[0.95 0.9 0.85 0.8 0.75 0.7],1,0.0
1419,15,0,75,0,0,[1 0 0 1 1 0],[0 1 1 0 0 1],[0.95 0.9 0.85 0.8 0.75 0.7],4,0.0
1420,15,0,76,1,0,[1 0 0 0 0 1],[0 1 1 1 0 0],[0.95 0.9 0.85 0.8 0.75 0.7],2,0.0
1421,15,0,77,1,0,[0 1 1 1 1 0],[1 0 0 0 0 1],[0.95 0.9 0.85 0.8 0.75 0.7],3,0.0
1422,15,0,78,1,0,[1 0 0 0 0 1],[0 1 1 1 0 0],[0.95 0.9 0.85 0.8 0.75 0.7],2,0.0
1423,15,0,79,1,0,[0 1 1 1 1 0],[1 0 0 0 0 1],[0.95 0.9 0.85 0.8 0.75 0.7],3,0.0
1424,15,0,80,1,0,[1 0 0 1 1 0],[0 1 1 0 0 1],[0.95 0.9 0.85 0.8 0.75 0.7],4,0.0
1425,15,0,81,1,0,[1 0 0 1 1 0],[0 1 1 0 0 1],[0.95 0.9 0.85 0.8 0.75 0.7],4,0.0
1426,15,0,82,1,0,[1 0 0 1 1 0],[0 1 1 0 0 1],[0.95 0.9 0.85 0.8 0.75 0.7],4,0.0
1427,15,0,83,1,0,[0 1 1 1 1 0],[1 0 0 0 0 1],[0.95 0.9 0.85 0.8 0.75 0.7],3,0.0
1428,15,0,84,0,0,[0 1 1 1 1 0],[1 0 0 0 0 1],[0.95 0.9 0.85 0.8 0.75 0.7],3,0.0
1429,15,0,85,1,0,[1 0 0 0 0 1],[0 1 1 1 0 0],[0.95 0.9 0.85 0.8 0.75 0.7],2,0.0
1430,15,0,86,1,0,[1 0 0 1 1 0],[0 1 1 0 0 1],[0.95 0.9 0.85 0.8 0.75 0.7],4,0.0
1431,15,0,87,1,0,[1 0 0 1 1 0],[0 1 1 0 0 1],[0.95 0.9 0.85 0.8 0.75 0.7],4,0.0
1432,15,0,88,1,0,[1 0 0 1 1 0],[0 1 1 0 0 1],[0.95 0.9 0.85 0.8 0.75 0.7],4,0.0
1433,15,0,89,0,0,[1 0 0 1 1 0],[0 1 1 0 0 1],[0.95 0.9 0.85 0.8 0.75 0.7],4,0.0
1434,15,0,90,0,0,[0 1 0 1 0 1],[1 0 1 0 1 0],[0.95 0.9 0.85 0.8 0.75 0.7],1,0.0
1435,15,0,91,1,0,[1 0 0 1 1 0],[0 1 1 0 0 1],[0.95 0.9 0.85 0.8 0.75 0.7],4,0.0
1436,15,0,92,0,0,[0 1 1 1 1 0],[1 0 0 0 0 1],[0.95 0.9 0.85 0.8 0.75 0.7],3,0.0
1437,15,0,93,1,0,[0 1 1 1 1 0],[1 0 0 0 0 1],[0.95 0.9 0.85 0.8 0.75 0.7],3,0.0
1438,15,0,94,0,0,[0 1 0 1 0 1],[1 0 1 0 1 0],[0.95 0.9 0.85 0.8 0.75 0.7],1,0.0
1439,15,0,95,0,0,[0 1 0 1 0 1],[1 0 1 0 1 0],[0.95 0.9 0.85 0.8 0.75 0.7],1,0.0
1440,16,0,0,0,0,[0 1 0 1 0 1],[1 0 1 0 1 0],[0.95 0.9 0.85 0.8 0.75 0.7],1,0.0
1441,16,0,1,1,0,[0 1 0 1 0 1],[1 0 1 0 1 0],[0.95 0.9 0.85 0.8 0.75 0.7],1,0.0
1442,16,0,2,1,0,[1 0 0 0 0 1],[0 1 1 1 0 0],[0.95 0.9 0.85 0.8 0.75 0.7],2,0.0
1443,16,0,3,0,0,[1 0 0 0 0 1],[0 1 1 1 0 0],[0.95 0.9 0.85 0.8 0.75 0.7],2,0.0
1444,16,0,4,0,0,[0 1 1 1 1 0],[1 0 0 0 0 1],[0.95 0.9 0.85 0.8 0.75 0.7],3,0.0
1445,16,0,5,1,0,[0 1 0 1 0 1],[1 0 1 0 1 0],[0.95 0.9 0.85 0.8 0.75 0.7],1,0.0
1446,16,0,6,1,0,[0 1 0 1 0 1],[1 0 1 0 1 0],[0.95 0.9 0.85 0.8 0.75 0.7],1,0.0
1447,16,0,7,0,0,[1 0 0 0 0 1],[0 1 1 1 0 0],[0.95 0.9 0.85 0.8 0.75 0.7],2,0.0
1448,16,0,8,1,0,[0 1 0 1 0 1],[1 0 1 0 1 0],[0.95 0.9 0.85 0.8 0.75 0.7],1,0.0
1449,16,0,9,1,0,[0 1 0 1 0 1],[1 0 1 0 1 0],[0.95 0.9 0.85 0.8 0.75 0.7],1,0.0
1450,16,0,10,0,0,[1 0 0 0 0 1],[0 1 1 1 0 0],[0.95 0.9 0.85 0.8 0.75 0.7],2,0.0
1451,16,0,11,0,0,[1 0 0 1 1 0],[0 1 1 0 0 1],[0.95 0.9 0.85 0.8 0.75 0.7],4,0.0
1452,16,0,12,0,0,[0 1 1 1 1 0],[1 0 0 0 0 1],[0.95 0.9 0.85 0.8 0.75 0.7],3,0.0
1453,16,0,13,0,0,[0 1 1 1 1 0],[1 0 0 0 0 1],[0.95 0.9 0.85 0.8 0.75 0.7],3,0.0
1454,16,0,14,0,0,[1 0 0 1 1 0],[0 1 1 0 0 1],[0.95 0.9 0.85 0.8 0.75 0.7],4,0.0
1455,16,0,15,0,0,[1 0 0 1 1 0],[0 1 1 0 0 1],[0.95 0.9 0.85 0.8 0.75 0.7],4,0.0
1456,16,0,16,1,0,[0 1 0 1 0 1],[1 0 1 0 1 0],[0.95 0.9 0.85 0.8 0.75 0.7],1,0.0
1457,16,0,17,1,0,[1 0 0 1 1 0],[0 1 1 0 0 1],[0.95 0.9 0.85 0.8 0.75 0.7],4,0.0
1458,16,0,18,0,0,[1 0 0 0 0 1],[0 1 1 1 0 0],[0.95 0.9 0.85 0.8 0.75 0.7],2,0.0
1459,16,0,19,1,0,[0 1 0 1 0 1],[1 0 1 0 1 0],[0.95 0.9 0.85 0.8 0.75 0.7],1,0.0
1460,16,0,20,0,0,[1 0 0 1 1 0],[0 1 1 0 0 1],[0.95 0.9 0.85 0.8 0.75 0.7],4,0.0
1461,16,0,21,0,0,[1 0 0 0 0 1],[0 1 1 1 0 0],[0.95 0.9 0.85 0.8 0.75 0.7],2,0.0
1462,16,0,22,0,0,[1 0 0 0 0 1],[0 1 1 1 0 0],[0.95 0.9 0.85 0.8 0.75 0.7],2,0.0
1463,16,0,23,0,0,[0 1 0 1 0 1],[1 0 1 0 1 0],[0.95 0.9 0.85 0.8 0.75 0.7],1,0.0
1464,16,0,24,1,0,[1 0 0 0 0 1],[0 1 1 1 0 0],[0.95 0.9 0.85 0.8 0.75 0.7],2,0.0
1465,16,0,25,0,0,[0 1 0 1 0 1],[1 0 1 0 1 0],[0.95 0.9 0.85 0.8 0.75 0.7],1,0.0
1466,16,0,26,0,0,[1 0 0 0 0 1],[0 1 1 1 0 0],[0.95 0.9 0.85 0.8 0.75 0.7],2,0.0
1467,16,0,27,0,0,[1 0 0 0 0 1],[0 1 1 1 0 0],[0.95 0.9 0.85 0.8 0.75 0.7],2,0.0
1468,16,0,28,1,0,[1 0 0 0 0 1],[0 1 1 1 0 0],[0.95 0.9 0.85 0.8 0.75 0.7],2,0.0
1469,16,0,29,1,0,[0 1 1 1 1 0],[1 0 0 0 0 1],[0.95 0.9 0.85 0.8 0.75 0.7],3,0.0
1470,16,0,30,0,0,[0 1 0 1 0 1],[1 0 1 0 1 0],[0.95 0.9 0.85 0.8 0.75 0.7],1,0.0
1471,16,0,31,0,0,[0 1 1 1 1 0],[1 0 0 0 0 1],[0.95 0.9 0.85 0.8 0.75 0.7],3,0.0
1472,16,0,32,0,0,[1 0 0 1 1 0],[0 1 1 0 0 1],[0.95 0.9 0.85 0.8 0.75 0.7],4,0.0
1473,16,0,33,0,0,[1 0 0 1 1 0],[0 1 1 0 0 1],[0.95 0.9 0.85 0.8 0.75 0.7],4,0.0
1474,16,0,34,1,0,[1 0 0 0 0 1],[0 1 1 1 0 0],[0.95 0.9 0.85 0.8 0.75 0.7],2,0.0
1475,16,0,35,0,0,[0 1 1 1 1 0],[1 0 0 0 0 1],[0.95 0.9 0.85 0.8 0.75 0.7],3,0.0
1476,16,0,36,1,0,[1 0 0 0 0 1],[0 1 1 1 0 0],[0.95 0.9 0.85 0.8 0.75 0.7],2,0.0
1477,16,0,37,1,0,[1 0 0 0 0 1],[0 1 1 1 0 0],[0.95 0.9 0.85 0.8 0.75 0.7],2,0.0
1478,16,0,38,0,0,[0 1 1 1 1 0],[1 0 0 0 0 1],[0.95 0.9 0.85 0.8 0.75 0.7],3,0.0
1479,16,0,39,1,0,[1 0 0 0 0 1],[0 1 1 1 0 0],[0.95 0.9 0.85 0.8 0.75 0.7],2,0.0
1480,16,0,40,0,0,[1 0 0 1 1 0],[0 1 1 0 0 1],[0.95 0.9 0.85 0.8 0.75 0.7],4,0.0
1481,16,0,41,1,0,[1 0 0 0 0 1],[0 1 1 1 0 0],[0.95 0.9 0.85 0.8 0.75 0.7],2,0.0
1482,16,0,42,0,0,[0 1 1 1 1 0],[1 0 0 0 0 1],[0.95 0.9 0.85 0.8 0.75 0.7],3,0.0
1483,16,0,43,0,0,[0 1 1 1 1 0],[1 0 0 0 0 1],[0.95 0.9 0.85 0.8 0.75 0.7],3,0.0
1484,16,0,44,1,0,[0 1 0 1 0 1],[1 0 1 0 1 0],[0.95 0.9 0.85 0.8 0.75 0.7],1,0.0
1485,16,0,45,1,0,[0 1 0 1 0 1],[1 0 1 0 1 0],[0.95 0.9 0.85 0.8 0.75 0.7],1,0.0
1486,16,0,46,0,0,[0 1 1 1 1 0],[1 0 0 0 0 1],[0.95 0.9 0.85 0.8 0.75 0.7],3,0.0
1487,16,0,47,0,0,[0 1 1 1 1 0],[1 0 0 0 0 1],[0.95 0.9 0.85 0.8 0.75 0.7],3,0.0
1488,16,0,48,1,0,[1 0 0 0 0 1],[0 1 1 1 0 0],[0.95 0.9 0.85 0.8 0.75 0.7],2,0.0
1489,16,0,49,1,0,[1 0 0 0 0 1],[0 1 1 1 0 0],[0.95 0.9 0.85 0.8 0.75 0.7],2,0.0
1490,16,0,50,1,0,[1 0 0 0 0 1],[0 1 1 1 0 0],[0.95 0.9 0.85 0.8 0.75 0.7],2,0.0
1491,16,0,51,1,0,[1 0 0 1 1 0],[0 1 1 0 0 1],[0.95 0.9 0.85 0.8 0.75 0.7],4,0.0
1492,16,0,52,1,0,[0 1 0 1 0 1],[1 0 1 0 1 0],[0.95 0.9 0.85 0.8 0.75 0.7],1,0.0
1493,16,0,53,0,0,[0 1 1 1 1 0],[1 0 0 0 0 1],[0.95 0.9 0.85 0.8 0.75 0.7],3,0.0
1494,16,0,54,0,0,[0 1 1 1 1 0],[1 0 0 0 0 1],[0.95 0.9 0.85 0.8 0.75 0.7],3,0.0
1495,16,0,55,0,0,[0 1 1 1 1 0],[1 0 0 0 0 1],[0.95 0.9 0.85 0.8 0.75 0.7],3,0.0
1496,16,0,56,1,0,[1 0 0 0 0 1],[0 1 1 1 0 0],[0.95 0.9 0.85 0.8 0.75 0.7],2,0.0
1497,16,0,57,1,0,[1 0 0 1 1 0],[0 1 1 0 0 1],[0.95 0.9 0.85 0.8 0.75 0.7],4,0.0
1498,16,0,58,0,0,[0 1 1 1 1 0],[1 0 0 0 0 1],[0.95 0.9 0.85 0.8 0.75 0.7],3,0.0
1499,16,0,59,1,0,[1 0 0 1 1 0],[0 1 1 0 0 1],[0.95 0.9 0.85 0.8 0.75 0.7],4,0.0
1500,16,0,60,0,0,[0 1 1 1 1 0],[1 0 0 0 0 1],[0.95 0.9 0.85 0.8 0.75 0.7],3,0.0
1501,16,0,61,1,0,[0 1 0 1 0 1],[1 0 1 0 1 0],[0.95 0.9 0.85 0.8 0.75 0.7],1,0.0
1502,16,0,62,1,0,[1 0 0 1 1 0],[0 1 1 0 0 1],[0.95 0.9 0.85 0.8 0.75 0.7],4,0.0
1503,16,0,63,0,0,[0 1 0 1 0 1],[1 0 1 0 1 0],[0.95 0.9 0.85 0.8 0.75 0.7],1,0.0
1504,16,0,64,1,0,[1 0 0 1 1 0],[0 1 1 0 0 1],[0.95 0.9 0.85 0.8 0.75 0.7],4,0.0
1505,16,0,65,0,0,[0 1 1 1 1 0],[1 0 0 0 0 1],[0.95 0.9 0.85 0.8 0.75 0.7],3,0.0
1506,16,0,66,1,0,[0 1 0 1 0 1],[1 0 1 0 1 0],[0.95 0.9 0.85 0.8 0.75 0.7],1,0.0
1507,16,0,67,1,0,[1 0 0 1 1 0],[0 1 1 0 0 1],[0.95 0.9 0.85 0.8 0.75 0.7],4,0.0
1508,16,0,68,1,0,[1 0 0 1 1 0],[0 1 1 0 0 1],[0.95 0.9 0.85 0.8 0.75 0.7],4,0.0
1509,16,0,69,1,0,[0 1 0 1 0 1],[1 0 1 0 1 0],[0.95 0.9 0.85 0.8 0.75 0.7],1,0.0
1510,16,0,70,1,0,[0 1 0 1 0 1],[1 0 1 0 1 0],[0.95 0.9 0.85 0.8 0.75 0.7],1,0.0
1511,16,0,71,0,0,[0 1 1 1 1 0],[1 0 0 0 0 1],[0.95 0.9 0.85 0.8 0.75 0.7],3,0.0
1512,16,0,72,1,0,[0 1 0 1 0 1],[1 0 1 0 1 0],[0.95 0.9 0.85 0.8 0.75 0.7],1,0.0
1513,16,0,73,1,0,[1 0 0 0 0 1],[0 1 1 1 0 0],[0.95 0.9 0.85 0.8 0.75 0.7],2,0.0
1514,16,0,74,1,0,[0 1 0 1 0 1],[1 0 1 0 1 0],[0.95 0.9 0.85 0.8 0.75 0.7],1,0.0
1515,16,0,75,1,0,[1 0 0 1 1 0],[0 1 1 0 0 1],[0.95 0.9 0.85 0.8 0.75 0.7],4,0.0
1516,16,0,76,1,0,[1 0 0 0 0 1],[0 1 1 1 0 0],[0.95 0.9 0.85 0.8 0.75 0.7],2,0.0
1517,16,0,77,0,0,[0 1 1 1 1 0],[1 0 0 0 0 1],[0.95 0.9 0.85 0.8 0.75 0.7],3,0.0
1518,16,0,78,1,0,[1 0 0 0 0 1],[0 1 1 1 0 0],[0.95 0.9 0.85 0.8 0.75 0.7],2,0.0
1519,16,0,79,0,0,[0 1 1 1 1 0],[1 0 0 0 0 1],[0.95 0.9 0.85 0.8 0.75 0.7],3,0.0
1520,16,0,80,0,0,[1 0 0 1 1 0],[0 1 1 0 0 1],[0.95 0.9 0.85 0.8 0.75 0.7],4,0.0
1521,16,0,81,1,0,[1 0 0 1 1 0],[0 1 1 0 0 1],[0.95 0.9 0.85 0.8 0.75 0.7],4,0.0
1522,16,0,82,1,0,[1 0 0 1 1 0],[0 1 1 0 0 1],[0.95 0.9 0.85 0.8 0.75 0.7],4,0.0
1523,16,0,83,0,0,[0 1 1 1 1 0],[1 0 0 0 0 1],[0.95 0.9 0.85 0.8 0.75 0.7],3,0.0
1524,16,0,84,0,0,[0 1 1 1 1 0],[1 0 0 0 0 1],[0.95 0.9 0.85 0.8 0.75 0.7],3,0.0
1525,16,0,85,1,0,[1 0 0 0 0 1],[0 1 1 1 0 0],[0.95 0.9 0.85 0.8 0.75 0.7],2,0.0
1526,16,0,86,0,0,[1 0 0 1 1 0],[0 1 1 0 0 1],[0.95 0.9 0.85 0.8 0.75 0.7],4,0.0
1527,16,0,87,0,0,[1 0 0 1 1 0],[0 1 1 0 0 1],[0.95 0.9 0.85 0.8 0.75 0.7],4,0.0
1528,16,0,88,0,0,[1 0 0 1 1 0],[0 1 1 0 0 1],[0.95 0.9 0.85 0.8 0.75 0.7],4,0.0
1529,16,0,89,1,0,[1 0 0 1 1 0],[0 1 1 0 0 1],[0.95 0.9 0.85 0.8 0.75 0.7],4,0.0
1530,16,0,90,1,0,[0 1 0 1 0 1],[1 0 1 0 1 0],[0.95 0.9 0.85 0.8 0.75 0.7],1,0.0
1531,16,0,91,1,0,[1 0 0 1 1 0],[0 1 1 0 0 1],[0.95 0.9 0.85 0.8 0.75 0.7],4,0.0
1532,16,0,92,0,0,[0 1 1 1 1 0],[1 0 0 0 0 1],[0.95 0.9 0.85 0.8 0.75 0.7],3,0.0
1533,16,0,93,0,0,[0 1 1 1 1 0],[1 0 0 0 0 1],[0.95 0.9 0.85 0.8 0.75 0.7],3,0.0
1534,16,0,94,1,0,[0 1 0 1 0 1],[1 0 1 0 1 0],[0.95 0.9 0.85 0.8 0.75 0.7],1,0.0
1535,16,0,95,1,0,[0 1 0 1 0 1],[1 0 1 0 1 0],[0.95 0.9 0.85 0.8 0.75 0.7],1,0.0
1536,17,0,0,0,0,[0 1 0 1 0 1],[1 0 1 0 1 0],[0.95 0.9 0.85 0.8 0.75 0.7],1,0.0
1537,17,0,1,1,0,[0 1 0 1 0 1],[1 0 1 0 1 0],[0.95 0.9 0.85 0.8 0.75 0.7],1,0.0
1538,17,0,2,1,0,[1 0 0 0 0 1],[0 1 1 1 0 0],[0.95 0.9 0.85 0.8 0.75 0.7],2,0.0
1539,17,0,3,0,0,[1 0 0 0 0 1],[0 1 1 1 0 0],[0.95 0.9 0.85 0.8 0.75 0.7],2,0.0
1540,17,0,4,0,0,[0 1 1 1 1 0],[1 0 0 0 0 1],[0.95 0.9 0.85 0.8 0.75 0.7],3,0.0
1541,17,0,5,1,0,[0 1 0 1 0 1],[1 0 1 0 1 0],[0.95 0.9 0.85 0.8 0.75 0.7],1,0.0
1542,17,0,6,1,0,[0 1 0 1 0 1],[1 0 1 0 1 0],[0.95 0.9 0.85 0.8 0.75 0.7],1,0.0
1543,17,0,7,0,0,[1 0 0 0 0 1],[0 1 1 1 0 0],[0.95 0.9 0.85 0.8 0.75 0.7],2,0.0
1544,17,0,8,1,0,[0 1 0 1 0 1],[1 0 1 0 1 0],[0.95 0.9 0.85 0.8 0.75 0.7],1,0.0
1545,17,0,9,1,0,[0 1 0 1 0 1],[1 0 1 0 1 0],[0.95 0.9 0.85 0.8 0.75 0.7],1,0.0
1546,17,0,10,0,0,[1 0 0 0 0 1],[0 1 1 1 0 0],[0.95 0.9 0.85 0.8 0.75 0.7],2,0.0
1547,17,0,11,1,0,[1 0 0 1 1 0],[0 1 1 0 0 1],[0.95 0.9 0.85 0.8 0.75 0.7],4,0.0
1548,17,0,12,0,0,[0 1 1 1 1 0],[1 0 0 0 0 1],[0.95 0.9 0.85 0.8 0.75 0.7],3,0.0
1549,17,0,13,0,0,[0 1 1 1 1 0],[1 0 0 0 0 1],[0.95 0.9 0.85 0.8 0.75 0.7],3,0.0
1550,17,0,14,1,0,[1 0 0 1 1 0],[0 1 1 0 0 1],[0.95 0.9 0.85 0.8 0.75 0.7],4,0.0
1551,17,0,15,0,0,[1 0 0 1 1 0],[0 1 1 0 0 1],[0.95 0.9 0.85 0.8 0.75 0.7],4,0.0
1552,17,0,16,1,0,[0 1 0 1 0 1],[1 0 1 0 1 0],[0.95 0.9 0.85 0.8 0.75 0.7],1,0.0
1553,17,0,17,1,0,[1 0 0 1 1 0],[0 1 1 0 0 1],[0.95 0.9 0.85 0.8 0.75 0.7],4,0.0
1554,17,0,18,0,0,[1 0 0 0 0 1],[0 1 1 1 0 0],[0.95 0.9 0.85 0.8 0.75 0.7],2,0.0
1555,17,0,19,1,0,[0 1 0 1 0 1],[1 0 1 0 1 0],[0.95 0.9 0.85 0.8 0.75 0.7],1,0.0
1556,17,0,20,1,0,[1 0 0 1 1 0],[0 1 1 0 0 1],[0.95 0.9 0.85 0.8 0.75 0.7],4,0.0
1557,17,0,21,1,0,[1 0 0 0 0 1],[0 1 1 1 0 0],[0.95 0.9 0.85 0.8 0.75 0.7],2,0.0
1558,17,0,22,1,0,[1 0 0 0 0 1],[0 1 1 1 0 0],[0.95 0.9 0.85 0.8 0.75 0.7],2,0.0
1559,17,0,23,1,0,[0 1 0 1 0 1],[1 0 1 0 1 0],[0.95 0.9 0.85 0.8 0.75 0.7],1,0.0
1560,17,0,24,1,0,[1 0 0 0 0 1],[0 1 1 1 0 0],[0.95 0.9 0.85 0.8 0.75 0.7],2,0.0
1561,17,0,25,0,0,[0 1 0 1 0 1],[1 0 1 0 1 0],[0.95 0.9 0.85 0.8 0.75 0.7],1,0.0
1562,17,0,26,1,0,[1 0 0 0 0 1],[0 1 1 1 0 0],[0.95 0.9 0.85 0.8 0.75 0.7],2,0.0
1563,17,0,27,1,0,[1 0 0 0 0 1],[0 1 1 1 0 0],[0.95 0.9 0.85 0.8 0.75 0.7],2,0.0
1564,17,0,28,1,0,[1 0 0 0 0 1],[0 1 1 1 0 0],[0.95 0.9 0.85 0.8 0.75 0.7],2,0.0
1565,17,0,29,0,0,[0 1 1 1 1 0],[1 0 0 0 0 1],[0.95 0.9 0.85 0.8 0.75 0.7],3,0.0
1566,17,0,30,1,0,[0 1 0 1 0 1],[1 0 1 0 1 0],[0.95 0.9 0.85 0.8 0.75 0.7],1,0.0
1567,17,0,31,0,0,[0 1 1 1 1 0],[1 0 0 0 0 1],[0.95 0.9 0.85 0.8 0.75 0.7],3,0.0
1568,17,0,32,1,0,[1 0 0 1 1 0],[0 1 1 0 0 1],[0.95 0.9 0.85 0.8 0.75 0.7],4,0.0
1569,17,0,33,1,0,[1 0 0 1 1 0],[0 1 1 0 0 1],[0.95 0.9 0.85 0.8 0.75 0.7],4,0.0
1570,17,0,34,1,0,[1 0 0 0 0 1],[0 1 1 1 0 0],[0.95 0.9 0.85 0.8 0.75 0.7],2,0.0
1571,17,0,35,0,0,[0 1 1 1 1 0],[1 0 0 0 0 1],[0.95 0.9 0.85 0.8 0.75 0.7],3,0.0
1572,17,0,36,1,0,[1 0 0 0 0 1],[0 1 1 1 0 0],[0.95 0.9 0.85 0.8 0.75 0.7],2,0.0
1573,17,0,37,1,0,[1 0 0 0 0 1],[0 1 1 1 0 0],[0.95 0.9 0.85 0.8 0.75 0.7],2,0.0
1574,17,0,38,0,0,[0 1 1 1 1 0],[1 0 0 0 0 1],[0.95 0.9 0.85 0.8 0.75 0.7],3,0.0
1575,17,0,39,1,0,[1 0 0 0 0 1],[0 1 1 1 0 0],[0.95 0.9 0.85 0.8 0.75 0.7],2,0.0
1576,17,0,40,1,0,[1 0 0 1 1 0],[0 1 1 0 0 1],[0.95 0.9 0.85 0.8 0.75 0.7],4,0.0
1577,17,0,41,1,0,[1 0 0 0 0 1],[0 1 1 1 0 0],[0.95 0.9 0.85 0.8 0.75 0.7],2,0.0
1578,17,0,42,0,0,[0 1 1 1 1 0],[1 0 0 0 0 1],[0.95 0.9 0.85 0.8 0.75 0.7],3,0.0
1579,17,0,43,0,0,[0 1 1 1 1 0],[1 0 0 0 0 1],[0.95 0.9 0.85 0.8 0.75 0.7],3,0.0
1580,17,0,44,1,0,[0 1 0 1 0 1],[1 0 1 0 1 0],[0.95 0.9 0.85 0.8 0.75 0.7],1,0.0
1581,17,0,45,1,0,[0 1 0 1 0 1],[1 0 1 0 1 0],[0.95 0.9 0.85 0.8 0.75 0.7],1,0.0
1582,17,0,46,0,0,[0 1 1 1 1 0],[1 0 0 0 0 1],[0.95 0.9 0.85 0.8 0.75 0.7],3,0.0
1583,17,0,47,0,0,[0 1 1 1 1 0],[1 0 0 0 0 1],[0.95 0.9 0.85 0.8 0.75 0.7],3,0.0
1584,17,0,48,1,0,[1 0 0 0 0 1],[0 1 1 1 0 0],[0.95 0.9 0.85 0.8 0.75 0.7],2,0.0
1585,17,0,49,1,0,[1 0 0 0 0 1],[0 1 1 1 0 0],[0.95 0.9 0.85 0.8 0.75 0.7],2,0.0
1586,17,0,50,1,0,[1 0 0 0 0 1],[0 1 1 1 0 0],[0.95 0.9 0.85 0.8 0.75 0.7],2,0.0
1587,17,0,51,1,0,[1 0 0 1 1 0],[0 1 1 0 0 1],[0.95 0.9 0.85 0.8 0.75 0.7],4,0.0
1588,17,0,52,1,0,[0 1 0 1 0 1],[1 0 1 0 1 0],[0.95 0.9 0.85 0.8 0.75 0.7],1,0.0
1589,17,0,53,0,0,[0 1 1 1 1 0],[1 0 0 0 0 1],[0.95 0.9 0.85 0.8 0.75 0.7],3,0.0
1590,17,0,54,0,0,[0 1 1 1 1 0],[1 0 0 0 0 1],[0.95 0.9 0.85 0.8 0.75 0.7],3,0.0
1591,17,0,55,0,0,[0 1 1 1 1 0],[1 0 0 0 0 1],[0.95 0.9 0.85 0.8 0.75 0.7],3,0.0
1592,17,0,56,0,0,[1 0 0 0 0 1],[0 1 1 1 0 0],[0.95 0.9 0.85 0.8 0.75 0.7],2,0.0
1593,17,0,57,0,0,[1 0 0 1 1 0],[0 1 1 0 0 1],[0.95 0.9 0.85 0.8 0.75 0.7],4,0.0
1594,17,0,58,0,0,[0 1 1 1 1 0],[1 0 0 0 0 1],[0.95 0.9 0.85 0.8 0.75 0.7],3,0.0
1595,17,0,59,1,0,[1 0 0 1 1 0],[0 1 1 0 0 1],[0.95 0.9 0.85 0.8 0.75 0.7],4,0.0
1596,17,0,60,0,0,[0 1 1 1 1 0],[1 0 0 0 0 1],[0.95 0.9 0.85 0.8 0.75 0.7],3,0.0
1597,17,0,61,1,0,[0 1 0 1 0 1],[1 0 1 0 1 0],[0.95 0.9 0.85 0.8 0.75 0.7],1,0.0
1598,17,0,62,1,0,[1 0 0 1 1 0],[0 1 1 0 0 1],[0.95 0.9 0.85 0.8 0.75 0.7],4,0.0
1599,17,0,63,0,0,[0 1 0 1 0 1],[1 0 1 0 1 0],[0.95 0.9 0.85 0.8 0.75 0.7],1,0.0
1600,17,0,64,0,0,[1 0 0 1 1 0],[0 1 1 0 0 1],[0.95 0.9 0.85 0.8 0.75 0.7],4,0.0
1601,17,0,65,0,0,[0 1 1 1 1 0],[1 0 0 0 0 1],[0.95 0.9 0.85 0.8 0.75 0.7],3,0.0
1602,17,0,66,1,0,[0 1 0 1 0 1],[1 0 1 0 1 0],[0.95 0.9 0.85 0.8 0.75 0.7],1,0.0
1603,17,0,67,0,0,[1 0 0 1 1 0],[0 1 1 0 0 1],[0.95 0.9 0.85 0.8 0.75 0.7],4,0.0
1604,17,0,68,0,0,[1 0 0 1 1 0],[0 1 1 0 0 1],[0.95 0.9 0.85 0.8 0.75 0.7],4,0.0
1605,17,0,69,1,0,[0 1 0 1 0 1],[1 0 1 0 1 0],[0.95 0.9 0.85 0.8 0.75 0.7],1,0.0
1606,17,0,70,1,0,[0 1 0 1 0 1],[1 0 1 0 1 0],[0.95 0.9 0.85 0.8 0.75 0.7],1,0.0
1607,17,0,71,0,0,[0 1 1 1 1 0],[1 0 0 0 0 1],[0.95 0.9 0.85 0.8 0.75 0.7],3,0.0
1608,17,0,72,1,0,[0 1 0 1 0 1],[1 0 1 0 1 0],[0.95 0.9 0.85 0.8 0.75 0.7],1,0.0
1609,17,0,73,1,0,[1 0 0 0 0 1],[0 1 1 1 0 0],[0.95 0.9 0.85 0.8 0.75 0.7],2,0.0
1610,17,0,74,1,0,[0 1 0 1 0 1],[1 0 1 0 1 0],[0.95 0.9 0.85 0.8 0.75 0.7],1,0.0
1611,17,0,75,1,0,[1 0 0 1 1 0],[0 1 1 0 0 1],[0.95 0.9 0.85 0.8 0.75 0.7],4,0.0
1612,17,0,76,1,0,[1 0 0 0 0 1],[0 1 1 1 0 0],[0.95 0.9 0.85 0.8 0.75 0.7],2,0.0
1613,17,0,77,0,0,[0 1 1 1 1 0],[1 0 0 0 0 1],[0.95 0.9 0.85 0.8 0.75 0.7],3,0.0
1614,17,0,78,1,0,[1 0 0 0 0 1],[0 1 1 1 0 0],[0.95 0.9 0.85 0.8 0.75 0.7],2,0.0
1615,17,0,79,0,0,[0 1 1 1 1 0],[1 0 0 0 0 1],[0.95 0.9 0.85 0.8 0.75 0.7],3,0.0
1616,17,0,80,0,0,[1 0 0 1 1 0],[0 1 1 0 0 1],[0.95 0.9 0.85 0.8 0.75 0.7],4,0.0
1617,17,0,81,0,0,[1 0 0 1 1 0],[0 1 1 0 0 1],[0.95 0.9 0.85 0.8 0.75 0.7],4,0.0
1618,17,0,82,0,0,[1 0 0 1 1 0],[0 1 1 0 0 1],[0.95 0.9 0.85 0.8 0.75 0.7],4,0.0
1619,17,0,83,0,0,[0 1 1 1 1 0],[1 0 0 0 0 1],[0.95 0.9 0.85 0.8 0.75 0.7],3,0.0
1620,17,0,84,0,0,[0 1 1 1 1 0],[1 0 0 0 0 1],[0.95 0.9 0.85 0.8 0.75 0.7],3,0.0
1621,17,0,85,1,0,[1 0 0 0 0 1],[0 1 1 1 0 0],[0.95 0.9 0.85 0.8 0.75 0.7],2,0.0
1622,17,0,86,1,0,[1 0 0 1 1 0],[0 1 1 0 0 1],[0.95 0.9 0.85 0.8 0.75 0.7],4,0.0
1623,17,0,87,1,0,[1 0 0 1 1 0],[0 1 1 0 0 1],[0.95 0.9 0.85 0.8 0.75 0.7],4,0.0
1624,17,0,88,1,0,[1 0 0 1 1 0],[0 1 1 0 0 1],[0.95 0.9 0.85 0.8 0.75 0.7],4,0.0
1625,17,0,89,1,0,[1 0 0 1 1 0],[0 1 1 0 0 1],[0.95 0.9 0.85 0.8 0.75 0.7],4,0.0
1626,17,0,90,1,0,[0 1 0 1 0 1],[1 0 1 0 1 0],[0.95 0.9 0.85 0.8 0.75 0.7],1,0.0
1627,17,0,91,0,0,[1 0 0 1 1 0],[0 1 1 0 0 1],[0.95 0.9 0.85 0.8 0.75 0.7],4,0.0
1628,17,0,92,0,0,[0 1 1 1 1 0],[1 0 0 0 0 1],[0.95 0.9 0.85 0.8 0.75 0.7],3,0.0
1629,17,0,93,0,0,[0 1 1 1 1 0],[1 0 0 0 0 1],[0.95 0.9 0.85 0.8 0.75 0.7],3,0.0
1630,17,0,94,1,0,[0 1 0 1 0 1],[1 0 1 0 1 0],[0.95 0.9 0.85 0.8 0.75 0.7],1,0.0
1631,17,0,95,1,0,[0 1 0 1 0 1],[1 0 1 0 1 0],[0.95 0.9 0.85 0.8 0.75 0.7],1,0.0
1632,18,0,0,1,0,[0 1 0 1 0 1],[1 0 1 0 1 0],[0.95 0.9 0.85 0.8 0.75 0.7],1,0.0
1633,18,0,1,1,0,[0 1 0 1 0 1],[1 0 1 0 1 0],[0.95 0.9 0.85 0.8 0.75 0.7],1,0.0
1634,18,0,2,1,0,[1 0 0 0 0 1],[0 1 1 1 0 0],[0.95 0.9 0.85 0.8 0.75 0.7],2,0.0
1635,18,0,3,1,0,[1 0 0 0 0 1],[0 1 1 1 0 0],[0.95 0.9 0.85 0.8 0.75 0.7],2,0.0
1636,18,0,4,0,0,[0 1 1 1 1 0],[1 0 0 0 0 1],[0.95 0.9 0.85 0.8 0.75 0.7],3,0.0
1637,18,0,5,1,0,[0 1 0 1 0 1],[1 0 1 0 1 0],[0.95 0.9 0.85 0.8 0.75 0.7],1,0.0
1638,18,0,6,1,0,[0 1 0 1 0 1],[1 0 1 0 1 0],[0.95 0.9 0.85 0.8 0.75 0.7],1,0.0
1639,18,0,7,1,0,[1 0 0 0 0 1],[0 1 1 1 0 0],[0.95 0.9 0.85 0.8 0.75 0.7],2,0.0
1640,18,0,8,1,0,[0 1 0 1 0 1],[1 0 1 0 1 0],[0.95 0.9 0.85 0.8 0.75 0.7],1,0.0
1641,18,0,9,1,0,[0 1 0 1 0 1],[1 0 1 0 1 0],[0.95 0.9 0.85 0.8 0.75 0.7],1,0.0
1642,18,0,10,1,0,[1 0 0 0 0 1],[0 1 1 1 0 0],[0.95 0.9 0.85 0.8 0.75 0.7],2,0.0
1643,18,0,11,1,0,[1 0 0 1 1 0],[0 1 1 0 0 1],[0.95 0.9 0.85 0.8 0.75 0.7],4,0.0
1644,18,0,12,0,0,[0 1 1 1 1 0],[1 0 0 0 0 1],[0.95 0.9 0.85 0.8 0.75 0.7],3,0.0
1645,18,0,13,0,0,[0 1 1 1 1 0],[1 0 0 0 0 1],[0.95 0.9 0.85 0.8 0.75 0.7],3,0.0
1646,18,0,14,1,0,[1 0 0 1 1 0],[0 1 1 0 0 1],[0.95 0.9 0.85 0.8 0.75 0.7],4,0.0
1647,18,0,15,0,0,[1 0 0 1 1 0],[0 1 1 0 0 1],[0.95 0.9 0.85 0.8 0.75 0.7],4,0.0
1648,18,0,16,1,0,[0 1 0 1 0 1],[1 0 1 0 1 0],[0.95 0.9 0.85 0.8 0.75 0.7],1,0.0
1649,18,0,17,1,0,[1 0 0 1 1 0],[0 1 1 0 0 1],[0.95 0.9 0.85 0.8 0.75 0.7],4,0.0
1650,18,0,18,1,0,[1 0 0 0 0 1],[0 1 1 1 0 0],[0.95 0.9 0.85 0.8 0.75 0.7],2,0.0
1651,18,0,19,1,0,[0 1 0 1 0 1],[1 0 1 0 1 0],[0.95 0.9 0.85 0.8 0.75 0.7],1,0.0
1652,18,0,20,0,0,[1 0 0 1 1 0],[0 1 1 0 0 1],[0.95 0.9 0.85 0.8 0.75 0.7],4,0.0
1653,18,0,21,1,0,[1 0 0 0 0 1],[0 1 1 1 0 0],[0.95 0.9 0.85 0.8 0.75 0.7],2,0.0
1654,18,0,22,1,0,[1 0 0 0 0 1],[0 1 1 1 0 0],[0.95 0.9 0.85 0.8 0.75 0.7],2,0.0
1655,18,0,23,1,0,[0 1 0 1 0 1],[1 0 1 0 1 0],[0.95 0.9 0.85 0.8 0.75 0.7],1,0.0
1656,18,0,24,1,0,[1 0 0 0 0 1],[0 1 1 1 0 0],[0.95 0.9 0.85 0.8 0.75 0.7],2,0.0
1657,18,0,25,1,0,[0 1 0 1 0 1],[1 0 1 0 1 0],[0.95 0.9 0.85 0.8 0.75 0.7],1,0.0
1658,18,0,26,1,0,[1 0 0 0 0 1],[0 1 1 1 0 0],[0.95 0.9 0.85 0.8 0.75 0.7],2,0.0
1659,18,0,27,1,0,[1 0 0 0 0 1],[0 1 1 1 0 0],[0.95 0.9 0.85 0.8 0.75 0.7],2,0.0
1660,18,0,28,1,0,[1 0 0 0 0 1],[0 1 1 1 0 0],[0.95 0.9 0.85 0.8 0.75 0.7],2,0.0
1661,18,0,29,0,0,[0 1 1 1 1 0],[1 0 0 0 0 1],[0.95 0.9 0.85 0.8 0.75 0.7],3,0.0
1662,18,0,30,1,0,[0 1 0 1 0 1],[1 0 1 0 1 0],[0.95 0.9 0.85 0.8 0.75 0.7],1,0.0
1663,18,0,31,0,0,[0 1 1 1 1 0],[1 0 0 0 0 1],[0.95 0.9 0.85 0.8 0.75 0.7],3,0.0
1664,18,0,32,0,0,[1 0 0 1 1 0],[0 1 1 0 0 1],[0.95 0.9 0.85 0.8 0.75 0.7],4,0.0
1665,18,0,33,0,0,[1 0 0 1 1 0],[0 1 1 0 0 1],[0.95 0.9 0.85 0.8 0.75 0.7],4,0.0
1666,18,0,34,1,0,[1 0 0 0 0 1],[0 1 1 1 0 0],[0.95 0.9 0.85 0.8 0.75 0.7],2,0.0
1667,18,0,35,0,0,[0 1 1 1 1 0],[1 0 0 0 0 1],[0.95 0.9 0.85 0.8 0.75 0.7],3,0.0
1668,18,0,36,1,0,[1 0 0 0 0 1],[0 1 1 1 0 0],[0.95 0.9 0.85 0.8 0.75 0.7],2,0.0
1669,18,0,37,1,0,[1 0 0 0 0 1],[0 1 1 1 0 0],[0.95 0.9 0.85 0.8 0.75 0.7],2,0.0
1670,18,0,38,0,0,[0 1 1 1 1 0],[1 0 0 0 0 1],[0.95 0.9 0.85 0.8 0.75 0.7],3,0.0
1671,18,0,39,1,0,[1 0 0 0 0 1],[0 1 1 1 0 0],[0.95 0.9 0.85 0.8 0.75 0.7],2,0.0
1672,18,0,40,0,0,[1 0 0 1 1 0],[0 1 1 0 0 1],[0.95 0.9 0.85 0.8 0.75 0.7],4,0.0
1673,18,0,41,1,0,[1 0 0 0 0 1],[0 1 1 1 0 0],[0.95 0.9 0.85 0.8 0.75 0.7],2,0.0
1674,18,0,42,0,0,[0 1 1 1 1 0],[1 0 0 0 0 1],[0.95 0.9 0.85 0.8 0.75 0.7],3,0.0
1675,18,0,43,0,0,[0 1 1 1 1 0],[1 0 0 0 0 1],[0.95 0.9 0.85 0.8 0.75 0.7],3,0.0
1676,18,0,44,1,0,[0 1 0 1 0 1],[1 0 1 0 1 0],[0.95 0.9 0.85 0.8 0.75 0.7],1,0.0
1677,18,0,45,1,0,[0 1 0 1 0 1],[1 0 1 0 1 0],[0.95 0.9 0.85 0.8 0.75 0.7],1,0.0
1678,18,0,46,0,0,[0 1 1 1 1 0],[1 0 0 0 0 1],[0.95 0.9 0.85 0.8 0.75 0.7],3,0.0
1679,18,0,47,0,0,[0 1 1 1 1 0],[1 0 0 0 0 1],[0.95 0.9 0.85 0.8 0.75 0.7],3,0.0
1680,18,0,48,1,0,[1 0 0 0 0 1],[0 1 1 1 0 0],[0.95 0.9 0.85 0.8 0.75 0.7],2,0.0
1681,18,0,49,1,0,[1 0 0 0 0 1],[0 1 1 1 0 0],[0.95 0.9 0.85 0.8 0.75 0.7],2,0.0
1682,18,0,50,1,0,[1 0 0 0 0 1],[0 1 1 1 0 0],[0.95 0.9 0.85 0.8 0.75 0.7],2,0.0
1683,18,0,51,0,0,[1 0 0 1 1 0],[0 1 1 0 0 1],[0.95 0.9 0.85 0.8 0.75 0.7],4,0.0
1684,18,0,52,1,0,[0 1 0 1 0 1],[1 0 1 0 1 0],[0.95 0.9 0.85 0.8 0.75 0.7],1,0.0
1685,18,0,53,0,0,[0 1 1 1 1 0],[1 0 0 0 0 1],[0.95 0.9 0.85 0.8 0.75 0.7],3,0.0
1686,18,0,54,0,0,[0 1 1 1 1 0],[1 0 0 0 0 1],[0.95 0.9 0.85 0.8 0.75 0.7],3,0.0
1687,18,0,55,0,0,[0 1 1 1 1 0],[1 0 0 0 0 1],[0.95 0.9 0.85 0.8 0.75 0.7],3,0.0
1688,18,0,56,0,0,[1 0 0 0 0 1],[0 1 1 1 0 0],[0.95 0.9 0.85 0.8 0.75 0.7],2,0.0
1689,18,0,57,1,0,[1 0 0 1 1 0],[0 1 1 0 0 1],[0.95 0.9 0.85 0.8 0.75 0.7],4,0.0
1690,18,0,58,0,0,[0 1 1 1 1 0],[1 0 0 0 0 1],[0.95 0.9 0.85 0.8 0.75 0.7],3,0.0
1691,18,0,59,0,0,[1 0 0 1 1 0],[0 1 1 0 0 1],[0.95 0.9 0.85 0.8 0.75 0.7],4,0.0
1692,18,0,60,0,0,[0 1 1 1 1 0],[1 0 0 0 0 1],[0.95 0.9 0.85 0.8 0.75 0.7],3,0.0
1693,18,0,61,1,0,[0 1 0 1 0 1],[1 0 1 0 1 0],[0.95 0.9 0.85 0.8 0.75 0.7],1,0.0
1694,18,0,62,0,0,[1 0 0 1 1 0],[0 1 1 0 0 1],[0.95 0.9 0.85 0.8 0.75 0.7],4,0.0
1695,18,0,63,1,0,[0 1 0 1 0 1],[1 0 1 0 1 0],[0.95 0.9 0.85 0.8 0.75 0.7],1,0.0
1696,18,0,64,0,0,[1 0 0 1 1 0],[0 1 1 0 0 1],[0.95 0.9 0.85 0.8 0.75 0.7],4,0.0
1697,18,0,65,0,0,[0 1 1 1 1 0],[1 0 0 0 0 1],[0.95 0.9 0.85 0.8 0.75 0.7],3,0.0
1698,18,0,66,1,0,[0 1 0 1 0 1],[1 0 1 0 1 0],[0.95 0.9 0.85 0.8 0.75 0.7],1,0.0
1699,18,0,67,1,0,[1 0 0 1 1 0],[0 1 1 0 0 1],[0.95 0.9 0.85 0.8 0.75 0.7],4,0.0
1700,18,0,68,1,0,[1 0 0 1 1 0],[0 1 1 0 0 1],[0.95 0.9 0.85 0.8 0.75 0.7],4,0.0
1701,18,0,69,0,0,[0 1 0 1 0 1],[1 0 1 0 1 0],[0.95 0.9 0.85 0.8 0.75 0.7],1,0.0
1702,18,0,70,1,0,[0 1 0 1 0 1],[1 0 1 0 1 0],[0.95 0.9 0.85 0.8 0.75 0.7],1,0.0
1703,18,0,71,0,0,[0 1 1 1 1 0],[1 0 0 0 0 1],[0.95 0.9 0.85 0.8 0.75 0.7],3,0.0
1704,18,0,72,1,0,[0 1 0 1 0 1],[1 0 1 0 1 0],[0.95 0.9 0.85 0.8 0.75 0.7],1,0.0
1705,18,0,73,1,0,[1 0 0 0 0 1],[0 1 1 1 0 0],[0.95 0.9 0.85 0.8 0.75 0.7],2,0.0
1706,18,0,74,1,0,[0 1 0 1 0 1],[1 0 1 0 1 0],[0.95 0.9 0.85 0.8 0.75 0.7],1,0.0
1707,18,0,75,1,0,[1 0 0 1 1 0],[0 1 1 0 0 1],[0.95 0.9 0.85 0.8 0.75 0.7],4,0.0
1708,18,0,76,1,0,[1 0 0 0 0 1],[0 1 1 1 0 0],[0.95 0.9 0.85 0.8 0.75 0.7],2,0.0
1709,18,0,77,0,0,[0 1 1 1 1 0],[1 0 0 0 0 1],[0.95 0.9 0.85 0.8 0.75 0.7],3,0.0
1710,18,0,78,1,0,[1 0 0 0 0 1],[0 1 1 1 0 0],[0.95 0.9 0.85 0.8 0.75 0.7],2,0.0
1711,18,0,79,0,0,[0 1 1 1 1 0],[1 0 0 0 0 1],[0.95 0.9 0.85 0.8 0.75 0.7],3,0.0
1712,18,0,80,1,0,[1 0 0 1 1 0],[0 1 1 0 0 1],[0.95 0.9 0.85 0.8 0.75 0.7],4,0.0
1713,18,0,81,1,0,[1 0 0 1 1 0],[0 1 1 0 0 1],[0.95 0.9 0.85 0.8 0.75 0.7],4,0.0
1714,18,0,82,1,0,[1 0 0 1 1 0],[0 1 1 0 0 1],[0.95 0.9 0.85 0.8 0.75 0.7],4,0.0
1715,18,0,83,0,0,[0 1 1 1 1 0],[1 0 0 0 0 1],[0.95 0.9 0.85 0.8 0.75 0.7],3,0.0
1716,18,0,84,0,0,[0 1 1 1 1 0],[1 0 0 0 0 1],[0.95 0.9 0.85 0.8 0.75 0.7],3,0.0
1717,18,0,85,1,0,[1 0 0 0 0 1],[0 1 1 1 0 0],[0.95 0.9 0.85 0.8 0.75 0.7],2,0.0
1718,18,0,86,1,0,[1 0 0 1 1 0],[0 1 1 0 0 1],[0.95 0.9 0.85 0.8 0.75 0.7],4,0.0
1719,18,0,87,1,0,[1 0 0 1 1 0],[0 1 1 0 0 1],[0.95 0.9 0.85 0.8 0.75 0.7],4,0.0
1720,18,0,88,1,0,[1 0 0 1 1 0],[0 1 1 0 0 1],[0.95 0.9 0.85 0.8 0.75 0.7],4,0.0
1721,18,0,89,1,0,[1 0 0 1 1 0],[0 1 1 0 0 1],[0.95 0.9 0.85 0.8 0.75 0.7],4,0.0
1722,18,0,90,1,0,[0 1 0 1 0 1],[1 0 1 0 1 0],[0.95 0.9 0.85 0.8 0.75 0.7],1,0.0
1723,18,0,91,1,0,[1 0 0 1 1 0],[0 1 1 0 0 1],[0.95 0.9 0.85 0.8 0.75 0.7],4,0.0
1724,18,0,92,0,0,[0 1 1 1 1 0],[1 0 0 0 0 1],[0.95 0.9 0.85 0.8 0.75 0.7],3,0.0
1725,18,0,93,0,0,[0 1 1 1 1 0],[1 0 0 0 0 1],[0.95 0.9 0.85 0.8 0.75 0.7],3,0.0
1726,18,0,94,1,0,[0 1 0 1 0 1],[1 0 1 0 1 0],[0.95 0.9 0.85 0.8 0.75 0.7],1,0.0
1727,18,0,95,1,0,[0 1 0 1 0 1],[1 0 1 0 1 0],[0.95 0.9 0.85 0.8 0.75 0.7],1,0.0
1728,19,0,0,0,0,[0 1 0 1 0 1],[1 0 1 0 1 0],[0.95 0.9 0.85 0.8 0.75 0.7],1,0.0
1729,19,0,1,1,0,[0 1 0 1 0 1],[1 0 1 0 1 0],[0.95 0.9 0.85 0.8 0.75 0.7],1,0.0
1730,19,0,2,1,0,[1 0 0 0 0 1],[0 1 1 1 0 0],[0.95 0.9 0.85 0.8 0.75 0.7],2,0.0
1731,19,0,3,0,0,[1 0 0 0 0 1],[0 1 1 1 0 0],[0.95 0.9 0.85 0.8 0.75 0.7],2,0.0
1732,19,0,4,0,0,[0 1 1 1 1 0],[1 0 0 0 0 1],[0.95 0.9 0.85 0.8 0.75 0.7],3,0.0
1733,19,0,5,1,0,[0 1 0 1 0 1],[1 0 1 0 1 0],[0.95 0.9 0.85 0.8 0.75 0.7],1,0.0
1734,19,0,6,1,0,[0 1 0 1 0 1],[1 0 1 0 1 0],[0.95 0.9 0.85 0.8 0.75 0.7],1,0.0
1735,19,0,7,0,0,[1 0 0 0 0 1],[0 1 1 1 0 0],[0.95 0.9 0.85 0.8 0.75 0.7],2,0.0
1736,19,0,8,1,0,[0 1 0 1 0 1],[1 0 1 0 1 0],[0.95 0.9 0.85 0.8 0.75 0.7],1,0.0
1737,19,0,9,1,0,[0 1 0 1 0 1],[1 0 1 0 1 0],[0.95 0.9 0.85 0.8 0.75 0.7],1,0.0
1738,19,0,10,0,0,[1 0 0 0 0 1],[0 1 1 1 0 0],[0.95 0.9 0.85 0.8 0.75 0.7],2,0.0
1739,19,0,11,1,0,[1 0 0 1 1 0],[0 1 1 0 0 1],[0.95 0.9 0.85 0.8 0.75 0.7],4,0.0
1740,19,0,12,0,0,[0 1 1 1 1 0],[1 0 0 0 0 1],[0.95 0.9 0.85 0.8 0.75 0.7],3,0.0
1741,19,0,13,0,0,[0 1 1 1 1 0],[1 0 0 0 0 1],[0.95 0.9 0.85 0.8 0.75 0.7],3,0.0
1742,19,0,14,1,0,[1 0 0 1 1 0],[0 1 1 0 0 1],[0.95 0.9 0.85 0.8 0.75 0.7],4,0.0
1743,19,0,15,0,0,[1 0 0 1 1 0],[0 1 1 0 0 1],[0.95 0.9 0.85 0.8 0.75 0.7],4,0.0
1744,19,0,16,1,0,[0 1 0 1 0 1],[1 0 1 0 1 0],[0.95 0.9 0.85 0.8 0.75 0.7],1,0.0
1745,19,0,17,0,0,[1 0 0 1 1 0],[0 1 1 0 0 1],[0.95 0.9 0.85 0.8 0.75 0.7],4,0.0
1746,19,0,18,0,0,[1 0 0 0 0 1],[0 1 1 1 0 0],[0.95 0.9 0.85 0.8 0.75 0.7],2,0.0
1747,19,0,19,1,0,[0 1 0 1 0 1],[1 0 1 0 1 0],[0.95 0.9 0.85 0.8 0.75 0.7],1,0.0
1748,19,0,20,1,0,[1 0 0 1 1 0],[0 1 1 0 0 1],[0.95 0.9 0.85 0.8 0.75 0.7],4,0.0
1749,19,0,21,0,0,[1 0 0 0 0 1],[0 1 1 1 0 0],[0.95 0.9 0.85 0.8 0.75 0.7],2,0.0
1750,19,0,22,0,0,[1 0 0 0 0 1],[0 1 1 1 0 0],[0.95 0.9 0.85 0.8 0.75 0.7],2,0.0
1751,19,0,23,0,0,[0 1 0 1 0 1],[1 0 1 0 1 0],[0.95 0.9 0.85 0.8 0.75 0.7],1,0.0
1752,19,0,24,1,0,[1 0 0 0 0 1],[0 1 1 1 0 0],[0.95 0.9 0.85 0.8 0.75 0.7],2,0.0
1753,19,0,25,0,0,[0 1 0 1 0 1],[1 0 1 0 1 0],[0.95 0.9 0.85 0.8 0.75 0.7],1,0.0
1754,19,0,26,0,0,[1 0 0 0 0 1],[0 1 1 1 0 0],[0.95 0.9 0.85 0.8 0.75 0.7],2,0.0
1755,19,0,27,0,0,[1 0 0 0 0 1],[0 1 1 1 0 0],[0.95 0.9 0.85 0.8 0.75 0.7],2,0.0
1756,19,0,28,1,0,[1 0 0 0 0 1],[0 1 1 1 0 0],[0.95 0.9 0.85 0.8 0.75 0.7],2,0.0
1757,19,0,29,1,0,[0 1 1 1 1 0],[1 0 0 0 0 1],[0.95 0.9 0.85 0.8 0.75 0.7],3,0.0
1758,19,0,30,0,0,[0 1 0 1 0 1],[1 0 1 0 1 0],[0.95 0.9 0.85 0.8 0.75 0.7],1,0.0
1759,19,0,31,0,0,[0 1 1 1 1 0],[1 0 0 0 0 1],[0.95 0.9 0.85 0.8 0.75 0.7],3,0.0
1760,19,0,32,0,0,[1 0 0 1 1 0],[0 1 1 0 0 1],[0.95 0.9 0.85 0.8 0.75 0.7],4,0.0
1761,19,0,33,1,0,[1 0 0 1 1 0],[0 1 1 0 0 1],[0.95 0.9 0.85 0.8 0.75 0.7],4,0.0
1762,19,0,34,1,0,[1 0 0 0 0 1],[0 1 1 1 0 0],[0.95 0.9 0.85 0.8 0.75 0.7],2,0.0
1763,19,0,35,0,0,[0 1 1 1 1 0],[1 0 0 0 0 1],[0.95 0.9 0.85 0.8 0.75 0.7],3,0.0
1764,19,0,36,1,0,[1 0 0 0 0 1],[0 1 1 1 0 0],[0.95 0.9 0.85 0.8 0.75 0.7],2,0.0
1765,19,0,37,1,0,[1 0 0 0 0 1],[0 1 1 1 0 0],[0.95 0.9 0.85 0.8 0.75 0.7],2,0.0
1766,19,0,38,0,0,[0 1 1 1 1 0],[1 0 0 0 0 1],[0.95 0.9 0.85 0.8 0.75 0.7],3,0.0
1767,19,0,39,1,0,[1 0 0 0 0 1],[0 1 1 1 0 0],[0.95 0.9 0.85 0.8 0.75 0.7],2,0.0
1768,19,0,40,0,0,[1 0 0 1 1 0],[0 1 1 0 0 1],[0.95 0.9 0.85 0.8 0.75 0.7],4,0.0
1769,19,0,41,1,0,[1 0 0 0 0 1],[0 1 1 1 0 0],[0.95 0.9 0.85 0.8 0.75 0.7],2,0.0
1770,19,0,42,0,0,[0 1 1 1 1 0],[1 0 0 0 0 1],[0.95 0.9 0.85 0.8 0.75 0.7],3,0.0
1771,19,0,43,0,0,[0 1 1 1 1 0],[1 0 0 0 0 1],[0.95 0.9 0.85 0.8 0.75 0.7],3,0.0
1772,19,0,44,1,0,[0 1 0 1 0 1],[1 0 1 0 1 0],[0.95 0.9 0.85 0.8 0.75 0.7],1,0.0
1773,19,0,45,1,0,[0 1 0 1 0 1],[1 0 1 0 1 0],[0.95 0.9 0.85 0.8 0.75 0.7],1,0.0
1774,19,0,46,0,0,[0 1 1 1 1 0],[1 0 0 0 0 1],[0.95 0.9 0.85 0.8 0.75 0.7],3,0.0
1775,19,0,47,0,0,[0 1 1 1 1 0],[1 0 0 0 0 1],[0.95 0.9 0.85 0.8 0.75 0.7],3,0.0
1776,19,0,48,1,0,[1 0 0 0 0 1],[0 1 1 1 0 0],[0.95 0.9 0.85 0.8 0.75 0.7],2,0.0
1777,19,0,49,1,0,[1 0 0 0 0 1],[0 1 1 1 0 0],[0.95 0.9 0.85 0.8 0.75 0.7],2,0.0
1778,19,0,50,1,0,[1 0 0 0 0 1],[0 1 1 1 0 0],[0.95 0.9 0.85 0.8 0.75 0.7],2,0.0
1779,19,0,51,0,0,[1 0 0 1 1 0],[0 1 1 0 0 1],[0.95 0.9 0.85 0.8 0.75 0.7],4,0.0
1780,19,0,52,1,0,[0 1 0 1 0 1],[1 0 1 0 1 0],[0.95 0.9 0.85 0.8 0.75 0.7],1,0.0
1781,19,0,53,0,0,[0 1 1 1 1 0],[1 0 0 0 0 1],[0.95 0.9 0.85 0.8 0.75 0.7],3,0.0
1782,19,0,54,0,0,[0 1 1 1 1 0],[1 0 0 0 0 1],[0.95 0.9 0.85 0.8 0.75 0.7],3,0.0
1783,19,0,55,0,0,[0 1 1 1 1 0],[1 0 0 0 0 1],[0.95 0.9 0.85 0.8 0.75 0.7],3,0.0
1784,19,0,56,1,0,[1 0 0 0 0 1],[0 1 1 1 0 0],[0.95 0.9 0.85 0.8 0.75 0.7],2,0.0
1785,19,0,57,0,0,[1 0 0 1 1 0],[0 1 1 0 0 1],[0.95 0.9 0.85 0.8 0.75 0.7],4,0.0
1786,19,0,58,0,0,[0 1 1 1 1 0],[1 0 0 0 0 1],[0.95 0.9 0.85 0.8 0.75 0.7],3,0.0
1787,19,0,59,0,0,[1 0 0 1 1 0],[0 1 1 0 0 1],[0.95 0.9 0.85 0.8 0.75 0.7],4,0.0
1788,19,0,60,0,0,[0 1 1 1 1 0],[1 0 0 0 0 1],[0.95 0.9 0.85 0.8 0.75 0.7],3,0.0
1789,19,0,61,1,0,[0 1 0 1 0 1],[1 0 1 0 1 0],[0.95 0.9 0.85 0.8 0.75 0.7],1,0.0
1790,19,0,62,0,0,[1 0 0 1 1 0],[0 1 1 0 0 1],[0.95 0.9 0.85 0.8 0.75 0.7],4,0.0
1791,19,0,63,1,0,[0 1 0 1 0 1],[1 0 1 0 1 0],[0.95 0.9 0.85 0.8 0.75 0.7],1,0.0
1792,19,0,64,0,0,[1 0 0 1 1 0],[0 1 1 0 0 1],[0.95 0.9 0.85 0.8 0.75 0.7],4,0.0
1793,19,0,65,0,0,[0 1 1 1 1 0],[1 0 0 0 0 1],[0.95 0.9 0.85 0.8 0.75 0.7],3,0.0
1794,19,0,66,1,0,[0 1 0 1 0 1],[1 0 1 0 1 0],[0.95 0.9 0.85 0.8 0.75 0.7],1,0.0
1795,19,0,67,0,0,[1 0 0 1 1 0],[0 1 1 0 0 1],[0.95 0.9 0.85 0.8 0.75 0.7],4,0.0
1796,19,0,68,0,0,[1 0 0 1 1 0],[0 1 1 0 0 1],[0.95 0.9 0.85 0.8 0.75 0.7],4,0.0
1797,19,0,69,1,0,[0 1 0 1 0 1],[1 0 1 0 1 0],[0.95 0.9 0.85 0.8 0.75 0.7],1,0.0
1798,19,0,70,1,0,[0 1 0 1 0 1],[1 0 1 0 1 0],[0.95 0.9 0.85 0.8 0.75 0.7],1,0.0
1799,19,0,71,0,0,[0 1 1 1 1 0],[1 0 0 0 0 1],[0.95 0.9 0.85 0.8 0.75 0.7],3,0.0
1800,19,0,72,1,0,[0 1 0 1 0 1],[1 0 1 0 1 0],[0.95 0.9 0.85 0.8 0.75 0.7],1,0.0
1801,19,0,73,1,0,[1 0 0 0 0 1],[0 1 1 1 0 0],[0.95 0.9 0.85 0.8 0.75 0.7],2,0.0
1802,19,0,74,0,0,[0 1 0 1 0 1],[1 0 1 0 1 0],[0.95 0.9 0.85 0.8 0.75 0.7],1,0.0
1803,19,0,75,0,0,[1 0 0 1 1 0],[0 1 1 0 0 1],[0.95 0.9 0.85 0.8 0.75 0.7],4,0.0
1804,19,0,76,1,0,[1 0 0 0 0 1],[0 1 1 1 0 0],[0.95 0.9 0.85 0.8 0.75 0.7],2,0.0
1805,19,0,77,0,0,[0 1 1 1 1 0],[1 0 0 0 0 1],[0.95 0.9 0.85 0.8 0.75 0.7],3,0.0
1806,19,0,78,1,0,[1 0 0 0 0 1],[0 1 1 1 0 0],[0.95 0.9 0.85 0.8 0.75 0.7],2,0.0
1807,19,0,79,0,0,[0 1 1 1 1 0],[1 0 0 0 0 1],[0.95 0.9 0.85 0.8 0.75 0.7],3,0.0
1808,19,0,80,0,0,[1 0 0 1 1 0],[0 1 1 0 0 1],[0.95 0.9 0.85 0.8 0.75 0.7],4,0.0
1809,19,0,81,0,0,[1 0 0 1 1 0],[0 1 1 0 0 1],[0.95 0.9 0.85 0.8 0.75 0.7],4,0.0
1810,19,0,82,0,0,[1 0 0 1 1 0],[0 1 1 0 0 1],[0.95 0.9 0.85 0.8 0.75 0.7],4,0.0
1811,19,0,83,0,0,[0 1 1 1 1 0],[1 0 0 0 0 1],[0.95 0.9 0.85 0.8 0.75 0.7],3,0.0
1812,19,0,84,0,0,[0 1 1 1 1 0],[1 0 0 0 0 1],[0.95 0.9 0.85 0.8 0.75 0.7],3,0.0
1813,19,0,85,1,0,[1 0 0 0 0 1],[0 1 1 1 0 0],[0.95 0.9 0.85 0.8 0.75 0.7],2,0.0
1814,19,0,86,0,0,[1 0 0 1 1 0],[0 1 1 0 0 1],[0.95 0.9 0.85 0.8 0.75 0.7],4,0.0
1815,19,0,87,0,0,[1 0 0 1 1 0],[0 1 1 0 0 1],[0.95 0.9 0.85 0.8 0.75 0.7],4,0.0
1816,19,0,88,0,0,[1 0 0 1 1 0],[0 1 1 0 0 1],[0.95 0.9 0.85 0.8 0.75 0.7],4,0.0
1817,19,0,89,0,0,[1 0 0 1 1 0],[0 1 1 0 0 1],[0.95 0.9 0.85 0.8 0.75 0.7],4,0.0
1818,19,0,90,1,0,[0 1 0 1 0 1],[1 0 1 0 1 0],[0.95 0.9 0.85 0.8 0.75 0.7],1,0.0
1819,19,0,91,0,0,[1 0 0 1 1 0],[0 1 1 0 0 1],[0.95 0.9 0.85 0.8 0.75 0.7],4,0.0
1820,19,0,92,0,0,[0 1 1 1 1 0],[1 0 0 0 0 1],[0.95 0.9 0.85 0.8 0.75 0.7],3,0.0
1821,19,0,93,0,0,[0 1 1 1 1 0],[1 0 0 0 0 1],[0.95 0.9 0.85 0.8 0.75 0.7],3,0.0
1822,19,0,94,1,0,[0 1 0 1 0 1],[1 0 1 0 1 0],[0.95 0.9 0.85 0.8 0.75 0.7],1,0.0
1823,19,0,95,1,0,[0 1 0 1 0 1],[1 0 1 0 1 0],[0.95 0.9 0.85 0.8 0.75 0.7],1,0.0
1824,20,0,0,0,0,[0 1 0 1 0 1],[1 0 1 0 1 0],[0.95 0.9 0.85 0.8 0.75 0.7],1,0.0
1825,20,0,1,1,0,[0 1 0 1 0 1],[1 0 1 0 1 0],[0.95 0.9 0.85 0.8 0.75 0.7],1,0.0
1826,20,0,2,1,0,[1 0 0 0 0 1],[0 1 1 1 0 0],[0.95 0.9 0.85 0.8 0.75 0.7],2,0.0
1827,20,0,3,0,0,[1 0 0 0 0 1],[0 1 1 1 0 0],[0.95 0.9 0.85 0.8 0.75 0.7],2,0.0
1828,20,0,4,0,0,[0 1 1 1 1 0],[1 0 0 0 0 1],[0.95 0.9 0.85 0.8 0.75 0.7],3,0.0
1829,20,0,5,1,0,[0 1 0 1 0 1],[1 0 1 0 1 0],[0.95 0.9 0.85 0.8 0.75 0.7],1,0.0
1830,20,0,6,1,0,[0 1 0 1 0 1],[1 0 1 0 1 0],[0.95 0.9 0.85 0.8 0.75 0.7],1,0.0
1831,20,0,7,0,0,[1 0 0 0 0 1],[0 1 1 1 0 0],[0.95 0.9 0.85 0.8 0.75 0.7],2,0.0
1832,20,0,8,0,0,[0 1 0 1 0 1],[1 0 1 0 1 0],[0.95 0.9 0.85 0.8 0.75 0.7],1,0.0
1833,20,0,9,1,0,[0 1 0 1 0 1],[1 0 1 0 1 0],[0.95 0.9 0.85 0.8 0.75 0.7],1,0.0
1834,20,0,10,1,0,[1 0 0 0 0 1],[0 1 1 1 0 0],[0.95 0.9 0.85 0.8 0.75 0.7],2,0.0
1835,20,0,11,0,0,[1 0 0 1 1 0],[0 1 1 0 0 1],[0.95 0.9 0.85 0.8 0.75 0.7],4,0.0
1836,20,0,12,0,0,[0 1 1 1 1 0],[1 0 0 0 0 1],[0.95 0.9 0.85 0.8 0.75 0.7],3,0.0
1837,20,0,13,0,0,[0 1 1 1 1 0],[1 0 0 0 0 1],[0.95 0.9 0.85 0.8 0.75 0.7],3,0.0
1838,20,0,14,1,0,[1 0 0 1 1 0],[0 1 1 0 0 1],[0.95 0.9 0.85 0.8 0.75 0.7],4,0.0
1839,20,0,15,0,0,[1 0 0 1 1 0],[0 1 1 0 0 1],[0.95 0.9 0.85 0.8 0.75 0.7],4,0.0
1840,20,0,16,0,0,[0 1 0 1 0 1],[1 0 1 0 1 0],[0.95 0.9 0.85 0.8 0.75 0.7],1,0.0
1841,20,0,17,0,0,[1 0 0 1 1 0],[0 1 1 0 0 1],[0.95 0.9 0.85 0.8 0.75 0.7],4,0.0
1842,20,0,18,1,0,[1 0 0 0 0 1],[0 1 1 1 0 0],[0.95 0.9 0.85 0.8 0.75 0.7],2,0.0
1843,20,0,19,0,0,[0 1 0 1 0 1],[1 0 1 0 1 0],[0.95 0.9 0.85 0.8 0.75 0.7],1,0.0
1844,20,0,20,1,0,[1 0 0 1 1 0],[0 1 1 0 0 1],[0.95 0.9 0.85 0.8 0.75 0.7],4,0.0
1845,20,0,21,1,0,[1 0 0 0 0 1],[0 1 1 1 0 0],[0.95 0.9 0.85 0.8 0.75 0.7],2,0.0
1846,20,0,22,1,0,[1 0 0 0 0 1],[0 1 1 1 0 0],[0.95 0.9 0.85 0.8 0.75 0.7],2,0.0
1847,20,0,23,1,0,[0 1 0 1 0 1],[1 0 1 0 1 0],[0.95 0.9 0.85 0.8 0.75 0.7],1,0.0
1848,20,0,24,1,0,[1 0 0 0 0 1],[0 1 1 1 0 0],[0.95 0.9 0.85 0.8 0.75 0.7],2,0.0
1849,20,0,25,1,0,[0 1 0 1 0 1],[1 0 1 0 1 0],[0.95 0.9 0.85 0.8 0.75 0.7],1,0.0
1850,20,0,26,1,0,[1 0 0 0 0 1],[0 1 1 1 0 0],[0.95 0.9 0.85 0.8 0.75 0.7],2,0.0
1851,20,0,27,1,0,[1 0 0 0 0 1],[0 1 1 1 0 0],[0.95 0.9 0.85 0.8 0.75 0.7],2,0.0
1852,20,0,28,1,0,[1 0 0 0 0 1],[0 1 1 1 0 0],[0.95 0.9 0.85 0.8 0.75 0.7],2,0.0
1853,20,0,29,1,0,[0 1 1 1 1 0],[1 0 0 0 0 1],[0.95 0.9 0.85 0.8 0.75 0.7],3,0.0
1854,20,0,30,1,0,[0 1 0 1 0 1],[1 0 1 0 1 0],[0.95 0.9 0.85 0.8 0.75 0.7],1,0.0
1855,20,0,31,0,0,[0 1 1 1 1 0],[1 0 0 0 0 1],[0.95 0.9 0.85 0.8 0.75 0.7],3,0.0
1856,20,0,32,1,0,[1 0 0 1 1 0],[0 1 1 0 0 1],[0.95 0.9 0.85 0.8 0.75 0.7],4,0.0
1857,20,0,33,1,0,[1 0 0 1 1 0],[0 1 1 0 0 1],[0.95 0.9 0.85 0.8 0.75 0.7],4,0.0
1858,20,0,34,1,0,[1 0 0 0 0 1],[0 1 1 1 0 0],[0.95 0.9 0.85 0.8 0.75 0.7],2,0.0
1859,20,0,35,0,0,[0 1 1 1 1 0],[1 0 0 0 0 1],[0.95 0.9 0.85 0.8 0.75 0.7],3,0.0
1860,20,0,36,1,0,[1 0 0 0 0 1],[0 1 1 1 0 0],[0.95 0.9 0.85 0.8 0.75 0.7],2,0.0
1861,20,0,37,1,0,[1 0 0 0 0 1],[0 1 1 1 0 0],[0.95 0.9 0.85 0.8 0.75 0.7],2,0.0
1862,20,0,38,0,0,[0 1 1 1 1 0],[1 0 0 0 0 1],[0.95 0.9 0.85 0.8 0.75 0.7],3,0.0
1863,20,0,39,1,0,[1 0 0 0 0 1],[0 1 1 1 0 0],[0.95 0.9 0.85 0.8 0.75 0.7],2,0.0
1864,20,0,40,1,0,[1 0 0 1 1 0],[0 1 1 0 0 1],[0.95 0.9 0.85 0.8 0.75 0.7],4,0.0
1865,20,0,41,1,0,[1 0 0 0 0 1],[0 1 1 1 0 0],[0.95 0.9 0.85 0.8 0.75 0.7],2,0.0
1866,20,0,42,1,0,[0 1 1 1 1 0],[1 0 0 0 0 1],[0.95 0.9 0.85 0.8 0.75 0.7],3,0.0
1867,20,0,43,0,0,[0 1 1 1 1 0],[1 0 0 0 0 1],[0.95 0.9 0.85 0.8 0.75 0.7],3,0.0
1868,20,0,44,1,0,[0 1 0 1 0 1],[1 0 1 0 1 0],[0.95 0.9 0.85 0.8 0.75 0.7],1,0.0
1869,20,0,45,1,0,[0 1 0 1 0 1],[1 0 1 0 1 0],[0.95 0.9 0.85 0.8 0.75 0.7],1,0.0
1870,20,0,46,0,0,[0 1 1 1 1 0],[1 0 0 0 0 1],[0.95 0.9 0.85 0.8 0.75 0.7],3,0.0
1871,20,0,47,0,0,[0 1 1 1 1 0],[1 0 0 0 0 1],[0.95 0.9 0.85 0.8 0.75 0.7],3,0.0
1872,20,0,48,1,0,[1 0 0 0 0 1],[0 1 1 1 0 0],[0.95 0.9 0.85 0.8 0.75 0.7],2,0.0
1873,20,0,49,1,0,[1 0 0 0 0 1],[0 1 1 1 0 0],[0.95 0.9 0.85 0.8 0.75 0.7],2,0.0
1874,20,0,50,1,0,[1 0 0 0 0 1],[0 1 1 1 0 0],[0.95 0.9 0.85 0.8 0.75 0.7],2,0.0
1875,20,0,51,0,0,[1 0 0 1 1 0],[0 1 1 0 0 1],[0.95 0.9 0.85 0.8 0.75 0.7],4,0.0
1876,20,0,52,1,0,[0 1 0 1 0 1],[1 0 1 0 1 0],[0.95 0.9 0.85 0.8 0.75 0.7],1,0.0
1877,20,0,53,1,0,[0 1 1 1 1 0],[1 0 0 0 0 1],[0.95 0.9 0.85 0.8 0.75 0.7],3,0.0
1878,20,0,54,0,0,[0 1 1 1 1 0],[1 0 0 0 0 1],[0.95 0.9 0.85 0.8 0.75 0.7],3,0.0
1879,20,0,55,0,0,[0 1 1 1 1 0],[1 0 0 0 0 1],[0.95 0.9 0.85 0.8 0.75 0.7],3,0.0
1880,20,0,56,1,0,[1 0 0 0 0 1],[0 1 1 1 0 0],[0.95 0.9 0.85 0.8 0.75 0.7],2,0.0
1881,20,0,57,1,0,[1 0 0 1 1 0],[0 1 1 0 0 1],[0.95 0.9 0.85 0.8 0.75 0.7],4,0.0
1882,20,0,58,0,0,[0 1 1 1 1 0],[1 0 0 0 0 1],[0.95 0.9 0.85 0.8 0.75 0.7],3,0.0
1883,20,0,59,1,0,[1 0 0 1 1 0],[0 1 1 0 0 1],[0.95 0.9 0.85 0.8 0.75 0.7],4,0.0
1884,20,0,60,0,0,[0 1 1 1 1 0],[1 0 0 0 0 1],[0.95 0.9 0.85 0.8 0.75 0.7],3,0.0
1885,20,0,61,1,0,[0 1 0 1 0 1],[1 0 1 0 1 0],[0.95 0.9 0.85 0.8 0.75 0.7],1,0.0
1886,20,0,62,0,0,[1 0 0 1 1 0],[0 1 1 0 0 1],[0.95 0.9 0.85 0.8 0.75 0.7],4,0.0
1887,20,0,63,1,0,[0 1 0 1 0 1],[1 0 1 0 1 0],[0.95 0.9 0.85 0.8 0.75 0.7],1,0.0
1888,20,0,64,0,0,[1 0 0 1 1 0],[0 1 1 0 0 1],[0.95 0.9 0.85 0.8 0.75 0.7],4,0.0
1889,20,0,65,0,0,[0 1 1 1 1 0],[1 0 0 0 0 1],[0.95 0.9 0.85 0.8 0.75 0.7],3,0.0
1890,20,0,66,1,0,[0 1 0 1 0 1],[1 0 1 0 1 0],[0.95 0.9 0.85 0.8 0.75 0.7],1,0.0
1891,20,0,67,1,0,[1 0 0 1 1 0],[0 1 1 0 0 1],[0.95 0.9 0.85 0.8 0.75 0.7],4,0.0
1892,20,0,68,0,0,[1 0 0 1 1 0],[0 1 1 0 0 1],[0.95 0.9 0.85 0.8 0.75 0.7],4,0.0
1893,20,0,69,1,0,[0 1 0 1 0 1],[1 0 1 0 1 0],[0.95 0.9 0.85 0.8 0.75 0.7],1,0.0
1894,20,0,70,1,0,[0 1 0 1 0 1],[1 0 1 0 1 0],[0.95 0.9 0.85 0.8 0.75 0.7],1,0.0
1895,20,0,71,0,0,[0 1 1 1 1 0],[1 0 0 0 0 1],[0.95 0.9 0.85 0.8 0.75 0.7],3,0.0
1896,20,0,72,1,0,[0 1 0 1 0 1],[1 0 1 0 1 0],[0.95 0.9 0.85 0.8 0.75 0.7],1,0.0
1897,20,0,73,1,0,[1 0 0 0 0 1],[0 1 1 1 0 0],[0.95 0.9 0.85 0.8 0.75 0.7],2,0.0
1898,20,0,74,1,0,[0 1 0 1 0 1],[1 0 1 0 1 0],[0.95 0.9 0.85 0.8 0.75 0.7],1,0.0
1899,20,0,75,0,0,[1 0 0 1 1 0],[0 1 1 0 0 1],[0.95 0.9 0.85 0.8 0.75 0.7],4,0.0
1900,20,0,76,1,0,[1 0 0 0 0 1],[0 1 1 1 0 0],[0.95 0.9 0.85 0.8 0.75 0.7],2,0.0
1901,20,0,77,0,0,[0 1 1 1 1 0],[1 0 0 0 0 1],[0.95 0.9 0.85 0.8 0.75 0.7],3,0.0
1902,20,0,78,1,0,[1 0 0 0 0 1],[0 1 1 1 0 0],[0.95 0.9 0.85 0.8 0.75 0.7],2,0.0
1903,20,0,79,0,0,[0 1 1 1 1 0],[1 0 0 0 0 1],[0.95 0.9 0.85 0.8 0.75 0.7],3,0.0
1904,20,0,80,0,0,[1 0 0 1 1 0],[0 1 1 0 0 1],[0.95 0.9 0.85 0.8 0.75 0.7],4,0.0
1905,20,0,81,0,0,[1 0 0 1 1 0],[0 1 1 0 0 1],[0.95 0.9 0.85 0.8 0.75 0.7],4,0.0
1906,20,0,82,0,0,[1 0 0 1 1 0],[0 1 1 0 0 1],[0.95 0.9 0.85 0.8 0.75 0.7],4,0.0
1907,20,0,83,0,0,[0 1 1 1 1 0],[1 0 0 0 0 1],[0.95 0.9 0.85 0.8 0.75 0.7],3,0.0
1908,20,0,84,0,0,[0 1 1 1 1 0],[1 0 0 0 0 1],[0.95 0.9 0.85 0.8 0.75 0.7],3,0.0
1909,20,0,85,1,0,[1 0 0 0 0 1],[0 1 1 1 0 0],[0.95 0.9 0.85 0.8 0.75 0.7],2,0.0
1910,20,0,86,0,0,[1 0 0 1 1 0],[0 1 1 0 0 1],[0.95 0.9 0.85 0.8 0.75 0.7],4,0.0
1911,20,0,87,0,0,[1 0 0 1 1 0],[0 1 1 0 0 1],[0.95 0.9 0.85 0.8 0.75 0.7],4,0.0
1912,20,0,88,0,0,[1 0 0 1 1 0],[0 1 1 0 0 1],[0.95 0.9 0.85 0.8 0.75 0.7],4,0.0
1913,20,0,89,0,0,[1 0 0 1 1 0],[0 1 1 0 0 1],[0.95 0.9 0.85 0.8 0.75 0.7],4,0.0
1914,20,0,90,0,0,[0 1 0 1 0 1],[1 0 1 0 1 0],[0.95 0.9 0.85 0.8 0.75 0.7],1,0.0
1915,20,0,91,0,0,[1 0 0 1 1 0],[0 1 1 0 0 1],[0.95 0.9 0.85 0.8 0.75 0.7],4,0.0
1916,20,0,92,0,0,[0 1 1 1 1 0],[1 0 0 0 0 1],[0.95 0.9 0.85 0.8 0.75 0.7],3,0.0
1917,20,0,93,0,0,[0 1 1 1 1 0],[1 0 0 0 0 1],[0.95 0.9 0.85 0.8 0.75 0.7],3,0.0
1918,20,0,94,1,0,[0 1 0 1 0 1],[1 0 1 0 1 0],[0.95 0.9 0.85 0.8 0.75 0.7],1,0.0
1919,20,0,95,1,0,[0 1 0 1 0 1],[1 0 1 0 1 0],[0.95 0.9 0.85 0.8 0.75 0.7],1,0.0
1920,22,0,0,0,0,[0 1 0 1 0 1],[1 0 1 0 1 0],[0.95 0.9 0.85 0.8 0.75 0.7],1,0.0
1921,22,0,1,1,0,[0 1 0 1 0 1],[1 0 1 0 1 0],[0.95 0.9 0.85 0.8 0.75 0.7],1,0.0
1922,22,0,2,1,0,[1 0 0 0 0 1],[0 1 1 1 0 0],[0.95 0.9 0.85 0.8 0.75 0.7],2,0.0
1923,22,0,3,0,0,[1 0 0 0 0 1],[0 1 1 1 0 0],[0.95 0.9 0.85 0.8 0.75 0.7],2,0.0
1924,22,0,4,0,0,[0 1 1 1 1 0],[1 0 0 0 0 1],[0.95 0.9 0.85 0.8 0.75 0.7],3,0.0
1925,22,0,5,1,0,[0 1 0 1 0 1],[1 0 1 0 1 0],[0.95 0.9 0.85 0.8 0.75 0.7],1,0.0
1926,22,0,6,1,0,[0 1 0 1 0 1],[1 0 1 0 1 0],[0.95 0.9 0.85 0.8 0.75 0.7],1,0.0
1927,22,0,7,0,0,[1 0 0 0 0 1],[0 1 1 1 0 0],[0.95 0.9 0.85 0.8 0.75 0.7],2,0.0
1928,22,0,8,1,0,[0 1 0 1 0 1],[1 0 1 0 1 0],[0.95 0.9 0.85 0.8 0.75 0.7],1,0.0
1929,22,0,9,1,0,[0 1 0 1 0 1],[1 0 1 0 1 0],[0.95 0.9 0.85 0.8 0.75 0.7],1,0.0
1930,22,0,10,0,0,[1 0 0 0 0 1],[0 1 1 1 0 0],[0.95 0.9 0.85 0.8 0.75 0.7],2,0.0
1931,22,0,11,0,0,[1 0 0 1 1 0],[0 1 1 0 0 1],[0.95 0.9 0.85 0.8 0.75 0.7],4,0.0
1932,22,0,12,0,0,[0 1 1 1 1 0],[1 0 0 0 0 1],[0.95 0.9 0.85 0.8 0.75 0.7],3,0.0
1933,22,0,13,0,0,[0 1 1 1 1 0],[1 0 0 0 0 1],[0.95 0.9 0.85 0.8 0.75 0.7],3,0.0
1934,22,0,14,1,0,[1 0 0 1 1 0],[0 1 1 0 0 1],[0.95 0.9 0.85 0.8 0.75 0.7],4,0.0
1935,22,0,15,1,0,[1 0 0 1 1 0],[0 1 1 0 0 1],[0.95 0.9 0.85 0.8 0.75 0.7],4,0.0
1936,22,0,16,1,0,[0 1 0 1 0 1],[1 0 1 0 1 0],[0.95 0.9 0.85 0.8 0.75 0.7],1,0.0
1937,22,0,17,0,0,[1 0 0 1 1 0],[0 1 1 0 0 1],[0.95 0.9 0.85 0.8 0.75 0.7],4,0.0
1938,22,0,18,0,0,[1 0 0 0 0 1],[0 1 1 1 0 0],[0.95 0.9 0.85 0.8 0.75 0.7],2,0.0
1939,22,0,19,1,0,[0 1 0 1 0 1],[1 0 1 0 1 0],[0.95 0.9 0.85 0.8 0.75 0.7],1,0.0
1940,22,0,20,1,0,[1 0 0 1 1 0],[0 1 1 0 0 1],[0.95 0.9 0.85 0.8 0.75 0.7],4,0.0
1941,22,0,21,0,0,[1 0 0 0 0 1],[0 1 1 1 0 0],[0.95 0.9 0.85 0.8 0.75 0.7],2,0.0
1942,22,0,22,0,0,[1 0 0 0 0 1],[0 1 1 1 0 0],[0.95 0.9 0.85 0.8 0.75 0.7],2,0.0
1943,22,0,23,0,0,[0 1 0 1 0 1],[1 0 1 0 1 0],[0.95 0.9 0.85 0.8 0.75 0.7],1,0.0
1944,22,0,24,1,0,[1 0 0 0 0 1],[0 1 1 1 0 0],[0.95 0.9 0.85 0.8 0.75 0.7],2,0.0
1945,22,0,25,0,0,[0 1 0 1 0 1],[1 0 1 0 1 0],[0.95 0.9 0.85 0.8 0.75 0.7],1,0.0
1946,22,0,26,0,0,[1 0 0 0 0 1],[0 1 1 1 0 0],[0.95 0.9 0.85 0.8 0.75 0.7],2,0.0
1947,22,0,27,0,0,[1 0 0 0 0 1],[0 1 1 1 0 0],[0.95 0.9 0.85 0.8 0.75 0.7],2,0.0
1948,22,0,28,1,0,[1 0 0 0 0 1],[0 1 1 1 0 0],[0.95 0.9 0.85 0.8 0.75 0.7],2,0.0
1949,22,0,29,1,0,[0 1 1 1 1 0],[1 0 0 0 0 1],[0.95 0.9 0.85 0.8 0.75 0.7],3,0.0
1950,22,0,30,0,0,[0 1 0 1 0 1],[1 0 1 0 1 0],[0.95 0.9 0.85 0.8 0.75 0.7],1,0.0
1951,22,0,31,0,0,[0 1 1 1 1 0],[1 0 0 0 0 1],[0.95 0.9 0.85 0.8 0.75 0.7],3,0.0
1952,22,0,32,1,0,[1 0 0 1 1 0],[0 1 1 0 0 1],[0.95 0.9 0.85 0.8 0.75 0.7],4,0.0
1953,22,0,33,1,0,[1 0 0 1 1 0],[0 1 1 0 0 1],[0.95 0.9 0.85 0.8 0.75 0.7],4,0.0
1954,22,0,34,1,0,[1 0 0 0 0 1],[0 1 1 1 0 0],[0.95 0.9 0.85 0.8 0.75 0.7],2,0.0
1955,22,0,35,1,0,[0 1 1 1 1 0],[1 0 0 0 0 1],[0.95 0.9 0.85 0.8 0.75 0.7],3,0.0
1956,22,0,36,1,0,[1 0 0 0 0 1],[0 1 1 1 0 0],[0.95 0.9 0.85 0.8 0.75 0.7],2,0.0
1957,22,0,37,0,0,[1 0 0 0 0 1],[0 1 1 1 0 0],[0.95 0.9 0.85 0.8 0.75 0.7],2,0.0
1958,22,0,38,1,0,[0 1 1 1 1 0],[1 0 0 0 0 1],[0.95 0.9 0.85 0.8 0.75 0.7],3,0.0
1959,22,0,39,0,0,[1 0 0 0 0 1],[0 1 1 1 0 0],[0.95 0.9 0.85 0.8 0.75 0.7],2,0.0
1960,22,0,40,1,0,[1 0 0 1 1 0],[0 1 1 0 0 1],[0.95 0.9 0.85 0.8 0.75 0.7],4,0.0
1961,22,0,41,0,0,[1 0 0 0 0 1],[0 1 1 1 0 0],[0.95 0.9 0.85 0.8 0.75 0.7],2,0.0
1962,22,0,42,0,0,[0 1 1 1 1 0],[1 0 0 0 0 1],[0.95 0.9 0.85 0.8 0.75 0.7],3,0.0
1963,22,0,43,0,0,[0 1 1 1 1 0],[1 0 0 0 0 1],[0.95 0.9 0.85 0.8 0.75 0.7],3,0.0
1964,22,0,44,0,0,[0 1 0 1 0 1],[1 0 1 0 1 0],[0.95 0.9 0.85 0.8 0.75 0.7],1,0.0
1965,22,0,45,0,0,[0 1 0 1 0 1],[1 0 1 0 1 0],[0.95 0.9 0.85 0.8 0.75 0.7],1,0.0
1966,22,0,46,1,0,[0 1 1 1 1 0],[1 0 0 0 0 1],[0.95 0.9 0.85 0.8 0.75 0.7],3,0.0
1967,22,0,47,1,0,[0 1 1 1 1 0],[1 0 0 0 0 1],[0.95 0.9 0.85 0.8 0.75 0.7],3,0.0
1968,22,0,48,0,0,[1 0 0 0 0 1],[0 1 1 1 0 0],[0.95 0.9 0.85 0.8 0.75 0.7],2,0.0
1969,22,0,49,1,0,[1 0 0 0 0 1],[0 1 1 1 0 0],[0.95 0.9 0.85 0.8 0.75 0.7],2,0.0
1970,22,0,50,0,0,[1 0 0 0 0 1],[0 1 1 1 0 0],[0.95 0.9 0.85 0.8 0.75 0.7],2,0.0
1971,22,0,51,1,0,[1 0 0 1 1 0],[0 1 1 0 0 1],[0.95 0.9 0.85 0.8 0.75 0.7],4,0.0
1972,22,0,52,1,0,[0 1 0 1 0 1],[1 0 1 0 1 0],[0.95 0.9 0.85 0.8 0.75 0.7],1,0.0
1973,22,0,53,0,0,[0 1 1 1 1 0],[1 0 0 0 0 1],[0.95 0.9 0.85 0.8 0.75 0.7],3,0.0
1974,22,0,54,1,0,[0 1 1 1 1 0],[1 0 0 0 0 1],[0.95 0.9 0.85 0.8 0.75 0.7],3,0.0
1975,22,0,55,0,0,[0 1 1 1 1 0],[1 0 0 0 0 1],[0.95 0.9 0.85 0.8 0.75 0.7],3,0.0
1976,22,0,56,0,0,[1 0 0 0 0 1],[0 1 1 1 0 0],[0.95 0.9 0.85 0.8 0.75 0.7],2,0.0
1977,22,0,57,0,0,[1 0 0 1 1 0],[0 1 1 0 0 1],[0.95 0.9 0.85 0.8 0.75 0.7],4,0.0
1978,22,0,58,0,0,[0 1 1 1 1 0],[1 0 0 0 0 1],[0.95 0.9 0.85 0.8 0.75 0.7],3,0.0
1979,22,0,59,1,0,[1 0 0 1 1 0],[0 1 1 0 0 1],[0.95 0.9 0.85 0.8 0.75 0.7],4,0.0
1980,22,0,60,0,0,[0 1 1 1 1 0],[1 0 0 0 0 1],[0.95 0.9 0.85 0.8 0.75 0.7],3,0.0
1981,22,0,61,1,0,[0 1 0 1 0 1],[1 0 1 0 1 0],[0.95 0.9 0.85 0.8 0.75 0.7],1,0.0
1982,22,0,62,0,0,[1 0 0 1 1 0],[0 1 1 0 0 1],[0.95 0.9 0.85 0.8 0.75 0.7],4,0.0
1983,22,0,63,0,0,[0 1 0 1 0 1],[1 0 1 0 1 0],[0.95 0.9 0.85 0.8 0.75 0.7],1,0.0
1984,22,0,64,0,0,[1 0 0 1 1 0],[0 1 1 0 0 1],[0.95 0.9 0.85 0.8 0.75 0.7],4,0.0
1985,22,0,65,1,0,[0 1 1 1 1 0],[1 0 0 0 0 1],[0.95 0.9 0.85 0.8 0.75 0.7],3,0.0
1986,22,0,66,1,0,[0 1 0 1 0 1],[1 0 1 0 1 0],[0.95 0.9 0.85 0.8 0.75 0.7],1,0.0
1987,22,0,67,1,0,[1 0 0 1 1 0],[0 1 1 0 0 1],[0.95 0.9 0.85 0.8 0.75 0.7],4,0.0
1988,22,0,68,1,0,[1 0 0 1 1 0],[0 1 1 0 0 1],[0.95 0.9 0.85 0.8 0.75 0.7],4,0.0
1989,22,0,69,1,0,[0 1 0 1 0 1],[1 0 1 0 1 0],[0.95 0.9 0.85 0.8 0.75 0.7],1,0.0
1990,22,0,70,1,0,[0 1 0 1 0 1],[1 0 1 0 1 0],[0.95 0.9 0.85 0.8 0.75 0.7],1,0.0
1991,22,0,71,1,0,[0 1 1 1 1 0],[1 0 0 0 0 1],[0.95 0.9 0.85 0.8 0.75 0.7],3,0.0
1992,22,0,72,0,0,[0 1 0 1 0 1],[1 0 1 0 1 0],[0.95 0.9 0.85 0.8 0.75 0.7],1,0.0
1993,22,0,73,1,0,[1 0 0 0 0 1],[0 1 1 1 0 0],[0.95 0.9 0.85 0.8 0.75 0.7],2,0.0
1994,22,0,74,0,0,[0 1 0 1 0 1],[1 0 1 0 1 0],[0.95 0.9 0.85 0.8 0.75 0.7],1,0.0
1995,22,0,75,0,0,[1 0 0 1 1 0],[0 1 1 0 0 1],[0.95 0.9 0.85 0.8 0.75 0.7],4,0.0
1996,22,0,76,1,0,[1 0 0 0 0 1],[0 1 1 1 0 0],[0.95 0.9 0.85 0.8 0.75 0.7],2,0.0
1997,22,0,77,1,0,[0 1 1 1 1 0],[1 0 0 0 0 1],[0.95 0.9 0.85 0.8 0.75 0.7],3,0.0
1998,22,0,78,1,0,[1 0 0 0 0 1],[0 1 1 1 0 0],[0.95 0.9 0.85 0.8 0.75 0.7],2,0.0
1999,22,0,79,1,0,[0 1 1 1 1 0],[1 0 0 0 0 1],[0.95 0.9 0.85 0.8 0.75 0.7],3,0.0
2000,22,0,80,0,0,[1 0 0 1 1 0],[0 1 1 0 0 1],[0.95 0.9 0.85 0.8 0.75 0.7],4,0.0
2001,22,0,81,0,0,[1 0 0 1 1 0],[0 1 1 0 0 1],[0.95 0.9 0.85 0.8 0.75 0.7],4,0.0
2002,22,0,82,0,0,[1 0 0 1 1 0],[0 1 1 0 0 1],[0.95 0.9 0.85 0.8 0.75 0.7],4,0.0
2003,22,0,83,1,0,[0 1 1 1 1 0],[1 0 0 0 0 1],[0.95 0.9 0.85 0.8 0.75 0.7],3,0.0
2004,22,0,84,0,0,[0 1 1 1 1 0],[1 0 0 0 0 1],[0.95 0.9 0.85 0.8 0.75 0.7],3,0.0
2005,22,0,85,1,0,[1 0 0 0 0 1],[0 1 1 1 0 0],[0.95 0.9 0.85 0.8 0.75 0.7],2,0.0
2006,22,0,86,1,0,[1 0 0 1 1 0],[0 1 1 0 0 1],[0.95 0.9 0.85 0.8 0.75 0.7],4,0.0
2007,22,0,87,1,0,[1 0 0 1 1 0],[0 1 1 0 0 1],[0.95 0.9 0.85 0.8 0.75 0.7],4,0.0
2008,22,0,88,1,0,[1 0 0 1 1 0],[0 1 1 0 0 1],[0.95 0.9 0.85 0.8 0.75 0.7],4,0.0
2009,22,0,89,1,0,[1 0 0 1 1 0],[0 1 1 0 0 1],[0.95 0.9 0.85 0.8 0.75 0.7],4,0.0
2010,22,0,90,0,0,[0 1 0 1 0 1],[1 0 1 0 1 0],[0.95 0.9 0.85 0.8 0.75 0.7],1,0.0
2011,22,0,91,1,0,[1 0 0 1 1 0],[0 1 1 0 0 1],[0.95 0.9 0.85 0.8 0.75 0.7],4,0.0
2012,22,0,92,0,0,[0 1 1 1 1 0],[1 0 0 0 0 1],[0.95 0.9 0.85 0.8 0.75 0.7],3,0.0
2013,22,0,93,1,0,[0 1 1 1 1 0],[1 0 0 0 0 1],[0.95 0.9 0.85 0.8 0.75 0.7],3,0.0
2014,22,0,94,0,0,[0 1 0 1 0 1],[1 0 1 0 1 0],[0.95 0.9 0.85 0.8 0.75 0.7],1,0.0
2015,22,0,95,0,0,[0 1 0 1 0 1],[1 0 1 0 1 0],[0.95 0.9 0.85 0.8 0.75 0.7],1,0.0
2016,23,0,0,0,0,[0 1 0 1 0 1],[1 0 1 0 1 0],[0.95 0.9 0.85 0.8 0.75 0.7],1,0.0
2017,23,0,1,1,0,[0 1 0 1 0 1],[1 0 1 0 1 0],[0.95 0.9 0.85 0.8 0.75 0.7],1,0.0
2018,23,0,2,1,0,[1 0 0 0 0 1],[0 1 1 1 0 0],[0.95 0.9 0.85 0.8 0.75 0.7],2,0.0
2019,23,0,3,0,0,[1 0 0 0 0 1],[0 1 1 1 0 0],[0.95 0.9 0.85 0.8 0.75 0.7],2,0.0
2020,23,0,4,0,0,[0 1 1 1 1 0],[1 0 0 0 0 1],[0.95 0.9 0.85 0.8 0.75 0.7],3,0.0
2021,23,0,5,1,0,[0 1 0 1 0 1],[1 0 1 0 1 0],[0.95 0.9 0.85 0.8 0.75 0.7],1,0.0
2022,23,0,6,1,0,[0 1 0 1 0 1],[1 0 1 0 1 0],[0.95 0.9 0.85 0.8 0.75 0.7],1,0.0
2023,23,0,7,1,0,[1 0 0 0 0 1],[0 1 1 1 0 0],[0.95 0.9 0.85 0.8 0.75 0.7],2,0.0
2024,23,0,8,1,0,[0 1 0 1 0 1],[1 0 1 0 1 0],[0.95 0.9 0.85 0.8 0.75 0.7],1,0.0
2025,23,0,9,1,0,[0 1 0 1 0 1],[1 0 1 0 1 0],[0.95 0.9 0.85 0.8 0.75 0.7],1,0.0
2026,23,0,10,0,0,[1 0 0 0 0 1],[0 1 1 1 0 0],[0.95 0.9 0.85 0.8 0.75 0.7],2,0.0
2027,23,0,11,0,0,[1 0 0 1 1 0],[0 1 1 0 0 1],[0.95 0.9 0.85 0.8 0.75 0.7],4,0.0
2028,23,0,12,0,0,[0 1 1 1 1 0],[1 0 0 0 0 1],[0.95 0.9 0.85 0.8 0.75 0.7],3,0.0
2029,23,0,13,0,0,[0 1 1 1 1 0],[1 0 0 0 0 1],[0.95 0.9 0.85 0.8 0.75 0.7],3,0.0
2030,23,0,14,0,0,[1 0 0 1 1 0],[0 1 1 0 0 1],[0.95 0.9 0.85 0.8 0.75 0.7],4,0.0
2031,23,0,15,0,0,[1 0 0 1 1 0],[0 1 1 0 0 1],[0.95 0.9 0.85 0.8 0.75 0.7],4,0.0
2032,23,0,16,1,0,[0 1 0 1 0 1],[1 0 1 0 1 0],[0.95 0.9 0.85 0.8 0.75 0.7],1,0.0
2033,23,0,17,0,0,[1 0 0 1 1 0],[0 1 1 0 0 1],[0.95 0.9 0.85 0.8 0.75 0.7],4,0.0
2034,23,0,18,0,0,[1 0 0 0 0 1],[0 1 1 1 0 0],[0.95 0.9 0.85 0.8 0.75 0.7],2,0.0
2035,23,0,19,1,0,[0 1 0 1 0 1],[1 0 1 0 1 0],[0.95 0.9 0.85 0.8 0.75 0.7],1,0.0
2036,23,0,20,1,0,[1 0 0 1 1 0],[0 1 1 0 0 1],[0.95 0.9 0.85 0.8 0.75 0.7],4,0.0
2037,23,0,21,0,0,[1 0 0 0 0 1],[0 1 1 1 0 0],[0.95 0.9 0.85 0.8 0.75 0.7],2,0.0
2038,23,0,22,0,0,[1 0 0 0 0 1],[0 1 1 1 0 0],[0.95 0.9 0.85 0.8 0.75 0.7],2,0.0
2039,23,0,23,1,0,[0 1 0 1 0 1],[1 0 1 0 1 0],[0.95 0.9 0.85 0.8 0.75 0.7],1,0.0
2040,23,0,24,0,0,[1 0 0 0 0 1],[0 1 1 1 0 0],[0.95 0.9 0.85 0.8 0.75 0.7],2,0.0
2041,23,0,25,1,0,[0 1 0 1 0 1],[1 0 1 0 1 0],[0.95 0.9 0.85 0.8 0.75 0.7],1,0.0
2042,23,0,26,0,0,[1 0 0 0 0 1],[0 1 1 1 0 0],[0.95 0.9 0.85 0.8 0.75 0.7],2,0.0
2043,23,0,27,0,0,[1 0 0 0 0 1],[0 1 1 1 0 0],[0.95 0.9 0.85 0.8 0.75 0.7],2,0.0
2044,23,0,28,0,0,[1 0 0 0 0 1],[0 1 1 1 0 0],[0.95 0.9 0.85 0.8 0.75 0.7],2,0.0
2045,23,0,29,1,0,[0 1 1 1 1 0],[1 0 0 0 0 1],[0.95 0.9 0.85 0.8 0.75 0.7],3,0.0
2046,23,0,30,1,0,[0 1 0 1 0 1],[1 0 1 0 1 0],[0.95 0.9 0.85 0.8 0.75 0.7],1,0.0
2047,23,0,31,1,0,[0 1 1 1 1 0],[1 0 0 0 0 1],[0.95 0.9 0.85 0.8 0.75 0.7],3,0.0
2048,23,0,32,0,0,[1 0 0 1 1 0],[0 1 1 0 0 1],[0.95 0.9 0.85 0.8 0.75 0.7],4,0.0
2049,23,0,33,0,0,[1 0 0 1 1 0],[0 1 1 0 0 1],[0.95 0.9 0.85 0.8 0.75 0.7],4,0.0
2050,23,0,34,0,0,[1 0 0 0 0 1],[0 1 1 1 0 0],[0.95 0.9 0.85 0.8 0.75 0.7],2,0.0
2051,23,0,35,1,0,[0 1 1 1 1 0],[1 0 0 0 0 1],[0.95 0.9 0.85 0.8 0.75 0.7],3,0.0
2052,23,0,36,0,0,[1 0 0 0 0 1],[0 1 1 1 0 0],[0.95 0.9 0.85 0.8 0.75 0.7],2,0.0
2053,23,0,37,0,0,[1 0 0 0 0 1],[0 1 1 1 0 0],[0.95 0.9 0.85 0.8 0.75 0.7],2,0.0
2054,23,0,38,1,0,[0 1 1 1 1 0],[1 0 0 0 0 1],[0.95 0.9 0.85 0.8 0.75 0.7],3,0.0
2055,23,0,39,0,0,[1 0 0 0 0 1],[0 1 1 1 0 0],[0.95 0.9 0.85 0.8 0.75 0.7],2,0.0
2056,23,0,40,0,0,[1 0 0 1 1 0],[0 1 1 0 0 1],[0.95 0.9 0.85 0.8 0.75 0.7],4,0.0
2057,23,0,41,0,0,[1 0 0 0 0 1],[0 1 1 1 0 0],[0.95 0.9 0.85 0.8 0.75 0.7],2,0.0
2058,23,0,42,1,0,[0 1 1 1 1 0],[1 0 0 0 0 1],[0.95 0.9 0.85 0.8 0.75 0.7],3,0.0
2059,23,0,43,1,0,[0 1 1 1 1 0],[1 0 0 0 0 1],[0.95 0.9 0.85 0.8 0.75 0.7],3,0.0
2060,23,0,44,1,0,[0 1 0 1 0 1],[1 0 1 0 1 0],[0.95 0.9 0.85 0.8 0.75 0.7],1,0.0
2061,23,0,45,1,0,[0 1 0 1 0 1],[1 0 1 0 1 0],[0.95 0.9 0.85 0.8 0.75 0.7],1,0.0
2062,23,0,46,1,0,[0 1 1 1 1 0],[1 0 0 0 0 1],[0.95 0.9 0.85 0.8 0.75 0.7],3,0.0
2063,23,0,47,1,0,[0 1 1 1 1 0],[1 0 0 0 0 1],[0.95 0.9 0.85 0.8 0.75 0.7],3,0.0
2064,23,0,48,0,0,[1 0 0 0 0 1],[0 1 1 1 0 0],[0.95 0.9 0.85 0.8 0.75 0.7],2,0.0
2065,23,0,49,0,0,[1 0 0 0 0 1],[0 1 1 1 0 0],[0.95 0.9 0.85 0.8 0.75 0.7],2,0.0
2066,23,0,50,0,0,[1 0 0 0 0 1],[0 1 1 1 0 0],[0.95 0.9 0.85 0.8 0.75 0.7],2,0.0
2067,23,0,51,0,0,[1 0 0 1 1 0],[0 1 1 0 0 1],[0.95 0.9 0.85 0.8 0.75 0.7],4,0.0
2068,23,0,52,1,0,[0 1 0 1 0 1],[1 0 1 0 1 0],[0.95 0.9 0.85 0.8 0.75 0.7],1,0.0
2069,23,0,53,1,0,[0 1 1 1 1 0],[1 0 0 0 0 1],[0.95 0.9 0.85 0.8 0.75 0.7],3,0.0
2070,23,0,54,1,0,[0 1 1 1 1 0],[1 0 0 0 0 1],[0.95 0.9 0.85 0.8 0.75 0.7],3,0.0
2071,23,0,55,1,0,[0 1 1 1 1 0],[1 0 0 0 0 1],[0.95 0.9 0.85 0.8 0.75 0.7],3,0.0
2072,23,0,56,0,0,[1 0 0 0 0 1],[0 1 1 1 0 0],[0.95 0.9 0.85 0.8 0.75 0.7],2,0.0
2073,23,0,57,0,0,[1 0 0 1 1 0],[0 1 1 0 0 1],[0.95 0.9 0.85 0.8 0.75 0.7],4,0.0
2074,23,0,58,1,0,[0 1 1 1 1 0],[1 0 0 0 0 1],[0.95 0.9 0.85 0.8 0.75 0.7],3,0.0
2075,23,0,59,0,0,[1 0 0 1 1 0],[0 1 1 0 0 1],[0.95 0.9 0.85 0.8 0.75 0.7],4,0.0
2076,23,0,60,1,0,[0 1 1 1 1 0],[1 0 0 0 0 1],[0.95 0.9 0.85 0.8 0.75 0.7],3,0.0
2077,23,0,61,1,0,[0 1 0 1 0 1],[1 0 1 0 1 0],[0.95 0.9 0.85 0.8 0.75 0.7],1,0.0
2078,23,0,62,0,0,[1 0 0 1 1 0],[0 1 1 0 0 1],[0.95 0.9 0.85 0.8 0.75 0.7],4,0.0
2079,23,0,63,1,0,[0 1 0 1 0 1],[1 0 1 0 1 0],[0.95 0.9 0.85 0.8 0.75 0.7],1,0.0
2080,23,0,64,0,0,[1 0 0 1 1 0],[0 1 1 0 0 1],[0.95 0.9 0.85 0.8 0.75 0.7],4,0.0
2081,23,0,65,1,0,[0 1 1 1 1 0],[1 0 0 0 0 1],[0.95 0.9 0.85 0.8 0.75 0.7],3,0.0
2082,23,0,66,1,0,[0 1 0 1 0 1],[1 0 1 0 1 0],[0.95 0.9 0.85 0.8 0.75 0.7],1,0.0
2083,23,0,67,0,0,[1 0 0 1 1 0],[0 1 1 0 0 1],[0.95 0.9 0.85 0.8 0.75 0.7],4,0.0
2084,23,0,68,0,0,[1 0 0 1 1 0],[0 1 1 0 0 1],[0.95 0.9 0.85 0.8 0.75 0.7],4,0.0
2085,23,0,69,1,0,[0 1 0 1 0 1],[1 0 1 0 1 0],[0.95 0.9 0.85 0.8 0.75 0.7],1,0.0
2086,23,0,70,1,0,[0 1 0 1 0 1],[1 0 1 0 1 0],[0.95 0.9 0.85 0.8 0.75 0.7],1,0.0
2087,23,0,71,1,0,[0 1 1 1 1 0],[1 0 0 0 0 1],[0.95 0.9 0.85 0.8 0.75 0.7],3,0.0
2088,23,0,72,1,0,[0 1 0 1 0 1],[1 0 1 0 1 0],[0.95 0.9 0.85 0.8 0.75 0.7],1,0.0
2089,23,0,73,0,0,[1 0 0 0 0 1],[0 1 1 1 0 0],[0.95 0.9 0.85 0.8 0.75 0.7],2,0.0
2090,23,0,74,1,0,[0 1 0 1 0 1],[1 0 1 0 1 0],[0.95 0.9 0.85 0.8 0.75 0.7],1,0.0
2091,23,0,75,0,0,[1 0 0 1 1 0],[0 1 1 0 0 1],[0.95 0.9 0.85 0.8 0.75 0.7],4,0.0
2092,23,0,76,0,0,[1 0 0 0 0 1],[0 1 1 1 0 0],[0.95 0.9 0.85 0.8 0.75 0.7],2,0.0
2093,23,0,77,1,0,[0 1 1 1 1 0],[1 0 0 0 0 1],[0.95 0.9 0.85 0.8 0.75 0.7],3,0.0
2094,23,0,78,0,0,[1 0 0 0 0 1],[0 1 1 1 0 0],[0.95 0.9 0.85 0.8 0.75 0.7],2,0.0
2095,23,0,79,1,0,[0 1 1 1 1 0],[1 0 0 0 0 1],[0.95 0.9 0.85 0.8 0.75 0.7],3,0.0
2096,23,0,80,0,0,[1 0 0 1 1 0],[0 1 1 0 0 1],[0.95 0.9 0.85 0.8 0.75 0.7],4,0.0
2097,23,0,81,0,0,[1 0 0 1 1 0],[0 1 1 0 0 1],[0.95 0.9 0.85 0.8 0.75 0.7],4,0.0
2098,23,0,82,0,0,[1 0 0 1 1 0],[0 1 1 0 0 1],[0.95 0.9 0.85 0.8 0.75 0.7],4,0.0
2099,23,0,83,1,0,[0 1 1 1 1 0],[1 0 0 0 0 1],[0.95 0.9 0.85 0.8 0.75 0.7],3,0.0
2100,23,0,84,1,0,[0 1 1 1 1 0],[1 0 0 0 0 1],[0.95 0.9 0.85 0.8 0.75 0.7],3,0.0
2101,23,0,85,0,0,[1 0 0 0 0 1],[0 1 1 1 0 0],[0.95 0.9 0.85 0.8 0.75 0.7],2,0.0
2102,23,0,86,0,0,[1 0 0 1 1 0],[0 1 1 0 0 1],[0.95 0.9 0.85 0.8 0.75 0.7],4,0.0
2103,23,0,87,0,0,[1 0 0 1 1 0],[0 1 1 0 0 1],[0.95 0.9 0.85 0.8 0.75 0.7],4,0.0
2104,23,0,88,0,0,[1 0 0 1 1 0],[0 1 1 0 0 1],[0.95 0.9 0.85 0.8 0.75 0.7],4,0.0
2105,23,0,89,0,0,[1 0 0 1 1 0],[0 1 1 0 0 1],[0.95 0.9 0.85 0.8 0.75 0.7],4,0.0
2106,23,0,90,1,0,[0 1 0 1 0 1],[1 0 1 0 1 0],[0.95 0.9 0.85 0.8 0.75 0.7],1,0.0
2107,23,0,91,0,0,[1 0 0 1 1 0],[0 1 1 0 0 1],[0.95 0.9 0.85 0.8 0.75 0.7],4,0.0
2108,23,0,92,1,0,[0 1 1 1 1 0],[1 0 0 0 0 1],[0.95 0.9 0.85 0.8 0.75 0.7],3,0.0
2109,23,0,93,1,0,[0 1 1 1 1 0],[1 0 0 0 0 1],[0.95 0.9 0.85 0.8 0.75 0.7],3,0.0
2110,23,0,94,1,0,[0 1 0 1 0 1],[1 0 1 0 1 0],[0.95 0.9 0.85 0.8 0.75 0.7],1,0.0
2111,23,0,95,1,0,[0 1 0 1 0 1],[1 0 1 0 1 0],[0.95 0.9 0.85 0.8 0.75 0.7],1,0.0
2112,24,0,0,1,0,[0 1 0 1 0 1],[1 0 1 0 1 0],[0.95 0.9 0.85 0.8 0.75 0.7],1,0.0
2113,24,0,1,0,0,[0 1 0 1 0 1],[1 0 1 0 1 0],[0.95 0.9 0.85 0.8 0.75 0.7],1,0.0
2114,24,0,2,1,0,[1 0 0 0 0 1],[0 1 1 1 0 0],[0.95 0.9 0.85 0.8 0.75 0.7],2,0.0
2115,24,0,3,0,0,[1 0 0 0 0 1],[0 1 1 1 0 0],[0.95 0.9 0.85 0.8 0.75 0.7],2,0.0
2116,24,0,4,1,0,[0 1 1 1 1 0],[1 0 0 0 0 1],[0.95 0.9 0.85 0.8 0.75 0.7],3,0.0
2117,24,0,5,0,0,[0 1 0 1 0 1],[1 0 1 0 1 0],[0.95 0.9 0.85 0.8 0.75 0.7],1,0.0
2118,24,0,6,1,0,[0 1 0 1 0 1],[1 0 1 0 1 0],[0.95 0.9 0.85 0.8 0.75 0.7],1,0.0
2119,24,0,7,1,0,[1 0 0 0 0 1],[0 1 1 1 0 0],[0.95 0.9 0.85 0.8 0.75 0.7],2,0.0
2120,24,0,8,0,0,[0 1 0 1 0 1],[1 0 1 0 1 0],[0.95 0.9 0.85 0.8 0.75 0.7],1,0.0
2121,24,0,9,1,0,[0 1 0 1 0 1],[1 0 1 0 1 0],[0.95 0.9 0.85 0.8 0.75 0.7],1,0.0
2122,24,0,10,0,0,[1 0 0 0 0 1],[0 1 1 1 0 0],[0.95 0.9 0.85 0.8 0.75 0.7],2,0.0
2123,24,0,11,1,0,[1 0 0 1 1 0],[0 1 1 0 0 1],[0.95 0.9 0.85 0.8 0.75 0.7],4,0.0
2124,24,0,12,1,0,[0 1 1 1 1 0],[1 0 0 0 0 1],[0.95 0.9 0.85 0.8 0.75 0.7],3,0.0
2125,24,0,13,0,0,[0 1 1 1 1 0],[1 0 0 0 0 1],[0.95 0.9 0.85 0.8 0.75 0.7],3,0.0
2126,24,0,14,1,0,[1 0 0 1 1 0],[0 1 1 0 0 1],[0.95 0.9 0.85 0.8 0.75 0.7],4,0.0
2127,24,0,15,0,0,[1 0 0 1 1 0],[0 1 1 0 0 1],[0.95 0.9 0.85 0.8 0.75 0.7],4,0.0
2128,24,0,16,0,0,[0 1 0 1 0 1],[1 0 1 0 1 0],[0.95 0.9 0.85 0.8 0.75 0.7],1,0.0
2129,24,0,17,1,0,[1 0 0 1 1 0],[0 1 1 0 0 1],[0.95 0.9 0.85 0.8 0.75 0.7],4,0.0
2130,24,0,18,1,0,[1 0 0 0 0 1],[0 1 1 1 0 0],[0.95 0.9 0.85 0.8 0.75 0.7],2,0.0
2131,24,0,19,1,0,[0 1 0 1 0 1],[1 0 1 0 1 0],[0.95 0.9 0.85 0.8 0.75 0.7],1,0.0
2132,24,0,20,1,0,[1 0 0 1 1 0],[0 1 1 0 0 1],[0.95 0.9 0.85 0.8 0.75 0.7],4,0.0
2133,24,0,21,1,0,[1 0 0 0 0 1],[0 1 1 1 0 0],[0.95 0.9 0.85 0.8 0.75 0.7],2,0.0
2134,24,0,22,1,0,[1 0 0 0 0 1],[0 1 1 1 0 0],[0.95 0.9 0.85 0.8 0.75 0.7],2,0.0
2135,24,0,23,0,0,[0 1 0 1 0 1],[1 0 1 0 1 0],[0.95 0.9 0.85 0.8 0.75 0.7],1,0.0
2136,24,0,24,0,0,[1 0 0 0 0 1],[0 1 1 1 0 0],[0.95 0.9 0.85 0.8 0.75 0.7],2,0.0
2137,24,0,25,0,0,[0 1 0 1 0 1],[1 0 1 0 1 0],[0.95 0.9 0.85 0.8 0.75 0.7],1,0.0
2138,24,0,26,0,0,[1 0 0 0 0 1],[0 1 1 1 0 0],[0.95 0.9 0.85 0.8 0.75 0.7],2,0.0
2139,24,0,27,0,0,[1 0 0 0 0 1],[0 1 1 1 0 0],[0.95 0.9 0.85 0.8 0.75 0.7],2,0.0
2140,24,0,28,1,0,[1 0 0 0 0 1],[0 1 1 1 0 0],[0.95 0.9 0.85 0.8 0.75 0.7],2,0.0
2141,24,0,29,1,0,[0 1 1 1 1 0],[1 0 0 0 0 1],[0.95 0.9 0.85 0.8 0.75 0.7],3,0.0
2142,24,0,30,1,0,[0 1 0 1 0 1],[1 0 1 0 1 0],[0.95 0.9 0.85 0.8 0.75 0.7],1,0.0
2143,24,0,31,1,0,[0 1 1 1 1 0],[1 0 0 0 0 1],[0.95 0.9 0.85 0.8 0.75 0.7],3,0.0
2144,24,0,32,1,0,[1 0 0 1 1 0],[0 1 1 0 0 1],[0.95 0.9 0.85 0.8 0.75 0.7],4,0.0
2145,24,0,33,0,0,[1 0 0 1 1 0],[0 1 1 0 0 1],[0.95 0.9 0.85 0.8 0.75 0.7],4,0.0
2146,24,0,34,0,0,[1 0 0 0 0 1],[0 1 1 1 0 0],[0.95 0.9 0.85 0.8 0.75 0.7],2,0.0
2147,24,0,35,0,0,[0 1 1 1 1 0],[1 0 0 0 0 1],[0.95 0.9 0.85 0.8 0.75 0.7],3,0.0
2148,24,0,36,0,0,[1 0 0 0 0 1],[0 1 1 1 0 0],[0.95 0.9 0.85 0.8 0.75 0.7],2,0.0
2149,24,0,37,1,0,[1 0 0 0 0 1],[0 1 1 1 0 0],[0.95 0.9 0.85 0.8 0.75 0.7],2,0.0
2150,24,0,38,1,0,[0 1 1 1 1 0],[1 0 0 0 0 1],[0.95 0.9 0.85 0.8 0.75 0.7],3,0.0
2151,24,0,39,1,0,[1 0 0 0 0 1],[0 1 1 1 0 0],[0.95 0.9 0.85 0.8 0.75 0.7],2,0.0
2152,24,0,40,1,0,[1 0 0 1 1 0],[0 1 1 0 0 1],[0.95 0.9 0.85 0.8 0.75 0.7],4,0.0
2153,24,0,41,1,0,[1 0 0 0 0 1],[0 1 1 1 0 0],[0.95 0.9 0.85 0.8 0.75 0.7],2,0.0
2154,24,0,42,1,0,[0 1 1 1 1 0],[1 0 0 0 0 1],[0.95 0.9 0.85 0.8 0.75 0.7],3,0.0
2155,24,0,43,1,0,[0 1 1 1 1 0],[1 0 0 0 0 1],[0.95 0.9 0.85 0.8 0.75 0.7],3,0.0
2156,24,0,44,0,0,[0 1 0 1 0 1],[1 0 1 0 1 0],[0.95 0.9 0.85 0.8 0.75 0.7],1,0.0
2157,24,0,45,0,0,[0 1 0 1 0 1],[1 0 1 0 1 0],[0.95 0.9 0.85 0.8 0.75 0.7],1,0.0
2158,24,0,46,0,0,[0 1 1 1 1 0],[1 0 0 0 0 1],[0.95 0.9 0.85 0.8 0.75 0.7],3,0.0
2159,24,0,47,1,0,[0 1 1 1 1 0],[1 0 0 0 0 1],[0.95 0.9 0.85 0.8 0.75 0.7],3,0.0
2160,24,0,48,1,0,[1 0 0 0 0 1],[0 1 1 1 0 0],[0.95 0.9 0.85 0.8 0.75 0.7],2,0.0
2161,24,0,49,1,0,[1 0 0 0 0 1],[0 1 1 1 0 0],[0.95 0.9 0.85 0.8 0.75 0.7],2,0.0
2162,24,0,50,1,0,[1 0 0 0 0 1],[0 1 1 1 0 0],[0.95 0.9 0.85 0.8 0.75 0.7],2,0.0
2163,24,0,51,1,0,[1 0 0 1 1 0],[0 1 1 0 0 1],[0.95 0.9 0.85 0.8 0.75 0.7],4,0.0
2164,24,0,52,1,0,[0 1 0 1 0 1],[1 0 1 0 1 0],[0.95 0.9 0.85 0.8 0.75 0.7],1,0.0
2165,24,0,53,1,0,[0 1 1 1 1 0],[1 0 0 0 0 1],[0.95 0.9 0.85 0.8 0.75 0.7],3,0.0
2166,24,0,54,1,0,[0 1 1 1 1 0],[1 0 0 0 0 1],[0.95 0.9 0.85 0.8 0.75 0.7],3,0.0
2167,24,0,55,1,0,[0 1 1 1 1 0],[1 0 0 0 0 1],[0.95 0.9 0.85 0.8 0.75 0.7],3,0.0
2168,24,0,56,1,0,[1 0 0 0 0 1],[0 1 1 1 0 0],[0.95 0.9 0.85 0.8 0.75 0.7],2,0.0
2169,24,0,57,0,0,[1 0 0 1 1 0],[0 1 1 0 0 1],[0.95 0.9 0.85 0.8 0.75 0.7],4,0.0
2170,24,0,58,0,0,[0 1 1 1 1 0],[1 0 0 0 0 1],[0.95 0.9 0.85 0.8 0.75 0.7],3,0.0
2171,24,0,59,0,0,[1 0 0 1 1 0],[0 1 1 0 0 1],[0.95 0.9 0.85 0.8 0.75 0.7],4,0.0
2172,24,0,60,1,0,[0 1 1 1 1 0],[1 0 0 0 0 1],[0.95 0.9 0.85 0.8 0.75 0.7],3,0.0
2173,24,0,61,1,0,[0 1 0 1 0 1],[1 0 1 0 1 0],[0.95 0.9 0.85 0.8 0.75 0.7],1,0.0
2174,24,0,62,1,0,[1 0 0 1 1 0],[0 1 1 0 0 1],[0.95 0.9 0.85 0.8 0.75 0.7],4,0.0
2175,24,0,63,0,0,[0 1 0 1 0 1],[1 0 1 0 1 0],[0.95 0.9 0.85 0.8 0.75 0.7],1,0.0
2176,24,0,64,0,0,[1 0 0 1 1 0],[0 1 1 0 0 1],[0.95 0.9 0.85 0.8 0.75 0.7],4,0.0
2177,24,0,65,0,0,[0 1 1 1 1 0],[1 0 0 0 0 1],[0.95 0.9 0.85 0.8 0.75 0.7],3,0.0
2178,24,0,66,0,0,[0 1 0 1 0 1],[1 0 1 0 1 0],[0.95 0.9 0.85 0.8 0.75 0.7],1,0.0
2179,24,0,67,0,0,[1 0 0 1 1 0],[0 1 1 0 0 1],[0.95 0.9 0.85 0.8 0.75 0.7],4,0.0
2180,24,0,68,0,0,[1 0 0 1 1 0],[0 1 1 0 0 1],[0.95 0.9 0.85 0.8 0.75 0.7],4,0.0
2181,24,0,69,0,0,[0 1 0 1 0 1],[1 0 1 0 1 0],[0.95 0.9 0.85 0.8 0.75 0.7],1,0.0
2182,24,0,70,0,0,[0 1 0 1 0 1],[1 0 1 0 1 0],[0.95 0.9 0.85 0.8 0.75 0.7],1,0.0
2183,24,0,71,0,0,[0 1 1 1 1 0],[1 0 0 0 0 1],[0.95 0.9 0.85 0.8 0.75 0.7],3,0.0
2184,24,0,72,1,0,[0 1 0 1 0 1],[1 0 1 0 1 0],[0.95 0.9 0.85 0.8 0.75 0.7],1,0.0
2185,24,0,73,1,0,[1 0 0 0 0 1],[0 1 1 1 0 0],[0.95 0.9 0.85 0.8 0.75 0.7],2,0.0
2186,24,0,74,1,0,[0 1 0 1 0 1],[1 0 1 0 1 0],[0.95 0.9 0.85 0.8 0.75 0.7],1,0.0
2187,24,0,75,1,0,[1 0 0 1 1 0],[0 1 1 0 0 1],[0.95 0.9 0.85 0.8 0.75 0.7],4,0.0
2188,24,0,76,1,0,[1 0 0 0 0 1],[0 1 1 1 0 0],[0.95 0.9 0.85 0.8 0.75 0.7],2,0.0
2189,24,0,77,1,0,[0 1 1 1 1 0],[1 0 0 0 0 1],[0.95 0.9 0.85 0.8 0.75 0.7],3,0.0
2190,24,0,78,1,0,[1 0 0 0 0 1],[0 1 1 1 0 0],[0.95 0.9 0.85 0.8 0.75 0.7],2,0.0
2191,24,0,79,1,0,[0 1 1 1 1 0],[1 0 0 0 0 1],[0.95 0.9 0.85 0.8 0.75 0.7],3,0.0
2192,24,0,80,1,0,[1 0 0 1 1 0],[0 1 1 0 0 1],[0.95 0.9 0.85 0.8 0.75 0.7],4,0.0
2193,24,0,81,1,0,[1 0 0 1 1 0],[0 1 1 0 0 1],[0.95 0.9 0.85 0.8 0.75 0.7],4,0.0
2194,24,0,82,1,0,[1 0 0 1 1 0],[0 1 1 0 0 1],[0.95 0.9 0.85 0.8 0.75 0.7],4,0.0
2195,24,0,83,1,0,[0 1 1 1 1 0],[1 0 0 0 0 1],[0.95 0.9 0.85 0.8 0.75 0.7],3,0.0
2196,24,0,84,1,0,[0 1 1 1 1 0],[1 0 0 0 0 1],[0.95 0.9 0.85 0.8 0.75 0.7],3,0.0
2197,24,0,85,1,0,[1 0 0 0 0 1],[0 1 1 1 0 0],[0.95 0.9 0.85 0.8 0.75 0.7],2,0.0
2198,24,0,86,1,0,[1 0 0 1 1 0],[0 1 1 0 0 1],[0.95 0.9 0.85 0.8 0.75 0.7],4,0.0
2199,24,0,87,0,0,[1 0 0 1 1 0],[0 1 1 0 0 1],[0.95 0.9 0.85 0.8 0.75 0.7],4,0.0
2200,24,0,88,0,0,[1 0 0 1 1 0],[0 1 1 0 0 1],[0.95 0.9 0.85 0.8 0.75 0.7],4,0.0
2201,24,0,89,0,0,[1 0 0 1 1 0],[0 1 1 0 0 1],[0.95 0.9 0.85 0.8 0.75 0.7],4,0.0
2202,24,0,90,0,0,[0 1 0 1 0 1],[1 0 1 0 1 0],[0.95 0.9 0.85 0.8 0.75 0.7],1,0.0
2203,24,0,91,0,0,[1 0 0 1 1 0],[0 1 1 0 0 1],[0.95 0.9 0.85 0.8 0.75 0.7],4,0.0
2204,24,0,92,0,0,[0 1 1 1 1 0],[1 0 0 0 0 1],[0.95 0.9 0.85 0.8 0.75 0.7],3,0.0
2205,24,0,93,1,0,[0 1 1 1 1 0],[1 0 0 0 0 1],[0.95 0.9 0.85 0.8 0.75 0.7],3,0.0
2206,24,0,94,1,0,[0 1 0 1 0 1],[1 0 1 0 1 0],[0.95 0.9 0.85 0.8 0.75 0.7],1,0.0
2207,24,0,95,1,0,[0 1 0 1 0 1],[1 0 1 0 1 0],[0.95 0.9 0.85 0.8 0.75 0.7],1,0.0
