,participant,task,trial,choice,reward,stimulus_0,stimulus_1,validities,item_type,tier
0,0,0,0,0,0,[1 1 0 0],[0 0 1 1],[0.95 0.8 0.7 0.65],1,0.0
1,0,0,1,1,0,[1 0 0 0],[0 1 1 1],[0.95 0.8 0.7 0.65],2,0.0
2,0,0,2,1,0,[1 0 1 1],[1 1 0 0],[0.95 0.8 0.7 0.65],3,0.0
3,0,0,3,0,0,[1 1 0 0],[0 0 1 1],[0.95 0.8 0.7 0.65],1,0.0
4,0,0,4,1,0,[0 0 1 1],[1 1 0 0],[0.95 0.8 0.7 0.65],4,0.0
5,0,0,5,0,0,[0 1 1 1],[1 0 0 0],[0.95 0.8 0.7 0.65],5,0.0
6,0,0,6,1,0,[0 1 0 1],[1 0 1 0],[0.95 0.8 0.7 0.65],6,0.0
7,0,0,7,1,0,[1 1 0 0],[1 0 1 1],[0.95 0.8 0.7 0.65],7,0.0
8,0,0,8,0,0,[1 0 1 0],[0 1 0 1],[0.95 0.8 0.7 0.65],8,0.0
9,0,0,9,1,0,[1 1 0 0],[1 0 1 1],[0.95 0.8 0.7 0.65],7,0.0
10,0,0,10,0,0,[1 0 1 0],[0 1 0 1],[0.95 0.8 0.7 0.65],8,0.0
11,0,0,11,0,0,[1 1 0 0],[0 0 1 1],[0.95 0.8 0.7 0.65],1,0.0
12,0,0,12,0,0,[1 0 1 0],[0 1 0 1],[0.95 0.8 0.7 0.65],8,0.0
13,0,0,13,0,0,[1 0 1 1],[1 1 0 0],[0.95 0.8 0.7 0.65],3,0.0
14,0,0,14,0,0,[1 0 1 1],[1 1 0 0],[0.95 0.8 0.7 0.65],3,0.0
15,0,0,15,1,0,[0 1 0 1],[1 0 1 0],[0.95 0.8 0.7 0.65],6,0.0
16,0,0,16,0,0,[1 0 1 1],[1 1 0 0],[0.95 0.8 0.7 0.65],3,0.0
17,0,0,17,1,0,[0 1 0 1],[1 0 1 0],[0.95 0.8 0.7 0.65],6,0.0
18,0,0,18,1,0,[0 0 1 1],[1 1 0 0],[0.95 0.8 0.7 0.65],4,0.0
19,0,0,19,1,0,[0 0 1 1],[1 1 0 0],[0.95 0.8 0.7 0.65],4,0.0
20,0,0,20,0,0,[1 1 0 0],[0 0 1 1],[0.95 0.8 0.7 0.65],1,0.0
21,0,0,21,0,0,[1 0 1 1],[1 1 0 0],[0.95 0.8 0.7 0.65],3,0.0
22,0,0,22,1,0,[1 0 0 0],[0 1 1 1],[0.95 0.8 0.7 0.65],2,0.0
23,0,0,23,0,0,[1 0 1 1],[1 1 0 0],[0.95 0.8 0.7 0.65],3,0.0
24,0,0,24,0,0,[1 0 1 0],[0 1 0 1],[0.95 0.8 0.7 0.65],8,0.0
25,0,0,25,1,0,[0 1 0 1],[1 0 1 0],[0.95 0.8 0.7 0.65],6,0.0
26,0,0,26,0,0,[1 1 0 0],[0 0 1 1],[0.95 0.8 0.7 0.65],1,0.0
27,0,0,27,0,0,[1 0 0 0],[0 1 1 1],[0.95 0.8 0.7 0.65],2,0.0
28,0,0,28,1,0,[0 1 1 1],[1 0 0 0],[0.95 0.8 0.7 0.65],5,0.0
29,0,0,29,0,0,[1 0 0 0],[0 1 1 1],[0.95 0.8 0.7 0.65],2,0.0
30,0,0,30,1,0,[0 1 1 1],[1 0 0 0],[0.95 0.8 0.7 0.65],5,0.0
31,0,0,31,0,0,[1 0 0 0],[0 1 1 1],[0.95 0.8 0.7 0.65],2,0.0
32,0,0,32,1,0,[0 1 0 1],[1 0 1 0],[0.95 0.8 0.7 0.65],6,0.0
33,0,0,33,1,0,[0 0 1 1],[1 1 0 0],[0.95 0.8 0.7 0.65],4,0.0
34,0,0,34,1,0,[0 1 1 1],[1 0 0 0],[0.95 0.8 0.7 0.65],5,0.0
35,0,0,35,0,0,[1 0 0 0],[0 1 1 1],[0.95 0.8 0.7 0.65],2,0.0
36,0,0,36,0,0,[1 0 1 0],[0 1 0 1],[0.95 0.8 0.7 0.65],8,0.0
37,0,0,37,0,0,[1 1 0 0],[0 0 1 1],[0.95 0.8 0.7 0.65],1,0.0
38,0,0,38,1,0,[0 1 1 1],[1 0 0 0],[0.95 0.8 0.7 0.65],5,0.0
39,0,0,39,1,0,[1 0 1 0],[0 1 0 1],[0.95 0.8 0.7 0.65],8,0.0
40,0,0,40,0,0,[1 1 0 0],[0 0 1 1],[0.95 0.8 0.7 0.65],1,0.0
41,0,0,41,1,0,[0 1 1 1],[1 0 0 0],[0.95 0.8 0.7 0.65],5,0.0
42,0,0,42,1,0,[1 1 0 0],[1 0 1 1],[0.95 0.8 0.7 0.65],7,0.0
43,0,0,43,0,0,[1 0 1 1],[1 1 0 0],[0.95 0.8 0.7 0.65],3,0.0
44,0,0,44,0,0,[1 0 1 0],[0 1 0 1],[0.95 0.8 0.7 0.65],8,0.0
45,0,0,45,1,0,[0 0 1 1],[1 1 0 0],[0.95 0.8 0.7 0.65],4,0.0
46,0,0,46,0,0,[1 1 0 0],[0 0 1 1],[0.95 0.8 0.7 0.65],1,0.0
47,0,0,47,0,0,[1 0 1 1],[1 1 0 0],[0.95 0.8 0.7 0.65],3,0.0
48,0,0,48,1,0,[0 0 1 1],[1 1 0 0],[0.95 0.8 0.7 0.65],4,0.0
49,0,0,49,0,0,[1 0 0 0],[0 1 1 1],[0.95 0.8 0.7 0.65],2,0.0
50,0,0,50,1,0,[1 1 0 0],[1 0 1 1],[0.95 0.8 0.7 0.65],7,0.0
51,0,0,51,1,0,[1 0 1 1],[1 1 0 0],[0.95 0.8 0.7 0.65],3,0.0
52,0,0,52,1,0,[0 1 1 1],[1 0 0 0],[0.95 0.8 0.7 0.65],5,0.0
53,0,0,53,0,0,[1 1 0 0],[0 0 1 1],[0.95 0.8 0.7 0.65],1,0.0
54,0,0,54,1,0,[0 1 0 1],[1 0 1 0],[0.95 0.8 0.7 0.65],6,0.0
55,0,0,55,1,0,[0 0 1 1],[1 1 0 0],[0.95 0.8 0.7 0.65],4,0.0
56,0,0,56,1,0,[1 1 0 0],[1 0 1 1],[0.95 0.8 0.7 0.65],7,0.0
57,0,0,57,1,0,[1 1 0 0],[1 0 1 1],[0.95 0.8 0.7 0.65],7,0.0
58,0,0,58,1,0,[0 1 1 1],[1 0 0 0],[0.95 0.8 0.7 0.65],5,0.0
59,0,0,59,1,0,[1 1 0 0],[1 0 1 1],[0.95 0.8 0.7 0.65],7,0.0
60,0,0,60,1,0,[0 0 1 1],[1 1 0 0],[0.95 0.8 0.7 0.65],4,0.0
61,0,0,61,0,0,[1 0 0 0],[0 1 1 1],[0.95 0.8 0.7 0.65],2,0.0
62,0,0,62,0,0,[1 1 0 0],[0 0 1 1],[0.95 0.8 0.7 0.65],1,0.0
63,0,0,63,0,0,[1 0 1 1],[1 1 0 0],[0.95 0.8 0.7 0.65],3,0.0
64,0,0,64,0,0,[1 0 1 0],[0 1 0 1],[0.95 0.8 0.7 0.65],8,0.0
65,0,0,65,0,0,[1 1 0 0],[1 0 1 1],[0.95 0.8 0.7 0.65],7,0.0
66,0,0,66,0,0,[1 1 0 0],[1 0 1 1],[0.95 0.8 0.7 0.65],7,0.0
67,0,0,67,0,0,[1 0 1 0],[0 1 0 1],[0.95 0.8 0.7 0.65],8,0.0
68,0,0,68,1,0,[0 1 1 1],[1 0 0 0],[0.95 0.8 0.7 0.65],5,0.0
69,0,0,69,0,0,[1 0 1 0],[0 1 0 1],[0.95 0.8 0.7 0.65],8,0.0
70,0,0,70,0,0,[1 1 0 0],[1 0 1 1],[0.95 0.8 0.7 0.65],7,0.0
71,0,0,71,1,0,[1 0 1 1],[1 1 0 0],[0.95 0.8 0.7 0.65],3,0.0
72,0,0,72,0,0,[1 1 0 0],[0 0 1 1],[0.95 0.8 0.7 0.65],1,0.0
73,0,0,73,0,0,[1 1 0 0],[0 0 1 1],[0.95 0.8 0.7 0.65],1,0.0
74,0,0,74,0,0,[1 0 1 0],[0 1 0 1],[0.95 0.8 0.7 0.65],8,0.0
75,0,0,75,1,0,[0 0 1 1],[1 1 0 0],[0.95 0.8 0.7 0.65],4,0.0
76,0,0,76,0,0,[1 0 1 0],[0 1 0 1],[0.95 0.8 0.7 0.65],8,0.0
77,0,0,77,1,0,[0 0 1 1],[1 1 0 0],[0.95 0.8 0.7 0.65],4,0.0
78,0,0,78,1,0,[1 1 0 0],[1 0 1 1],[0.95 0.8 0.7 0.65],7,0.0
79,0,0,79,1,0,[0 1 0 1],[1 0 1 0],[0.95 0.8 0.7 0.65],6,0.0
80,0,0,80,1,0,[0 1 1 1],[1 0 0 0],[0.95 0.8 0.7 0.65],5,0.0
81,0,0,81,1,0,[0 1 0 1],[1 0 1 0],[0.95 0.8 0.7 0.65],6,0.0
82,0,0,82,1,0,[0 0 1 1],[1 1 0 0],[0.95 0.8 0.7 0.65],4,0.0
83,0,0,83,0,0,[1 0 0 0],[0 1 1 1],[0.95 0.8 0.7 0.65],2,0.0
84,0,0,84,0,0,[1 0 0 0],[0 1 1 1],[0.95 0.8 0.7 0.65],2,0.0
85,0,0,85,1,0,[0 1 1 1],[1 0 0 0],[0.95 0.8 0.7 0.65],5,0.0
86,0,0,86,1,0,[0 1 0 1],[1 0 1 0],[0.95 0.8 0.7 0.65],6,0.0
87,0,0,87,0,0,[1 0 0 0],[0 1 1 1],[0.95 0.8 0.7 0.65],2,0.0
88,0,0,88,1,0,[0 1 0 1],[1 0 1 0],[0.95 0.8 0.7 0.65],6,0.0
89,0,0,89,1,0,[1 0 1 1],[1 1 0 0],[0.95 0.8 0.7 0.65],3,0.0
90,0,0,90,1,0,[0 1 0 1],[1 0 1 0],[0.95 0.8 0.7 0.65],6,0.0
91,0,0,91,1,0,[0 1 0 1],[1 0 1 0],[0.95 0.8 0.7 0.65],6,0.0
92,0,0,92,1,0,[1 1 0 0],[1 0 1 1],[0.95 0.8 0.7 0.65],7,0.0
93,0,0,93,0,0,[1 0 0 0],[0 1 1 1],[0.95 0.8 0.7 0.65],2,0.0
94,0,0,94,1,0,[0 0 1 1],[1 1 0 0],[0.95 0.8 0.7 0.65],4,0.0
95,0,0,95,1,0,[0 1 1 1],[1 0 0 0],[0.95 0.8 0.7 0.65],5,0.0
96,1,0,0,0,0,[1 1 0 0],[0 0 1 1],[0.95 0.8 0.7 0.65],1,0.0
97,1,0,1,0,0,[1 0 0 0],[0 1 1 1],[0.95 0.8 0.7 0.65],2,0.0
98,1,0,2,0,0,[1 0 1 1],[1 1 0 0],[0.95 0.8 0.7 0.65],3,0.0
99,1,0,3,0,0,[1 1 0 0],[0 0 1 1],[0.95 0.8 0.7 0.65],1,0.0
100,1,0,4,1,0,[0 0 1 1],[1 1 0 0],[0.95 0.8 0.7 0.65],4,0.0
101,1,0,5,0,0,[0 1 1 1],[1 0 0 0],[0.95 0.8 0.7 0.65],5,0.0
102,1,0,6,0,0,[0 1 0 1],[1 0 1 0],[0.95 0.8 0.7 0.65],6,0.0
103,1,0,7,0,0,[1 1 0 0],[1 0 1 1],[0.95 0.8 0.7 0.65],7,0.0
104,1,0,8,0,0,[1 0 1 0],[0 1 0 1],[0.95 0.8 0.7 0.65],8,0.0
105,1,0,9,1,0,[1 1 0 0],[1 0 1 1],[0.95 0.8 0.7 0.65],7,0.0
106,1,0,10,1,0,[1 0 1 0],[0 1 0 1],[0.95 0.8 0.7 0.65],8,0.0
107,1,0,11,1,0,[1 1 0 0],[0 0 1 1],[0.95 0.8 0.7 0.65],1,0.0
108,1,0,12,1,0,[1 0 1 0],[0 1 0 1],[0.95 0.8 0.7 0.65],8,0.0
109,1,0,13,0,0,[1 0 1 1],[1 1 0 0],[0.95 0.8 0.7 0.65],3,0.0
110,1,0,14,0,0,[1 0 1 1],[1 1 0 0],[0.95 0.8 0.7 0.65],3,0.0
111,1,0,15,0,0,[0 1 0 1],[1 0 1 0],[0.95 0.8 0.7 0.65],6,0.0
112,1,0,16,0,0,[1 0 1 1],[1 1 0 0],[0.95 0.8 0.7 0.65],3,0.0
113,1,0,17,0,0,[0 1 0 1],[1 0 1 0],[0.95 0.8 0.7 0.65],6,0.0
114,1,0,18,1,0,[0 0 1 1],[1 1 0 0],[0.95 0.8 0.7 0.65],4,0.0
115,1,0,19,1,0,[0 0 1 1],[1 1 0 0],[0.95 0.8 0.7 0.65],4,0.0
116,1,0,20,1,0,[1 1 0 0],[0 0 1 1],[0.95 0.8 0.7 0.65],1,0.0
117,1,0,21,0,0,[1 0 1 1],[1 1 0 0],[0.95 0.8 0.7 0.65],3,0.0
118,1,0,22,0,0,[1 0 0 0],[0 1 1 1],[0.95 0.8 0.7 0.65],2,0.0
119,1,0,23,1,0,[1 0 1 1],[1 1 0 0],[0.95 0.8 0.7 0.65],3,0.0
120,1,0,24,0,0,[1 0 1 0],[0 1 0 1],[0.95 0.8 0.7 0.65],8,0.0
121,1,0,25,1,0,[0 1 0 1],[1 0 1 0],[0.95 0.8 0.7 0.65],6,0.0
122,1,0,26,0,0,[1 1 0 0],[0 0 1 1],[0.95 0.8 0.7 0.65],1,0.0
123,1,0,27,0,0,[1 0 0 0],[0 1 1 1],[0.95 0.8 0.7 0.65],2,0.0
124,1,0,28,1,0,[0 1 1 1],[1 0 0 0],[0.95 0.8 0.7 0.65],5,0.0
125,1,0,29,0,0,[1 0 0 0],[0 1 1 1],[0.95 0.8 0.7 0.65],2,0.0
126,1,0,30,1,0,[0 1 1 1],[1 0 0 0],[0.95 0.8 0.7 0.65],5,0.0
127,1,0,31,0,0,[1 0 0 0],[0 1 1 1],[0.95 0.8 0.7 0.65],2,0.0
128,1,0,32,1,0,[0 1 0 1],[1 0 1 0],[0.95 0.8 0.7 0.65],6,0.0
129,1,0,33,1,0,[0 0 1 1],[1 1 0 0],[0.95 0.8 0.7 0.65],4,0.0
130,1,0,34,1,0,[0 1 1 1],[1 0 0 0],[0.95 0.8 0.7 0.65],5,0.0
131,1,0,35,0,0,[1 0 0 0],[0 1 1 1],[0.95 0.8 0.7 0.65],2,0.0
132,1,0,36,0,0,[1 0 1 0],[0 1 0 1],[0.95 0.8 0.7 0.65],8,0.0
133,1,0,37,0,0,[1 1 0 0],[0 0 1 1],[0.95 0.8 0.7 0.65],1,0.0
134,1,0,38,1,0,[0 1 1 1],[1 0 0 0],[0.95 0.8 0.7 0.65],5,0.0
135,1,0,39,1,0,[1 0 1 0],[0 1 0 1],[0.95 0.8 0.7 0.65],8,0.0
136,1,0,40,0,0,[1 1 0 0],[0 0 1 1],[0.95 0.8 0.7 0.65],1,0.0
137,1,0,41,1,0,[0 1 1 1],[1 0 0 0],[0.95 0.8 0.7 0.65],5,0.0
138,1,0,42,0,0,[1 1 0 0],[1 0 1 1],[0.95 0.8 0.7 0.65],7,0.0
139,1,0,43,1,0,[1 0 1 1],[1 1 0 0],[0.95 0.8 0.7 0.65],3,0.0
140,1,0,44,0,0,[1 0 1 0],[0 1 0 1],[0.95 0.8 0.7 0.65],8,0.0
141,1,0,45,1,0,[0 0 1 1],[1 1 0 0],[0.95 0.8 0.7 0.65],4,0.0
142,1,0,46,0,0,[1 1 0 0],[0 0 1 1],[0.95 0.8 0.7 0.65],1,0.0
143,1,0,47,1,0,[1 0 1 1],[1 1 0 0],[0.95 0.8 0.7 0.65],3,0.0
144,1,0,48,1,0,[0 0 1 1],[1 1 0 0],[0.95 0.8 0.7 0.65],4,0.0
145,1,0,49,0,0,[1 0 0 0],[0 1 1 1],[0.95 0.8 0.7 0.65],2,0.0
146,1,0,50,0,0,[1 1 0 0],[1 0 1 1],[0.95 0.8 0.7 0.65],7,0.0
147,1,0,51,1,0,[1 0 1 1],[1 1 0 0],[0.95 0.8 0.7 0.65],3,0.0
148,1,0,52,1,0,[0 1 1 1],[1 0 0 0],[0.95 0.8 0.7 0.65],5,0.0
149,1,0,53,0,0,[1 1 0 0],[0 0 1 1],[0.95 0.8 0.7 0.65],1,0.0
150,1,0,54,1,0,[0 1 0 1],[1 0 1 0],[0.95 0.8 0.7 0.65],6,0.0
151,1,0,55,1,0,[0 0 1 1],[1 1 0 0],[0.95 0.8 0.7 0.65],4,0.0
152,1,0,56,0,0,[1 1 0 0],[1 0 1 1],[0.95 0.8 0.7 0.65],7,0.0
153,1,0,57,0,0,[1 1 0 0],[1 0 1 1],[0.95 0.8 0.7 0.65],7,0.0
154,1,0,58,1,0,[0 1 1 1],[1 0 0 0],[0.95 0.8 0.7 0.65],5,0.0
155,1,0,59,0,0,[1 1 0 0],[1 0 1 1],[0.95 0.8 0.7 0.65],7,0.0
156,1,0,60,1,0,[0 0 1 1],[1 1 0 0],[0.95 0.8 0.7 0.65],4,0.0
157,1,0,61,0,0,[1 0 0 0],[0 1 1 1],[0.95 0.8 0.7 0.65],2,0.0
158,1,0,62,0,0,[1 1 0 0],[0 0 1 1],[0.95 0.8 0.7 0.65],1,0.0
159,1,0,63,1,0,[1 0 1 1],[1 1 0 0],[0.95 0.8 0.7 0.65],3,0.0
160,1,0,64,0,0,[1 0 1 0],[0 1 0 1],[0.95 0.8 0.7 0.65],8,0.0
161,1,0,65,0,0,[1 1 0 0],[1 0 1 1],[0.95 0.8 0.7 0.65],7,0.0
162,1,0,66,0,0,[1 1 0 0],[1 0 1 1],[0.95 0.8 0.7 0.65],7,0.0
163,1,0,67,0,0,[1 0 1 0],[0 1 0 1],[0.95 0.8 0.7 0.65],8,0.0
164,1,0,68,1,0,[0 1 1 1],[1 0 0 0],[0.95 0.8 0.7 0.65],5,0.0
165,1,0,69,0,0,[1 0 1 0],[0 1 0 1],[0.95 0.8 0.7 0.65],8,0.0
166,1,0,70,0,0,[1 1 0 0],[1 0 1 1],[0.95 0.8 0.7 0.65],7,0.0
167,1,0,71,1,0,[1 0 1 1],[1 1 0 0],[0.95 0.8 0.7 0.65],3,0.0
168,1,0,72,0,0,[1 1 0 0],[0 0 1 1],[0.95 0.8 0.7 0.65],1,0.0
169,1,0,73,0,0,[1 1 0 0],[0 0 1 1],[0.95 0.8 0.7 0.65],1,0.0
170,1,0,74,0,0,[1 0 1 0],[0 1 0 1],[0.95 0.8 0.7 0.65],8,0.0
171,1,0,75,1,0,[0 0 1 1],[1 1 0 0],[0.95 0.8 0.7 0.65],4,0.0
172,1,0,76,0,0,[1 0 1 0],[0 1 0 1],[0.95 0.8 0.7 0.65],8,0.0
173,1,0,77,1,0,[0 0 1 1],[1 1 0 0],[0.95 0.8 0.7 0.65],4,0.0
174,1,0,78,0,0,[1 1 0 0],[1 0 1 1],[0.95 0.8 0.7 0.65],7,0.0
175,1,0,79,1,0,[0 1 0 1],[1 0 1 0],[0.95 0.8 0.7 0.65],6,0.0
176,1,0,80,1,0,[0 1 1 1],[1 0 0 0],[0.95 0.8 0.7 0.65],5,0.0
177,1,0,81,1,0,[0 1 0 1],[1 0 1 0],[0.95 0.8 0.7 0.65],6,0.0
178,1,0,82,1,0,[0 0 1 1],[1 1 0 0],[0.95 0.8 0.7 0.65],4,0.0
179,1,0,83,0,0,[1 0 0 0],[0 1 1 1],[0.95 0.8 0.7 0.65],2,0.0
180,1,0,84,0,0,[1 0 0 0],[0 1 1 1],[0.95 0.8 0.7 0.65],2,0.0
181,1,0,85,1,0,[0 1 1 1],[1 0 0 0],[0.95 0.8 0.7 0.65],5,0.0
182,1,0,86,1,0,[0 1 0 1],[1 0 1 0],[0.95 0.8 0.7 0.65],6,0.0
183,1,0,87,0,0,[1 0 0 0],[0 1 1 1],[0.95 0.8 0.7 0.65],2,0.0
184,1,0,88,1,0,[0 1 0 1],[1 0 1 0],[0.95 0.8 0.7 0.65],6,0.0
185,1,0,89,1,0,[1 0 1 1],[1 1 0 0],[0.95 0.8 0.7 0.65],3,0.0
186,1,0,90,1,0,[0 1 0 1],[1 0 1 0],[0.95 0.8 0.7 0.65],6,0.0
187,1,0,91,1,0,[0 1 0 1],[1 0 1 0],[0.95 0.8 0.7 0.65],6,0.0
188,1,0,92,0,0,[1 1 0 0],[1 0 1 1],[0.95 0.8 0.7 0.65],7,0.0
189,1,0,93,0,0,[1 0 0 0],[0 1 1 1],[0.95 0.8 0.7 0.65],2,0.0
190,1,0,94,1,0,[0 0 1 1],[1 1 0 0],[0.95 0.8 0.7 0.65],4,0.0
191,1,0,95,1,0,[0 1 1 1],[1 0 0 0],[0.95 0.8 0.7 0.65],5,0.0
192,2,0,0,0,0,[1 1 0 0],[0 0 1 1],[0.95 0.8 0.7 0.65],1,0.0
193,2,0,1,1,0,[1 0 0 0],[0 1 1 1],[0.95 0.8 0.7 0.65],2,0.0
194,2,0,2,0,0,[1 0 1 1],[1 1 0 0],[0.95 0.8 0.7 0.65],3,0.0
195,2,0,3,0,0,[1 1 0 0],[0 0 1 1],[0.95 0.8 0.7 0.65],1,0.0
196,2,0,4,1,0,[0 0 1 1],[1 1 0 0],[0.95 0.8 0.7 0.65],4,0.0
197,2,0,5,1,0,[0 1 1 1],[1 0 0 0],[0.95 0.8 0.7 0.65],5,0.0
198,2,0,6,1,0,[0 1 0 1],[1 0 1 0],[0.95 0.8 0.7 0.65],6,0.0
199,2,0,7,1,0,[1 1 0 0],[1 0 1 1],[0.95 0.8 0.7 0.65],7,0.0
200,2,0,8,0,0,[1 0 1 0],[0 1 0 1],[0.95 0.8 0.7 0.65],8,0.0
201,2,0,9,1,0,[1 1 0 0],[1 0 1 1],[0.95 0.8 0.7 0.65],7,0.0
202,2,0,10,0,0,[1 0 1 0],[0 1 0 1],[0.95 0.8 0.7 0.65],8,0.0
203,2,0,11,0,0,[1 1 0 0],[0 0 1 1],[0.95 0.8 0.7 0.65],1,0.0
204,2,0,12,1,0,[1 0 1 0],[0 1 0 1],[0.95 0.8 0.7 0.65],8,0.0
205,2,0,13,0,0,[1 0 1 1],[1 1 0 0],[0.95 0.8 0.7 0.65],3,0.0
206,2,0,14,0,0,[1 0 1 1],[1 1 0 0],[0.95 0.8 0.7 0.65],3,0.0
207,2,0,15,0,0,[0 1 0 1],[1 0 1 0],[0.95 0.8 0.7 0.65],6,0.0
208,2,0,16,0,0,[1 0 1 1],[1 1 0 0],[0.95 0.8 0.7 0.65],3,0.0
209,2,0,17,1,0,[0 1 0 1],[1 0 1 0],[0.95 0.8 0.7 0.65],6,0.0
210,2,0,18,1,0,[0 0 1 1],[1 1 0 0],[0.95 0.8 0.7 0.65],4,0.0
211,2,0,19,1,0,[0 0 1 1],[1 1 0 0],[0.95 0.8 0.7 0.65],4,0.0
212,2,0,20,0,0,[1 1 0 0],[0 0 1 1],[0.95 0.8 0.7 0.65],1,0.0
213,2,0,21,0,0,[1 0 1 1],[1 1 0 0],[0.95 0.8 0.7 0.65],3,0.0
214,2,0,22,1,0,[1 0 0 0],[0 1 1 1],[0.95 0.8 0.7 0.65],2,0.0
215,2,0,23,0,0,[1 0 1 1],[1 1 0 0],[0.95 0.8 0.7 0.65],3,0.0
216,2,0,24,0,0,[1 0 1 0],[0 1 0 1],[0.95 0.8 0.7 0.65],8,0.0
217,2,0,25,1,0,[0 1 0 1],[1 0 1 0],[0.95 0.8 0.7 0.65],6,0.0
218,2,0,26,0,0,[1 1 0 0],[0 0 1 1],[0.95 0.8 0.7 0.65],1,0.0
219,2,0,27,1,0,[1 0 0 0],[0 1 1 1],[0.95 0.8 0.7 0.65],2,0.0
220,2,0,28,1,0,[0 1 1 1],[1 0 0 0],[0.95 0.8 0.7 0.65],5,0.0
221,2,0,29,1,0,[1 0 0 0],[0 1 1 1],[0.95 0.8 0.7 0.65],2,0.0
222,2,0,30,0,0,[0 1 1 1],[1 0 0 0],[0.95 0.8 0.7 0.65],5,0.0
223,2,0,31,1,0,[1 0 0 0],[0 1 1 1],[0.95 0.8 0.7 0.65],2,0.0
224,2,0,32,1,0,[0 1 0 1],[1 0 1 0],[0.95 0.8 0.7 0.65],6,0.0
225,2,0,33,1,0,[0 0 1 1],[1 1 0 0],[0.95 0.8 0.7 0.65],4,0.0
226,2,0,34,0,0,[0 1 1 1],[1 0 0 0],[0.95 0.8 0.7 0.65],5,0.0
227,2,0,35,1,0,[1 0 0 0],[0 1 1 1],[0.95 0.8 0.7 0.65],2,0.0
228,2,0,36,0,0,[1 0 1 0],[0 1 0 1],[0.95 0.8 0.7 0.65],8,0.0
229,2,0,37,0,0,[1 1 0 0],[0 0 1 1],[0.95 0.8 0.7 0.65],1,0.0
230,2,0,38,0,0,[0 1 1 1],[1 0 0 0],[0.95 0.8 0.7 0.65],5,0.0
231,2,0,39,0,0,[1 0 1 0],[0 1 0 1],[0.95 0.8 0.7 0.65],8,0.0
232,2,0,40,0,0,[1 1 0 0],[0 0 1 1],[0.95 0.8 0.7 0.65],1,0.0
233,2,0,41,0,0,[0 1 1 1],[1 0 0 0],[0.95 0.8 0.7 0.65],5,0.0
234,2,0,42,0,0,[1 1 0 0],[1 0 1 1],[0.95 0.8 0.7 0.65],7,0.0
235,2,0,43,0,0,[1 0 1 1],[1 1 0 0],[0.95 0.8 0.7 0.65],3,0.0
236,2,0,44,0,0,[1 0 1 0],[0 1 0 1],[0.95 0.8 0.7 0.65],8,0.0
237,2,0,45,1,0,[0 0 1 1],[1 1 0 0],[0.95 0.8 0.7 0.65],4,0.0
238,2,0,46,0,0,[1 1 0 0],[0 0 1 1],[0.95 0.8 0.7 0.65],1,0.0
239,2,0,47,1,0,[1 0 1 1],[1 1 0 0],[0.95 0.8 0.7 0.65],3,0.0
240,2,0,48,1,0,[0 0 1 1],[1 1 0 0],[0.95 0.8 0.7 0.65],4,0.0
241,2,0,49,1,0,[1 0 0 0],[0 1 1 1],[0.95 0.8 0.7 0.65],2,0.0
242,2,0,50,0,0,[1 1 0 0],[1 0 1 1],[0.95 0.8 0.7 0.65],7,0.0
243,2,0,51,1,0,[1 0 1 1],[1 1 0 0],[0.95 0.8 0.7 0.65],3,0.0
244,2,0,52,0,0,[0 1 1 1],[1 0 0 0],[0.95 0.8 0.7 0.65],5,0.0
245,2,0,53,0,0,[1 1 0 0],[0 0 1 1],[0.95 0.8 0.7 0.65],1,0.0
246,2,0,54,1,0,[0 1 0 1],[1 0 1 0],[0.95 0.8 0.7 0.65],6,0.0
247,2,0,55,1,0,[0 0 1 1],[1 1 0 0],[0.95 0.8 0.7 0.65],4,0.0
248,2,0,56,0,0,[1 1 0 0],[1 0 1 1],[0.95 0.8 0.7 0.65],7,0.0
249,2,0,57,1,0,[1 1 0 0],[1 0 1 1],[0.95 0.8 0.7 0.65],7,0.0
250,2,0,58,0,0,[0 1 1 1],[1 0 0 0],[0.95 0.8 0.7 0.65],5,0.0
251,2,0,59,0,0,[1 1 0 0],[1 0 1 1],[0.95 0.8 0.7 0.65],7,0.0
252,2,0,60,1,0,[0 0 1 1],[1 1 0 0],[0.95 0.8 0.7 0.65],4,0.0
253,2,0,61,1,0,[1 0 0 0],[0 1 1 1],[0.95 0.8 0.7 0.65],2,0.0
254,2,0,62,0,0,[1 1 0 0],[0 0 1 1],[0.95 0.8 0.7 0.65],1,0.0
255,2,0,63,1,0,[1 0 1 1],[1 1 0 0],[0.95 0.8 0.7 0.65],3,0.0
256,2,0,64,0,0,[1 0 1 0],[0 1 0 1],[0.95 0.8 0.7 0.65],8,0.0
257,2,0,65,1,0,[1 1 0 0],[1 0 1 1],[0.95 0.8 0.7 0.65],7,0.0
258,2,0,66,1,0,[1 1 0 0],[1 0 1 1],[0.95 0.8 0.7 0.65],7,0.0
259,2,0,67,0,0,[1 0 1 0],[0 1 0 1],[0.95 0.8 0.7 0.65],8,0.0
260,2,0,68,0,0,[0 1 1 1],[1 0 0 0],[0.95 0.8 0.7 0.65],5,0.0
261,2,0,69,0,0,[1 0 1 0],[0 1 0 1],[0.95 0.8 0.7 0.65],8,0.0
262,2,0,70,1,0,[1 1 0 0],[1 0 1 1],[0.95 0.8 0.7 0.65],7,0.0
263,2,0,71,0,0,[1 0 1 1],[1 1 0 0],[0.95 0.8 0.7 0.65],3,0.0
264,2,0,72,0,0,[1 1 0 0],[0 0 1 1],[0.95 0.8 0.7 0.65],1,0.0
265,2,0,73,0,0,[1 1 0 0],[0 0 1 1],[0.95 0.8 0.7 0.65],1,0.0
266,2,0,74,0,0,[1 0 1 0],[0 1 0 1],[0.95 0.8 0.7 0.65],8,0.0
267,2,0,75,1,0,[0 0 1 1],[1 1 0 0],[0.95 0.8 0.7 0.65],4,0.0
268,2,0,76,0,0,[1 0 1 0],[0 1 0 1],[0.95 0.8 0.7 0.65],8,0.0
269,2,0,77,1,0,[0 0 1 1],[1 1 0 0],[0.95 0.8 0.7 0.65],4,0.0
270,2,0,78,0,0,[1 1 0 0],[1 0 1 1],[0.95 0.8 0.7 0.65],7,0.0
271,2,0,79,1,0,[0 1 0 1],[1 0 1 0],[0.95 0.8 0.7 0.65],6,0.0
272,2,0,80,0,0,[0 1 1 1],[1 0 0 0],[0.95 0.8 0.7 0.65],5,0.0
273,2,0,81,1,0,[0 1 0 1],[1 0 1 0],[0.95 0.8 0.7 0.65],6,0.0
274,2,0,82,1,0,[0 0 1 1],[1 1 0 0],[0.95 0.8 0.7 0.65],4,0.0
275,2,0,83,1,0,[1 0 0 0],[0 1 1 1],[0.95 0.8 0.7 0.65],2,0.0
276,2,0,84,1,0,[1 0 0 0],[0 1 1 1],[0.95 0.8 0.7 0.65],2,0.0
277,2,0,85,0,0,[0 1 1 1],[1 0 0 0],[0.95 0.8 0.7 0.65],5,0.0
278,2,0,86,1,0,[0 1 0 1],[1 0 1 0],[0.95 0.8 0.7 0.65],6,0.0
279,2,0,87,1,0,[1 0 0 0],[0 1 1 1],[0.95 0.8 0.7 0.65],2,0.0
280,2,0,88,1,0,[0 1 0 1],[1 0 1 0],[0.95 0.8 0.7 0.65],6,0.0
281,2,0,89,0,0,[1 0 1 1],[1 1 0 0],[0.95 0.8 0.7 0.65],3,0.0
282,2,0,90,1,0,[0 1 0 1],[1 0 1 0],[0.95 0.8 0.7 0.65],6,0.0
283,2,0,91,1,0,[0 1 0 1],[1 0 1 0],[0.95 0.8 0.7 0.65],6,0.0
284,2,0,92,1,0,[1 1 0 0],[1 0 1 1],[0.95 0.8 0.7 0.65],7,0.0
285,2,0,93,1,0,[1 0 0 0],[0 1 1 1],[0.95 0.8 0.7 0.65],2,0.0
286,2,0,94,1,0,[0 0 1 1],[1 1 0 0],[0.95 0.8 0.7 0.65],4,0.0
287,2,0,95,0,0,[0 1 1 1],[1 0 0 0],[0.95 0.8 0.7 0.65],5,0.0
288,3,0,0,0,0,[1 1 0 0],[0 0 1 1],[0.95 0.8 0.7 0.65],1,0.0
289,3,0,1,0,0,[1 0 0 0],[0 1 1 1],[0.95 0.8 0.7 0.65],2,0.0
290,3,0,2,0,0,[1 0 1 1],[1 1 0 0],[0.95 0.8 0.7 0.65],3,0.0
291,3,0,3,0,0,[1 1 0 0],[0 0 1 1],[0.95 0.8 0.7 0.65],1,0.0
292,3,0,4,1,0,[0 0 1 1],[1 1 0 0],[0.95 0.8 0.7 0.65],4,0.0
293,3,0,5,1,0,[0 1 1 1],[1 0 0 0],[0.95 0.8 0.7 0.65],5,0.0
294,3,0,6,1,0,[0 1 0 1],[1 0 1 0],[0.95 0.8 0.7 0.65],6,0.0
295,3,0,7,1,0,[1 1 0 0],[1 0 1 1],[0.95 0.8 0.7 0.65],7,0.0
296,3,0,8,0,0,[1 0 1 0],[0 1 0 1],[0.95 0.8 0.7 0.65],8,0.0
297,3,0,9,0,0,[1 1 0 0],[1 0 1 1],[0.95 0.8 0.7 0.65],7,0.0
298,3,0,10,0,0,[1 0 1 0],[0 1 0 1],[0.95 0.8 0.7 0.65],8,0.0
299,3,0,11,0,0,[1 1 0 0],[0 0 1 1],[0.95 0.8 0.7 0.65],1,0.0
300,3,0,12,0,0,[1 0 1 0],[0 1 0 1],[0.95 0.8 0.7 0.65],8,0.0
301,3,0,13,0,0,[1 0 1 1],[1 1 0 0],[0.95 0.8 0.7 0.65],3,0.0
302,3,0,14,0,0,[1 0 1 1],[1 1 0 0],[0.95 0.8 0.7 0.65],3,0.0
303,3,0,15,1,0,[0 1 0 1],[1 0 1 0],[0.95 0.8 0.7 0.65],6,0.0
304,3,0,16,0,0,[1 0 1 1],[1 1 0 0],[0.95 0.8 0.7 0.65],3,0.0
305,3,0,17,1,0,[0 1 0 1],[1 0 1 0],[0.95 0.8 0.7 0.65],6,0.0
306,3,0,18,1,0,[0 0 1 1],[1 1 0 0],[0.95 0.8 0.7 0.65],4,0.0
307,3,0,19,1,0,[0 0 1 1],[1 1 0 0],[0.95 0.8 0.7 0.65],4,0.0
308,3,0,20,0,0,[1 1 0 0],[0 0 1 1],[0.95 0.8 0.7 0.65],1,0.0
309,3,0,21,0,0,[1 0 1 1],[1 1 0 0],[0.95 0.8 0.7 0.65],3,0.0
310,3,0,22,0,0,[1 0 0 0],[0 1 1 1],[0.95 0.8 0.7 0.65],2,0.0
311,3,0,23,0,0,[1 0 1 1],[1 1 0 0],[0.95 0.8 0.7 0.65],3,0.0
312,3,0,24,0,0,[1 0 1 0],[0 1 0 1],[0.95 0.8 0.7 0.65],8,0.0
313,3,0,25,1,0,[0 1 0 1],[1 0 1 0],[0.95 0.8 0.7 0.65],6,0.0
314,3,0,26,0,0,[1 1 0 0],[0 0 1 1],[0.95 0.8 0.7 0.65],1,0.0
315,3,0,27,0,0,[1 0 0 0],[0 1 1 1],[0.95 0.8 0.7 0.65],2,0.0
316,3,0,28,1,0,[0 1 1 1],[1 0 0 0],[0.95 0.8 0.7 0.65],5,0.0
317,3,0,29,0,0,[1 0 0 0],[0 1 1 1],[0.95 0.8 0.7 0.65],2,0.0
318,3,0,30,1,0,[0 1 1 1],[1 0 0 0],[0.95 0.8 0.7 0.65],5,0.0
319,3,0,31,0,0,[1 0 0 0],[0 1 1 1],[0.95 0.8 0.7 0.65],2,0.0
320,3,0,32,1,0,[0 1 0 1],[1 0 1 0],[0.95 0.8 0.7 0.65],6,0.0
321,3,0,33,1,0,[0 0 1 1],[1 1 0 0],[0.95 0.8 0.7 0.65],4,0.0
322,3,0,34,1,0,[0 1 1 1],[1 0 0 0],[0.95 0.8 0.7 0.65],5,0.0
323,3,0,35,0,0,[1 0 0 0],[0 1 1 1],[0.95 0.8 0.7 0.65],2,0.0
324,3,0,36,0,0,[1 0 1 0],[0 1 0 1],[0.95 0.8 0.7 0.65],8,0.0
325,3,0,37,0,0,[1 1 0 0],[0 0 1 1],[0.95 0.8 0.7 0.65],1,0.0
326,3,0,38,1,0,[0 1 1 1],[1 0 0 0],[0.95 0.8 0.7 0.65],5,0.0
327,3,0,39,0,0,[1 0 1 0],[0 1 0 1],[0.95 0.8 0.7 0.65],8,0.0
328,3,0,40,0,0,[1 1 0 0],[0 0 1 1],[0.95 0.8 0.7 0.65],1,0.0
329,3,0,41,1,0,[0 1 1 1],[1 0 0 0],[0.95 0.8 0.7 0.65],5,0.0
330,3,0,42,1,0,[1 1 0 0],[1 0 1 1],[0.95 0.8 0.7 0.65],7,0.0
331,3,0,43,0,0,[1 0 1 1],[1 1 0 0],[0.95 0.8 0.7 0.65],3,0.0
332,3,0,44,0,0,[1 0 1 0],[0 1 0 1],[0.95 0.8 0.7 0.65],8,0.0
333,3,0,45,1,0,[0 0 1 1],[1 1 0 0],[0.95 0.8 0.7 0.65],4,0.0
334,3,0,46,0,0,[1 1 0 0],[0 0 1 1],[0.95 0.8 0.7 0.65],1,0.0
335,3,0,47,0,0,[1 0 1 1],[1 1 0 0],[0.95 0.8 0.7 0.65],3,0.0
336,3,0,48,1,0,[0 0 1 1],[1 1 0 0],[0.95 0.8 0.7 0.65],4,0.0
337,3,0,49,0,0,[1 0 0 0],[0 1 1 1],[0.95 0.8 0.7 0.65],2,0.0
338,3,0,50,1,0,[1 1 0 0],[1 0 1 1],[0.95 0.8 0.7 0.65],7,0.0
339,3,0,51,0,0,[1 0 1 1],[1 1 0 0],[0.95 0.8 0.7 0.65],3,0.0
340,3,0,52,1,0,[0 1 1 1],[1 0 0 0],[0.95 0.8 0.7 0.65],5,0.0
341,3,0,53,0,0,[1 1 0 0],[0 0 1 1],[0.95 0.8 0.7 0.65],1,0.0
342,3,0,54,1,0,[0 1 0 1],[1 0 1 0],[0.95 0.8 0.7 0.65],6,0.0
343,3,0,55,1,0,[0 0 1 1],[1 1 0 0],[0.95 0.8 0.7 0.65],4,0.0
344,3,0,56,1,0,[1 1 0 0],[1 0 1 1],[0.95 0.8 0.7 0.65],7,0.0
345,3,0,57,1,0,[1 1 0 0],[1 0 1 1],[0.95 0.8 0.7 0.65],7,0.0
346,3,0,58,1,0,[0 1 1 1],[1 0 0 0],[0.95 0.8 0.7 0.65],5,0.0
347,3,0,59,1,0,[1 1 0 0],[1 0 1 1],[0.95 0.8 0.7 0.65],7,0.0
348,3,0,60,1,0,[0 0 1 1],[1 1 0 0],[0.95 0.8 0.7 0.65],4,0.0
349,3,0,61,0,0,[1 0 0 0],[0 1 1 1],[0.95 0.8 0.7 0.65],2,0.0
350,3,0,62,0,0,[1 1 0 0],[0 0 1 1],[0.95 0.8 0.7 0.65],1,0.0
351,3,0,63,0,0,[1 0 1 1],[1 1 0 0],[0.95 0.8 0.7 0.65],3,0.0
352,3,0,64,0,0,[1 0 1 0],[0 1 0 1],[0.95 0.8 0.7 0.65],8,0.0
353,3,0,65,1,0,[1 1 0 0],[1 0 1 1],[0.95 0.8 0.7 0.65],7,0.0
354,3,0,66,0,0,[1 1 0 0],[1 0 1 1],[0.95 0.8 0.7 0.65],7,0.0
355,3,0,67,0,0,[1 0 1 0],[0 1 0 1],[0.95 0.8 0.7 0.65],8,0.0
356,3,0,68,1,0,[0 1 1 1],[1 0 0 0],[0.95 0.8 0.7 0.65],5,0.0
357,3,0,69,0,0,[1 0 1 0],[0 1 0 1],[0.95 0.8 0.7 0.65],8,0.0
358,3,0,70,1,0,[1 1 0 0],[1 0 1 1],[0.95 0.8 0.7 0.65],7,0.0
359,3,0,71,0,0,[1 0 1 1],[1 1 0 0],[0.95 0.8 0.7 0.65],3,0.0
360,3,0,72,0,0,[1 1 0 0],[0 0 1 1],[0.95 0.8 0.7 0.65],1,0.0
361,3,0,73,0,0,[1 1 0 0],[0 0 1 1],[0.95 0.8 0.7 0.65],1,0.0
362,3,0,74,0,0,[1 0 1 0],[0 1 0 1],[0.95 0.8 0.7 0.65],8,0.0
363,3,0,75,1,0,[0 0 1 1],[1 1 0 0],[0.95 0.8 0.7 0.65],4,0.0
364,3,0,76,0,0,[1 0 1 0],[0 1 0 1],[0.95 0.8 0.7 0.65],8,0.0
365,3,0,77,1,0,[0 0 1 1],[1 1 0 0],[0.95 0.8 0.7 0.65],4,0.0
366,3,0,78,1,0,[1 1 0 0],[1 0 1 1],[0.95 0.8 0.7 0.65],7,0.0
367,3,0,79,0,0,[0 1 0 1],[1 0 1 0],[0.95 0.8 0.7 0.65],6,0.0
368,3,0,80,0,0,[0 1 1 1],[1 0 0 0],[0.95 0.8 0.7 0.65],5,0.0
369,3,0,81,1,0,[0 1 0 1],[1 0 1 0],[0.95 0.8 0.7 0.65],6,0.0
370,3,0,82,1,0,[0 0 1 1],[1 1 0 0],[0.95 0.8 0.7 0.65],4,0.0
371,3,0,83,0,0,[1 0 0 0],[0 1 1 1],[0.95 0.8 0.7 0.65],2,0.0
372,3,0,84,0,0,[1 0 0 0],[0 1 1 1],[0.95 0.8 0.7 0.65],2,0.0
373,3,0,85,1,0,[0 1 1 1],[1 0 0 0],[0.95 0.8 0.7 0.65],5,0.0
374,3,0,86,1,0,[0 1 0 1],[1 0 1 0],[0.95 0.8 0.7 0.65],6,0.0
375,3,0,87,0,0,[1 0 0 0],[0 1 1 1],[0.95 0.8 0.7 0.65],2,0.0
376,3,0,88,1,0,[0 1 0 1],[1 0 1 0],[0.95 0.8 0.7 0.65],6,0.0
377,3,0,89,0,0,[1 0 1 1],[1 1 0 0],[0.95 0.8 0.7 0.65],3,0.0
378,3,0,90,1,0,[0 1 0 1],[1 0 1 0],[0.95 0.8 0.7 0.65],6,0.0
379,3,0,91,1,0,[0 1 0 1],[1 0 1 0],[0.95 0.8 0.7 0.65],6,0.0
380,3,0,92,1,0,[1 1 0 0],[1 0 1 1],[0.95 0.8 0.7 0.65],7,0.0
381,3,0,93,0,0,[1 0 0 0],[0 1 1 1],[0.95 0.8 0.7 0.65],2,0.0
382,3,0,94,1,0,[0 0 1 1],[1 1 0 0],[0.95 0.8 0.7 0.65],4,0.0
383,3,0,95,1,0,[0 1 1 1],[1 0 0 0],[0.95 0.8 0.7 0.65],5,0.0
384,4,0,0,0,0,[1 1 0 0],[0 0 1 1],[0.95 0.8 0.7 0.65],1,0.0
385,4,0,1,1,0,[1 0 0 0],[0 1 1 1],[0.95 0.8 0.7 0.65],2,0.0
386,4,0,2,0,0,[1 0 1 1],[1 1 0 0],[0.95 0.8 0.7 0.65],3,0.0
387,4,0,3,0,0,[1 1 0 0],[0 0 1 1],[0.95 0.8 0.7 0.65],1,0.0
388,4,0,4,1,0,[0 0 1 1],[1 1 0 0],[0.95 0.8 0.7 0.65],4,0.0
389,4,0,5,1,0,[0 1 1 1],[1 0 0 0],[0.95 0.8 0.7 0.65],5,0.0
390,4,0,6,0,0,[0 1 0 1],[1 0 1 0],[0.95 0.8 0.7 0.65],6,0.0
391,4,0,7,0,0,[1 1 0 0],[1 0 1 1],[0.95 0.8 0.7 0.65],7,0.0
392,4,0,8,0,0,[1 0 1 0],[0 1 0 1],[0.95 0.8 0.7 0.65],8,0.0
393,4,0,9,1,0,[1 1 0 0],[1 0 1 1],[0.95 0.8 0.7 0.65],7,0.0
394,4,0,10,1,0,[1 0 1 0],[0 1 0 1],[0.95 0.8 0.7 0.65],8,0.0
395,4,0,11,1,0,[1 1 0 0],[0 0 1 1],[0.95 0.8 0.7 0.65],1,0.0
396,4,0,12,1,0,[1 0 1 0],[0 1 0 1],[0.95 0.8 0.7 0.65],8,0.0
397,4,0,13,0,0,[1 0 1 1],[1 1 0 0],[0.95 0.8 0.7 0.65],3,0.0
398,4,0,14,0,0,[1 0 1 1],[1 1 0 0],[0.95 0.8 0.7 0.65],3,0.0
399,4,0,15,0,0,[0 1 0 1],[1 0 1 0],[0.95 0.8 0.7 0.65],6,0.0
400,4,0,16,0,0,[1 0 1 1],[1 1 0 0],[0.95 0.8 0.7 0.65],3,0.0
401,4,0,17,0,0,[0 1 0 1],[1 0 1 0],[0.95 0.8 0.7 0.65],6,0.0
402,4,0,18,1,0,[0 0 1 1],[1 1 0 0],[0.95 0.8 0.7 0.65],4,0.0
403,4,0,19,1,0,[0 0 1 1],[1 1 0 0],[0.95 0.8 0.7 0.65],4,0.0
404,4,0,20,1,0,[1 1 0 0],[0 0 1 1],[0.95 0.8 0.7 0.65],1,0.0
405,4,0,21,0,0,[1 0 1 1],[1 1 0 0],[0.95 0.8 0.7 0.65],3,0.0
406,4,0,22,0,0,[1 0 0 0],[0 1 1 1],[0.95 0.8 0.7 0.65],2,0.0
407,4,0,23,0,0,[1 0 1 1],[1 1 0 0],[0.95 0.8 0.7 0.65],3,0.0
408,4,0,24,1,0,[1 0 1 0],[0 1 0 1],[0.95 0.8 0.7 0.65],8,0.0
409,4,0,25,0,0,[0 1 0 1],[1 0 1 0],[0.95 0.8 0.7 0.65],6,0.0
410,4,0,26,1,0,[1 1 0 0],[0 0 1 1],[0.95 0.8 0.7 0.65],1,0.0
411,4,0,27,0,0,[1 0 0 0],[0 1 1 1],[0.95 0.8 0.7 0.65],2,0.0
412,4,0,28,1,0,[0 1 1 1],[1 0 0 0],[0.95 0.8 0.7 0.65],5,0.0
413,4,0,29,0,0,[1 0 0 0],[0 1 1 1],[0.95 0.8 0.7 0.65],2,0.0
414,4,0,30,1,0,[0 1 1 1],[1 0 0 0],[0.95 0.8 0.7 0.65],5,0.0
415,4,0,31,1,0,[1 0 0 0],[0 1 1 1],[0.95 0.8 0.7 0.65],2,0.0
416,4,0,32,1,0,[0 1 0 1],[1 0 1 0],[0.95 0.8 0.7 0.65],6,0.0
417,4,0,33,0,0,[0 0 1 1],[1 1 0 0],[0.95 0.8 0.7 0.65],4,0.0
418,4,0,34,0,0,[0 1 1 1],[1 0 0 0],[0.95 0.8 0.7 0.65],5,0.0
419,4,0,35,0,0,[1 0 0 0],[0 1 1 1],[0.95 0.8 0.7 0.65],2,0.0
420,4,0,36,0,0,[1 0 1 0],[0 1 0 1],[0.95 0.8 0.7 0.65],8,0.0
421,4,0,37,0,0,[1 1 0 0],[0 0 1 1],[0.95 0.8 0.7 0.65],1,0.0
422,4,0,38,0,0,[0 1 1 1],[1 0 0 0],[0.95 0.8 0.7 0.65],5,0.0
423,4,0,39,1,0,[1 0 1 0],[0 1 0 1],[0.95 0.8 0.7 0.65],8,0.0
424,4,0,40,1,0,[1 1 0 0],[0 0 1 1],[0.95 0.8 0.7 0.65],1,0.0
425,4,0,41,0,0,[0 1 1 1],[1 0 0 0],[0.95 0.8 0.7 0.65],5,0.0
426,4,0,42,1,0,[1 1 0 0],[1 0 1 1],[0.95 0.8 0.7 0.65],7,0.0
427,4,0,43,0,0,[1 0 1 1],[1 1 0 0],[0.95 0.8 0.7 0.65],3,0.0
428,4,0,44,1,0,[1 0 1 0],[0 1 0 1],[0.95 0.8 0.7 0.65],8,0.0
429,4,0,45,1,0,[0 0 1 1],[1 1 0 0],[0.95 0.8 0.7 0.65],4,0.0
430,4,0,46,0,0,[1 1 0 0],[0 0 1 1],[0.95 0.8 0.7 0.65],1,0.0
431,4,0,47,0,0,[1 0 1 1],[1 1 0 0],[0.95 0.8 0.7 0.65],3,0.0
432,4,0,48,1,0,[0 0 1 1],[1 1 0 0],[0.95 0.8 0.7 0.65],4,0.0
433,4,0,49,1,0,[1 0 0 0],[0 1 1 1],[0.95 0.8 0.7 0.65],2,0.0
434,4,0,50,0,0,[1 1 0 0],[1 0 1 1],[0.95 0.8 0.7 0.65],7,0.0
435,4,0,51,1,0,[1 0 1 1],[1 1 0 0],[0.95 0.8 0.7 0.65],3,0.0
436,4,0,52,1,0,[0 1 1 1],[1 0 0 0],[0.95 0.8 0.7 0.65],5,0.0
437,4,0,53,1,0,[1 1 0 0],[0 0 1 1],[0.95 0.8 0.7 0.65],1,0.0
438,4,0,54,0,0,[0 1 0 1],[1 0 1 0],[0.95 0.8 0.7 0.65],6,0.0
439,4,0,55,0,0,[0 0 1 1],[1 1 0 0],[0.95 0.8 0.7 0.65],4,0.0
440,4,0,56,0,0,[1 1 0 0],[1 0 1 1],[0.95 0.8 0.7 0.65],7,0.0
441,4,0,57,0,0,[1 1 0 0],[1 0 1 1],[0.95 0.8 0.7 0.65],7,0.0
442,4,0,58,0,0,[0 1 1 1],[1 0 0 0],[0.95 0.8 0.7 0.65],5,0.0
443,4,0,59,0,0,[1 1 0 0],[1 0 1 1],[0.95 0.8 0.7 0.65],7,0.0
444,4,0,60,0,0,[0 0 1 1],[1 1 0 0],[0.95 0.8 0.7 0.65],4,0.0
445,4,0,61,0,0,[1 0 0 0],[0 1 1 1],[0.95 0.8 0.7 0.65],2,0.0
446,4,0,62,0,0,[1 1 0 0],[0 0 1 1],[0.95 0.8 0.7 0.65],1,0.0
447,4,0,63,0,0,[1 0 1 1],[1 1 0 0],[0.95 0.8 0.7 0.65],3,0.0
448,4,0,64,0,0,[1 0 1 0],[0 1 0 1],[0.95 0.8 0.7 0.65],8,0.0
449,4,0,65,1,0,[1 1 0 0],[1 0 1 1],[0.95 0.8 0.7 0.65],7,0.0
450,4,0,66,0,0,[1 1 0 0],[1 0 1 1],[0.95 0.8 0.7 0.65],7,0.0
451,4,0,67,1,0,[1 0 1 0],[0 1 0 1],[0.95 0.8 0.7 0.65],8,0.0
452,4,0,68,0,0,[0 1 1 1],[1 0 0 0],[0.95 0.8 0.7 0.65],5,0.0
453,4,0,69,1,0,[1 0 1 0],[0 1 0 1],[0.95 0.8 0.7 0.65],8,0.0
454,4,0,70,1,0,[1 1 0 0],[1 0 1 1],[0.95 0.8 0.7 0.65],7,0.0
455,4,0,71,1,0,[1 0 1 1],[1 1 0 0],[0.95 0.8 0.7 0.65],3,0.0
456,4,0,72,1,0,[1 1 0 0],[0 0 1 1],[0.95 0.8 0.7 0.65],1,0.0
457,4,0,73,0,0,[1 1 0 0],[0 0 1 1],[0.95 0.8 0.7 0.65],1,0.0
458,4,0,74,0,0,[1 0 1 0],[0 1 0 1],[0.95 0.8 0.7 0.65],8,0.0
459,4,0,75,0,0,[0 0 1 1],[1 1 0 0],[0.95 0.8 0.7 0.65],4,0.0
460,4,0,76,0,0,[1 0 1 0],[0 1 0 1],[0.95 0.8 0.7 0.65],8,0.0
461,4,0,77,1,0,[0 0 1 1],[1 1 0 0],[0.95 0.8 0.7 0.65],4,0.0
462,4,0,78,0,0,[1 1 0 0],[1 0 1 1],[0.95 0.8 0.7 0.65],7,0.0
463,4,0,79,0,0,[0 1 0 1],[1 0 1 0],[0.95 0.8 0.7 0.65],6,0.0
464,4,0,80,1,0,[0 1 1 1],[1 0 0 0],[0.95 0.8 0.7 0.65],5,0.0
465,4,0,81,0,0,[0 1 0 1],[1 0 1 0],[0.95 0.8 0.7 0.65],6,0.0
466,4,0,82,1,0,[0 0 1 1],[1 1 0 0],[0.95 0.8 0.7 0.65],4,0.0
467,4,0,83,1,0,[1 0 0 0],[0 1 1 1],[0.95 0.8 0.7 0.65],2,0.0
468,4,0,84,1,0,[1 0 0 0],[0 1 1 1],[0.95 0.8 0.7 0.65],2,0.0
469,4,0,85,0,0,[0 1 1 1],[1 0 0 0],[0.95 0.8 0.7 0.65],5,0.0
470,4,0,86,1,0,[0 1 0 1],[1 0 1 0],[0.95 0.8 0.7 0.65],6,0.0
471,4,0,87,1,0,[1 0 0 0],[0 1 1 1],[0.95 0.8 0.7 0.65],2,0.0
472,4,0,88,1,0,[0 1 0 1],[1 0 1 0],[0.95 0.8 0.7 0.65],6,0.0
473,4,0,89,1,0,[1 0 1 1],[1 1 0 0],[0.95 0.8 0.7 0.65],3,0.0
474,4,0,90,1,0,[0 1 0 1],[1 0 1 0],[0.95 0.8 0.7 0.65],6,0.0
475,4,0,91,1,0,[0 1 0 1],[1 0 1 0],[0.95 0.8 0.7 0.65],6,0.0
476,4,0,92,0,0,[1 1 0 0],[1 0 1 1],[0.95 0.8 0.7 0.65],7,0.0
477,4,0,93,0,0,[1 0 0 0],[0 1 1 1],[0.95 0.8 0.7 0.65],2,0.0
478,4,0,94,1,0,[0 0 1 1],[1 1 0 0],[0.95 0.8 0.7 0.65],4,0.0
479,4,0,95,0,0,[0 1 1 1],[1 0 0 0],[0.95 0.8 0.7 0.65],5,0.0
480,5,0,0,0,0,[1 1 0 0],[0 0 1 1],[0.95 0.8 0.7 0.65],1,0.0
481,5,0,1,1,0,[1 0 0 0],[0 1 1 1],[0.95 0.8 0.7 0.65],2,0.0
482,5,0,2,1,0,[1 0 1 1],[1 1 0 0],[0.95 0.8 0.7 0.65],3,0.0
483,5,0,3,0,0,[1 1 0 0],[0 0 1 1],[0.95 0.8 0.7 0.65],1,0.0
484,5,0,4,1,0,[0 0 1 1],[1 1 0 0],[0.95 0.8 0.7 0.65],4,0.0
485,5,0,5,1,0,[0 1 1 1],[1 0 0 0],[0.95 0.8 0.7 0.65],5,0.0
486,5,0,6,1,0,[0 1 0 1],[1 0 1 0],[0.95 0.8 0.7 0.65],6,0.0
487,5,0,7,1,0,[1 1 0 0],[1 0 1 1],[0.95 0.8 0.7 0.65],7,0.0
488,5,0,8,0,0,[1 0 1 0],[0 1 0 1],[0.95 0.8 0.7 0.65],8,0.0
489,5,0,9,0,0,[1 1 0 0],[1 0 1 1],[0.95 0.8 0.7 0.65],7,0.0
490,5,0,10,0,0,[1 0 1 0],[0 1 0 1],[0.95 0.8 0.7 0.65],8,0.0
491,5,0,11,0,0,[1 1 0 0],[0 0 1 1],[0.95 0.8 0.7 0.65],1,0.0
492,5,0,12,0,0,[1 0 1 0],[0 1 0 1],[0.95 0.8 0.7 0.65],8,0.0
493,5,0,13,1,0,[1 0 1 1],[1 1 0 0],[0.95 0.8 0.7 0.65],3,0.0
494,5,0,14,0,0,[1 0 1 1],[1 1 0 0],[0.95 0.8 0.7 0.65],3,0.0
495,5,0,15,0,0,[0 1 0 1],[1 0 1 0],[0.95 0.8 0.7 0.65],6,0.0
496,5,0,16,1,0,[1 0 1 1],[1 1 0 0],[0.95 0.8 0.7 0.65],3,0.0
497,5,0,17,1,0,[0 1 0 1],[1 0 1 0],[0.95 0.8 0.7 0.65],6,0.0
498,5,0,18,1,0,[0 0 1 1],[1 1 0 0],[0.95 0.8 0.7 0.65],4,0.0
499,5,0,19,1,0,[0 0 1 1],[1 1 0 0],[0.95 0.8 0.7 0.65],4,0.0
500,5,0,20,0,0,[1 1 0 0],[0 0 1 1],[0.95 0.8 0.7 0.65],1,0.0
501,5,0,21,1,0,[1 0 1 1],[1 1 0 0],[0.95 0.8 0.7 0.65],3,0.0
502,5,0,22,1,0,[1 0 0 0],[0 1 1 1],[0.95 0.8 0.7 0.65],2,0.0
503,5,0,23,0,0,[1 0 1 1],[1 1 0 0],[0.95 0.8 0.7 0.65],3,0.0
504,5,0,24,0,0,[1 0 1 0],[0 1 0 1],[0.95 0.8 0.7 0.65],8,0.0
505,5,0,25,1,0,[0 1 0 1],[1 0 1 0],[0.95 0.8 0.7 0.65],6,0.0
506,5,0,26,0,0,[1 1 0 0],[0 0 1 1],[0.95 0.8 0.7 0.65],1,0.0
507,5,0,27,1,0,[1 0 0 0],[0 1 1 1],[0.95 0.8 0.7 0.65],2,0.0
508,5,0,28,0,0,[0 1 1 1],[1 0 0 0],[0.95 0.8 0.7 0.65],5,0.0
509,5,0,29,1,0,[1 0 0 0],[0 1 1 1],[0.95 0.8 0.7 0.65],2,0.0
510,5,0,30,0,0,[0 1 1 1],[1 0 0 0],[0.95 0.8 0.7 0.65],5,0.0
511,5,0,31,1,0,[1 0 0 0],[0 1 1 1],[0.95 0.8 0.7 0.65],2,0.0
512,5,0,32,1,0,[0 1 0 1],[1 0 1 0],[0.95 0.8 0.7 0.65],6,0.0
513,5,0,33,1,0,[0 0 1 1],[1 1 0 0],[0.95 0.8 0.7 0.65],4,0.0
514,5,0,34,0,0,[0 1 1 1],[1 0 0 0],[0.95 0.8 0.7 0.65],5,0.0
515,5,0,35,1,0,[1 0 0 0],[0 1 1 1],[0.95 0.8 0.7 0.65],2,0.0
516,5,0,36,0,0,[1 0 1 0],[0 1 0 1],[0.95 0.8 0.7 0.65],8,0.0
517,5,0,37,0,0,[1 1 0 0],[0 0 1 1],[0.95 0.8 0.7 0.65],1,0.0
518,5,0,38,0,0,[0 1 1 1],[1 0 0 0],[0.95 0.8 0.7 0.65],5,0.0
519,5,0,39,0,0,[1 0 1 0],[0 1 0 1],[0.95 0.8 0.7 0.65],8,0.0
520,5,0,40,0,0,[1 1 0 0],[0 0 1 1],[0.95 0.8 0.7 0.65],1,0.0
521,5,0,41,0,0,[0 1 1 1],[1 0 0 0],[0.95 0.8 0.7 0.65],5,0.0
522,5,0,42,1,0,[1 1 0 0],[1 0 1 1],[0.95 0.8 0.7 0.65],7,0.0
523,5,0,43,0,0,[1 0 1 1],[1 1 0 0],[0.95 0.8 0.7 0.65],3,0.0
524,5,0,44,0,0,[1 0 1 0],[0 1 0 1],[0.95 0.8 0.7 0.65],8,0.0
525,5,0,45,1,0,[0 0 1 1],[1 1 0 0],[0.95 0.8 0.7 0.65],4,0.0
526,5,0,46,0,0,[1 1 0 0],[0 0 1 1],[0.95 0.8 0.7 0.65],1,0.0
527,5,0,47,0,0,[1 0 1 1],[1 1 0 0],[0.95 0.8 0.7 0.65],3,0.0
528,5,0,48,1,0,[0 0 1 1],[1 1 0 0],[0.95 0.8 0.7 0.65],4,0.0
529,5,0,49,1,0,[1 0 0 0],[0 1 1 1],[0.95 0.8 0.7 0.65],2,0.0
530,5,0,50,1,0,[1 1 0 0],[1 0 1 1],[0.95 0.8 0.7 0.65],7,0.0
531,5,0,51,0,0,[1 0 1 1],[1 1 0 0],[0.95 0.8 0.7 0.65],3,0.0
532,5,0,52,0,0,[0 1 1 1],[1 0 0 0],[0.95 0.8 0.7 0.65],5,0.0
533,5,0,53,0,0,[1 1 0 0],[0 0 1 1],[0.95 0.8 0.7 0.65],1,0.0
534,5,0,54,1,0,[0 1 0 1],[1 0 1 0],[0.95 0.8 0.7 0.65],6,0.0
535,5,0,55,1,0,[0 0 1 1],[1 1 0 0],[0.95 0.8 0.7 0.65],4,0.0
536,5,0,56,0,0,[1 1 0 0],[1 0 1 1],[0.95 0.8 0.7 0.65],7,0.0
537,5,0,57,1,0,[1 1 0 0],[1 0 1 1],[0.95 0.8 0.7 0.65],7,0.0
538,5,0,58,0,0,[0 1 1 1],[1 0 0 0],[0.95 0.8 0.7 0.65],5,0.0
539,5,0,59,1,0,[1 1 0 0],[1 0 1 1],[0.95 0.8 0.7 0.65],7,0.0
540,5,0,60,1,0,[0 0 1 1],[1 1 0 0],[0.95 0.8 0.7 0.65],4,0.0
541,5,0,61,1,0,[1 0 0 0],[0 1 1 1],[0.95 0.8 0.7 0.65],2,0.0
542,5,0,62,0,0,[1 1 0 0],[0 0 1 1],[0.95 0.8 0.7 0.65],1,0.0
543,5,0,63,0,0,[1 0 1 1],[1 1 0 0],[0.95 0.8 0.7 0.65],3,0.0
544,5,0,64,0,0,[1 0 1 0],[0 1 0 1],[0.95 0.8 0.7 0.65],8,0.0
545,5,0,65,1,0,[1 1 0 0],[1 0 1 1],[0.95 0.8 0.7 0.65],7,0.0
546,5,0,66,1,0,[1 1 0 0],[1 0 1 1],[0.95 0.8 0.7 0.65],7,0.0
547,5,0,67,0,0,[1 0 1 0],[0 1 0 1],[0.95 0.8 0.7 0.65],8,0.0
548,5,0,68,0,0,[0 1 1 1],[1 0 0 0],[0.95 0.8 0.7 0.65],5,0.0
549,5,0,69,0,0,[1 0 1 0],[0 1 0 1],[0.95 0.8 0.7 0.65],8,0.0
550,5,0,70,1,0,[1 1 0 0],[1 0 1 1],[0.95 0.8 0.7 0.65],7,0.0
551,5,0,71,0,0,[1 0 1 1],[1 1 0 0],[0.95 0.8 0.7 0.65],3,0.0
552,5,0,72,0,0,[1 1 0 0],[0 0 1 1],[0.95 0.8 0.7 0.65],1,0.0
553,5,0,73,0,0,[1 1 0 0],[0 0 1 1],[0.95 0.8 0.7 0.65],1,0.0
554,5,0,74,0,0,[1 0 1 0],[0 1 0 1],[0.95 0.8 0.7 0.65],8,0.0
555,5,0,75,1,0,[0 0 1 1],[1 1 0 0],[0.95 0.8 0.7 0.65],4,0.0
556,5,0,76,0,0,[1 0 1 0],[0 1 0 1],[0.95 0.8 0.7 0.65],8,0.0
557,5,0,77,1,0,[0 0 1 1],[1 1 0 0],[0.95 0.8 0.7 0.65],4,0.0
558,5,0,78,1,0,[1 1 0 0],[1 0 1 1],[0.95 0.8 0.7 0.65],7,0.0
559,5,0,79,1,0,[0 1 0 1],[1 0 1 0],[0.95 0.8 0.7 0.65],6,0.0
560,5,0,80,0,0,[0 1 1 1],[1 0 0 0],[0.95 0.8 0.7 0.65],5,0.0
561,5,0,81,1,0,[0 1 0 1],[1 0 1 0],[0.95 0.8 0.7 0.65],6,0.0
562,5,0,82,1,0,[0 0 1 1],[1 1 0 0],[0.95 0.8 0.7 0.65],4,0.0
563,5,0,83,1,0,[1 0 0 0],[0 1 1 1],[0.95 0.8 0.7 0.65],2,0.0
564,5,0,84,1,0,[1 0 0 0],[0 1 1 1],[0.95 0.8 0.7 0.65],2,0.0
565,5,0,85,0,0,[0 1 1 1],[1 0 0 0],[0.95 0.8 0.7 0.65],5,0.0
566,5,0,86,1,0,[0 1 0 1],[1 0 1 0],[0.95 0.8 0.7 0.65],6,0.0
567,5,0,87,1,0,[1 0 0 0],[0 1 1 1],[0.95 0.8 0.7 0.65],2,0.0
568,5,0,88,1,0,[0 1 0 1],[1 0 1 0],[0.95 0.8 0.7 0.65],6,0.0
569,5,0,89,0,0,[1 0 1 1],[1 1 0 0],[0.95 0.8 0.7 0.65],3,0.0
570,5,0,90,1,0,[0 1 0 1],[1 0 1 0],[0.95 0.8 0.7 0.65],6,0.0
571,5,0,91,1,0,[0 1 0 1],[1 0 1 0],[0.95 0.8 0.7 0.65],6,0.0
572,5,0,92,1,0,[1 1 0 0],[1 0 1 1],[0.95 0.8 0.7 0.65],7,0.0
573,5,0,93,1,0,[1 0 0 0],[0 1 1 1],[0.95 0.8 0.7 0.65],2,0.0
574,5,0,94,1,0,[0 0 1 1],[1 1 0 0],[0.95 0.8 0.7 0.65],4,0.0
575,5,0,95,0,0,[0 1 1 1],[1 0 0 0],[0.95 0.8 0.7 0.65],5,0.0
576,6,0,0,0,0,[1 1 0 0],[0 0 1 1],[0.95 0.8 0.7 0.65],1,0.0
577,6,0,1,1,0,[1 0 0 0],[0 1 1 1],[0.95 0.8 0.7 0.65],2,0.0
578,6,0,2,0,0,[1 0 1 1],[1 1 0 0],[0.95 0.8 0.7 0.65],3,0.0
579,6,0,3,0,0,[1 1 0 0],[0 0 1 1],[0.95 0.8 0.7 0.65],1,0.0
580,6,0,4,1,0,[0 0 1 1],[1 1 0 0],[0.95 0.8 0.7 0.65],4,0.0
581,6,0,5,1,0,[0 1 1 1],[1 0 0 0],[0.95 0.8 0.7 0.65],5,0.0
582,6,0,6,0,0,[0 1 0 1],[1 0 1 0],[0.95 0.8 0.7 0.65],6,0.0
583,6,0,7,0,0,[1 1 0 0],[1 0 1 1],[0.95 0.8 0.7 0.65],7,0.0
584,6,0,8,0,0,[1 0 1 0],[0 1 0 1],[0.95 0.8 0.7 0.65],8,0.0
585,6,0,9,0,0,[1 1 0 0],[1 0 1 1],[0.95 0.8 0.7 0.65],7,0.0
586,6,0,10,0,0,[1 0 1 0],[0 1 0 1],[0.95 0.8 0.7 0.65],8,0.0
587,6,0,11,0,0,[1 1 0 0],[0 0 1 1],[0.95 0.8 0.7 0.65],1,0.0
588,6,0,12,0,0,[1 0 1 0],[0 1 0 1],[0.95 0.8 0.7 0.65],8,0.0
589,6,0,13,1,0,[1 0 1 1],[1 1 0 0],[0.95 0.8 0.7 0.65],3,0.0
590,6,0,14,1,0,[1 0 1 1],[1 1 0 0],[0.95 0.8 0.7 0.65],3,0.0
591,6,0,15,1,0,[0 1 0 1],[1 0 1 0],[0.95 0.8 0.7 0.65],6,0.0
592,6,0,16,1,0,[1 0 1 1],[1 1 0 0],[0.95 0.8 0.7 0.65],3,0.0
593,6,0,17,1,0,[0 1 0 1],[1 0 1 0],[0.95 0.8 0.7 0.65],6,0.0
594,6,0,18,1,0,[0 0 1 1],[1 1 0 0],[0.95 0.8 0.7 0.65],4,0.0
595,6,0,19,1,0,[0 0 1 1],[1 1 0 0],[0.95 0.8 0.7 0.65],4,0.0
596,6,0,20,0,0,[1 1 0 0],[0 0 1 1],[0.95 0.8 0.7 0.65],1,0.0
597,6,0,21,1,0,[1 0 1 1],[1 1 0 0],[0.95 0.8 0.7 0.65],3,0.0
598,6,0,22,1,0,[1 0 0 0],[0 1 1 1],[0.95 0.8 0.7 0.65],2,0.0
599,6,0,23,1,0,[1 0 1 1],[1 1 0 0],[0.95 0.8 0.7 0.65],3,0.0
600,6,0,24,0,0,[1 0 1 0],[0 1 0 1],[0.95 0.8 0.7 0.65],8,0.0
601,6,0,25,1,0,[0 1 0 1],[1 0 1 0],[0.95 0.8 0.7 0.65],6,0.0
602,6,0,26,0,0,[1 1 0 0],[0 0 1 1],[0.95 0.8 0.7 0.65],1,0.0
603,6,0,27,0,0,[1 0 0 0],[0 1 1 1],[0.95 0.8 0.7 0.65],2,0.0
604,6,0,28,1,0,[0 1 1 1],[1 0 0 0],[0.95 0.8 0.7 0.65],5,0.0
605,6,0,29,0,0,[1 0 0 0],[0 1 1 1],[0.95 0.8 0.7 0.65],2,0.0
606,6,0,30,1,0,[0 1 1 1],[1 0 0 0],[0.95 0.8 0.7 0.65],5,0.0
607,6,0,31,0,0,[1 0 0 0],[0 1 1 1],[0.95 0.8 0.7 0.65],2,0.0
608,6,0,32,1,0,[0 1 0 1],[1 0 1 0],[0.95 0.8 0.7 0.65],6,0.0
609,6,0,33,1,0,[0 0 1 1],[1 1 0 0],[0.95 0.8 0.7 0.65],4,0.0
610,6,0,34,1,0,[0 1 1 1],[1 0 0 0],[0.95 0.8 0.7 0.65],5,0.0
611,6,0,35,0,0,[1 0 0 0],[0 1 1 1],[0.95 0.8 0.7 0.65],2,0.0
612,6,0,36,0,0,[1 0 1 0],[0 1 0 1],[0.95 0.8 0.7 0.65],8,0.0
613,6,0,37,0,0,[1 1 0 0],[0 0 1 1],[0.95 0.8 0.7 0.65],1,0.0
614,6,0,38,1,0,[0 1 1 1],[1 0 0 0],[0.95 0.8 0.7 0.65],5,0.0
615,6,0,39,0,0,[1 0 1 0],[0 1 0 1],[0.95 0.8 0.7 0.65],8,0.0
616,6,0,40,0,0,[1 1 0 0],[0 0 1 1],[0.95 0.8 0.7 0.65],1,0.0
617,6,0,41,1,0,[0 1 1 1],[1 0 0 0],[0.95 0.8 0.7 0.65],5,0.0
618,6,0,42,1,0,[1 1 0 0],[1 0 1 1],[0.95 0.8 0.7 0.65],7,0.0
619,6,0,43,1,0,[1 0 1 1],[1 1 0 0],[0.95 0.8 0.7 0.65],3,0.0
620,6,0,44,0,0,[1 0 1 0],[0 1 0 1],[0.95 0.8 0.7 0.65],8,0.0
621,6,0,45,1,0,[0 0 1 1],[1 1 0 0],[0.95 0.8 0.7 0.65],4,0.0
622,6,0,46,0,0,[1 1 0 0],[0 0 1 1],[0.95 0.8 0.7 0.65],1,0.0
623,6,0,47,1,0,[1 0 1 1],[1 1 0 0],[0.95 0.8 0.7 0.65],3,0.0
624,6,0,48,1,0,[0 0 1 1],[1 1 0 0],[0.95 0.8 0.7 0.65],4,0.0
625,6,0,49,0,0,[1 0 0 0],[0 1 1 1],[0.95 0.8 0.7 0.65],2,0.0
626,6,0,50,0,0,[1 1 0 0],[1 0 1 1],[0.95 0.8 0.7 0.65],7,0.0
627,6,0,51,1,0,[1 0 1 1],[1 1 0 0],[0.95 0.8 0.7 0.65],3,0.0
628,6,0,52,1,0,[0 1 1 1],[1 0 0 0],[0.95 0.8 0.7 0.65],5,0.0
629,6,0,53,0,0,[1 1 0 0],[0 0 1 1],[0.95 0.8 0.7 0.65],1,0.0
630,6,0,54,1,0,[0 1 0 1],[1 0 1 0],[0.95 0.8 0.7 0.65],6,0.0
631,6,0,55,1,0,[0 0 1 1],[1 1 0 0],[0.95 0.8 0.7 0.65],4,0.0
632,6,0,56,0,0,[1 1 0 0],[1 0 1 1],[0.95 0.8 0.7 0.65],7,0.0
633,6,0,57,0,0,[1 1 0 0],[1 0 1 1],[0.95 0.8 0.7 0.65],7,0.0
634,6,0,58,0,0,[0 1 1 1],[1 0 0 0],[0.95 0.8 0.7 0.65],5,0.0
635,6,0,59,0,0,[1 1 0 0],[1 0 1 1],[0.95 0.8 0.7 0.65],7,0.0
636,6,0,60,1,0,[0 0 1 1],[1 1 0 0],[0.95 0.8 0.7 0.65],4,0.0
637,6,0,61,1,0,[1 0 0 0],[0 1 1 1],[0.95 0.8 0.7 0.65],2,0.0
638,6,0,62,0,0,[1 1 0 0],[0 0 1 1],[0.95 0.8 0.7 0.65],1,0.0
639,6,0,63,0,0,[1 0 1 1],[1 1 0 0],[0.95 0.8 0.7 0.65],3,0.0
640,6,0,64,0,0,[1 0 1 0],[0 1 0 1],[0.95 0.8 0.7 0.65],8,0.0
641,6,0,65,0,0,[1 1 0 0],[1 0 1 1],[0.95 0.8 0.7 0.65],7,0.0
642,6,0,66,1,0,[1 1 0 0],[1 0 1 1],[0.95 0.8 0.7 0.65],7,0.0
643,6,0,67,0,0,[1 0 1 0],[0 1 0 1],[0.95 0.8 0.7 0.65],8,0.0
644,6,0,68,0,0,[0 1 1 1],[1 0 0 0],[0.95 0.8 0.7 0.65],5,0.0
645,6,0,69,0,0,[1 0 1 0],[0 1 0 1],[0.95 0.8 0.7 0.65],8,0.0
646,6,0,70,1,0,[1 1 0 0],[1 0 1 1],[0.95 0.8 0.7 0.65],7,0.0
647,6,0,71,1,0,[1 0 1 1],[1 1 0 0],[0.95 0.8 0.7 0.65],3,0.0
648,6,0,72,0,0,[1 1 0 0],[0 0 1 1],[0.95 0.8 0.7 0.65],1,0.0
649,6,0,73,0,0,[1 1 0 0],[0 0 1 1],[0.95 0.8 0.7 0.65],1,0.0
650,6,0,74,0,0,[1 0 1 0],[0 1 0 1],[0.95 0.8 0.7 0.65],8,0.0
651,6,0,75,1,0,[0 0 1 1],[1 1 0 0],[0.95 0.8 0.7 0.65],4,0.0
652,6,0,76,0,0,[1 0 1 0],[0 1 0 1],[0.95 0.8 0.7 0.65],8,0.0
653,6,0,77,1,0,[0 0 1 1],[1 1 0 0],[0.95 0.8 0.7 0.65],4,0.0
654,6,0,78,0,0,[1 1 0 0],[1 0 1 1],[0.95 0.8 0.7 0.65],7,0.0
655,6,0,79,1,0,[0 1 0 1],[1 0 1 0],[0.95 0.8 0.7 0.65],6,0.0
656,6,0,80,0,0,[0 1 1 1],[1 0 0 0],[0.95 0.8 0.7 0.65],5,0.0
657,6,0,81,1,0,[0 1 0 1],[1 0 1 0],[0.95 0.8 0.7 0.65],6,0.0
658,6,0,82,1,0,[0 0 1 1],[1 1 0 0],[0.95 0.8 0.7 0.65],4,0.0
659,6,0,83,1,0,[1 0 0 0],[0 1 1 1],[0.95 0.8 0.7 0.65],2,0.0
660,6,0,84,1,0,[1 0 0 0],[0 1 1 1],[0.95 0.8 0.7 0.65],2,0.0
661,6,0,85,0,0,[0 1 1 1],[1 0 0 0],[0.95 0.8 0.7 0.65],5,0.0
662,6,0,86,1,0,[0 1 0 1],[1 0 1 0],[0.95 0.8 0.7 0.65],6,0.0
663,6,0,87,1,0,[1 0 0 0],[0 1 1 1],[0.95 0.8 0.7 0.65],2,0.0
664,6,0,88,1,0,[0 1 0 1],[1 0 1 0],[0.95 0.8 0.7 0.65],6,0.0
665,6,0,89,0,0,[1 0 1 1],[1 1 0 0],[0.95 0.8 0.7 0.65],3,0.0
666,6,0,90,1,0,[0 1 0 1],[1 0 1 0],[0.95 0.8 0.7 0.65],6,0.0
667,6,0,91,1,0,[0 1 0 1],[1 0 1 0],[0.95 0.8 0.7 0.65],6,0.0
668,6,0,92,0,0,[1 1 0 0],[1 0 1 1],[0.95 0.8 0.7 0.65],7,0.0
669,6,0,93,1,0,[1 0 0 0],[0 1 1 1],[0.95 0.8 0.7 0.65],2,0.0
670,6,0,94,1,0,[0 0 1 1],[1 1 0 0],[0.95 0.8 0.7 0.65],4,0.0
671,6,0,95,0,0,[0 1 1 1],[1 0 0 0],[0.95 0.8 0.7 0.65],5,0.0
672,7,0,0,0,0,[1 1 0 0],[0 0 1 1],[0.95 0.8 0.7 0.65],1,0.0
673,7,0,1,1,0,[1 0 0 0],[0 1 1 1],[0.95 0.8 0.7 0.65],2,0.0
674,7,0,2,0,0,[1 0 1 1],[1 1 0 0],[0.95 0.8 0.7 0.65],3,0.0
675,7,0,3,0,0,[1 1 0 0],[0 0 1 1],[0.95 0.8 0.7 0.65],1,0.0
676,7,0,4,1,0,[0 0 1 1],[1 1 0 0],[0.95 0.8 0.7 0.65],4,0.0
677,7,0,5,0,0,[0 1 1 1],[1 0 0 0],[0.95 0.8 0.7 0.65],5,0.0
678,7,0,6,1,0,[0 1 0 1],[1 0 1 0],[0.95 0.8 0.7 0.65],6,0.0
679,7,0,7,1,0,[1 1 0 0],[1 0 1 1],[0.95 0.8 0.7 0.65],7,0.0
680,7,0,8,0,0,[1 0 1 0],[0 1 0 1],[0.95 0.8 0.7 0.65],8,0.0
681,7,0,9,1,0,[1 1 0 0],[1 0 1 1],[0.95 0.8 0.7 0.65],7,0.0
682,7,0,10,0,0,[1 0 1 0],[0 1 0 1],[0.95 0.8 0.7 0.65],8,0.0
683,7,0,11,0,0,[1 1 0 0],[0 0 1 1],[0.95 0.8 0.7 0.65],1,0.0
684,7,0,12,0,0,[1 0 1 0],[0 1 0 1],[0.95 0.8 0.7 0.65],8,0.0
685,7,0,13,1,0,[1 0 1 1],[1 1 0 0],[0.95 0.8 0.7 0.65],3,0.0
686,7,0,14,1,0,[1 0 1 1],[1 1 0 0],[0.95 0.8 0.7 0.65],3,0.0
687,7,0,15,0,0,[0 1 0 1],[1 0 1 0],[0.95 0.8 0.7 0.65],6,0.0
688,7,0,16,0,0,[1 0 1 1],[1 1 0 0],[0.95 0.8 0.7 0.65],3,0.0
689,7,0,17,1,0,[0 1 0 1],[1 0 1 0],[0.95 0.8 0.7 0.65],6,0.0
690,7,0,18,1,0,[0 0 1 1],[1 1 0 0],[0.95 0.8 0.7 0.65],4,0.0
691,7,0,19,1,0,[0 0 1 1],[1 1 0 0],[0.95 0.8 0.7 0.65],4,0.0
692,7,0,20,1,0,[1 1 0 0],[0 0 1 1],[0.95 0.8 0.7 0.65],1,0.0
693,7,0,21,1,0,[1 0 1 1],[1 1 0 0],[0.95 0.8 0.7 0.65],3,0.0
694,7,0,22,1,0,[1 0 0 0],[0 1 1 1],[0.95 0.8 0.7 0.65],2,0.0
695,7,0,23,0,0,[1 0 1 1],[1 1 0 0],[0.95 0.8 0.7 0.65],3,0.0
696,7,0,24,0,0,[1 0 1 0],[0 1 0 1],[0.95 0.8 0.7 0.65],8,0.0
697,7,0,25,1,0,[0 1 0 1],[1 0 1 0],[0.95 0.8 0.7 0.65],6,0.0
698,7,0,26,0,0,[1 1 0 0],[0 0 1 1],[0.95 0.8 0.7 0.65],1,0.0
699,7,0,27,1,0,[1 0 0 0],[0 1 1 1],[0.95 0.8 0.7 0.65],2,0.0
700,7,0,28,0,0,[0 1 1 1],[1 0 0 0],[0.95 0.8 0.7 0.65],5,0.0
701,7,0,29,1,0,[1 0 0 0],[0 1 1 1],[0.95 0.8 0.7 0.65],2,0.0
702,7,0,30,0,0,[0 1 1 1],[1 0 0 0],[0.95 0.8 0.7 0.65],5,0.0
703,7,0,31,1,0,[1 0 0 0],[0 1 1 1],[0.95 0.8 0.7 0.65],2,0.0
704,7,0,32,1,0,[0 1 0 1],[1 0 1 0],[0.95 0.8 0.7 0.65],6,0.0
705,7,0,33,1,0,[0 0 1 1],[1 1 0 0],[0.95 0.8 0.7 0.65],4,0.0
706,7,0,34,0,0,[0 1 1 1],[1 0 0 0],[0.95 0.8 0.7 0.65],5,0.0
707,7,0,35,1,0,[1 0 0 0],[0 1 1 1],[0.95 0.8 0.7 0.65],2,0.0
708,7,0,36,0,0,[1 0 1 0],[0 1 0 1],[0.95 0.8 0.7 0.65],8,0.0
709,7,0,37,0,0,[1 1 0 0],[0 0 1 1],[0.95 0.8 0.7 0.65],1,0.0
710,7,0,38,0,0,[0 1 1 1],[1 0 0 0],[0.95 0.8 0.7 0.65],5,0.0
711,7,0,39,0,0,[1 0 1 0],[0 1 0 1],[0.95 0.8 0.7 0.65],8,0.0
712,7,0,40,0,0,[1 1 0 0],[0 0 1 1],[0.95 0.8 0.7 0.65],1,0.0
713,7,0,41,0,0,[0 1 1 1],[1 0 0 0],[0.95 0.8 0.7 0.65],5,0.0
714,7,0,42,1,0,[1 1 0 0],[1 0 1 1],[0.95 0.8 0.7 0.65],7,0.0
715,7,0,43,0,0,[1 0 1 1],[1 1 0 0],[0.95 0.8 0.7 0.65],3,0.0
716,7,0,44,0,0,[1 0 1 0],[0 1 0 1],[0.95 0.8 0.7 0.65],8,0.0
717,7,0,45,1,0,[0 0 1 1],[1 1 0 0],[0.95 0.8 0.7 0.65],4,0.0
718,7,0,46,0,0,[1 1 0 0],[0 0 1 1],[0.95 0.8 0.7 0.65],1,0.0
719,7,0,47,0,0,[1 0 1 1],[1 1 0 0],[0.95 0.8 0.7 0.65],3,0.0
720,7,0,48,1,0,[0 0 1 1],[1 1 0 0],[0.95 0.8 0.7 0.65],4,0.0
721,7,0,49,1,0,[1 0 0 0],[0 1 1 1],[0.95 0.8 0.7 0.65],2,0.0
722,7,0,50,1,0,[1 1 0 0],[1 0 1 1],[0.95 0.8 0.7 0.65],7,0.0
723,7,0,51,0,0,[1 0 1 1],[1 1 0 0],[0.95 0.8 0.7 0.65],3,0.0
724,7,0,52,0,0,[0 1 1 1],[1 0 0 0],[0.95 0.8 0.7 0.65],5,0.0
725,7,0,53,0,0,[1 1 0 0],[0 0 1 1],[0.95 0.8 0.7 0.65],1,0.0
726,7,0,54,1,0,[0 1 0 1],[1 0 1 0],[0.95 0.8 0.7 0.65],6,0.0
727,7,0,55,1,0,[0 0 1 1],[1 1 0 0],[0.95 0.8 0.7 0.65],4,0.0
728,7,0,56,1,0,[1 1 0 0],[1 0 1 1],[0.95 0.8 0.7 0.65],7,0.0
729,7,0,57,1,0,[1 1 0 0],[1 0 1 1],[0.95 0.8 0.7 0.65],7,0.0
730,7,0,58,0,0,[0 1 1 1],[1 0 0 0],[0.95 0.8 0.7 0.65],5,0.0
731,7,0,59,1,0,[1 1 0 0],[1 0 1 1],[0.95 0.8 0.7 0.65],7,0.0
732,7,0,60,0,0,[0 0 1 1],[1 1 0 0],[0.95 0.8 0.7 0.65],4,0.0
733,7,0,61,1,0,[1 0 0 0],[0 1 1 1],[0.95 0.8 0.7 0.65],2,0.0
734,7,0,62,0,0,[1 1 0 0],[0 0 1 1],[0.95 0.8 0.7 0.65],1,0.0
735,7,0,63,1,0,[1 0 1 1],[1 1 0 0],[0.95 0.8 0.7 0.65],3,0.0
736,7,0,64,0,0,[1 0 1 0],[0 1 0 1],[0.95 0.8 0.7 0.65],8,0.0
737,7,0,65,1,0,[1 1 0 0],[1 0 1 1],[0.95 0.8 0.7 0.65],7,0.0
738,7,0,66,1,0,[1 1 0 0],[1 0 1 1],[0.95 0.8 0.7 0.65],7,0.0
739,7,0,67,1,0,[1 0 1 0],[0 1 0 1],[0.95 0.8 0.7 0.65],8,0.0
740,7,0,68,0,0,[0 1 1 1],[1 0 0 0],[0.95 0.8 0.7 0.65],5,0.0
741,7,0,69,0,0,[1 0 1 0],[0 1 0 1],[0.95 0.8 0.7 0.65],8,0.0
742,7,0,70,1,0,[1 1 0 0],[1 0 1 1],[0.95 0.8 0.7 0.65],7,0.0
743,7,0,71,0,0,[1 0 1 1],[1 1 0 0],[0.95 0.8 0.7 0.65],3,0.0
744,7,0,72,0,0,[1 1 0 0],[0 0 1 1],[0.95 0.8 0.7 0.65],1,0.0
745,7,0,73,0,0,[1 1 0 0],[0 0 1 1],[0.95 0.8 0.7 0.65],1,0.0
746,7,0,74,0,0,[1 0 1 0],[0 1 0 1],[0.95 0.8 0.7 0.65],8,0.0
747,7,0,75,1,0,[0 0 1 1],[1 1 0 0],[0.95 0.8 0.7 0.65],4,0.0
748,7,0,76,0,0,[1 0 1 0],[0 1 0 1],[0.95 0.8 0.7 0.65],8,0.0
749,7,0,77,1,0,[0 0 1 1],[1 1 0 0],[0.95 0.8 0.7 0.65],4,0.0
750,7,0,78,1,0,[1 1 0 0],[1 0 1 1],[0.95 0.8 0.7 0.65],7,0.0
751,7,0,79,0,0,[0 1 0 1],[1 0 1 0],[0.95 0.8 0.7 0.65],6,0.0
752,7,0,80,0,0,[0 1 1 1],[1 0 0 0],[0.95 0.8 0.7 0.65],5,0.0
753,7,0,81,0,0,[0 1 0 1],[1 0 1 0],[0.95 0.8 0.7 0.65],6,0.0
754,7,0,82,1,0,[0 0 1 1],[1 1 0 0],[0.95 0.8 0.7 0.65],4,0.0
755,7,0,83,1,0,[1 0 0 0],[0 1 1 1],[0.95 0.8 0.7 0.65],2,0.0
756,7,0,84,1,0,[1 0 0 0],[0 1 1 1],[0.95 0.8 0.7 0.65],2,0.0
757,7,0,85,0,0,[0 1 1 1],[1 0 0 0],[0.95 0.8 0.7 0.65],5,0.0
758,7,0,86,1,0,[0 1 0 1],[1 0 1 0],[0.95 0.8 0.7 0.65],6,0.0
759,7,0,87,1,0,[1 0 0 0],[0 1 1 1],[0.95 0.8 0.7 0.65],2,0.0
760,7,0,88,1,0,[0 1 0 1],[1 0 1 0],[0.95 0.8 0.7 0.65],6,0.0
761,7,0,89,0,0,[1 0 1 1],[1 1 0 0],[0.95 0.8 0.7 0.65],3,0.0
762,7,0,90,1,0,[0 1 0 1],[1 0 1 0],[0.95 0.8 0.7 0.65],6,0.0
763,7,0,91,1,0,[0 1 0 1],[1 0 1 0],[0.95 0.8 0.7 0.65],6,0.0
764,7,0,92,0,0,[1 1 0 0],[1 0 1 1],[0.95 0.8 0.7 0.65],7,0.0
765,7,0,93,1,0,[1 0 0 0],[0 1 1 1],[0.95 0.8 0.7 0.65],2,0.0
766,7,0,94,1,0,[0 0 1 1],[1 1 0 0],[0.95 0.8 0.7 0.65],4,0.0
767,7,0,95,0,0,[0 1 1 1],[1 0 0 0],[0.95 0.8 0.7 0.65],5,0.0
768,8,0,0,0,0,[1 1 0 0],[0 0 1 1],[0.95 0.8 0.7 0.65],1,0.0
769,8,0,1,1,0,[1 0 0 0],[0 1 1 1],[0.95 0.8 0.7 0.65],2,0.0
770,8,0,2,1,0,[1 0 1 1],[1 1 0 0],[0.95 0.8 0.7 0.65],3,0.0
771,8,0,3,0,0,[1 1 0 0],[0 0 1 1],[0.95 0.8 0.7 0.65],1,0.0
772,8,0,4,1,0,[0 0 1 1],[1 1 0 0],[0.95 0.8 0.7 0.65],4,0.0
773,8,0,5,1,0,[0 1 1 1],[1 0 0 0],[0.95 0.8 0.7 0.65],5,0.0
774,8,0,6,1,0,[0 1 0 1],[1 0 1 0],[0.95 0.8 0.7 0.65],6,0.0
775,8,0,7,0,0,[1 1 0 0],[1 0 1 1],[0.95 0.8 0.7 0.65],7,0.0
776,8,0,8,0,0,[1 0 1 0],[0 1 0 1],[0.95 0.8 0.7 0.65],8,0.0
777,8,0,9,1,0,[1 1 0 0],[1 0 1 1],[0.95 0.8 0.7 0.65],7,0.0
778,8,0,10,0,0,[1 0 1 0],[0 1 0 1],[0.95 0.8 0.7 0.65],8,0.0
779,8,0,11,0,0,[1 1 0 0],[0 0 1 1],[0.95 0.8 0.7 0.65],1,0.0
780,8,0,12,0,0,[1 0 1 0],[0 1 0 1],[0.95 0.8 0.7 0.65],8,0.0
781,8,0,13,0,0,[1 0 1 1],[1 1 0 0],[0.95 0.8 0.7 0.65],3,0.0
782,8,0,14,0,0,[1 0 1 1],[1 1 0 0],[0.95 0.8 0.7 0.65],3,0.0
783,8,0,15,1,0,[0 1 0 1],[1 0 1 0],[0.95 0.8 0.7 0.65],6,0.0
784,8,0,16,1,0,[1 0 1 1],[1 1 0 0],[0.95 0.8 0.7 0.65],3,0.0
785,8,0,17,1,0,[0 1 0 1],[1 0 1 0],[0.95 0.8 0.7 0.65],6,0.0
786,8,0,18,1,0,[0 0 1 1],[1 1 0 0],[0.95 0.8 0.7 0.65],4,0.0
787,8,0,19,1,0,[0 0 1 1],[1 1 0 0],[0.95 0.8 0.7 0.65],4,0.0
788,8,0,20,0,0,[1 1 0 0],[0 0 1 1],[0.95 0.8 0.7 0.65],1,0.0
789,8,0,21,0,0,[1 0 1 1],[1 1 0 0],[0.95 0.8 0.7 0.65],3,0.0
790,8,0,22,1,0,[1 0 0 0],[0 1 1 1],[0.95 0.8 0.7 0.65],2,0.0
791,8,0,23,0,0,[1 0 1 1],[1 1 0 0],[0.95 0.8 0.7 0.65],3,0.0
792,8,0,24,0,0,[1 0 1 0],[0 1 0 1],[0.95 0.8 0.7 0.65],8,0.0
793,8,0,25,1,0,[0 1 0 1],[1 0 1 0],[0.95 0.8 0.7 0.65],6,0.0
794,8,0,26,0,0,[1 1 0 0],[0 0 1 1],[0.95 0.8 0.7 0.65],1,0.0
795,8,0,27,1,0,[1 0 0 0],[0 1 1 1],[0.95 0.8 0.7 0.65],2,0.0
796,8,0,28,0,0,[0 1 1 1],[1 0 0 0],[0.95 0.8 0.7 0.65],5,0.0
797,8,0,29,1,0,[1 0 0 0],[0 1 1 1],[0.95 0.8 0.7 0.65],2,0.0
798,8,0,30,0,0,[0 1 1 1],[1 0 0 0],[0.95 0.8 0.7 0.65],5,0.0
799,8,0,31,1,0,[1 0 0 0],[0 1 1 1],[0.95 0.8 0.7 0.65],2,0.0
800,8,0,32,1,0,[0 1 0 1],[1 0 1 0],[0.95 0.8 0.7 0.65],6,0.0
801,8,0,33,1,0,[0 0 1 1],[1 1 0 0],[0.95 0.8 0.7 0.65],4,0.0
802,8,0,34,0,0,[0 1 1 1],[1 0 0 0],[0.95 0.8 0.7 0.65],5,0.0
803,8,0,35,1,0,[1 0 0 0],[0 1 1 1],[0.95 0.8 0.7 0.65],2,0.0
804,8,0,36,0,0,[1 0 1 0],[0 1 0 1],[0.95 0.8 0.7 0.65],8,0.0
805,8,0,37,0,0,[1 1 0 0],[0 0 1 1],[0.95 0.8 0.7 0.65],1,0.0
806,8,0,38,1,0,[0 1 1 1],[1 0 0 0],[0.95 0.8 0.7 0.65],5,0.0
807,8,0,39,0,0,[1 0 1 0],[0 1 0 1],[0.95 0.8 0.7 0.65],8,0.0
808,8,0,40,0,0,[1 1 0 0],[0 0 1 1],[0.95 0.8 0.7 0.65],1,0.0
809,8,0,41,1,0,[0 1 1 1],[1 0 0 0],[0.95 0.8 0.7 0.65],5,0.0
810,8,0,42,1,0,[1 1 0 0],[1 0 1 1],[0.95 0.8 0.7 0.65],7,0.0
811,8,0,43,1,0,[1 0 1 1],[1 1 0 0],[0.95 0.8 0.7 0.65],3,0.0
812,8,0,44,0,0,[1 0 1 0],[0 1 0 1],[0.95 0.8 0.7 0.65],8,0.0
813,8,0,45,1,0,[0 0 1 1],[1 1 0 0],[0.95 0.8 0.7 0.65],4,0.0
814,8,0,46,0,0,[1 1 0 0],[0 0 1 1],[0.95 0.8 0.7 0.65],1,0.0
815,8,0,47,1,0,[1 0 1 1],[1 1 0 0],[0.95 0.8 0.7 0.65],3,0.0
816,8,0,48,1,0,[0 0 1 1],[1 1 0 0],[0.95 0.8 0.7 0.65],4,0.0
817,8,0,49,1,0,[1 0 0 0],[0 1 1 1],[0.95 0.8 0.7 0.65],2,0.0
818,8,0,50,0,0,[1 1 0 0],[1 0 1 1],[0.95 0.8 0.7 0.65],7,0.0
819,8,0,51,1,0,[1 0 1 1],[1 1 0 0],[0.95 0.8 0.7 0.65],3,0.0
820,8,0,52,1,0,[0 1 1 1],[1 0 0 0],[0.95 0.8 0.7 0.65],5,0.0
821,8,0,53,0,0,[1 1 0 0],[0 0 1 1],[0.95 0.8 0.7 0.65],1,0.0
822,8,0,54,1,0,[0 1 0 1],[1 0 1 0],[0.95 0.8 0.7 0.65],6,0.0
823,8,0,55,1,0,[0 0 1 1],[1 1 0 0],[0.95 0.8 0.7 0.65],4,0.0
824,8,0,56,1,0,[1 1 0 0],[1 0 1 1],[0.95 0.8 0.7 0.65],7,0.0
825,8,0,57,1,0,[1 1 0 0],[1 0 1 1],[0.95 0.8 0.7 0.65],7,0.0
826,8,0,58,0,0,[0 1 1 1],[1 0 0 0],[0.95 0.8 0.7 0.65],5,0.0
827,8,0,59,0,0,[1 1 0 0],[1 0 1 1],[0.95 0.8 0.7 0.65],7,0.0
828,8,0,60,1,0,[0 0 1 1],[1 1 0 0],[0.95 0.8 0.7 0.65],4,0.0
829,8,0,61,0,0,[1 0 0 0],[0 1 1 1],[0.95 0.8 0.7 0.65],2,0.0
830,8,0,62,0,0,[1 1 0 0],[0 0 1 1],[0.95 0.8 0.7 0.65],1,0.0
831,8,0,63,0,0,[1 0 1 1],[1 1 0 0],[0.95 0.8 0.7 0.65],3,0.0
832,8,0,64,0,0,[1 0 1 0],[0 1 0 1],[0.95 0.8 0.7 0.65],8,0.0
833,8,0,65,1,0,[1 1 0 0],[1 0 1 1],[0.95 0.8 0.7 0.65],7,0.0
834,8,0,66,0,0,[1 1 0 0],[1 0 1 1],[0.95 0.8 0.7 0.65],7,0.0
835,8,0,67,0,0,[1 0 1 0],[0 1 0 1],[0.95 0.8 0.7 0.65],8,0.0
836,8,0,68,0,0,[0 1 1 1],[1 0 0 0],[0.95 0.8 0.7 0.65],5,0.0
837,8,0,69,1,0,[1 0 1 0],[0 1 0 1],[0.95 0.8 0.7 0.65],8,0.0
838,8,0,70,0,0,[1 1 0 0],[1 0 1 1],[0.95 0.8 0.7 0.65],7,0.0
839,8,0,71,1,0,[1 0 1 1],[1 1 0 0],[0.95 0.8 0.7 0.65],3,0.0
840,8,0,72,0,0,[1 1 0 0],[0 0 1 1],[0.95 0.8 0.7 0.65],1,0.0
841,8,0,73,0,0,[1 1 0 0],[0 0 1 1],[0.95 0.8 0.7 0.65],1,0.0
842,8,0,74,0,0,[1 0 1 0],[0 1 0 1],[0.95 0.8 0.7 0.65],8,0.0
843,8,0,75,1,0,[0 0 1 1],[1 1 0 0],[0.95 0.8 0.7 0.65],4,0.0
844,8,0,76,0,0,[1 0 1 0],[0 1 0 1],[0.95 0.8 0.7 0.65],8,0.0
845,8,0,77,1,0,[0 0 1 1],[1 1 0 0],[0.95 0.8 0.7 0.65],4,0.0
846,8,0,78,0,0,[1 1 0 0],[1 0 1 1],[0.95 0.8 0.7 0.65],7,0.0
847,8,0,79,1,0,[0 1 0 1],[1 0 1 0],[0.95 0.8 0.7 0.65],6,0.0
848,8,0,80,0,0,[0 1 1 1],[1 0 0 0],[0.95 0.8 0.7 0.65],5,0.0
849,8,0,81,1,0,[0 1 0 1],[1 0 1 0],[0.95 0.8 0.7 0.65],6,0.0
850,8,0,82,1,0,[0 0 1 1],[1 1 0 0],[0.95 0.8 0.7 0.65],4,0.0
851,8,0,83,0,0,[1 0 0 0],[0 1 1 1],[0.95 0.8 0.7 0.65],2,0.0
852,8,0,84,0,0,[1 0 0 0],[0 1 1 1],[0.95 0.8 0.7 0.65],2,0.0
853,8,0,85,0,0,[0 1 1 1],[1 0 0 0],[0.95 0.8 0.7 0.65],5,0.0
854,8,0,86,1,0,[0 1 0 1],[1 0 1 0],[0.95 0.8 0.7 0.65],6,0.0
855,8,0,87,1,0,[1 0 0 0],[0 1 1 1],[0.95 0.8 0.7 0.65],2,0.0
856,8,0,88,1,0,[0 1 0 1],[1 0 1 0],[0.95 0.8 0.7 0.65],6,0.0
857,8,0,89,1,0,[1 0 1 1],[1 1 0 0],[0.95 0.8 0.7 0.65],3,0.0
858,8,0,90,1,0,[0 1 0 1],[1 0 1 0],[0.95 0.8 0.7 0.65],6,0.0
859,8,0,91,1,0,[0 1 0 1],[1 0 1 0],[0.95 0.8 0.7 0.65],6,0.0
860,8,0,92,0,0,[1 1 0 0],[1 0 1 1],[0.95 0.8 0.7 0.65],7,0.0
861,8,0,93,1,0,[1 0 0 0],[0 1 1 1],[0.95 0.8 0.7 0.65],2,0.0
862,8,0,94,1,0,[0 0 1 1],[1 1 0 0],[0.95 0.8 0.7 0.65],4,0.0
863,8,0,95,1,0,[0 1 1 1],[1 0 0 0],[0.95 0.8 0.7 0.65],5,0.0
864,9,0,0,0,0,[1 1 0 0],[0 0 1 1],[0.95 0.8 0.7 0.65],1,0.0
865,9,0,1,1,0,[1 0 0 0],[0 1 1 1],[0.95 0.8 0.7 0.65],2,0.0
866,9,0,2,0,0,[1 0 1 1],[1 1 0 0],[0.95 0.8 0.7 0.65],3,0.0
867,9,0,3,0,0,[1 1 0 0],[0 0 1 1],[0.95 0.8 0.7 0.65],1,0.0
868,9,0,4,1,0,[0 0 1 1],[1 1 0 0],[0.95 0.8 0.7 0.65],4,0.0
869,9,0,5,0,0,[0 1 1 1],[1 0 0 0],[0.95 0.8 0.7 0.65],5,0.0
870,9,0,6,1,0,[0 1 0 1],[1 0 1 0],[0.95 0.8 0.7 0.65],6,0.0
871,9,0,7,0,0,[1 1 0 0],[1 0 1 1],[0.95 0.8 0.7 0.65],7,0.0
872,9,0,8,0,0,[1 0 1 0],[0 1 0 1],[0.95 0.8 0.7 0.65],8,0.0
873,9,0,9,1,0,[1 1 0 0],[1 0 1 1],[0.95 0.8 0.7 0.65],7,0.0
874,9,0,10,0,0,[1 0 1 0],[0 1 0 1],[0.95 0.8 0.7 0.65],8,0.0
875,9,0,11,0,0,[1 1 0 0],[0 0 1 1],[0.95 0.8 0.7 0.65],1,0.0
876,9,0,12,0,0,[1 0 1 0],[0 1 0 1],[0.95 0.8 0.7 0.65],8,0.0
877,9,0,13,0,0,[1 0 1 1],[1 1 0 0],[0.95 0.8 0.7 0.65],3,0.0
878,9,0,14,0,0,[1 0 1 1],[1 1 0 0],[0.95 0.8 0.7 0.65],3,0.0
879,9,0,15,1,0,[0 1 0 1],[1 0 1 0],[0.95 0.8 0.7 0.65],6,0.0
880,9,0,16,0,0,[1 0 1 1],[1 1 0 0],[0.95 0.8 0.7 0.65],3,0.0
881,9,0,17,1,0,[0 1 0 1],[1 0 1 0],[0.95 0.8 0.7 0.65],6,0.0
882,9,0,18,1,0,[0 0 1 1],[1 1 0 0],[0.95 0.8 0.7 0.65],4,0.0
883,9,0,19,1,0,[0 0 1 1],[1 1 0 0],[0.95 0.8 0.7 0.65],4,0.0
884,9,0,20,0,0,[1 1 0 0],[0 0 1 1],[0.95 0.8 0.7 0.65],1,0.0
885,9,0,21,0,0,[1 0 1 1],[1 1 0 0],[0.95 0.8 0.7 0.65],3,0.0
886,9,0,22,1,0,[1 0 0 0],[0 1 1 1],[0.95 0.8 0.7 0.65],2,0.0
887,9,0,23,0,0,[1 0 1 1],[1 1 0 0],[0.95 0.8 0.7 0.65],3,0.0
888,9,0,24,0,0,[1 0 1 0],[0 1 0 1],[0.95 0.8 0.7 0.65],8,0.0
889,9,0,25,1,0,[0 1 0 1],[1 0 1 0],[0.95 0.8 0.7 0.65],6,0.0
890,9,0,26,0,0,[1 1 0 0],[0 0 1 1],[0.95 0.8 0.7 0.65],1,0.0
891,9,0,27,1,0,[1 0 0 0],[0 1 1 1],[0.95 0.8 0.7 0.65],2,0.0
892,9,0,28,0,0,[0 1 1 1],[1 0 0 0],[0.95 0.8 0.7 0.65],5,0.0
893,9,0,29,1,0,[1 0 0 0],[0 1 1 1],[0.95 0.8 0.7 0.65],2,0.0
894,9,0,30,0,0,[0 1 1 1],[1 0 0 0],[0.95 0.8 0.7 0.65],5,0.0
895,9,0,31,1,0,[1 0 0 0],[0 1 1 1],[0.95 0.8 0.7 0.65],2,0.0
896,9,0,32,1,0,[0 1 0 1],[1 0 1 0],[0.95 0.8 0.7 0.65],6,0.0
897,9,0,33,1,0,[0 0 1 1],[1 1 0 0],[0.95 0.8 0.7 0.65],4,0.0
898,9,0,34,0,0,[0 1 1 1],[1 0 0 0],[0.95 0.8 0.7 0.65],5,0.0
899,9,0,35,1,0,[1 0 0 0],[0 1 1 1],[0.95 0.8 0.7 0.65],2,0.0
900,9,0,36,0,0,[1 0 1 0],[0 1 0 1],[0.95 0.8 0.7 0.65],8,0.0
901,9,0,37,0,0,[1 1 0 0],[0 0 1 1],[0.95 0.8 0.7 0.65],1,0.0
902,9,0,38,0,0,[0 1 1 1],[1 0 0 0],[0.95 0.8 0.7 0.65],5,0.0
903,9,0,39,0,0,[1 0 1 0],[0 1 0 1],[0.95 0.8 0.7 0.65],8,0.0
904,9,0,40,0,0,[1 1 0 0],[0 0 1 1],[0.95 0.8 0.7 0.65],1,0.0
905,9,0,41,1,0,[0 1 1 1],[1 0 0 0],[0.95 0.8 0.7 0.65],5,0.0
906,9,0,42,1,0,[1 1 0 0],[1 0 1 1],[0.95 0.8 0.7 0.65],7,0.0
907,9,0,43,1,0,[1 0 1 1],[1 1 0 0],[0.95 0.8 0.7 0.65],3,0.0
908,9,0,44,0,0,[1 0 1 0],[0 1 0 1],[0.95 0.8 0.7 0.65],8,0.0
909,9,0,45,1,0,[0 0 1 1],[1 1 0 0],[0.95 0.8 0.7 0.65],4,0.0
910,9,0,46,0,0,[1 1 0 0],[0 0 1 1],[0.95 0.8 0.7 0.65],1,0.0
911,9,0,47,0,0,[1 0 1 1],[1 1 0 0],[0.95 0.8 0.7 0.65],3,0.0
912,9,0,48,1,0,[0 0 1 1],[1 1 0 0],[0.95 0.8 0.7 0.65],4,0.0
913,9,0,49,1,0,[1 0 0 0],[0 1 1 1],[0.95 0.8 0.7 0.65],2,0.0
914,9,0,50,0,0,[1 1 0 0],[1 0 1 1],[0.95 0.8 0.7 0.65],7,0.0
915,9,0,51,1,0,[1 0 1 1],[1 1 0 0],[0.95 0.8 0.7 0.65],3,0.0
916,9,0,52,0,0,[0 1 1 1],[1 0 0 0],[0.95 0.8 0.7 0.65],5,0.0
917,9,0,53,0,0,[1 1 0 0],[0 0 1 1],[0.95 0.8 0.7 0.65],1,0.0
918,9,0,54,1,0,[0 1 0 1],[1 0 1 0],[0.95 0.8 0.7 0.65],6,0.0
919,9,0,55,1,0,[0 0 1 1],[1 1 0 0],[0.95 0.8 0.7 0.65],4,0.0
920,9,0,56,1,0,[1 1 0 0],[1 0 1 1],[0.95 0.8 0.7 0.65],7,0.0
921,9,0,57,1,0,[1 1 0 0],[1 0 1 1],[0.95 0.8 0.7 0.65],7,0.0
922,9,0,58,0,0,[0 1 1 1],[1 0 0 0],[0.95 0.8 0.7 0.65],5,0.0
923,9,0,59,1,0,[1 1 0 0],[1 0 1 1],[0.95 0.8 0.7 0.65],7,0.0
924,9,0,60,1,0,[0 0 1 1],[1 1 0 0],[0.95 0.8 0.7 0.65],4,0.0
925,9,0,61,1,0,[1 0 0 0],[0 1 1 1],[0.95 0.8 0.7 0.65],2,0.0
926,9,0,62,0,0,[1 1 0 0],[0 0 1 1],[0.95 0.8 0.7 0.65],1,0.0
927,9,0,63,0,0,[1 0 1 1],[1 1 0 0],[0.95 0.8 0.7 0.65],3,0.0
928,9,0,64,0,0,[1 0 1 0],[0 1 0 1],[0.95 0.8 0.7 0.65],8,0.0
929,9,0,65,1,0,[1 1 0 0],[1 0 1 1],[0.95 0.8 0.7 0.65],7,0.0
930,9,0,66,1,0,[1 1 0 0],[1 0 1 1],[0.95 0.8 0.7 0.65],7,0.0
931,9,0,67,0,0,[1 0 1 0],[0 1 0 1],[0.95 0.8 0.7 0.65],8,0.0
932,9,0,68,0,0,[0 1 1 1],[1 0 0 0],[0.95 0.8 0.7 0.65],5,0.0
933,9,0,69,0,0,[1 0 1 0],[0 1 0 1],[0.95 0.8 0.7 0.65],8,0.0
934,9,0,70,1,0,[1 1 0 0],[1 0 1 1],[0.95 0.8 0.7 0.65],7,0.0
935,9,0,71,0,0,[1 0 1 1],[1 1 0 0],[0.95 0.8 0.7 0.65],3,0.0
936,9,0,72,0,0,[1 1 0 0],[0 0 1 1],[0.95 0.8 0.7 0.65],1,0.0
937,9,0,73,0,0,[1 1 0 0],[0 0 1 1],[0.95 0.8 0.7 0.65],1,0.0
938,9,0,74,0,0,[1 0 1 0],[0 1 0 1],[0.95 0.8 0.7 0.65],8,0.0
939,9,0,75,1,0,[0 0 1 1],[1 1 0 0],[0.95 0.8 0.7 0.65],4,0.0
940,9,0,76,0,0,[1 0 1 0],[0 1 0 1],[0.95 0.8 0.7 0.65],8,0.0
941,9,0,77,1,0,[0 0 1 1],[1 1 0 0],[0.95 0.8 0.7 0.65],4,0.0
942,9,0,78,1,0,[1 1 0 0],[1 0 1 1],[0.95 0.8 0.7 0.65],7,0.0
943,9,0,79,1,0,[0 1 0 1],[1 0 1 0],[0.95 0.8 0.7 0.65],6,0.0
944,9,0,80,0,0,[0 1 1 1],[1 0 0 0],[0.95 0.8 0.7 0.65],5,0.0
945,9,0,81,1,0,[0 1 0 1],[1 0 1 0],[0.95 0.8 0.7 0.65],6,0.0
946,9,0,82,1,0,[0 0 1 1],[1 1 0 0],[0.95 0.8 0.7 0.65],4,0.0
947,9,0,83,1,0,[1 0 0 0],[0 1 1 1],[0.95 0.8 0.7 0.65],2,0.0
948,9,0,84,1,0,[1 0 0 0],[0 1 1 1],[0.95 0.8 0.7 0.65],2,0.0
949,9,0,85,0,0,[0 1 1 1],[1 0 0 0],[0.95 0.8 0.7 0.65],5,0.0
950,9,0,86,1,0,[0 1 0 1],[1 0 1 0],[0.95 0.8 0.7 0.65],6,0.0
951,9,0,87,1,0,[1 0 0 0],[0 1 1 1],[0.95 0.8 0.7 0.65],2,0.0
952,9,0,88,1,0,[0 1 0 1],[1 0 1 0],[0.95 0.8 0.7 0.65],6,0.0
953,9,0,89,0,0,[1 0 1 1],[1 1 0 0],[0.95 0.8 0.7 0.65],3,0.0
954,9,0,90,1,0,[0 1 0 1],[1 0 1 0],[0.95 0.8 0.7 0.65],6,0.0
955,9,0,91,1,0,[0 1 0 1],[1 0 1 0],[0.95 0.8 0.7 0.65],6,0.0
956,9,0,92,1,0,[1 1 0 0],[1 0 1 1],[0.95 0.8 0.7 0.65],7,0.0
957,9,0,93,1,0,[1 0 0 0],[0 1 1 1],[0.95 0.8 0.7 0.65],2,0.0
958,9,0,94,1,0,[0 0 1 1],[1 1 0 0],[0.95 0.8 0.7 0.65],4,0.0
959,9,0,95,0,0,[0 1 1 1],[1 0 0 0],[0.95 0.8 0.7 0.65],5,0.0
960,10,0,0,0,0,[1 1 0 0],[0 0 1 1],[0.95 0.8 0.7 0.65],1,0.0
961,10,0,1,1,0,[1 0 0 0],[0 1 1 1],[0.95 0.8 0.7 0.65],2,0.0
962,10,0,2,1,0,[1 0 1 1],[1 1 0 0],[0.95 0.8 0.7 0.65],3,0.0
963,10,0,3,1,0,[1 1 0 0],[0 0 1 1],[0.95 0.8 0.7 0.65],1,0.0
964,10,0,4,0,0,[0 0 1 1],[1 1 0 0],[0.95 0.8 0.7 0.65],4,0.0
965,10,0,5,1,0,[0 1 1 1],[1 0 0 0],[0.95 0.8 0.7 0.65],5,0.0
966,10,0,6,1,0,[0 1 0 1],[1 0 1 0],[0.95 0.8 0.7 0.65],6,0.0
967,10,0,7,1,0,[1 1 0 0],[1 0 1 1],[0.95 0.8 0.7 0.65],7,0.0
968,10,0,8,0,0,[1 0 1 0],[0 1 0 1],[0.95 0.8 0.7 0.65],8,0.0
969,10,0,9,0,0,[1 1 0 0],[1 0 1 1],[0.95 0.8 0.7 0.65],7,0.0
970,10,0,10,1,0,[1 0 1 0],[0 1 0 1],[0.95 0.8 0.7 0.65],8,0.0
971,10,0,11,1,0,[1 1 0 0],[0 0 1 1],[0.95 0.8 0.7 0.65],1,0.0
972,10,0,12,1,0,[1 0 1 0],[0 1 0 1],[0.95 0.8 0.7 0.65],8,0.0
973,10,0,13,1,0,[1 0 1 1],[1 1 0 0],[0.95 0.8 0.7 0.65],3,0.0
974,10,0,14,1,0,[1 0 1 1],[1 1 0 0],[0.95 0.8 0.7 0.65],3,0.0
975,10,0,15,1,0,[0 1 0 1],[1 0 1 0],[0.95 0.8 0.7 0.65],6,0.0
976,10,0,16,1,0,[1 0 1 1],[1 1 0 0],[0.95 0.8 0.7 0.65],3,0.0
977,10,0,17,1,0,[0 1 0 1],[1 0 1 0],[0.95 0.8 0.7 0.65],6,0.0
978,10,0,18,0,0,[0 0 1 1],[1 1 0 0],[0.95 0.8 0.7 0.65],4,0.0
979,10,0,19,0,0,[0 0 1 1],[1 1 0 0],[0.95 0.8 0.7 0.65],4,0.0
980,10,0,20,0,0,[1 1 0 0],[0 0 1 1],[0.95 0.8 0.7 0.65],1,0.0
981,10,0,21,1,0,[1 0 1 1],[1 1 0 0],[0.95 0.8 0.7 0.65],3,0.0
982,10,0,22,0,0,[1 0 0 0],[0 1 1 1],[0.95 0.8 0.7 0.65],2,0.0
983,10,0,23,1,0,[1 0 1 1],[1 1 0 0],[0.95 0.8 0.7 0.65],3,0.0
984,10,0,24,1,0,[1 0 1 0],[0 1 0 1],[0.95 0.8 0.7 0.65],8,0.0
985,10,0,25,1,0,[0 1 0 1],[1 0 1 0],[0.95 0.8 0.7 0.65],6,0.0
986,10,0,26,0,0,[1 1 0 0],[0 0 1 1],[0.95 0.8 0.7 0.65],1,0.0
987,10,0,27,0,0,[1 0 0 0],[0 1 1 1],[0.95 0.8 0.7 0.65],2,0.0
988,10,0,28,1,0,[0 1 1 1],[1 0 0 0],[0.95 0.8 0.7 0.65],5,0.0
989,10,0,29,0,0,[1 0 0 0],[0 1 1 1],[0.95 0.8 0.7 0.65],2,0.0
990,10,0,30,1,0,[0 1 1 1],[1 0 0 0],[0.95 0.8 0.7 0.65],5,0.0
991,10,0,31,1,0,[1 0 0 0],[0 1 1 1],[0.95 0.8 0.7 0.65],2,0.0
992,10,0,32,1,0,[0 1 0 1],[1 0 1 0],[0.95 0.8 0.7 0.65],6,0.0
993,10,0,33,1,0,[0 0 1 1],[1 1 0 0],[0.95 0.8 0.7 0.65],4,0.0
994,10,0,34,0,0,[0 1 1 1],[1 0 0 0],[0.95 0.8 0.7 0.65],5,0.0
995,10,0,35,0,0,[1 0 0 0],[0 1 1 1],[0.95 0.8 0.7 0.65],2,0.0
996,10,0,36,1,0,[1 0 1 0],[0 1 0 1],[0.95 0.8 0.7 0.65],8,0.0
997,10,0,37,1,0,[1 1 0 0],[0 0 1 1],[0.95 0.8 0.7 0.65],1,0.0
998,10,0,38,0,0,[0 1 1 1],[1 0 0 0],[0.95 0.8 0.7 0.65],5,0.0
999,10,0,39,0,0,[1 0 1 0],[0 1 0 1],[0.95 0.8 0.7 0.65],8,0.0
1000,10,0,40,0,0,[1 1 0 0],[0 0 1 1],[0.95 0.8 0.7 0.65],1,0.0
1001,10,0,41,0,0,[0 1 1 1],[1 0 0 0],[0.95 0.8 0.7 0.65],5,0.0
1002,10,0,42,0,0,[1 1 0 0],[1 0 1 1],[0.95 0.8 0.7 0.65],7,0.0
1003,10,0,43,1,0,[1 0 1 1],[1 1 0 0],[0.95 0.8 0.7 0.65],3,0.0
1004,10,0,44,0,0,[1 0 1 0],[0 1 0 1],[0.95 0.8 0.7 0.65],8,0.0
1005,10,0,45,0,0,[0 0 1 1],[1 1 0 0],[0.95 0.8 0.7 0.65],4,0.0
1006,10,0,46,0,0,[1 1 0 0],[0 0 1 1],[0.95 0.8 0.7 0.65],1,0.0
1007,10,0,47,1,0,[1 0 1 1],[1 1 0 0],[0.95 0.8 0.7 0.65],3,0.0
1008,10,0,48,0,0,[0 0 1 1],[1 1 0 0],[0.95 0.8 0.7 0.65],4,0.0
1009,10,0,49,1,0,[1 0 0 0],[0 1 1 1],[0.95 0.8 0.7 0.65],2,0.0
1010,10,0,50,1,0,[1 1 0 0],[1 0 1 1],[0.95 0.8 0.7 0.65],7,0.0
1011,10,0,51,0,0,[1 0 1 1],[1 1 0 0],[0.95 0.8 0.7 0.65],3,0.0
1012,10,0,52,1,0,[0 1 1 1],[1 0 0 0],[0.95 0.8 0.7 0.65],5,0.0
1013,10,0,53,0,0,[1 1 0 0],[0 0 1 1],[0.95 0.8 0.7 0.65],1,0.0
1014,10,0,54,1,0,[0 1 0 1],[1 0 1 0],[0.95 0.8 0.7 0.65],6,0.0
1015,10,0,55,1,0,[0 0 1 1],[1 1 0 0],[0.95 0.8 0.7 0.65],4,0.0
1016,10,0,56,1,0,[1 1 0 0],[1 0 1 1],[0.95 0.8 0.7 0.65],7,0.0
1017,10,0,57,1,0,[1 1 0 0],[1 0 1 1],[0.95 0.8 0.7 0.65],7,0.0
1018,10,0,58,0,0,[0 1 1 1],[1 0 0 0],[0.95 0.8 0.7 0.65],5,0.0
1019,10,0,59,1,0,[1 1 0 0],[1 0 1 1],[0.95 0.8 0.7 0.65],7,0.0
1020,10,0,60,1,0,[0 0 1 1],[1 1 0 0],[0.95 0.8 0.7 0.65],4,0.0
1021,10,0,61,0,0,[1 0 0 0],[0 1 1 1],[0.95 0.8 0.7 0.65],2,0.0
1022,10,0,62,1,0,[1 1 0 0],[0 0 1 1],[0.95 0.8 0.7 0.65],1,0.0
1023,10,0,63,1,0,[1 0 1 1],[1 1 0 0],[0.95 0.8 0.7 0.65],3,0.0
1024,10,0,64,1,0,[1 0 1 0],[0 1 0 1],[0.95 0.8 0.7 0.65],8,0.0
1025,10,0,65,0,0,[1 1 0 0],[1 0 1 1],[0.95 0.8 0.7 0.65],7,0.0
1026,10,0,66,1,0,[1 1 0 0],[1 0 1 1],[0.95 0.8 0.7 0.65],7,0.0
1027,10,0,67,0,0,[1 0 1 0],[0 1 0 1],[0.95 0.8 0.7 0.65],8,0.0
1028,10,0,68,0,0,[0 1 1 1],[1 0 0 0],[0.95 0.8 0.7 0.65],5,0.0
1029,10,0,69,0,0,[1 0 1 0],[0 1 0 1],[0.95 0.8 0.7 0.65],8,0.0
1030,10,0,70,0,0,[1 1 0 0],[1 0 1 1],[0.95 0.8 0.7 0.65],7,0.0
1031,10,0,71,0,0,[1 0 1 1],[1 1 0 0],[0.95 0.8 0.7 0.65],3,0.0
1032,10,0,72,0,0,[1 1 0 0],[0 0 1 1],[0.95 0.8 0.7 0.65],1,0.0
1033,10,0,73,1,0,[1 1 0 0],[0 0 1 1],[0.95 0.8 0.7 0.65],1,0.0
1034,10,0,74,1,0,[1 0 1 0],[0 1 0 1],[0.95 0.8 0.7 0.65],8,0.0
1035,10,0,75,1,0,[0 0 1 1],[1 1 0 0],[0.95 0.8 0.7 0.65],4,0.0
1036,10,0,76,1,0,[1 0 1 0],[0 1 0 1],[0.95 0.8 0.7 0.65],8,0.0
1037,10,0,77,0,0,[0 0 1 1],[1 1 0 0],[0.95 0.8 0.7 0.65],4,0.0
1038,10,0,78,1,0,[1 1 0 0],[1 0 1 1],[0.95 0.8 0.7 0.65],7,0.0
1039,10,0,79,1,0,[0 1 0 1],[1 0 1 0],[0.95 0.8 0.7 0.65],6,0.0
1040,10,0,80,1,0,[0 1 1 1],[1 0 0 0],[0.95 0.8 0.7 0.65],5,0.0
1041,10,0,81,1,0,[0 1 0 1],[1 0 1 0],[0.95 0.8 0.7 0.65],6,0.0
1042,10,0,82,0,0,[0 0 1 1],[1 1 0 0],[0.95 0.8 0.7 0.65],4,0.0
1043,10,0,83,1,0,[1 0 0 0],[0 1 1 1],[0.95 0.8 0.7 0.65],2,0.0
1044,10,0,84,1,0,[1 0 0 0],[0 1 1 1],[0.95 0.8 0.7 0.65],2,0.0
1045,10,0,85,0,0,[0 1 1 1],[1 0 0 0],[0.95 0.8 0.7 0.65],5,0.0
1046,10,0,86,0,0,[0 1 0 1],[1 0 1 0],[0.95 0.8 0.7 0.65],6,0.0
1047,10,0,87,1,0,[1 0 0 0],[0 1 1 1],[0.95 0.8 0.7 0.65],2,0.0
1048,10,0,88,0,0,[0 1 0 1],[1 0 1 0],[0.95 0.8 0.7 0.65],6,0.0
1049,10,0,89,0,0,[1 0 1 1],[1 1 0 0],[0.95 0.8 0.7 0.65],3,0.0
1050,10,0,90,0,0,[0 1 0 1],[1 0 1 0],[0.95 0.8 0.7 0.65],6,0.0
1051,10,0,91,0,0,[0 1 0 1],[1 0 1 0],[0.95 0.8 0.7 0.65],6,0.0
1052,10,0,92,1,0,[1 1 0 0],[1 0 1 1],[0.95 0.8 0.7 0.65],7,0.0
1053,10,0,93,0,0,[1 0 0 0],[0 1 1 1],[0.95 0.8 0.7 0.65],2,0.0
1054,10,0,94,0,0,[0 0 1 1],[1 1 0 0],[0.95 0.8 0.7 0.65],4,0.0
1055,10,0,95,0,0,[0 1 1 1],[1 0 0 0],[0.95 0.8 0.7 0.65],5,0.0
1056,11,0,0,0,0,[1 1 0 0],[0 0 1 1],[0.95 0.8 0.7 0.65],1,0.0
1057,11,0,1,1,0,[1 0 0 0],[0 1 1 1],[0.95 0.8 0.7 0.65],2,0.0
1058,11,0,2,1,0,[1 0 1 1],[1 1 0 0],[0.95 0.8 0.7 0.65],3,0.0
1059,11,0,3,0,0,[1 1 0 0],[0 0 1 1],[0.95 0.8 0.7 0.65],1,0.0
1060,11,0,4,1,0,[0 0 1 1],[1 1 0 0],[0.95 0.8 0.7 0.65],4,0.0
1061,11,0,5,1,0,[0 1 1 1],[1 0 0 0],[0.95 0.8 0.7 0.65],5,0.0
1062,11,0,6,1,0,[0 1 0 1],[1 0 1 0],[0.95 0.8 0.7 0.65],6,0.0
1063,11,0,7,0,0,[1 1 0 0],[1 0 1 1],[0.95 0.8 0.7 0.65],7,0.0
1064,11,0,8,0,0,[1 0 1 0],[0 1 0 1],[0.95 0.8 0.7 0.65],8,0.0
1065,11,0,9,1,0,[1 1 0 0],[1 0 1 1],[0.95 0.8 0.7 0.65],7,0.0
1066,11,0,10,0,0,[1 0 1 0],[0 1 0 1],[0.95 0.8 0.7 0.65],8,0.0
1067,11,0,11,0,0,[1 1 0 0],[0 0 1 1],[0.95 0.8 0.7 0.65],1,0.0
1068,11,0,12,0,0,[1 0 1 0],[0 1 0 1],[0.95 0.8 0.7 0.65],8,0.0
1069,11,0,13,0,0,[1 0 1 1],[1 1 0 0],[0.95 0.8 0.7 0.65],3,0.0
1070,11,0,14,0,0,[1 0 1 1],[1 1 0 0],[0.95 0.8 0.7 0.65],3,0.0
1071,11,0,15,1,0,[0 1 0 1],[1 0 1 0],[0.95 0.8 0.7 0.65],6,0.0
1072,11,0,16,1,0,[1 0 1 1],[1 1 0 0],[0.95 0.8 0.7 0.65],3,0.0
1073,11,0,17,1,0,[0 1 0 1],[1 0 1 0],[0.95 0.8 0.7 0.65],6,0.0
1074,11,0,18,1,0,[0 0 1 1],[1 1 0 0],[0.95 0.8 0.7 0.65],4,0.0
1075,11,0,19,1,0,[0 0 1 1],[1 1 0 0],[0.95 0.8 0.7 0.65],4,0.0
1076,11,0,20,0,0,[1 1 0 0],[0 0 1 1],[0.95 0.8 0.7 0.65],1,0.0
1077,11,0,21,1,0,[1 0 1 1],[1 1 0 0],[0.95 0.8 0.7 0.65],3,0.0
1078,11,0,22,0,0,[1 0 0 0],[0 1 1 1],[0.95 0.8 0.7 0.65],2,0.0
1079,11,0,23,1,0,[1 0 1 1],[1 1 0 0],[0.95 0.8 0.7 0.65],3,0.0
1080,11,0,24,0,0,[1 0 1 0],[0 1 0 1],[0.95 0.8 0.7 0.65],8,0.0
1081,11,0,25,1,0,[0 1 0 1],[1 0 1 0],[0.95 0.8 0.7 0.65],6,0.0
1082,11,0,26,0,0,[1 1 0 0],[0 0 1 1],[0.95 0.8 0.7 0.65],1,0.0
1083,11,0,27,0,0,[1 0 0 0],[0 1 1 1],[0.95 0.8 0.7 0.65],2,0.0
1084,11,0,28,1,0,[0 1 1 1],[1 0 0 0],[0.95 0.8 0.7 0.65],5,0.0
1085,11,0,29,0,0,[1 0 0 0],[0 1 1 1],[0.95 0.8 0.7 0.65],2,0.0
1086,11,0,30,1,0,[0 1 1 1],[1 0 0 0],[0.95 0.8 0.7 0.65],5,0.0
1087,11,0,31,0,0,[1 0 0 0],[0 1 1 1],[0.95 0.8 0.7 0.65],2,0.0
1088,11,0,32,1,0,[0 1 0 1],[1 0 1 0],[0.95 0.8 0.7 0.65],6,0.0
1089,11,0,33,1,0,[0 0 1 1],[1 1 0 0],[0.95 0.8 0.7 0.65],4,0.0
1090,11,0,34,1,0,[0 1 1 1],[1 0 0 0],[0.95 0.8 0.7 0.65],5,0.0
1091,11,0,35,0,0,[1 0 0 0],[0 1 1 1],[0.95 0.8 0.7 0.65],2,0.0
1092,11,0,36,0,0,[1 0 1 0],[0 1 0 1],[0.95 0.8 0.7 0.65],8,0.0
1093,11,0,37,0,0,[1 1 0 0],[0 0 1 1],[0.95 0.8 0.7 0.65],1,0.0
1094,11,0,38,1,0,[0 1 1 1],[1 0 0 0],[0.95 0.8 0.7 0.65],5,0.0
1095,11,0,39,0,0,[1 0 1 0],[0 1 0 1],[0.95 0.8 0.7 0.65],8,0.0
1096,11,0,40,0,0,[1 1 0 0],[0 0 1 1],[0.95 0.8 0.7 0.65],1,0.0
1097,11,0,41,1,0,[0 1 1 1],[1 0 0 0],[0.95 0.8 0.7 0.65],5,0.0
1098,11,0,42,0,0,[1 1 0 0],[1 0 1 1],[0.95 0.8 0.7 0.65],7,0.0
1099,11,0,43,0,0,[1 0 1 1],[1 1 0 0],[0.95 0.8 0.7 0.65],3,0.0
1100,11,0,44,0,0,[1 0 1 0],[0 1 0 1],[0.95 0.8 0.7 0.65],8,0.0
1101,11,0,45,1,0,[0 0 1 1],[1 1 0 0],[0.95 0.8 0.7 0.65],4,0.0
1102,11,0,46,0,0,[1 1 0 0],[0 0 1 1],[0.95 0.8 0.7 0.65],1,0.0
1103,11,0,47,0,0,[1 0 1 1],[1 1 0 0],[0.95 0.8 0.7 0.65],3,0.0
1104,11,0,48,1,0,[0 0 1 1],[1 1 0 0],[0.95 0.8 0.7 0.65],4,0.0
1105,11,0,49,0,0,[1 0 0 0],[0 1 1 1],[0.95 0.8 0.7 0.65],2,0.0
1106,11,0,50,1,0,[1 1 0 0],[1 0 1 1],[0.95 0.8 0.7 0.65],7,0.0
1107,11,0,51,0,0,[1 0 1 1],[1 1 0 0],[0.95 0.8 0.7 0.65],3,0.0
1108,11,0,52,1,0,[0 1 1 1],[1 0 0 0],[0.95 0.8 0.7 0.65],5,0.0
1109,11,0,53,0,0,[1 1 0 0],[0 0 1 1],[0.95 0.8 0.7 0.65],1,0.0
1110,11,0,54,1,0,[0 1 0 1],[1 0 1 0],[0.95 0.8 0.7 0.65],6,0.0
1111,11,0,55,1,0,[0 0 1 1],[1 1 0 0],[0.95 0.8 0.7 0.65],4,0.0
1112,11,0,56,0,0,[1 1 0 0],[1 0 1 1],[0.95 0.8 0.7 0.65],7,0.0
1113,11,0,57,0,0,[1 1 0 0],[1 0 1 1],[0.95 0.8 0.7 0.65],7,0.0
1114,11,0,58,1,0,[0 1 1 1],[1 0 0 0],[0.95 0.8 0.7 0.65],5,0.0
1115,11,0,59,0,0,[1 1 0 0],[1 0 1 1],[0.95 0.8 0.7 0.65],7,0.0
1116,11,0,60,1,0,[0 0 1 1],[1 1 0 0],[0.95 0.8 0.7 0.65],4,0.0
1117,11,0,61,0,0,[1 0 0 0],[0 1 1 1],[0.95 0.8 0.7 0.65],2,0.0
1118,11,0,62,0,0,[1 1 0 0],[0 0 1 1],[0.95 0.8 0.7 0.65],1,0.0
1119,11,0,63,1,0,[1 0 1 1],[1 1 0 0],[0.95 0.8 0.7 0.65],3,0.0
1120,11,0,64,0,0,[1 0 1 0],[0 1 0 1],[0.95 0.8 0.7 0.65],8,0.0
1121,11,0,65,1,0,[1 1 0 0],[1 0 1 1],[0.95 0.8 0.7 0.65],7,0.0
1122,11,0,66,0,0,[1 1 0 0],[1 0 1 1],[0.95 0.8 0.7 0.65],7,0.0
1123,11,0,67,0,0,[1 0 1 0],[0 1 0 1],[0.95 0.8 0.7 0.65],8,0.0
1124,11,0,68,1,0,[0 1 1 1],[1 0 0 0],[0.95 0.8 0.7 0.65],5,0.0
1125,11,0,69,0,0,[1 0 1 0],[0 1 0 1],[0.95 0.8 0.7 0.65],8,0.0
1126,11,0,70,1,0,[1 1 0 0],[1 0 1 1],[0.95 0.8 0.7 0.65],7,0.0
1127,11,0,71,0,0,[1 0 1 1],[1 1 0 0],[0.95 0.8 0.7 0.65],3,0.0
1128,11,0,72,0,0,[1 1 0 0],[0 0 1 1],[0.95 0.8 0.7 0.65],1,0.0
1129,11,0,73,0,0,[1 1 0 0],[0 0 1 1],[0.95 0.8 0.7 0.65],1,0.0
1130,11,0,74,0,0,[1 0 1 0],[0 1 0 1],[0.95 0.8 0.7 0.65],8,0.0
1131,11,0,75,1,0,[0 0 1 1],[1 1 0 0],[0.95 0.8 0.7 0.65],4,0.0
1132,11,0,76,0,0,[1 0 1 0],[0 1 0 1],[0.95 0.8 0.7 0.65],8,0.0
1133,11,0,77,1,0,[0 0 1 1],[1 1 0 0],[0.95 0.8 0.7 0.65],4,0.0
1134,11,0,78,0,0,[1 1 0 0],[1 0 1 1],[0.95 0.8 0.7 0.65],7,0.0
1135,11,0,79,1,0,[0 1 0 1],[1 0 1 0],[0.95 0.8 0.7 0.65],6,0.0
1136,11,0,80,1,0,[0 1 1 1],[1 0 0 0],[0.95 0.8 0.7 0.65],5,0.0
1137,11,0,81,1,0,[0 1 0 1],[1 0 1 0],[0.95 0.8 0.7 0.65],6,0.0
1138,11,0,82,1,0,[0 0 1 1],[1 1 0 0],[0.95 0.8 0.7 0.65],4,0.0
1139,11,0,83,0,0,[1 0 0 0],[0 1 1 1],[0.95 0.8 0.7 0.65],2,0.0
1140,11,0,84,0,0,[1 0 0 0],[0 1 1 1],[0.95 0.8 0.7 0.65],2,0.0
1141,11,0,85,1,0,[0 1 1 1],[1 0 0 0],[0.95 0.8 0.7 0.65],5,0.0
1142,11,0,86,1,0,[0 1 0 1],[1 0 1 0],[0.95 0.8 0.7 0.65],6,0.0
1143,11,0,87,0,0,[1 0 0 0],[0 1 1 1],[0.95 0.8 0.7 0.65],2,0.0
1144,11,0,88,1,0,[0 1 0 1],[1 0 1 0],[0.95 0.8 0.7 0.65],6,0.0
1145,11,0,89,1,0,[1 0 1 1],[1 1 0 0],[0.95 0.8 0.7 0.65],3,0.0
1146,11,0,90,1,0,[0 1 0 1],[1 0 1 0],[0.95 0.8 0.7 0.65],6,0.0
1147,11,0,91,1,0,[0 1 0 1],[1 0 1 0],[0.95 0.8 0.7 0.65],6,0.0
1148,11,0,92,1,0,[1 1 0 0],[1 0 1 1],[0.95 0.8 0.7 0.65],7,0.0
1149,11,0,93,0,0,[1 0 0 0],[0 1 1 1],[0.95 0.8 0.7 0.65],2,0.0
1150,11,0,94,1,0,[0 0 1 1],[1 1 0 0],[0.95 0.8 0.7 0.65],4,0.0
1151,11,0,95,1,0,[0 1 1 1],[1 0 0 0],[0.95 0.8 0.7 0.65],5,0.0
1152,12,0,0,0,0,[1 1 0 0],[0 0 1 1],[0.95 0.8 0.7 0.65],1,0.0
1153,12,0,1,1,0,[1 0 0 0],[0 1 1 1],[0.95 0.8 0.7 0.65],2,0.0
1154,12,0,2,1,0,[1 0 1 1],[1 1 0 0],[0.95 0.8 0.7 0.65],3,0.0
1155,12,0,3,0,0,[1 1 0 0],[0 0 1 1],[0.95 0.8 0.7 0.65],1,0.0
1156,12,0,4,1,0,[0 0 1 1],[1 1 0 0],[0.95 0.8 0.7 0.65],4,0.0
1157,12,0,5,0,0,[0 1 1 1],[1 0 0 0],[0.95 0.8 0.7 0.65],5,0.0
1158,12,0,6,1,0,[0 1 0 1],[1 0 1 0],[0.95 0.8 0.7 0.65],6,0.0
1159,12,0,7,0,0,[1 1 0 0],[1 0 1 1],[0.95 0.8 0.7 0.65],7,0.0
1160,12,0,8,0,0,[1 0 1 0],[0 1 0 1],[0.95 0.8 0.7 0.65],8,0.0
1161,12,0,9,0,0,[1 1 0 0],[1 0 1 1],[0.95 0.8 0.7 0.65],7,0.0
1162,12,0,10,0,0,[1 0 1 0],[0 1 0 1],[0.95 0.8 0.7 0.65],8,0.0
1163,12,0,11,0,0,[1 1 0 0],[0 0 1 1],[0.95 0.8 0.7 0.65],1,0.0
1164,12,0,12,0,0,[1 0 1 0],[0 1 0 1],[0.95 0.8 0.7 0.65],8,0.0
1165,12,0,13,1,0,[1 0 1 1],[1 1 0 0],[0.95 0.8 0.7 0.65],3,0.0
1166,12,0,14,1,0,[1 0 1 1],[1 1 0 0],[0.95 0.8 0.7 0.65],3,0.0
1167,12,0,15,1,0,[0 1 0 1],[1 0 1 0],[0.95 0.8 0.7 0.65],6,0.0
1168,12,0,16,1,0,[1 0 1 1],[1 1 0 0],[0.95 0.8 0.7 0.65],3,0.0
1169,12,0,17,1,0,[0 1 0 1],[1 0 1 0],[0.95 0.8 0.7 0.65],6,0.0
1170,12,0,18,1,0,[0 0 1 1],[1 1 0 0],[0.95 0.8 0.7 0.65],4,0.0
1171,12,0,19,1,0,[0 0 1 1],[1 1 0 0],[0.95 0.8 0.7 0.65],4,0.0
1172,12,0,20,0,0,[1 1 0 0],[0 0 1 1],[0.95 0.8 0.7 0.65],1,0.0
1173,12,0,21,1,0,[1 0 1 1],[1 1 0 0],[0.95 0.8 0.7 0.65],3,0.0
1174,12,0,22,1,0,[1 0 0 0],[0 1 1 1],[0.95 0.8 0.7 0.65],2,0.0
1175,12,0,23,1,0,[1 0 1 1],[1 1 0 0],[0.95 0.8 0.7 0.65],3,0.0
1176,12,0,24,0,0,[1 0 1 0],[0 1 0 1],[0.95 0.8 0.7 0.65],8,0.0
1177,12,0,25,1,0,[0 1 0 1],[1 0 1 0],[0.95 0.8 0.7 0.65],6,0.0
1178,12,0,26,0,0,[1 1 0 0],[0 0 1 1],[0.95 0.8 0.7 0.65],1,0.0
1179,12,0,27,1,0,[1 0 0 0],[0 1 1 1],[0.95 0.8 0.7 0.65],2,0.0
1180,12,0,28,0,0,[0 1 1 1],[1 0 0 0],[0.95 0.8 0.7 0.65],5,0.0
1181,12,0,29,1,0,[1 0 0 0],[0 1 1 1],[0.95 0.8 0.7 0.65],2,0.0
1182,12,0,30,0,0,[0 1 1 1],[1 0 0 0],[0.95 0.8 0.7 0.65],5,0.0
1183,12,0,31,1,0,[1 0 0 0],[0 1 1 1],[0.95 0.8 0.7 0.65],2,0.0
1184,12,0,32,1,0,[0 1 0 1],[1 0 1 0],[0.95 0.8 0.7 0.65],6,0.0
1185,12,0,33,1,0,[0 0 1 1],[1 1 0 0],[0.95 0.8 0.7 0.65],4,0.0
1186,12,0,34,0,0,[0 1 1 1],[1 0 0 0],[0.95 0.8 0.7 0.65],5,0.0
1187,12,0,35,1,0,[1 0 0 0],[0 1 1 1],[0.95 0.8 0.7 0.65],2,0.0
1188,12,0,36,0,0,[1 0 1 0],[0 1 0 1],[0.95 0.8 0.7 0.65],8,0.0
1189,12,0,37,0,0,[1 1 0 0],[0 0 1 1],[0.95 0.8 0.7 0.65],1,0.0
1190,12,0,38,0,0,[0 1 1 1],[1 0 0 0],[0.95 0.8 0.7 0.65],5,0.0
1191,12,0,39,0,0,[1 0 1 0],[0 1 0 1],[0.95 0.8 0.7 0.65],8,0.0
1192,12,0,40,0,0,[1 1 0 0],[0 0 1 1],[0.95 0.8 0.7 0.65],1,0.0
1193,12,0,41,0,0,[0 1 1 1],[1 0 0 0],[0.95 0.8 0.7 0.65],5,0.0
1194,12,0,42,0,0,[1 1 0 0],[1 0 1 1],[0.95 0.8 0.7 0.65],7,0.0
1195,12,0,43,1,0,[1 0 1 1],[1 1 0 0],[0.95 0.8 0.7 0.65],3,0.0
1196,12,0,44,0,0,[1 0 1 0],[0 1 0 1],[0.95 0.8 0.7 0.65],8,0.0
1197,12,0,45,1,0,[0 0 1 1],[1 1 0 0],[0.95 0.8 0.7 0.65],4,0.0
1198,12,0,46,0,0,[1 1 0 0],[0 0 1 1],[0.95 0.8 0.7 0.65],1,0.0
1199,12,0,47,1,0,[1 0 1 1],[1 1 0 0],[0.95 0.8 0.7 0.65],3,0.0
1200,12,0,48,1,0,[0 0 1 1],[1 1 0 0],[0.95 0.8 0.7 0.65],4,0.0
1201,12,0,49,1,0,[1 0 0 0],[0 1 1 1],[0.95 0.8 0.7 0.65],2,0.0
1202,12,0,50,0,0,[1 1 0 0],[1 0 1 1],[0.95 0.8 0.7 0.65],7,0.0
1203,12,0,51,1,0,[1 0 1 1],[1 1 0 0],[0.95 0.8 0.7 0.65],3,0.0
1204,12,0,52,0,0,[0 1 1 1],[1 0 0 0],[0.95 0.8 0.7 0.65],5,0.0
1205,12,0,53,0,0,[1 1 0 0],[0 0 1 1],[0.95 0.8 0.7 0.65],1,0.0
1206,12,0,54,1,0,[0 1 0 1],[1 0 1 0],[0.95 0.8 0.7 0.65],6,0.0
1207,12,0,55,1,0,[0 0 1 1],[1 1 0 0],[0.95 0.8 0.7 0.65],4,0.0
1208,12,0,56,0,0,[1 1 0 0],[1 0 1 1],[0.95 0.8 0.7 0.65],7,0.0
1209,12,0,57,0,0,[1 1 0 0],[1 0 1 1],[0.95 0.8 0.7 0.65],7,0.0
1210,12,0,58,0,0,[0 1 1 1],[1 0 0 0],[0.95 0.8 0.7 0.65],5,0.0
1211,12,0,59,0,0,[1 1 0 0],[1 0 1 1],[0.95 0.8 0.7 0.65],7,0.0
1212,12,0,60,1,0,[0 0 1 1],[1 1 0 0],[0.95 0.8 0.7 0.65],4,0.0
1213,12,0,61,1,0,[1 0 0 0],[0 1 1 1],[0.95 0.8 0.7 0.65],2,0.0
1214,12,0,62,0,0,[1 1 0 0],[0 0 1 1],[0.95 0.8 0.7 0.65],1,0.0
1215,12,0,63,1,0,[1 0 1 1],[1 1 0 0],[0.95 0.8 0.7 0.65],3,0.0
1216,12,0,64,0,0,[1 0 1 0],[0 1 0 1],[0.95 0.8 0.7 0.65],8,0.0
1217,12,0,65,0,0,[1 1 0 0],[1 0 1 1],[0.95 0.8 0.7 0.65],7,0.0
1218,12,0,66,0,0,[1 1 0 0],[1 0 1 1],[0.95 0.8 0.7 0.65],7,0.0
1219,12,0,67,0,0,[1 0 1 0],[0 1 0 1],[0.95 0.8 0.7 0.65],8,0.0
1220,12,0,68,0,0,[0 1 1 1],[1 0 0 0],[0.95 0.8 0.7 0.65],5,0.0
1221,12,0,69,0,0,[1 0 1 0],[0 1 0 1],[0.95 0.8 0.7 0.65],8,0.0
1222,12,0,70,0,0,[1 1 0 0],[1 0 1 1],[0.95 0.8 0.7 0.65],7,0.0
1223,12,0,71,1,0,[1 0 1 1],[1 1 0 0],[0.95 0.8 0.7 0.65],3,0.0
1224,12,0,72,0,0,[1 1 0 0],[0 0 1 1],[0.95 0.8 0.7 0.65],1,0.0
1225,12,0,73,0,0,[1 1 0 0],[0 0 1 1],[0.95 0.8 0.7 0.65],1,0.0
1226,12,0,74,0,0,[1 0 1 0],[0 1 0 1],[0.95 0.8 0.7 0.65],8,0.0
1227,12,0,75,1,0,[0 0 1 1],[1 1 0 0],[0.95 0.8 0.7 0.65],4,0.0
1228,12,0,76,0,0,[1 0 1 0],[0 1 0 1],[0.95 0.8 0.7 0.65],8,0.0
1229,12,0,77,1,0,[0 0 1 1],[1 1 0 0],[0.95 0.8 0.7 0.65],4,0.0
1230,12,0,78,0,0,[1 1 0 0],[1 0 1 1],[0.95 0.8 0.7 0.65],7,0.0
1231,12,0,79,1,0,[0 1 0 1],[1 0 1 0],[0.95 0.8 0.7 0.65],6,0.0
1232,12,0,80,0,0,[0 1 1 1],[1 0 0 0],[0.95 0.8 0.7 0.65],5,0.0
1233,12,0,81,1,0,[0 1 0 1],[1 0 1 0],[0.95 0.8 0.7 0.65],6,0.0
1234,12,0,82,1,0,[0 0 1 1],[1 1 0 0],[0.95 0.8 0.7 0.65],4,0.0
1235,12,0,83,1,0,[1 0 0 0],[0 1 1 1],[0.95 0.8 0.7 0.65],2,0.0
1236,12,0,84,1,0,[1 0 0 0],[0 1 1 1],[0.95 0.8 0.7 0.65],2,0.0
1237,12,0,85,0,0,[0 1 1 1],[1 0 0 0],[0.95 0.8 0.7 0.65],5,0.0
1238,12,0,86,1,0,[0 1 0 1],[1 0 1 0],[0.95 0.8 0.7 0.65],6,0.0
1239,12,0,87,1,0,[1 0 0 0],[0 1 1 1],[0.95 0.8 0.7 0.65],2,0.0
1240,12,0,88,1,0,[0 1 0 1],[1 0 1 0],[0.95 0.8 0.7 0.65],6,0.0
1241,12,0,89,1,0,[1 0 1 1],[1 1 0 0],[0.95 0.8 0.7 0.65],3,0.0
1242,12,0,90,1,0,[0 1 0 1],[1 0 1 0],[0.95 0.8 0.7 0.65],6,0.0
1243,12,0,91,1,0,[0 1 0 1],[1 0 1 0],[0.95 0.8 0.7 0.65],6,0.0
1244,12,0,92,0,0,[1 1 0 0],[1 0 1 1],[0.95 0.8 0.7 0.65],7,0.0
1245,12,0,93,1,0,[1 0 0 0],[0 1 1 1],[0.95 0.8 0.7 0.65],2,0.0
1246,12,0,94,1,0,[0 0 1 1],[1 1 0 0],[0.95 0.8 0.7 0.65],4,0.0
1247,12,0,95,0,0,[0 1 1 1],[1 0 0 0],[0.95 0.8 0.7 0.65],5,0.0
1248,13,0,0,0,0,[1 1 0 0],[0 0 1 1],[0.95 0.8 0.7 0.65],1,0.0
1249,13,0,1,1,0,[1 0 0 0],[0 1 1 1],[0.95 0.8 0.7 0.65],2,0.0
1250,13,0,2,1,0,[1 0 1 1],[1 1 0 0],[0.95 0.8 0.7 0.65],3,0.0
1251,13,0,3,0,0,[1 1 0 0],[0 0 1 1],[0.95 0.8 0.7 0.65],1,0.0
1252,13,0,4,1,0,[0 0 1 1],[1 1 0 0],[0.95 0.8 0.7 0.65],4,0.0
1253,13,0,5,0,0,[0 1 1 1],[1 0 0 0],[0.95 0.8 0.7 0.65],5,0.0
1254,13,0,6,1,0,[0 1 0 1],[1 0 1 0],[0.95 0.8 0.7 0.65],6,0.0
1255,13,0,7,0,0,[1 1 0 0],[1 0 1 1],[0.95 0.8 0.7 0.65],7,0.0
1256,13,0,8,0,0,[1 0 1 0],[0 1 0 1],[0.95 0.8 0.7 0.65],8,0.0
1257,13,0,9,0,0,[1 1 0 0],[1 0 1 1],[0.95 0.8 0.7 0.65],7,0.0
1258,13,0,10,0,0,[1 0 1 0],[0 1 0 1],[0.95 0.8 0.7 0.65],8,0.0
1259,13,0,11,0,0,[1 1 0 0],[0 0 1 1],[0.95 0.8 0.7 0.65],1,0.0
1260,13,0,12,0,0,[1 0 1 0],[0 1 0 1],[0.95 0.8 0.7 0.65],8,0.0
1261,13,0,13,1,0,[1 0 1 1],[1 1 0 0],[0.95 0.8 0.7 0.65],3,0.0
1262,13,0,14,1,0,[1 0 1 1],[1 1 0 0],[0.95 0.8 0.7 0.65],3,0.0
1263,13,0,15,1,0,[0 1 0 1],[1 0 1 0],[0.95 0.8 0.7 0.65],6,0.0
1264,13,0,16,0,0,[1 0 1 1],[1 1 0 0],[0.95 0.8 0.7 0.65],3,0.0
1265,13,0,17,1,0,[0 1 0 1],[1 0 1 0],[0.95 0.8 0.7 0.65],6,0.0
1266,13,0,18,1,0,[0 0 1 1],[1 1 0 0],[0.95 0.8 0.7 0.65],4,0.0
1267,13,0,19,1,0,[0 0 1 1],[1 1 0 0],[0.95 0.8 0.7 0.65],4,0.0
1268,13,0,20,0,0,[1 1 0 0],[0 0 1 1],[0.95 0.8 0.7 0.65],1,0.0
1269,13,0,21,1,0,[1 0 1 1],[1 1 0 0],[0.95 0.8 0.7 0.65],3,0.0
1270,13,0,22,1,0,[1 0 0 0],[0 1 1 1],[0.95 0.8 0.7 0.65],2,0.0
1271,13,0,23,1,0,[1 0 1 1],[1 1 0 0],[0.95 0.8 0.7 0.65],3,0.0
1272,13,0,24,0,0,[1 0 1 0],[0 1 0 1],[0.95 0.8 0.7 0.65],8,0.0
1273,13,0,25,1,0,[0 1 0 1],[1 0 1 0],[0.95 0.8 0.7 0.65],6,0.0
1274,13,0,26,0,0,[1 1 0 0],[0 0 1 1],[0.95 0.8 0.7 0.65],1,0.0
1275,13,0,27,1,0,[1 0 0 0],[0 1 1 1],[0.95 0.8 0.7 0.65],2,0.0
1276,13,0,28,0,0,[0 1 1 1],[1 0 0 0],[0.95 0.8 0.7 0.65],5,0.0
1277,13,0,29,1,0,[1 0 0 0],[0 1 1 1],[0.95 0.8 0.7 0.65],2,0.0
1278,13,0,30,0,0,[0 1 1 1],[1 0 0 0],[0.95 0.8 0.7 0.65],5,0.0
1279,13,0,31,1,0,[1 0 0 0],[0 1 1 1],[0.95 0.8 0.7 0.65],2,0.0
1280,13,0,32,1,0,[0 1 0 1],[1 0 1 0],[0.95 0.8 0.7 0.65],6,0.0
1281,13,0,33,1,0,[0 0 1 1],[1 1 0 0],[0.95 0.8 0.7 0.65],4,0.0
1282,13,0,34,0,0,[0 1 1 1],[1 0 0 0],[0.95 0.8 0.7 0.65],5,0.0
1283,13,0,35,1,0,[1 0 0 0],[0 1 1 1],[0.95 0.8 0.7 0.65],2,0.0
1284,13,0,36,0,0,[1 0 1 0],[0 1 0 1],[0.95 0.8 0.7 0.65],8,0.0
1285,13,0,37,0,0,[1 1 0 0],[0 0 1 1],[0.95 0.8 0.7 0.65],1,0.0
1286,13,0,38,0,0,[0 1 1 1],[1 0 0 0],[0.95 0.8 0.7 0.65],5,0.0
1287,13,0,39,0,0,[1 0 1 0],[0 1 0 1],[0.95 0.8 0.7 0.65],8,0.0
1288,13,0,40,0,0,[1 1 0 0],[0 0 1 1],[0.95 0.8 0.7 0.65],1,0.0
1289,13,0,41,0,0,[0 1 1 1],[1 0 0 0],[0.95 0.8 0.7 0.65],5,0.0
1290,13,0,42,0,0,[1 1 0 0],[1 0 1 1],[0.95 0.8 0.7 0.65],7,0.0
1291,13,0,43,1,0,[1 0 1 1],[1 1 0 0],[0.95 0.8 0.7 0.65],3,0.0
1292,13,0,44,0,0,[1 0 1 0],[0 1 0 1],[0.95 0.8 0.7 0.65],8,0.0
1293,13,0,45,1,0,[0 0 1 1],[1 1 0 0],[0.95 0.8 0.7 0.65],4,0.0
1294,13,0,46,0,0,[1 1 0 0],[0 0 1 1],[0.95 0.8 0.7 0.65],1,0.0
1295,13,0,47,1,0,[1 0 1 1],[1 1 0 0],[0.95 0.8 0.7 0.65],3,0.0
1296,13,0,48,1,0,[0 0 1 1],[1 1 0 0],[0.95 0.8 0.7 0.65],4,0.0
1297,13,0,49,1,0,[1 0 0 0],[0 1 1 1],[0.95 0.8 0.7 0.65],2,0.0
1298,13,0,50,0,0,[1 1 0 0],[1 0 1 1],[0.95 0.8 0.7 0.65],7,0.0
1299,13,0,51,1,0,[1 0 1 1],[1 1 0 0],[0.95 0.8 0.7 0.65],3,0.0
1300,13,0,52,0,0,[0 1 1 1],[1 0 0 0],[0.95 0.8 0.7 0.65],5,0.0
1301,13,0,53,0,0,[1 1 0 0],[0 0 1 1],[0.95 0.8 0.7 0.65],1,0.0
1302,13,0,54,1,0,[0 1 0 1],[1 0 1 0],[0.95 0.8 0.7 0.65],6,0.0
1303,13,0,55,1,0,[0 0 1 1],[1 1 0 0],[0.95 0.8 0.7 0.65],4,0.0
1304,13,0,56,0,0,[1 1 0 0],[1 0 1 1],[0.95 0.8 0.7 0.65],7,0.0
1305,13,0,57,0,0,[1 1 0 0],[1 0 1 1],[0.95 0.8 0.7 0.65],7,0.0
1306,13,0,58,0,0,[0 1 1 1],[1 0 0 0],[0.95 0.8 0.7 0.65],5,0.0
1307,13,0,59,0,0,[1 1 0 0],[1 0 1 1],[0.95 0.8 0.7 0.65],7,0.0
1308,13,0,60,1,0,[0 0 1 1],[1 1 0 0],[0.95 0.8 0.7 0.65],4,0.0
1309,13,0,61,1,0,[1 0 0 0],[0 1 1 1],[0.95 0.8 0.7 0.65],2,0.0
1310,13,0,62,0,0,[1 1 0 0],[0 0 1 1],[0.95 0.8 0.7 0.65],1,0.0
1311,13,0,63,1,0,[1 0 1 1],[1 1 0 0],[0.95 0.8 0.7 0.65],3,0.0
1312,13,0,64,0,0,[1 0 1 0],[0 1 0 1],[0.95 0.8 0.7 0.65],8,0.0
1313,13,0,65,0,0,[1 1 0 0],[1 0 1 1],[0.95 0.8 0.7 0.65],7,0.0
1314,13,0,66,0,0,[1 1 0 0],[1 0 1 1],[0.95 0.8 0.7 0.65],7,0.0
1315,13,0,67,0,0,[1 0 1 0],[0 1 0 1],[0.95 0.8 0.7 0.65],8,0.0
1316,13,0,68,1,0,[0 1 1 1],[1 0 0 0],[0.95 0.8 0.7 0.65],5,0.0
1317,13,0,69,0,0,[1 0 1 0],[0 1 0 1],[0.95 0.8 0.7 0.65],8,0.0
1318,13,0,70,1,0,[1 1 0 0],[1 0 1 1],[0.95 0.8 0.7 0.65],7,0.0
1319,13,0,71,0,0,[1 0 1 1],[1 1 0 0],[0.95 0.8 0.7 0.65],3,0.0
1320,13,0,72,0,0,[1 1 0 0],[0 0 1 1],[0.95 0.8 0.7 0.65],1,0.0
1321,13,0,73,0,0,[1 1 0 0],[0 0 1 1],[0.95 0.8 0.7 0.65],1,0.0
1322,13,0,74,0,0,[1 0 1 0],[0 1 0 1],[0.95 0.8 0.7 0.65],8,0.0
1323,13,0,75,1,0,[0 0 1 1],[1 1 0 0],[0.95 0.8 0.7 0.65],4,0.0
1324,13,0,76,0,0,[1 0 1 0],[0 1 0 1],[0.95 0.8 0.7 0.65],8,0.0
1325,13,0,77,1,0,[0 0 1 1],[1 1 0 0],[0.95 0.8 0.7 0.65],4,0.0
1326,13,0,78,0,0,[1 1 0 0],[1 0 1 1],[0.95 0.8 0.7 0.65],7,0.0
1327,13,0,79,1,0,[0 1 0 1],[1 0 1 0],[0.95 0.8 0.7 0.65],6,0.0
1328,13,0,80,0,0,[0 1 1 1],[1 0 0 0],[0.95 0.8 0.7 0.65],5,0.0
1329,13,0,81,1,0,[0 1 0 1],[1 0 1 0],[0.95 0.8 0.7 0.65],6,0.0
1330,13,0,82,1,0,[0 0 1 1],[1 1 0 0],[0.95 0.8 0.7 0.65],4,0.0
1331,13,0,83,1,0,[1 0 0 0],[0 1 1 1],[0.95 0.8 0.7 0.65],2,0.0
1332,13,0,84,1,0,[1 0 0 0],[0 1 1 1],[0.95 0.8 0.7 0.65],2,0.0
1333,13,0,85,0,0,[0 1 1 1],[1 0 0 0],[0.95 0.8 0.7 0.65],5,0.0
1334,13,0,86,1,0,[0 1 0 1],[1 0 1 0],[0.95 0.8 0.7 0.65],6,0.0
1335,13,0,87,1,0,[1 0 0 0],[0 1 1 1],[0.95 0.8 0.7 0.65],2,0.0
1336,13,0,88,1,0,[0 1 0 1],[1 0 1 0],[0.95 0.8 0.7 0.65],6,0.0
1337,13,0,89,1,0,[1 0 1 1],[1 1 0 0],[0.95 0.8 0.7 0.65],3,0.0
1338,13,0,90,1,0,[0 1 0 1],[1 0 1 0],[0.95 0.8 0.7 0.65],6,0.0
1339,13,0,91,1,0,[0 1 0 1],[1 0 1 0],[0.95 0.8 0.7 0.65],6,0.0
1340,13,0,92,0,0,[1 1 0 0],[1 0 1 1],[0.95 0.8 0.7 0.65],7,0.0
1341,13,0,93,1,0,[1 0 0 0],[0 1 1 1],[0.95 0.8 0.7 0.65],2,0.0
1342,13,0,94,1,0,[0 0 1 1],[1 1 0 0],[0.95 0.8 0.7 0.65],4,0.0
1343,13,0,95,0,0,[0 1 1 1],[1 0 0 0],[0.95 0.8 0.7 0.65],5,0.0
1344,14,0,0,0,0,[1 1 0 0],[0 0 1 1],[0.95 0.8 0.7 0.65],1,0.0
1345,14,0,1,1,0,[1 0 0 0],[0 1 1 1],[0.95 0.8 0.7 0.65],2,0.0
1346,14,0,2,1,0,[1 0 1 1],[1 1 0 0],[0.95 0.8 0.7 0.65],3,0.0
1347,14,0,3,0,0,[1 1 0 0],[0 0 1 1],[0.95 0.8 0.7 0.65],1,0.0
1348,14,0,4,1,0,[0 0 1 1],[1 1 0 0],[0.95 0.8 0.7 0.65],4,0.0
1349,14,0,5,1,0,[0 1 1 1],[1 0 0 0],[0.95 0.8 0.7 0.65],5,0.0
1350,14,0,6,0,0,[0 1 0 1],[1 0 1 0],[0.95 0.8 0.7 0.65],6,0.0
1351,14,0,7,1,0,[1 1 0 0],[1 0 1 1],[0.95 0.8 0.7 0.65],7,0.0
1352,14,0,8,0,0,[1 0 1 0],[0 1 0 1],[0.95 0.8 0.7 0.65],8,0.0
1353,14,0,9,1,0,[1 1 0 0],[1 0 1 1],[0.95 0.8 0.7 0.65],7,0.0
1354,14,0,10,0,0,[1 0 1 0],[0 1 0 1],[0.95 0.8 0.7 0.65],8,0.0
1355,14,0,11,0,0,[1 1 0 0],[0 0 1 1],[0.95 0.8 0.7 0.65],1,0.0
1356,14,0,12,0,0,[1 0 1 0],[0 1 0 1],[0.95 0.8 0.7 0.65],8,0.0
1357,14,0,13,0,0,[1 0 1 1],[1 1 0 0],[0.95 0.8 0.7 0.65],3,0.0
1358,14,0,14,0,0,[1 0 1 1],[1 1 0 0],[0.95 0.8 0.7 0.65],3,0.0
1359,14,0,15,1,0,[0 1 0 1],[1 0 1 0],[0.95 0.8 0.7 0.65],6,0.0
1360,14,0,16,0,0,[1 0 1 1],[1 1 0 0],[0.95 0.8 0.7 0.65],3,0.0
1361,14,0,17,1,0,[0 1 0 1],[1 0 1 0],[0.95 0.8 0.7 0.65],6,0.0
1362,14,0,18,1,0,[0 0 1 1],[1 1 0 0],[0.95 0.8 0.7 0.65],4,0.0
1363,14,0,19,1,0,[0 0 1 1],[1 1 0 0],[0.95 0.8 0.7 0.65],4,0.0
1364,14,0,20,0,0,[1 1 0 0],[0 0 1 1],[0.95 0.8 0.7 0.65],1,0.0
1365,14,0,21,0,0,[1 0 1 1],[1 1 0 0],[0.95 0.8 0.7 0.65],3,0.0
1366,14,0,22,1,0,[1 0 0 0],[0 1 1 1],[0.95 0.8 0.7 0.65],2,0.0
1367,14,0,23,0,0,[1 0 1 1],[1 1 0 0],[0.95 0.8 0.7 0.65],3,0.0
1368,14,0,24,0,0,[1 0 1 0],[0 1 0 1],[0.95 0.8 0.7 0.65],8,0.0
1369,14,0,25,1,0,[0 1 0 1],[1 0 1 0],[0.95 0.8 0.7 0.65],6,0.0
1370,14,0,26,0,0,[1 1 0 0],[0 0 1 1],[0.95 0.8 0.7 0.65],1,0.0
1371,14,0,27,1,0,[1 0 0 0],[0 1 1 1],[0.95 0.8 0.7 0.65],2,0.0
1372,14,0,28,0,0,[0 1 1 1],[1 0 0 0],[0.95 0.8 0.7 0.65],5,0.0
1373,14,0,29,1,0,[1 0 0 0],[0 1 1 1],[0.95 0.8 0.7 0.65],2,0.0
1374,14,0,30,0,0,[0 1 1 1],[1 0 0 0],[0.95 0.8 0.7 0.65],5,0.0
1375,14,0,31,1,0,[1 0 0 0],[0 1 1 1],[0.95 0.8 0.7 0.65],2,0.0
1376,14,0,32,1,0,[0 1 0 1],[1 0 1 0],[0.95 0.8 0.7 0.65],6,0.0
1377,14,0,33,1,0,[0 0 1 1],[1 1 0 0],[0.95 0.8 0.7 0.65],4,0.0
1378,14,0,34,0,0,[0 1 1 1],[1 0 0 0],[0.95 0.8 0.7 0.65],5,0.0
1379,14,0,35,1,0,[1 0 0 0],[0 1 1 1],[0.95 0.8 0.7 0.65],2,0.0
1380,14,0,36,0,0,[1 0 1 0],[0 1 0 1],[0.95 0.8 0.7 0.65],8,0.0
1381,14,0,37,0,0,[1 1 0 0],[0 0 1 1],[0.95 0.8 0.7 0.65],1,0.0
1382,14,0,38,0,0,[0 1 1 1],[1 0 0 0],[0.95 0.8 0.7 0.65],5,0.0
1383,14,0,39,0,0,[1 0 1 0],[0 1 0 1],[0.95 0.8 0.7 0.65],8,0.0
1384,14,0,40,0,0,[1 1 0 0],[0 0 1 1],[0.95 0.8 0.7 0.65],1,0.0
1385,14,0,41,0,0,[0 1 1 1],[1 0 0 0],[0.95 0.8 0.7 0.65],5,0.0
1386,14,0,42,1,0,[1 1 0 0],[1 0 1 1],[0.95 0.8 0.7 0.65],7,0.0
1387,14,0,43,0,0,[1 0 1 1],[1 1 0 0],[0.95 0.8 0.7 0.65],3,0.0
1388,14,0,44,0,0,[1 0 1 0],[0 1 0 1],[0.95 0.8 0.7 0.65],8,0.0
1389,14,0,45,1,0,[0 0 1 1],[1 1 0 0],[0.95 0.8 0.7 0.65],4,0.0
1390,14,0,46,0,0,[1 1 0 0],[0 0 1 1],[0.95 0.8 0.7 0.65],1,0.0
1391,14,0,47,0,0,[1 0 1 1],[1 1 0 0],[0.95 0.8 0.7 0.65],3,0.0
1392,14,0,48,1,0,[0 0 1 1],[1 1 0 0],[0.95 0.8 0.7 0.65],4,0.0
1393,14,0,49,1,0,[1 0 0 0],[0 1 1 1],[0.95 0.8 0.7 0.65],2,0.0
1394,14,0,50,1,0,[1 1 0 0],[1 0 1 1],[0.95 0.8 0.7 0.65],7,0.0
1395,14,0,51,0,0,[1 0 1 1],[1 1 0 0],[0.95 0.8 0.7 0.65],3,0.0
1396,14,0,52,0,0,[0 1 1 1],[1 0 0 0],[0.95 0.8 0.7 0.65],5,0.0
1397,14,0,53,0,0,[1 1 0 0],[0 0 1 1],[0.95 0.8 0.7 0.65],1,0.0
1398,14,0,54,1,0,[0 1 0 1],[1 0 1 0],[0.95 0.8 0.7 0.65],6,0.0
1399,14,0,55,1,0,[0 0 1 1],[1 1 0 0],[0.95 0.8 0.7 0.65],4,0.0
1400,14,0,56,1,0,[1 1 0 0],[1 0 1 1],[0.95 0.8 0.7 0.65],7,0.0
1401,14,0,57,1,0,[1 1 0 0],[1 0 1 1],[0.95 0.8 0.7 0.65],7,0.0
1402,14,0,58,0,0,[0 1 1 1],[1 0 0 0],[0.95 0.8 0.7 0.65],5,0.0
1403,14,0,59,1,0,[1 1 0 0],[1 0 1 1],[0.95 0.8 0.7 0.65],7,0.0
1404,14,0,60,1,0,[0 0 1 1],[1 1 0 0],[0.95 0.8 0.7 0.65],4,0.0
1405,14,0,61,1,0,[1 0 0 0],[0 1 1 1],[0.95 0.8 0.7 0.65],2,0.0
1406,14,0,62,0,0,[1 1 0 0],[0 0 1 1],[0.95 0.8 0.7 0.65],1,0.0
1407,14,0,63,0,0,[1 0 1 1],[1 1 0 0],[0.95 0.8 0.7 0.65],3,0.0
1408,14,0,64,0,0,[1 0 1 0],[0 1 0 1],[0.95 0.8 0.7 0.65],8,0.0
1409,14,0,65,1,0,[1 1 0 0],[1 0 1 1],[0.95 0.8 0.7 0.65],7,0.0
1410,14,0,66,1,0,[1 1 0 0],[1 0 1 1],[0.95 0.8 0.7 0.65],7,0.0
1411,14,0,67,0,0,[1 0 1 0],[0 1 0 1],[0.95 0.8 0.7 0.65],8,0.0
1412,14,0,68,0,0,[0 1 1 1],[1 0 0 0],[0.95 0.8 0.7 0.65],5,0.0
1413,14,0,69,0,0,[1 0 1 0],[0 1 0 1],[0.95 0.8 0.7 0.65],8,0.0
1414,14,0,70,1,0,[1 1 0 0],[1 0 1 1],[0.95 0.8 0.7 0.65],7,0.0
1415,14,0,71,0,0,[1 0 1 1],[1 1 0 0],[0.95 0.8 0.7 0.65],3,0.0
1416,14,0,72,0,0,[1 1 0 0],[0 0 1 1],[0.95 0.8 0.7 0.65],1,0.0
1417,14,0,73,0,0,[1 1 0 0],[0 0 1 1],[0.95 0.8 0.7 0.65],1,0.0
1418,14,0,74,0,0,[1 0 1 0],[0 1 0 1],[0.95 0.8 0.7 0.65],8,0.0
1419,14,0,75,1,0,[0 0 1 1],[1 1 0 0],[0.95 0.8 0.7 0.65],4,0.0
1420,14,0,76,0,0,[1 0 1 0],[0 1 0 1],[0.95 0.8 0.7 0.65],8,0.0
1421,14,0,77,1,0,[0 0 1 1],[1 1 0 0],[0.95 0.8 0.7 0.65],4,0.0
1422,14,0,78,1,0,[1 1 0 0],[1 0 1 1],[0.95 0.8 0.7 0.65],7,0.0
1423,14,0,79,1,0,[0 1 0 1],[1 0 1 0],[0.95 0.8 0.7 0.65],6,0.0
1424,14,0,80,0,0,[0 1 1 1],[1 0 0 0],[0.95 0.8 0.7 0.65],5,0.0
1425,14,0,81,1,0,[0 1 0 1],[1 0 1 0],[0.95 0.8 0.7 0.65],6,0.0
1426,14,0,82,1,0,[0 0 1 1],[1 1 0 0],[0.95 0.8 0.7 0.65],4,0.0
1427,14,0,83,1,0,[1 0 0 0],[0 1 1 1],[0.95 0.8 0.7 0.65],2,0.0
1428,14,0,84,1,0,[1 0 0 0],[0 1 1 1],[0.95 0.8 0.7 0.65],2,0.0
1429,14,0,85,0,0,[0 1 1 1],[1 0 0 0],[0.95 0.8 0.7 0.65],5,0.0
1430,14,0,86,1,0,[0 1 0 1],[1 0 1 0],[0.95 0.8 0.7 0.65],6,0.0
1431,14,0,87,1,0,[1 0 0 0],[0 1 1 1],[0.95 0.8 0.7 0.65],2,0.0
1432,14,0,88,1,0,[0 1 0 1],[1 0 1 0],[0.95 0.8 0.7 0.65],6,0.0
1433,14,0,89,0,0,[1 0 1 1],[1 1 0 0],[0.95 0.8 0.7 0.65],3,0.0
1434,14,0,90,1,0,[0 1 0 1],[1 0 1 0],[0.95 0.8 0.7 0.65],6,0.0
1435,14,0,91,1,0,[0 1 0 1],[1 0 1 0],[0.95 0.8 0.7 0.65],6,0.0
1436,14,0,92,1,0,[1 1 0 0],[1 0 1 1],[0.95 0.8 0.7 0.65],7,0.0
1437,14,0,93,1,0,[1 0 0 0],[0 1 1 1],[0.95 0.8 0.7 0.65],2,0.0
1438,14,0,94,1,0,[0 0 1 1],[1 1 0 0],[0.95 0.8 0.7 0.65],4,0.0
1439,14,0,95,0,0,[0 1 1 1],[1 0 0 0],[0.95 0.8 0.7 0.65],5,0.0
1440,15,0,0,0,0,[1 1 0 0],[0 0 1 1],[0.95 0.8 0.7 0.65],1,0.0
1441,15,0,1,0,0,[1 0 0 0],[0 1 1 1],[0.95 0.8 0.7 0.65],2,0.0
1442,15,0,2,0,0,[1 0 1 1],[1 1 0 0],[0.95 0.8 0.7 0.65],3,0.0
1443,15,0,3,0,0,[1 1 0 0],[0 0 1 1],[0.95 0.8 0.7 0.65],1,0.0
1444,15,0,4,1,0,[0 0 1 1],[1 1 0 0],[0.95 0.8 0.7 0.65],4,0.0
1445,15,0,5,1,0,[0 1 1 1],[1 0 0 0],[0.95 0.8 0.7 0.65],5,0.0
1446,15,0,6,0,0,[0 1 0 1],[1 0 1 0],[0.95 0.8 0.7 0.65],6,0.0
1447,15,0,7,1,0,[1 1 0 0],[1 0 1 1],[0.95 0.8 0.7 0.65],7,0.0
1448,15,0,8,0,0,[1 0 1 0],[0 1 0 1],[0.95 0.8 0.7 0.65],8,0.0
1449,15,0,9,0,0,[1 1 0 0],[1 0 1 1],[0.95 0.8 0.7 0.65],7,0.0
1450,15,0,10,1,0,[1 0 1 0],[0 1 0 1],[0.95 0.8 0.7 0.65],8,0.0
1451,15,0,11,1,0,[1 1 0 0],[0 0 1 1],[0.95 0.8 0.7 0.65],1,0.0
1452,15,0,12,1,0,[1 0 1 0],[0 1 0 1],[0.95 0.8 0.7 0.65],8,0.0
1453,15,0,13,1,0,[1 0 1 1],[1 1 0 0],[0.95 0.8 0.7 0.65],3,0.0
1454,15,0,14,1,0,[1 0 1 1],[1 1 0 0],[0.95 0.8 0.7 0.65],3,0.0
1455,15,0,15,0,0,[0 1 0 1],[1 0 1 0],[0.95 0.8 0.7 0.65],6,0.0
1456,15,0,16,1,0,[1 0 1 1],[1 1 0 0],[0.95 0.8 0.7 0.65],3,0.0
1457,15,0,17,0,0,[0 1 0 1],[1 0 1 0],[0.95 0.8 0.7 0.65],6,0.0
1458,15,0,18,1,0,[0 0 1 1],[1 1 0 0],[0.95 0.8 0.7 0.65],4,0.0
1459,15,0,19,1,0,[0 0 1 1],[1 1 0 0],[0.95 0.8 0.7 0.65],4,0.0
1460,15,0,20,1,0,[1 1 0 0],[0 0 1 1],[0.95 0.8 0.7 0.65],1,0.0
1461,15,0,21,1,0,[1 0 1 1],[1 1 0 0],[0.95 0.8 0.7 0.65],3,0.0
1462,15,0,22,0,0,[1 0 0 0],[0 1 1 1],[0.95 0.8 0.7 0.65],2,0.0
1463,15,0,23,1,0,[1 0 1 1],[1 1 0 0],[0.95 0.8 0.7 0.65],3,0.0
1464,15,0,24,1,0,[1 0 1 0],[0 1 0 1],[0.95 0.8 0.7 0.65],8,0.0
1465,15,0,25,0,0,[0 1 0 1],[1 0 1 0],[0.95 0.8 0.7 0.65],6,0.0
1466,15,0,26,1,0,[1 1 0 0],[0 0 1 1],[0.95 0.8 0.7 0.65],1,0.0
1467,15,0,27,0,0,[1 0 0 0],[0 1 1 1],[0.95 0.8 0.7 0.65],2,0.0
1468,15,0,28,1,0,[0 1 1 1],[1 0 0 0],[0.95 0.8 0.7 0.65],5,0.0
1469,15,0,29,0,0,[1 0 0 0],[0 1 1 1],[0.95 0.8 0.7 0.65],2,0.0
1470,15,0,30,1,0,[0 1 1 1],[1 0 0 0],[0.95 0.8 0.7 0.65],5,0.0
1471,15,0,31,1,0,[1 0 0 0],[0 1 1 1],[0.95 0.8 0.7 0.65],2,0.0
1472,15,0,32,1,0,[0 1 0 1],[1 0 1 0],[0.95 0.8 0.7 0.65],6,0.0
1473,15,0,33,0,0,[0 0 1 1],[1 1 0 0],[0.95 0.8 0.7 0.65],4,0.0
1474,15,0,34,0,0,[0 1 1 1],[1 0 0 0],[0.95 0.8 0.7 0.65],5,0.0
1475,15,0,35,0,0,[1 0 0 0],[0 1 1 1],[0.95 0.8 0.7 0.65],2,0.0
1476,15,0,36,0,0,[1 0 1 0],[0 1 0 1],[0.95 0.8 0.7 0.65],8,0.0
1477,15,0,37,0,0,[1 1 0 0],[0 0 1 1],[0.95 0.8 0.7 0.65],1,0.0
1478,15,0,38,0,0,[0 1 1 1],[1 0 0 0],[0.95 0.8 0.7 0.65],5,0.0
1479,15,0,39,1,0,[1 0 1 0],[0 1 0 1],[0.95 0.8 0.7 0.65],8,0.0
1480,15,0,40,1,0,[1 1 0 0],[0 0 1 1],[0.95 0.8 0.7 0.65],1,0.0
1481,15,0,41,0,0,[0 1 1 1],[1 0 0 0],[0.95 0.8 0.7 0.65],5,0.0
1482,15,0,42,0,0,[1 1 0 0],[1 0 1 1],[0.95 0.8 0.7 0.65],7,0.0
1483,15,0,43,1,0,[1 0 1 1],[1 1 0 0],[0.95 0.8 0.7 0.65],3,0.0
1484,15,0,44,1,0,[1 0 1 0],[0 1 0 1],[0.95 0.8 0.7 0.65],8,0.0
1485,15,0,45,1,0,[0 0 1 1],[1 1 0 0],[0.95 0.8 0.7 0.65],4,0.0
1486,15,0,46,0,0,[1 1 0 0],[0 0 1 1],[0.95 0.8 0.7 0.65],1,0.0
1487,15,0,47,1,0,[1 0 1 1],[1 1 0 0],[0.95 0.8 0.7 0.65],3,0.0
1488,15,0,48,1,0,[0 0 1 1],[1 1 0 0],[0.95 0.8 0.7 0.65],4,0.0
1489,15,0,49,1,0,[1 0 0 0],[0 1 1 1],[0.95 0.8 0.7 0.65],2,0.0
1490,15,0,50,1,0,[1 1 0 0],[1 0 1 1],[0.95 0.8 0.7 0.65],7,0.0
1491,15,0,51,0,0,[1 0 1 1],[1 1 0 0],[0.95 0.8 0.7 0.65],3,0.0
1492,15,0,52,1,0,[0 1 1 1],[1 0 0 0],[0.95 0.8 0.7 0.65],5,0.0
1493,15,0,53,1,0,[1 1 0 0],[0 0 1 1],[0.95 0.8 0.7 0.65],1,0.0
1494,15,0,54,0,0,[0 1 0 1],[1 0 1 0],[0.95 0.8 0.7 0.65],6,0.0
1495,15,0,55,0,0,[0 0 1 1],[1 1 0 0],[0.95 0.8 0.7 0.65],4,0.0
1496,15,0,56,1,0,[1 1 0 0],[1 0 1 1],[0.95 0.8 0.7 0.65],7,0.0
1497,15,0,57,1,0,[1 1 0 0],[1 0 1 1],[0.95 0.8 0.7 0.65],7,0.0
1498,15,0,58,0,0,[0 1 1 1],[1 0 0 0],[0.95 0.8 0.7 0.65],5,0.0
1499,15,0,59,1,0,[1 1 0 0],[1 0 1 1],[0.95 0.8 0.7 0.65],7,0.0
1500,15,0,60,0,0,[0 0 1 1],[1 1 0 0],[0.95 0.8 0.7 0.65],4,0.0
1501,15,0,61,1,0,[1 0 0 0],[0 1 1 1],[0.95 0.8 0.7 0.65],2,0.0
1502,15,0,62,0,0,[1 1 0 0],[0 0 1 1],[0.95 0.8 0.7 0.65],1,0.0
1503,15,0,63,1,0,[1 0 1 1],[1 1 0 0],[0.95 0.8 0.7 0.65],3,0.0
1504,15,0,64,0,0,[1 0 1 0],[0 1 0 1],[0.95 0.8 0.7 0.65],8,0.0
1505,15,0,65,0,0,[1 1 0 0],[1 0 1 1],[0.95 0.8 0.7 0.65],7,0.0
1506,15,0,66,1,0,[1 1 0 0],[1 0 1 1],[0.95 0.8 0.7 0.65],7,0.0
1507,15,0,67,1,0,[1 0 1 0],[0 1 0 1],[0.95 0.8 0.7 0.65],8,0.0
1508,15,0,68,0,0,[0 1 1 1],[1 0 0 0],[0.95 0.8 0.7 0.65],5,0.0
1509,15,0,69,1,0,[1 0 1 0],[0 1 0 1],[0.95 0.8 0.7 0.65],8,0.0
1510,15,0,70,0,0,[1 1 0 0],[1 0 1 1],[0.95 0.8 0.7 0.65],7,0.0
1511,15,0,71,0,0,[1 0 1 1],[1 1 0 0],[0.95 0.8 0.7 0.65],3,0.0
1512,15,0,72,1,0,[1 1 0 0],[0 0 1 1],[0.95 0.8 0.7 0.65],1,0.0
1513,15,0,73,0,0,[1 1 0 0],[0 0 1 1],[0.95 0.8 0.7 0.65],1,0.0
1514,15,0,74,0,0,[1 0 1 0],[0 1 0 1],[0.95 0.8 0.7 0.65],8,0.0
1515,15,0,75,0,0,[0 0 1 1],[1 1 0 0],[0.95 0.8 0.7 0.65],4,0.0
1516,15,0,76,0,0,[1 0 1 0],[0 1 0 1],[0.95 0.8 0.7 0.65],8,0.0
1517,15,0,77,1,0,[0 0 1 1],[1 1 0 0],[0.95 0.8 0.7 0.65],4,0.0
1518,15,0,78,1,0,[1 1 0 0],[1 0 1 1],[0.95 0.8 0.7 0.65],7,0.0
1519,15,0,79,0,0,[0 1 0 1],[1 0 1 0],[0.95 0.8 0.7 0.65],6,0.0
1520,15,0,80,1,0,[0 1 1 1],[1 0 0 0],[0.95 0.8 0.7 0.65],5,0.0
1521,15,0,81,0,0,[0 1 0 1],[1 0 1 0],[0.95 0.8 0.7 0.65],6,0.0
1522,15,0,82,1,0,[0 0 1 1],[1 1 0 0],[0.95 0.8 0.7 0.65],4,0.0
1523,15,0,83,1,0,[1 0 0 0],[0 1 1 1],[0.95 0.8 0.7 0.65],2,0.0
1524,15,0,84,1,0,[1 0 0 0],[0 1 1 1],[0.95 0.8 0.7 0.65],2,0.0
1525,15,0,85,0,0,[0 1 1 1],[1 0 0 0],[0.95 0.8 0.7 0.65],5,0.0
1526,15,0,86,1,0,[0 1 0 1],[1 0 1 0],[0.95 0.8 0.7 0.65],6,0.0
1527,15,0,87,1,0,[1 0 0 0],[0 1 1 1],[0.95 0.8 0.7 0.65],2,0.0
1528,15,0,88,1,0,[0 1 0 1],[1 0 1 0],[0.95 0.8 0.7 0.65],6,0.0
1529,15,0,89,0,0,[1 0 1 1],[1 1 0 0],[0.95 0.8 0.7 0.65],3,0.0
1530,15,0,90,1,0,[0 1 0 1],[1 0 1 0],[0.95 0.8 0.7 0.65],6,0.0
1531,15,0,91,1,0,[0 1 0 1],[1 0 1 0],[0.95 0.8 0.7 0.65],6,0.0
1532,15,0,92,1,0,[1 1 0 0],[1 0 1 1],[0.95 0.8 0.7 0.65],7,0.0
1533,15,0,93,0,0,[1 0 0 0],[0 1 1 1],[0.95 0.8 0.7 0.65],2,0.0
1534,15,0,94,1,0,[0 0 1 1],[1 1 0 0],[0.95 0.8 0.7 0.65],4,0.0
1535,15,0,95,0,0,[0 1 1 1],[1 0 0 0],[0.95 0.8 0.7 0.65],5,0.0
1536,16,0,0,0,0,[1 1 0 0],[0 0 1 1],[0.95 0.8 0.7 0.65],1,0.0
1537,16,0,1,0,0,[1 0 0 0],[0 1 1 1],[0.95 0.8 0.7 0.65],2,0.0
1538,16,0,2,1,0,[1 0 1 1],[1 1 0 0],[0.95 0.8 0.7 0.65],3,0.0
1539,16,0,3,0,0,[1 1 0 0],[0 0 1 1],[0.95 0.8 0.7 0.65],1,0.0
1540,16,0,4,1,0,[0 0 1 1],[1 1 0 0],[0.95 0.8 0.7 0.65],4,0.0
1541,16,0,5,1,0,[0 1 1 1],[1 0 0 0],[0.95 0.8 0.7 0.65],5,0.0
1542,16,0,6,1,0,[0 1 0 1],[1 0 1 0],[0.95 0.8 0.7 0.65],6,0.0
1543,16,0,7,1,0,[1 1 0 0],[1 0 1 1],[0.95 0.8 0.7 0.65],7,0.0
1544,16,0,8,0,0,[1 0 1 0],[0 1 0 1],[0.95 0.8 0.7 0.65],8,0.0
1545,16,0,9,1,0,[1 1 0 0],[1 0 1 1],[0.95 0.8 0.7 0.65],7,0.0
1546,16,0,10,0,0,[1 0 1 0],[0 1 0 1],[0.95 0.8 0.7 0.65],8,0.0
1547,16,0,11,0,0,[1 1 0 0],[0 0 1 1],[0.95 0.8 0.7 0.65],1,0.0
1548,16,0,12,0,0,[1 0 1 0],[0 1 0 1],[0.95 0.8 0.7 0.65],8,0.0
1549,16,0,13,0,0,[1 0 1 1],[1 1 0 0],[0.95 0.8 0.7 0.65],3,0.0
1550,16,0,14,0,0,[1 0 1 1],[1 1 0 0],[0.95 0.8 0.7 0.65],3,0.0
1551,16,0,15,1,0,[0 1 0 1],[1 0 1 0],[0.95 0.8 0.7 0.65],6,0.0
1552,16,0,16,0,0,[1 0 1 1],[1 1 0 0],[0.95 0.8 0.7 0.65],3,0.0
1553,16,0,17,1,0,[0 1 0 1],[1 0 1 0],[0.95 0.8 0.7 0.65],6,0.0
1554,16,0,18,1,0,[0 0 1 1],[1 1 0 0],[0.95 0.8 0.7 0.65],4,0.0
1555,16,0,19,1,0,[0 0 1 1],[1 1 0 0],[0.95 0.8 0.7 0.65],4,0.0
1556,16,0,20,0,0,[1 1 0 0],[0 0 1 1],[0.95 0.8 0.7 0.65],1,0.0
1557,16,0,21,0,0,[1 0 1 1],[1 1 0 0],[0.95 0.8 0.7 0.65],3,0.0
1558,16,0,22,0,0,[1 0 0 0],[0 1 1 1],[0.95 0.8 0.7 0.65],2,0.0
1559,16,0,23,0,0,[1 0 1 1],[1 1 0 0],[0.95 0.8 0.7 0.65],3,0.0
1560,16,0,24,0,0,[1 0 1 0],[0 1 0 1],[0.95 0.8 0.7 0.65],8,0.0
1561,16,0,25,1,0,[0 1 0 1],[1 0 1 0],[0.95 0.8 0.7 0.65],6,0.0
1562,16,0,26,0,0,[1 1 0 0],[0 0 1 1],[0.95 0.8 0.7 0.65],1,0.0
1563,16,0,27,0,0,[1 0 0 0],[0 1 1 1],[0.95 0.8 0.7 0.65],2,0.0
1564,16,0,28,1,0,[0 1 1 1],[1 0 0 0],[0.95 0.8 0.7 0.65],5,0.0
1565,16,0,29,0,0,[1 0 0 0],[0 1 1 1],[0.95 0.8 0.7 0.65],2,0.0
1566,16,0,30,1,0,[0 1 1 1],[1 0 0 0],[0.95 0.8 0.7 0.65],5,0.0
1567,16,0,31,0,0,[1 0 0 0],[0 1 1 1],[0.95 0.8 0.7 0.65],2,0.0
1568,16,0,32,1,0,[0 1 0 1],[1 0 1 0],[0.95 0.8 0.7 0.65],6,0.0
1569,16,0,33,1,0,[0 0 1 1],[1 1 0 0],[0.95 0.8 0.7 0.65],4,0.0
1570,16,0,34,1,0,[0 1 1 1],[1 0 0 0],[0.95 0.8 0.7 0.65],5,0.0
1571,16,0,35,0,0,[1 0 0 0],[0 1 1 1],[0.95 0.8 0.7 0.65],2,0.0
1572,16,0,36,0,0,[1 0 1 0],[0 1 0 1],[0.95 0.8 0.7 0.65],8,0.0
1573,16,0,37,0,0,[1 1 0 0],[0 0 1 1],[0.95 0.8 0.7 0.65],1,0.0
1574,16,0,38,1,0,[0 1 1 1],[1 0 0 0],[0.95 0.8 0.7 0.65],5,0.0
1575,16,0,39,0,0,[1 0 1 0],[0 1 0 1],[0.95 0.8 0.7 0.65],8,0.0
1576,16,0,40,0,0,[1 1 0 0],[0 0 1 1],[0.95 0.8 0.7 0.65],1,0.0
1577,16,0,41,1,0,[0 1 1 1],[1 0 0 0],[0.95 0.8 0.7 0.65],5,0.0
1578,16,0,42,0,0,[1 1 0 0],[1 0 1 1],[0.95 0.8 0.7 0.65],7,0.0
1579,16,0,43,0,0,[1 0 1 1],[1 1 0 0],[0.95 0.8 0.7 0.65],3,0.0
1580,16,0,44,0,0,[1 0 1 0],[0 1 0 1],[0.95 0.8 0.7 0.65],8,0.0
1581,16,0,45,1,0,[0 0 1 1],[1 1 0 0],[0.95 0.8 0.7 0.65],4,0.0
1582,16,0,46,0,0,[1 1 0 0],[0 0 1 1],[0.95 0.8 0.7 0.65],1,0.0
1583,16,0,47,0,0,[1 0 1 1],[1 1 0 0],[0.95 0.8 0.7 0.65],3,0.0
1584,16,0,48,1,0,[0 0 1 1],[1 1 0 0],[0.95 0.8 0.7 0.65],4,0.0
1585,16,0,49,0,0,[1 0 0 0],[0 1 1 1],[0.95 0.8 0.7 0.65],2,0.0
1586,16,0,50,1,0,[1 1 0 0],[1 0 1 1],[0.95 0.8 0.7 0.65],7,0.0
1587,16,0,51,0,0,[1 0 1 1],[1 1 0 0],[0.95 0.8 0.7 0.65],3,0.0
1588,16,0,52,1,0,[0 1 1 1],[1 0 0 0],[0.95 0.8 0.7 0.65],5,0.0
1589,16,0,53,0,0,[1 1 0 0],[0 0 1 1],[0.95 0.8 0.7 0.65],1,0.0
1590,16,0,54,1,0,[0 1 0 1],[1 0 1 0],[0.95 0.8 0.7 0.65],6,0.0
1591,16,0,55,1,0,[0 0 1 1],[1 1 0 0],[0.95 0.8 0.7 0.65],4,0.0
1592,16,0,56,1,0,[1 1 0 0],[1 0 1 1],[0.95 0.8 0.7 0.65],7,0.0
1593,16,0,57,1,0,[1 1 0 0],[1 0 1 1],[0.95 0.8 0.7 0.65],7,0.0
1594,16,0,58,1,0,[0 1 1 1],[1 0 0 0],[0.95 0.8 0.7 0.65],5,0.0
1595,16,0,59,1,0,[1 1 0 0],[1 0 1 1],[0.95 0.8 0.7 0.65],7,0.0
1596,16,0,60,0,0,[0 0 1 1],[1 1 0 0],[0.95 0.8 0.7 0.65],4,0.0
1597,16,0,61,0,0,[1 0 0 0],[0 1 1 1],[0.95 0.8 0.7 0.65],2,0.0
1598,16,0,62,0,0,[1 1 0 0],[0 0 1 1],[0.95 0.8 0.7 0.65],1,0.0
1599,16,0,63,0,0,[1 0 1 1],[1 1 0 0],[0.95 0.8 0.7 0.65],3,0.0
1600,16,0,64,0,0,[1 0 1 0],[0 1 0 1],[0.95 0.8 0.7 0.65],8,0.0
1601,16,0,65,0,0,[1 1 0 0],[1 0 1 1],[0.95 0.8 0.7 0.65],7,0.0
1602,16,0,66,1,0,[1 1 0 0],[1 0 1 1],[0.95 0.8 0.7 0.65],7,0.0
1603,16,0,67,0,0,[1 0 1 0],[0 1 0 1],[0.95 0.8 0.7 0.65],8,0.0
1604,16,0,68,1,0,[0 1 1 1],[1 0 0 0],[0.95 0.8 0.7 0.65],5,0.0
1605,16,0,69,0,0,[1 0 1 0],[0 1 0 1],[0.95 0.8 0.7 0.65],8,0.0
1606,16,0,70,1,0,[1 1 0 0],[1 0 1 1],[0.95 0.8 0.7 0.65],7,0.0
1607,16,0,71,0,0,[1 0 1 1],[1 1 0 0],[0.95 0.8 0.7 0.65],3,0.0
1608,16,0,72,0,0,[1 1 0 0],[0 0 1 1],[0.95 0.8 0.7 0.65],1,0.0
1609,16,0,73,0,0,[1 1 0 0],[0 0 1 1],[0.95 0.8 0.7 0.65],1,0.0
1610,16,0,74,0,0,[1 0 1 0],[0 1 0 1],[0.95 0.8 0.7 0.65],8,0.0
1611,16,0,75,1,0,[0 0 1 1],[1 1 0 0],[0.95 0.8 0.7 0.65],4,0.0
1612,16,0,76,0,0,[1 0 1 0],[0 1 0 1],[0.95 0.8 0.7 0.65],8,0.0
1613,16,0,77,1,0,[0 0 1 1],[1 1 0 0],[0.95 0.8 0.7 0.65],4,0.0
1614,16,0,78,1,0,[1 1 0 0],[1 0 1 1],[0.95 0.8 0.7 0.65],7,0.0
1615,16,0,79,1,0,[0 1 0 1],[1 0 1 0],[0.95 0.8 0.7 0.65],6,0.0
1616,16,0,80,1,0,[0 1 1 1],[1 0 0 0],[0.95 0.8 0.7 0.65],5,0.0
1617,16,0,81,1,0,[0 1 0 1],[1 0 1 0],[0.95 0.8 0.7 0.65],6,0.0
1618,16,0,82,1,0,[0 0 1 1],[1 1 0 0],[0.95 0.8 0.7 0.65],4,0.0
1619,16,0,83,0,0,[1 0 0 0],[0 1 1 1],[0.95 0.8 0.7 0.65],2,0.0
1620,16,0,84,0,0,[1 0 0 0],[0 1 1 1],[0.95 0.8 0.7 0.65],2,0.0
1621,16,0,85,1,0,[0 1 1 1],[1 0 0 0],[0.95 0.8 0.7 0.65],5,0.0
1622,16,0,86,1,0,[0 1 0 1],[1 0 1 0],[0.95 0.8 0.7 0.65],6,0.0
1623,16,0,87,0,0,[1 0 0 0],[0 1 1 1],[0.95 0.8 0.7 0.65],2,0.0
1624,16,0,88,1,0,[0 1 0 1],[1 0 1 0],[0.95 0.8 0.7 0.65],6,0.0
1625,16,0,89,0,0,[1 0 1 1],[1 1 0 0],[0.95 0.8 0.7 0.65],3,0.0
1626,16,0,90,1,0,[0 1 0 1],[1 0 1 0],[0.95 0.8 0.7 0.65],6,0.0
1627,16,0,91,1,0,[0 1 0 1],[1 0 1 0],[0.95 0.8 0.7 0.65],6,0.0
1628,16,0,92,1,0,[1 1 0 0],[1 0 1 1],[0.95 0.8 0.7 0.65],7,0.0
1629,16,0,93,0,0,[1 0 0 0],[0 1 1 1],[0.95 0.8 0.7 0.65],2,0.0
1630,16,0,94,1,0,[0 0 1 1],[1 1 0 0],[0.95 0.8 0.7 0.65],4,0.0
1631,16,0,95,1,0,[0 1 1 1],[1 0 0 0],[0.95 0.8 0.7 0.65],5,0.0
1632,17,0,0,0,0,[1 1 0 0],[0 0 1 1],[0.95 0.8 0.7 0.65],1,0.0
1633,17,0,1,0,0,[1 0 0 0],[0 1 1 1],[0.95 0.8 0.7 0.65],2,0.0
1634,17,0,2,0,0,[1 0 1 1],[1 1 0 0],[0.95 0.8 0.7 0.65],3,0.0
1635,17,0,3,0,0,[1 1 0 0],[0 0 1 1],[0.95 0.8 0.7 0.65],1,0.0
1636,17,0,4,1,0,[0 0 1 1],[1 1 0 0],[0.95 0.8 0.7 0.65],4,0.0
1637,17,0,5,1,0,[0 1 1 1],[1 0 0 0],[0.95 0.8 0.7 0.65],5,0.0
1638,17,0,6,1,0,[0 1 0 1],[1 0 1 0],[0.95 0.8 0.7 0.65],6,0.0
1639,17,0,7,0,0,[1 1 0 0],[1 0 1 1],[0.95 0.8 0.7 0.65],7,0.0
1640,17,0,8,0,0,[1 0 1 0],[0 1 0 1],[0.95 0.8 0.7 0.65],8,0.0
1641,17,0,9,0,0,[1 1 0 0],[1 0 1 1],[0.95 0.8 0.7 0.65],7,0.0
1642,17,0,10,0,0,[1 0 1 0],[0 1 0 1],[0.95 0.8 0.7 0.65],8,0.0
1643,17,0,11,0,0,[1 1 0 0],[0 0 1 1],[0.95 0.8 0.7 0.65],1,0.0
1644,17,0,12,0,0,[1 0 1 0],[0 1 0 1],[0.95 0.8 0.7 0.65],8,0.0
1645,17,0,13,1,0,[1 0 1 1],[1 1 0 0],[0.95 0.8 0.7 0.65],3,0.0
1646,17,0,14,1,0,[1 0 1 1],[1 1 0 0],[0.95 0.8 0.7 0.65],3,0.0
1647,17,0,15,1,0,[0 1 0 1],[1 0 1 0],[0.95 0.8 0.7 0.65],6,0.0
1648,17,0,16,1,0,[1 0 1 1],[1 1 0 0],[0.95 0.8 0.7 0.65],3,0.0
1649,17,0,17,1,0,[0 1 0 1],[1 0 1 0],[0.95 0.8 0.7 0.65],6,0.0
1650,17,0,18,1,0,[0 0 1 1],[1 1 0 0],[0.95 0.8 0.7 0.65],4,0.0
1651,17,0,19,1,0,[0 0 1 1],[1 1 0 0],[0.95 0.8 0.7 0.65],4,0.0
1652,17,0,20,0,0,[1 1 0 0],[0 0 1 1],[0.95 0.8 0.7 0.65],1,0.0
1653,17,0,21,1,0,[1 0 1 1],[1 1 0 0],[0.95 0.8 0.7 0.65],3,0.0
1654,17,0,22,0,0,[1 0 0 0],[0 1 1 1],[0.95 0.8 0.7 0.65],2,0.0
1655,17,0,23,1,0,[1 0 1 1],[1 1 0 0],[0.95 0.8 0.7 0.65],3,0.0
1656,17,0,24,0,0,[1 0 1 0],[0 1 0 1],[0.95 0.8 0.7 0.65],8,0.0
1657,17,0,25,1,0,[0 1 0 1],[1 0 1 0],[0.95 0.8 0.7 0.65],6,0.0
1658,17,0,26,0,0,[1 1 0 0],[0 0 1 1],[0.95 0.8 0.7 0.65],1,0.0
1659,17,0,27,0,0,[1 0 0 0],[0 1 1 1],[0.95 0.8 0.7 0.65],2,0.0
1660,17,0,28,1,0,[0 1 1 1],[1 0 0 0],[0.95 0.8 0.7 0.65],5,0.0
1661,17,0,29,0,0,[1 0 0 0],[0 1 1 1],[0.95 0.8 0.7 0.65],2,0.0
1662,17,0,30,1,0,[0 1 1 1],[1 0 0 0],[0.95 0.8 0.7 0.65],5,0.0
1663,17,0,31,0,0,[1 0 0 0],[0 1 1 1],[0.95 0.8 0.7 0.65],2,0.0
1664,17,0,32,1,0,[0 1 0 1],[1 0 1 0],[0.95 0.8 0.7 0.65],6,0.0
1665,17,0,33,1,0,[0 0 1 1],[1 1 0 0],[0.95 0.8 0.7 0.65],4,0.0
1666,17,0,34,1,0,[0 1 1 1],[1 0 0 0],[0.95 0.8 0.7 0.65],5,0.0
1667,17,0,35,0,0,[1 0 0 0],[0 1 1 1],[0.95 0.8 0.7 0.65],2,0.0
1668,17,0,36,0,0,[1 0 1 0],[0 1 0 1],[0.95 0.8 0.7 0.65],8,0.0
1669,17,0,37,0,0,[1 1 0 0],[0 0 1 1],[0.95 0.8 0.7 0.65],1,0.0
1670,17,0,38,1,0,[0 1 1 1],[1 0 0 0],[0.95 0.8 0.7 0.65],5,0.0
1671,17,0,39,0,0,[1 0 1 0],[0 1 0 1],[0.95 0.8 0.7 0.65],8,0.0
1672,17,0,40,0,0,[1 1 0 0],[0 0 1 1],[0.95 0.8 0.7 0.65],1,0.0
1673,17,0,41,1,0,[0 1 1 1],[1 0 0 0],[0.95 0.8 0.7 0.65],5,0.0
1674,17,0,42,0,0,[1 1 0 0],[1 0 1 1],[0.95 0.8 0.7 0.65],7,0.0
1675,17,0,43,1,0,[1 0 1 1],[1 1 0 0],[0.95 0.8 0.7 0.65],3,0.0
1676,17,0,44,0,0,[1 0 1 0],[0 1 0 1],[0.95 0.8 0.7 0.65],8,0.0
1677,17,0,45,1,0,[0 0 1 1],[1 1 0 0],[0.95 0.8 0.7 0.65],4,0.0
1678,17,0,46,0,0,[1 1 0 0],[0 0 1 1],[0.95 0.8 0.7 0.65],1,0.0
1679,17,0,47,1,0,[1 0 1 1],[1 1 0 0],[0.95 0.8 0.7 0.65],3,0.0
1680,17,0,48,1,0,[0 0 1 1],[1 1 0 0],[0.95 0.8 0.7 0.65],4,0.0
1681,17,0,49,0,0,[1 0 0 0],[0 1 1 1],[0.95 0.8 0.7 0.65],2,0.0
1682,17,0,50,0,0,[1 1 0 0],[1 0 1 1],[0.95 0.8 0.7 0.65],7,0.0
1683,17,0,51,1,0,[1 0 1 1],[1 1 0 0],[0.95 0.8 0.7 0.65],3,0.0
1684,17,0,52,1,0,[0 1 1 1],[1 0 0 0],[0.95 0.8 0.7 0.65],5,0.0
1685,17,0,53,0,0,[1 1 0 0],[0 0 1 1],[0.95 0.8 0.7 0.65],1,0.0
1686,17,0,54,1,0,[0 1 0 1],[1 0 1 0],[0.95 0.8 0.7 0.65],6,0.0
1687,17,0,55,1,0,[0 0 1 1],[1 1 0 0],[0.95 0.8 0.7 0.65],4,0.0
1688,17,0,56,0,0,[1 1 0 0],[1 0 1 1],[0.95 0.8 0.7 0.65],7,0.0
1689,17,0,57,0,0,[1 1 0 0],[1 0 1 1],[0.95 0.8 0.7 0.65],7,0.0
1690,17,0,58,1,0,[0 1 1 1],[1 0 0 0],[0.95 0.8 0.7 0.65],5,0.0
1691,17,0,59,0,0,[1 1 0 0],[1 0 1 1],[0.95 0.8 0.7 0.65],7,0.0
1692,17,0,60,1,0,[0 0 1 1],[1 1 0 0],[0.95 0.8 0.7 0.65],4,0.0
1693,17,0,61,0,0,[1 0 0 0],[0 1 1 1],[0.95 0.8 0.7 0.65],2,0.0
1694,17,0,62,0,0,[1 1 0 0],[0 0 1 1],[0.95 0.8 0.7 0.65],1,0.0
1695,17,0,63,1,0,[1 0 1 1],[1 1 0 0],[0.95 0.8 0.7 0.65],3,0.0
1696,17,0,64,0,0,[1 0 1 0],[0 1 0 1],[0.95 0.8 0.7 0.65],8,0.0
1697,17,0,65,0,0,[1 1 0 0],[1 0 1 1],[0.95 0.8 0.7 0.65],7,0.0
1698,17,0,66,0,0,[1 1 0 0],[1 0 1 1],[0.95 0.8 0.7 0.65],7,0.0
1699,17,0,67,1,0,[1 0 1 0],[0 1 0 1],[0.95 0.8 0.7 0.65],8,0.0
1700,17,0,68,1,0,[0 1 1 1],[1 0 0 0],[0.95 0.8 0.7 0.65],5,0.0
1701,17,0,69,0,0,[1 0 1 0],[0 1 0 1],[0.95 0.8 0.7 0.65],8,0.0
1702,17,0,70,0,0,[1 1 0 0],[1 0 1 1],[0.95 0.8 0.7 0.65],7,0.0
1703,17,0,71,1,0,[1 0 1 1],[1 1 0 0],[0.95 0.8 0.7 0.65],3,0.0
1704,17,0,72,0,0,[1 1 0 0],[0 0 1 1],[0.95 0.8 0.7 0.65],1,0.0
1705,17,0,73,0,0,[1 1 0 0],[0 0 1 1],[0.95 0.8 0.7 0.65],1,0.0
1706,17,0,74,0,0,[1 0 1 0],[0 1 0 1],[0.95 0.8 0.7 0.65],8,0.0
1707,17,0,75,1,0,[0 0 1 1],[1 1 0 0],[0.95 0.8 0.7 0.65],4,0.0
1708,17,0,76,0,0,[1 0 1 0],[0 1 0 1],[0.95 0.8 0.7 0.65],8,0.0
1709,17,0,77,1,0,[0 0 1 1],[1 1 0 0],[0.95 0.8 0.7 0.65],4,0.0
1710,17,0,78,0,0,[1 1 0 0],[1 0 1 1],[0.95 0.8 0.7 0.65],7,0.0
1711,17,0,79,1,0,[0 1 0 1],[1 0 1 0],[0.95 0.8 0.7 0.65],6,0.0
1712,17,0,80,1,0,[0 1 1 1],[1 0 0 0],[0.95 0.8 0.7 0.65],5,0.0
1713,17,0,81,1,0,[0 1 0 1],[1 0 1 0],[0.95 0.8 0.7 0.65],6,0.0
1714,17,0,82,1,0,[0 0 1 1],[1 1 0 0],[0.95 0.8 0.7 0.65],4,0.0
1715,17,0,83,0,0,[1 0 0 0],[0 1 1 1],[0.95 0.8 0.7 0.65],2,0.0
1716,17,0,84,0,0,[1 0 0 0],[0 1 1 1],[0.95 0.8 0.7 0.65],2,0.0
1717,17,0,85,1,0,[0 1 1 1],[1 0 0 0],[0.95 0.8 0.7 0.65],5,0.0
1718,17,0,86,1,0,[0 1 0 1],[1 0 1 0],[0.95 0.8 0.7 0.65],6,0.0
1719,17,0,87,0,0,[1 0 0 0],[0 1 1 1],[0.95 0.8 0.7 0.65],2,0.0
1720,17,0,88,1,0,[0 1 0 1],[1 0 1 0],[0.95 0.8 0.7 0.65],6,0.0
1721,17,0,89,1,0,[1 0 1 1],[1 1 0 0],[0.95 0.8 0.7 0.65],3,0.0
1722,17,0,90,1,0,[0 1 0 1],[1 0 1 0],[0.95 0.8 0.7 0.65],6,0.0
1723,17,0,91,1,0,[0 1 0 1],[1 0 1 0],[0.95 0.8 0.7 0.65],6,0.0
1724,17,0,92,0,0,[1 1 0 0],[1 0 1 1],[0.95 0.8 0.7 0.65],7,0.0
1725,17,0,93,0,0,[1 0 0 0],[0 1 1 1],[0.95 0.8 0.7 0.65],2,0.0
1726,17,0,94,1,0,[0 0 1 1],[1 1 0 0],[0.95 0.8 0.7 0.65],4,0.0
1727,17,0,95,1,0,[0 1 1 1],[1 0 0 0],[0.95 0.8 0.7 0.65],5,0.0
1728,18,0,0,0,0,[1 1 0 0],[0 0 1 1],[0.95 0.8 0.7 0.65],1,0.0
1729,18,0,1,1,0,[1 0 0 0],[0 1 1 1],[0.95 0.8 0.7 0.65],2,0.0
1730,18,0,2,0,0,[1 0 1 1],[1 1 0 0],[0.95 0.8 0.7 0.65],3,0.0
1731,18,0,3,0,0,[1 1 0 0],[0 0 1 1],[0.95 0.8 0.7 0.65],1,0.0
1732,18,0,4,1,0,[0 0 1 1],[1 1 0 0],[0.95 0.8 0.7 0.65],4,0.0
1733,18,0,5,1,0,[0 1 1 1],[1 0 0 0],[0.95 0.8 0.7 0.65],5,0.0
1734,18,0,6,0,0,[0 1 0 1],[1 0 1 0],[0.95 0.8 0.7 0.65],6,0.0
1735,18,0,7,0,0,[1 1 0 0],[1 0 1 1],[0.95 0.8 0.7 0.65],7,0.0
1736,18,0,8,0,0,[1 0 1 0],[0 1 0 1],[0.95 0.8 0.7 0.65],8,0.0
1737,18,0,9,0,0,[1 1 0 0],[1 0 1 1],[0.95 0.8 0.7 0.65],7,0.0
1738,18,0,10,1,0,[1 0 1 0],[0 1 0 1],[0.95 0.8 0.7 0.65],8,0.0
1739,18,0,11,0,0,[1 1 0 0],[0 0 1 1],[0.95 0.8 0.7 0.65],1,0.0
1740,18,0,12,0,0,[1 0 1 0],[0 1 0 1],[0.95 0.8 0.7 0.65],8,0.0
1741,18,0,13,0,0,[1 0 1 1],[1 1 0 0],[0.95 0.8 0.7 0.65],3,0.0
1742,18,0,14,0,0,[1 0 1 1],[1 1 0 0],[0.95 0.8 0.7 0.65],3,0.0
1743,18,0,15,1,0,[0 1 0 1],[1 0 1 0],[0.95 0.8 0.7 0.65],6,0.0
1744,18,0,16,0,0,[1 0 1 1],[1 1 0 0],[0.95 0.8 0.7 0.65],3,0.0
1745,18,0,17,1,0,[0 1 0 1],[1 0 1 0],[0.95 0.8 0.7 0.65],6,0.0
1746,18,0,18,1,0,[0 0 1 1],[1 1 0 0],[0.95 0.8 0.7 0.65],4,0.0
1747,18,0,19,1,0,[0 0 1 1],[1 1 0 0],[0.95 0.8 0.7 0.65],4,0.0
1748,18,0,20,0,0,[1 1 0 0],[0 0 1 1],[0.95 0.8 0.7 0.65],1,0.0
1749,18,0,21,0,0,[1 0 1 1],[1 1 0 0],[0.95 0.8 0.7 0.65],3,0.0
1750,18,0,22,1,0,[1 0 0 0],[0 1 1 1],[0.95 0.8 0.7 0.65],2,0.0
1751,18,0,23,0,0,[1 0 1 1],[1 1 0 0],[0.95 0.8 0.7 0.65],3,0.0
1752,18,0,24,0,0,[1 0 1 0],[0 1 0 1],[0.95 0.8 0.7 0.65],8,0.0
1753,18,0,25,1,0,[0 1 0 1],[1 0 1 0],[0.95 0.8 0.7 0.65],6,0.0
1754,18,0,26,0,0,[1 1 0 0],[0 0 1 1],[0.95 0.8 0.7 0.65],1,0.0
1755,18,0,27,1,0,[1 0 0 0],[0 1 1 1],[0.95 0.8 0.7 0.65],2,0.0
1756,18,0,28,0,0,[0 1 1 1],[1 0 0 0],[0.95 0.8 0.7 0.65],5,0.0
1757,18,0,29,1,0,[1 0 0 0],[0 1 1 1],[0.95 0.8 0.7 0.65],2,0.0
1758,18,0,30,0,0,[0 1 1 1],[1 0 0 0],[0.95 0.8 0.7 0.65],5,0.0
1759,18,0,31,1,0,[1 0 0 0],[0 1 1 1],[0.95 0.8 0.7 0.65],2,0.0
1760,18,0,32,1,0,[0 1 0 1],[1 0 1 0],[0.95 0.8 0.7 0.65],6,0.0
1761,18,0,33,1,0,[0 0 1 1],[1 1 0 0],[0.95 0.8 0.7 0.65],4,0.0
1762,18,0,34,0,0,[0 1 1 1],[1 0 0 0],[0.95 0.8 0.7 0.65],5,0.0
1763,18,0,35,1,0,[1 0 0 0],[0 1 1 1],[0.95 0.8 0.7 0.65],2,0.0
1764,18,0,36,0,0,[1 0 1 0],[0 1 0 1],[0.95 0.8 0.7 0.65],8,0.0
1765,18,0,37,0,0,[1 1 0 0],[0 0 1 1],[0.95 0.8 0.7 0.65],1,0.0
1766,18,0,38,0,0,[0 1 1 1],[1 0 0 0],[0.95 0.8 0.7 0.65],5,0.0
1767,18,0,39,0,0,[1 0 1 0],[0 1 0 1],[0.95 0.8 0.7 0.65],8,0.0
1768,18,0,40,0,0,[1 1 0 0],[0 0 1 1],[0.95 0.8 0.7 0.65],1,0.0
1769,18,0,41,0,0,[0 1 1 1],[1 0 0 0],[0.95 0.8 0.7 0.65],5,0.0
1770,18,0,42,1,0,[1 1 0 0],[1 0 1 1],[0.95 0.8 0.7 0.65],7,0.0
1771,18,0,43,0,0,[1 0 1 1],[1 1 0 0],[0.95 0.8 0.7 0.65],3,0.0
1772,18,0,44,0,0,[1 0 1 0],[0 1 0 1],[0.95 0.8 0.7 0.65],8,0.0
1773,18,0,45,1,0,[0 0 1 1],[1 1 0 0],[0.95 0.8 0.7 0.65],4,0.0
1774,18,0,46,0,0,[1 1 0 0],[0 0 1 1],[0.95 0.8 0.7 0.65],1,0.0
1775,18,0,47,0,0,[1 0 1 1],[1 1 0 0],[0.95 0.8 0.7 0.65],3,0.0
1776,18,0,48,1,0,[0 0 1 1],[1 1 0 0],[0.95 0.8 0.7 0.65],4,0.0
1777,18,0,49,1,0,[1 0 0 0],[0 1 1 1],[0.95 0.8 0.7 0.65],2,0.0
1778,18,0,50,1,0,[1 1 0 0],[1 0 1 1],[0.95 0.8 0.7 0.65],7,0.0
1779,18,0,51,0,0,[1 0 1 1],[1 1 0 0],[0.95 0.8 0.7 0.65],3,0.0
1780,18,0,52,0,0,[0 1 1 1],[1 0 0 0],[0.95 0.8 0.7 0.65],5,0.0
1781,18,0,53,0,0,[1 1 0 0],[0 0 1 1],[0.95 0.8 0.7 0.65],1,0.0
1782,18,0,54,1,0,[0 1 0 1],[1 0 1 0],[0.95 0.8 0.7 0.65],6,0.0
1783,18,0,55,1,0,[0 0 1 1],[1 1 0 0],[0.95 0.8 0.7 0.65],4,0.0
1784,18,0,56,1,0,[1 1 0 0],[1 0 1 1],[0.95 0.8 0.7 0.65],7,0.0
1785,18,0,57,1,0,[1 1 0 0],[1 0 1 1],[0.95 0.8 0.7 0.65],7,0.0
1786,18,0,58,0,0,[0 1 1 1],[1 0 0 0],[0.95 0.8 0.7 0.65],5,0.0
1787,18,0,59,1,0,[1 1 0 0],[1 0 1 1],[0.95 0.8 0.7 0.65],7,0.0
1788,18,0,60,1,0,[0 0 1 1],[1 1 0 0],[0.95 0.8 0.7 0.65],4,0.0
1789,18,0,61,1,0,[1 0 0 0],[0 1 1 1],[0.95 0.8 0.7 0.65],2,0.0
1790,18,0,62,0,0,[1 1 0 0],[0 0 1 1],[0.95 0.8 0.7 0.65],1,0.0
1791,18,0,63,0,0,[1 0 1 1],[1 1 0 0],[0.95 0.8 0.7 0.65],3,0.0
1792,18,0,64,0,0,[1 0 1 0],[0 1 0 1],[0.95 0.8 0.7 0.65],8,0.0
1793,18,0,65,1,0,[1 1 0 0],[1 0 1 1],[0.95 0.8 0.7 0.65],7,0.0
1794,18,0,66,1,0,[1 1 0 0],[1 0 1 1],[0.95 0.8 0.7 0.65],7,0.0
1795,18,0,67,0,0,[1 0 1 0],[0 1 0 1],[0.95 0.8 0.7 0.65],8,0.0
1796,18,0,68,0,0,[0 1 1 1],[1 0 0 0],[0.95 0.8 0.7 0.65],5,0.0
1797,18,0,69,0,0,[1 0 1 0],[0 1 0 1],[0.95 0.8 0.7 0.65],8,0.0
1798,18,0,70,1,0,[1 1 0 0],[1 0 1 1],[0.95 0.8 0.7 0.65],7,0.0
1799,18,0,71,0,0,[1 0 1 1],[1 1 0 0],[0.95 0.8 0.7 0.65],3,0.0
1800,18,0,72,0,0,[1 1 0 0],[0 0 1 1],[0.95 0.8 0.7 0.65],1,0.0
1801,18,0,73,0,0,[1 1 0 0],[0 0 1 1],[0.95 0.8 0.7 0.65],1,0.0
1802,18,0,74,0,0,[1 0 1 0],[0 1 0 1],[0.95 0.8 0.7 0.65],8,0.0
1803,18,0,75,1,0,[0 0 1 1],[1 1 0 0],[0.95 0.8 0.7 0.65],4,0.0
1804,18,0,76,0,0,[1 0 1 0],[0 1 0 1],[0.95 0.8 0.7 0.65],8,0.0
1805,18,0,77,1,0,[0 0 1 1],[1 1 0 0],[0.95 0.8 0.7 0.65],4,0.0
1806,18,0,78,1,0,[1 1 0 0],[1 0 1 1],[0.95 0.8 0.7 0.65],7,0.0
1807,18,0,79,1,0,[0 1 0 1],[1 0 1 0],[0.95 0.8 0.7 0.65],6,0.0
1808,18,0,80,0,0,[0 1 1 1],[1 0 0 0],[0.95 0.8 0.7 0.65],5,0.0
1809,18,0,81,1,0,[0 1 0 1],[1 0 1 0],[0.95 0.8 0.7 0.65],6,0.0
1810,18,0,82,1,0,[0 0 1 1],[1 1 0 0],[0.95 0.8 0.7 0.65],4,0.0
1811,18,0,83,1,0,[1 0 0 0],[0 1 1 1],[0.95 0.8 0.7 0.65],2,0.0
1812,18,0,84,1,0,[1 0 0 0],[0 1 1 1],[0.95 0.8 0.7 0.65],2,0.0
1813,18,0,85,0,0,[0 1 1 1],[1 0 0 0],[0.95 0.8 0.7 0.65],5,0.0
1814,18,0,86,1,0,[0 1 0 1],[1 0 1 0],[0.95 0.8 0.7 0.65],6,0.0
1815,18,0,87,1,0,[1 0 0 0],[0 1 1 1],[0.95 0.8 0.7 0.65],2,0.0
1816,18,0,88,1,0,[0 1 0 1],[1 0 1 0],[0.95 0.8 0.7 0.65],6,0.0
1817,18,0,89,0,0,[1 0 1 1],[1 1 0 0],[0.95 0.8 0.7 0.65],3,0.0
1818,18,0,90,1,0,[0 1 0 1],[1 0 1 0],[0.95 0.8 0.7 0.65],6,0.0
1819,18,0,91,1,0,[0 1 0 1],[1 0 1 0],[0.95 0.8 0.7 0.65],6,0.0
1820,18,0,92,1,0,[1 1 0 0],[1 0 1 1],[0.95 0.8 0.7 0.65],7,0.0
1821,18,0,93,1,0,[1 0 0 0],[0 1 1 1],[0.95 0.8 0.7 0.65],2,0.0
1822,18,0,94,1,0,[0 0 1 1],[1 1 0 0],[0.95 0.8 0.7 0.65],4,0.0
1823,18,0,95,0,0,[0 1 1 1],[1 0 0 0],[0.95 0.8 0.7 0.65],5,0.0
1824,19,0,0,0,0,[1 1 0 0],[0 0 1 1],[0.95 0.8 0.7 0.65],1,0.0
1825,19,0,1,1,0,[1 0 0 0],[0 1 1 1],[0.95 0.8 0.7 0.65],2,0.0
1826,19,0,2,1,0,[1 0 1 1],[1 1 0 0],[0.95 0.8 0.7 0.65],3,0.0
1827,19,0,3,0,0,[1 1 0 0],[0 0 1 1],[0.95 0.8 0.7 0.65],1,0.0
1828,19,0,4,1,0,[0 0 1 1],[1 1 0 0],[0.95 0.8 0.7 0.65],4,0.0
1829,19,0,5,1,0,[0 1 1 1],[1 0 0 0],[0.95 0.8 0.7 0.65],5,0.0
1830,19,0,6,0,0,[0 1 0 1],[1 0 1 0],[0.95 0.8 0.7 0.65],6,0.0
1831,19,0,7,1,0,[1 1 0 0],[1 0 1 1],[0.95 0.8 0.7 0.65],7,0.0
1832,19,0,8,0,0,[1 0 1 0],[0 1 0 1],[0.95 0.8 0.7 0.65],8,0.0
1833,19,0,9,1,0,[1 1 0 0],[1 0 1 1],[0.95 0.8 0.7 0.65],7,0.0
1834,19,0,10,1,0,[1 0 1 0],[0 1 0 1],[0.95 0.8 0.7 0.65],8,0.0
1835,19,0,11,1,0,[1 1 0 0],[0 0 1 1],[0.95 0.8 0.7 0.65],1,0.0
1836,19,0,12,1,0,[1 0 1 0],[0 1 0 1],[0.95 0.8 0.7 0.65],8,0.0
1837,19,0,13,1,0,[1 0 1 1],[1 1 0 0],[0.95 0.8 0.7 0.65],3,0.0
1838,19,0,14,1,0,[1 0 1 1],[1 1 0 0],[0.95 0.8 0.7 0.65],3,0.0
1839,19,0,15,0,0,[0 1 0 1],[1 0 1 0],[0.95 0.8 0.7 0.65],6,0.0
1840,19,0,16,1,0,[1 0 1 1],[1 1 0 0],[0.95 0.8 0.7 0.65],3,0.0
1841,19,0,17,0,0,[0 1 0 1],[1 0 1 0],[0.95 0.8 0.7 0.65],6,0.0
1842,19,0,18,1,0,[0 0 1 1],[1 1 0 0],[0.95 0.8 0.7 0.65],4,0.0
1843,19,0,19,1,0,[0 0 1 1],[1 1 0 0],[0.95 0.8 0.7 0.65],4,0.0
1844,19,0,20,1,0,[1 1 0 0],[0 0 1 1],[0.95 0.8 0.7 0.65],1,0.0
1845,19,0,21,1,0,[1 0 1 1],[1 1 0 0],[0.95 0.8 0.7 0.65],3,0.0
1846,19,0,22,0,0,[1 0 0 0],[0 1 1 1],[0.95 0.8 0.7 0.65],2,0.0
1847,19,0,23,1,0,[1 0 1 1],[1 1 0 0],[0.95 0.8 0.7 0.65],3,0.0
1848,19,0,24,1,0,[1 0 1 0],[0 1 0 1],[0.95 0.8 0.7 0.65],8,0.0
1849,19,0,25,0,0,[0 1 0 1],[1 0 1 0],[0.95 0.8 0.7 0.65],6,0.0
1850,19,0,26,1,0,[1 1 0 0],[0 0 1 1],[0.95 0.8 0.7 0.65],1,0.0
1851,19,0,27,0,0,[1 0 0 0],[0 1 1 1],[0.95 0.8 0.7 0.65],2,0.0
1852,19,0,28,1,0,[0 1 1 1],[1 0 0 0],[0.95 0.8 0.7 0.65],5,0.0
1853,19,0,29,0,0,[1 0 0 0],[0 1 1 1],[0.95 0.8 0.7 0.65],2,0.0
1854,19,0,30,0,0,[0 1 1 1],[1 0 0 0],[0.95 0.8 0.7 0.65],5,0.0
1855,19,0,31,1,0,[1 0 0 0],[0 1 1 1],[0.95 0.8 0.7 0.65],2,0.0
1856,19,0,32,1,0,[0 1 0 1],[1 0 1 0],[0.95 0.8 0.7 0.65],6,0.0
1857,19,0,33,1,0,[0 0 1 1],[1 1 0 0],[0.95 0.8 0.7 0.65],4,0.0
1858,19,0,34,0,0,[0 1 1 1],[1 0 0 0],[0.95 0.8 0.7 0.65],5,0.0
1859,19,0,35,1,0,[1 0 0 0],[0 1 1 1],[0.95 0.8 0.7 0.65],2,0.0
1860,19,0,36,0,0,[1 0 1 0],[0 1 0 1],[0.95 0.8 0.7 0.65],8,0.0
1861,19,0,37,0,0,[1 1 0 0],[0 0 1 1],[0.95 0.8 0.7 0.65],1,0.0
1862,19,0,38,0,0,[0 1 1 1],[1 0 0 0],[0.95 0.8 0.7 0.65],5,0.0
1863,19,0,39,0,0,[1 0 1 0],[0 1 0 1],[0.95 0.8 0.7 0.65],8,0.0
1864,19,0,40,0,0,[1 1 0 0],[0 0 1 1],[0.95 0.8 0.7 0.65],1,0.0
1865,19,0,41,0,0,[0 1 1 1],[1 0 0 0],[0.95 0.8 0.7 0.65],5,0.0
1866,19,0,42,0,0,[1 1 0 0],[1 0 1 1],[0.95 0.8 0.7 0.65],7,0.0
1867,19,0,43,0,0,[1 0 1 1],[1 1 0 0],[0.95 0.8 0.7 0.65],3,0.0
1868,19,0,44,1,0,[1 0 1 0],[0 1 0 1],[0.95 0.8 0.7 0.65],8,0.0
1869,19,0,45,1,0,[0 0 1 1],[1 1 0 0],[0.95 0.8 0.7 0.65],4,0.0
1870,19,0,46,0,0,[1 1 0 0],[0 0 1 1],[0.95 0.8 0.7 0.65],1,0.0
1871,19,0,47,0,0,[1 0 1 1],[1 1 0 0],[0.95 0.8 0.7 0.65],3,0.0
1872,19,0,48,1,0,[0 0 1 1],[1 1 0 0],[0.95 0.8 0.7 0.65],4,0.0
1873,19,0,49,1,0,[1 0 0 0],[0 1 1 1],[0.95 0.8 0.7 0.65],2,0.0
1874,19,0,50,1,0,[1 1 0 0],[1 0 1 1],[0.95 0.8 0.7 0.65],7,0.0
1875,19,0,51,0,0,[1 0 1 1],[1 1 0 0],[0.95 0.8 0.7 0.65],3,0.0
1876,19,0,52,0,0,[0 1 1 1],[1 0 0 0],[0.95 0.8 0.7 0.65],5,0.0
1877,19,0,53,0,0,[1 1 0 0],[0 0 1 1],[0.95 0.8 0.7 0.65],1,0.0
1878,19,0,54,1,0,[0 1 0 1],[1 0 1 0],[0.95 0.8 0.7 0.65],6,0.0
1879,19,0,55,1,0,[0 0 1 1],[1 1 0 0],[0.95 0.8 0.7 0.65],4,0.0
1880,19,0,56,1,0,[1 1 0 0],[1 0 1 1],[0.95 0.8 0.7 0.65],7,0.0
1881,19,0,57,1,0,[1 1 0 0],[1 0 1 1],[0.95 0.8 0.7 0.65],7,0.0
1882,19,0,58,0,0,[0 1 1 1],[1 0 0 0],[0.95 0.8 0.7 0.65],5,0.0
1883,19,0,59,1,0,[1 1 0 0],[1 0 1 1],[0.95 0.8 0.7 0.65],7,0.0
1884,19,0,60,1,0,[0 0 1 1],[1 1 0 0],[0.95 0.8 0.7 0.65],4,0.0
1885,19,0,61,1,0,[1 0 0 0],[0 1 1 1],[0.95 0.8 0.7 0.65],2,0.0
1886,19,0,62,0,0,[1 1 0 0],[0 0 1 1],[0.95 0.8 0.7 0.65],1,0.0
1887,19,0,63,0,0,[1 0 1 1],[1 1 0 0],[0.95 0.8 0.7 0.65],3,0.0
1888,19,0,64,0,0,[1 0 1 0],[0 1 0 1],[0.95 0.8 0.7 0.65],8,0.0
1889,19,0,65,1,0,[1 1 0 0],[1 0 1 1],[0.95 0.8 0.7 0.65],7,0.0
1890,19,0,66,1,0,[1 1 0 0],[1 0 1 1],[0.95 0.8 0.7 0.65],7,0.0
1891,19,0,67,0,0,[1 0 1 0],[0 1 0 1],[0.95 0.8 0.7 0.65],8,0.0
1892,19,0,68,0,0,[0 1 1 1],[1 0 0 0],[0.95 0.8 0.7 0.65],5,0.0
1893,19,0,69,0,0,[1 0 1 0],[0 1 0 1],[0.95 0.8 0.7 0.65],8,0.0
1894,19,0,70,1,0,[1 1 0 0],[1 0 1 1],[0.95 0.8 0.7 0.65],7,0.0
1895,19,0,71,0,0,[1 0 1 1],[1 1 0 0],[0.95 0.8 0.7 0.65],3,0.0
1896,19,0,72,0,0,[1 1 0 0],[0 0 1 1],[0.95 0.8 0.7 0.65],1,0.0
1897,19,0,73,0,0,[1 1 0 0],[0 0 1 1],[0.95 0.8 0.7 0.65],1,0.0
1898,19,0,74,0,0,[1 0 1 0],[0 1 0 1],[0.95 0.8 0.7 0.65],8,0.0
1899,19,0,75,1,0,[0 0 1 1],[1 1 0 0],[0.95 0.8 0.7 0.65],4,0.0
1900,19,0,76,0,0,[1 0 1 0],[0 1 0 1],[0.95 0.8 0.7 0.65],8,0.0
1901,19,0,77,1,0,[0 0 1 1],[1 1 0 0],[0.95 0.8 0.7 0.65],4,0.0
1902,19,0,78,0,0,[1 1 0 0],[1 0 1 1],[0.95 0.8 0.7 0.65],7,0.0
1903,19,0,79,1,0,[0 1 0 1],[1 0 1 0],[0.95 0.8 0.7 0.65],6,0.0
1904,19,0,80,0,0,[0 1 1 1],[1 0 0 0],[0.95 0.8 0.7 0.65],5,0.0
1905,19,0,81,1,0,[0 1 0 1],[1 0 1 0],[0.95 0.8 0.7 0.65],6,0.0
1906,19,0,82,1,0,[0 0 1 1],[1 1 0 0],[0.95 0.8 0.7 0.65],4,0.0
1907,19,0,83,1,0,[1 0 0 0],[0 1 1 1],[0.95 0.8 0.7 0.65],2,0.0
1908,19,0,84,1,0,[1 0 0 0],[0 1 1 1],[0.95 0.8 0.7 0.65],2,0.0
1909,19,0,85,0,0,[0 1 1 1],[1 0 0 0],[0.95 0.8 0.7 0.65],5,0.0
1910,19,0,86,1,0,[0 1 0 1],[1 0 1 0],[0.95 0.8 0.7 0.65],6,0.0
1911,19,0,87,1,0,[1 0 0 0],[0 1 1 1],[0.95 0.8 0.7 0.65],2,0.0
1912,19,0,88,1,0,[0 1 0 1],[1 0 1 0],[0.95 0.8 0.7 0.65],6,0.0
1913,19,0,89,0,0,[1 0 1 1],[1 1 0 0],[0.95 0.8 0.7 0.65],3,0.0
1914,19,0,90,1,0,[0 1 0 1],[1 0 1 0],[0.95 0.8 0.7 0.65],6,0.0
1915,19,0,91,1,0,[0 1 0 1],[1 0 1 0],[0.95 0.8 0.7 0.65],6,0.0
1916,19,0,92,1,0,[1 1 0 0],[1 0 1 1],[0.95 0.8 0.7 0.65],7,0.0
1917,19,0,93,1,0,[1 0 0 0],[0 1 1 1],[0.95 0.8 0.7 0.65],2,0.0
1918,19,0,94,1,0,[0 0 1 1],[1 1 0 0],[0.95 0.8 0.7 0.65],4,0.0
1919,19,0,95,0,0,[0 1 1 1],[1 0 0 0],[0.95 0.8 0.7 0.65],5,0.0
1920,20,0,0,0,0,[1 1 0 0],[0 0 1 1],[0.95 0.8 0.7 0.65],1,0.0
1921,20,0,1,0,0,[1 0 0 0],[0 1 1 1],[0.95 0.8 0.7 0.65],2,0.0
1922,20,0,2,1,0,[1 0 1 1],[1 1 0 0],[0.95 0.8 0.7 0.65],3,0.0
1923,20,0,3,0,0,[1 1 0 0],[0 0 1 1],[0.95 0.8 0.7 0.65],1,0.0
1924,20,0,4,1,0,[0 0 1 1],[1 1 0 0],[0.95 0.8 0.7 0.65],4,0.0
1925,20,0,5,0,0,[0 1 1 1],[1 0 0 0],[0.95 0.8 0.7 0.65],5,0.0
1926,20,0,6,0,0,[0 1 0 1],[1 0 1 0],[0.95 0.8 0.7 0.65],6,0.0
1927,20,0,7,0,0,[1 1 0 0],[1 0 1 1],[0.95 0.8 0.7 0.65],7,0.0
1928,20,0,8,0,0,[1 0 1 0],[0 1 0 1],[0.95 0.8 0.7 0.65],8,0.0
1929,20,0,9,1,0,[1 1 0 0],[1 0 1 1],[0.95 0.8 0.7 0.65],7,0.0
1930,20,0,10,1,0,[1 0 1 0],[0 1 0 1],[0.95 0.8 0.7 0.65],8,0.0
1931,20,0,11,1,0,[1 1 0 0],[0 0 1 1],[0.95 0.8 0.7 0.65],1,0.0
1932,20,0,12,1,0,[1 0 1 0],[0 1 0 1],[0.95 0.8 0.7 0.65],8,0.0
1933,20,0,13,0,0,[1 0 1 1],[1 1 0 0],[0.95 0.8 0.7 0.65],3,0.0
1934,20,0,14,0,0,[1 0 1 1],[1 1 0 0],[0.95 0.8 0.7 0.65],3,0.0
1935,20,0,15,0,0,[0 1 0 1],[1 0 1 0],[0.95 0.8 0.7 0.65],6,0.0
1936,20,0,16,0,0,[1 0 1 1],[1 1 0 0],[0.95 0.8 0.7 0.65],3,0.0
1937,20,0,17,0,0,[0 1 0 1],[1 0 1 0],[0.95 0.8 0.7 0.65],6,0.0
1938,20,0,18,1,0,[0 0 1 1],[1 1 0 0],[0.95 0.8 0.7 0.65],4,0.0
1939,20,0,19,1,0,[0 0 1 1],[1 1 0 0],[0.95 0.8 0.7 0.65],4,0.0
1940,20,0,20,1,0,[1 1 0 0],[0 0 1 1],[0.95 0.8 0.7 0.65],1,0.0
1941,20,0,21,0,0,[1 0 1 1],[1 1 0 0],[0.95 0.8 0.7 0.65],3,0.0
1942,20,0,22,1,0,[1 0 0 0],[0 1 1 1],[0.95 0.8 0.7 0.65],2,0.0
1943,20,0,23,0,0,[1 0 1 1],[1 1 0 0],[0.95 0.8 0.7 0.65],3,0.0
1944,20,0,24,1,0,[1 0 1 0],[0 1 0 1],[0.95 0.8 0.7 0.65],8,0.0
1945,20,0,25,0,0,[0 1 0 1],[1 0 1 0],[0.95 0.8 0.7 0.65],6,0.0
1946,20,0,26,1,0,[1 1 0 0],[0 0 1 1],[0.95 0.8 0.7 0.65],1,0.0
1947,20,0,27,1,0,[1 0 0 0],[0 1 1 1],[0.95 0.8 0.7 0.65],2,0.0
1948,20,0,28,0,0,[0 1 1 1],[1 0 0 0],[0.95 0.8 0.7 0.65],5,0.0
1949,20,0,29,1,0,[1 0 0 0],[0 1 1 1],[0.95 0.8 0.7 0.65],2,0.0
1950,20,0,30,0,0,[0 1 1 1],[1 0 0 0],[0.95 0.8 0.7 0.65],5,0.0
1951,20,0,31,0,0,[1 0 0 0],[0 1 1 1],[0.95 0.8 0.7 0.65],2,0.0
1952,20,0,32,1,0,[0 1 0 1],[1 0 1 0],[0.95 0.8 0.7 0.65],6,0.0
1953,20,0,33,0,0,[0 0 1 1],[1 1 0 0],[0.95 0.8 0.7 0.65],4,0.0
1954,20,0,34,1,0,[0 1 1 1],[1 0 0 0],[0.95 0.8 0.7 0.65],5,0.0
1955,20,0,35,1,0,[1 0 0 0],[0 1 1 1],[0.95 0.8 0.7 0.65],2,0.0
1956,20,0,36,0,0,[1 0 1 0],[0 1 0 1],[0.95 0.8 0.7 0.65],8,0.0
1957,20,0,37,0,0,[1 1 0 0],[0 0 1 1],[0.95 0.8 0.7 0.65],1,0.0
1958,20,0,38,1,0,[0 1 1 1],[1 0 0 0],[0.95 0.8 0.7 0.65],5,0.0
1959,20,0,39,1,0,[1 0 1 0],[0 1 0 1],[0.95 0.8 0.7 0.65],8,0.0
1960,20,0,40,1,0,[1 1 0 0],[0 0 1 1],[0.95 0.8 0.7 0.65],1,0.0
1961,20,0,41,1,0,[0 1 1 1],[1 0 0 0],[0.95 0.8 0.7 0.65],5,0.0
1962,20,0,42,1,0,[1 1 0 0],[1 0 1 1],[0.95 0.8 0.7 0.65],7,0.0
1963,20,0,43,0,0,[1 0 1 1],[1 1 0 0],[0.95 0.8 0.7 0.65],3,0.0
1964,20,0,44,1,0,[1 0 1 0],[0 1 0 1],[0.95 0.8 0.7 0.65],8,0.0
1965,20,0,45,1,0,[0 0 1 1],[1 1 0 0],[0.95 0.8 0.7 0.65],4,0.0
1966,20,0,46,0,0,[1 1 0 0],[0 0 1 1],[0.95 0.8 0.7 0.65],1,0.0
1967,20,0,47,0,0,[1 0 1 1],[1 1 0 0],[0.95 0.8 0.7 0.65],3,0.0
1968,20,0,48,1,0,[0 0 1 1],[1 1 0 0],[0.95 0.8 0.7 0.65],4,0.0
1969,20,0,49,0,0,[1 0 0 0],[0 1 1 1],[0.95 0.8 0.7 0.65],2,0.0
1970,20,0,50,0,0,[1 1 0 0],[1 0 1 1],[0.95 0.8 0.7 0.65],7,0.0
1971,20,0,51,1,0,[1 0 1 1],[1 1 0 0],[0.95 0.8 0.7 0.65],3,0.0
1972,20,0,52,0,0,[0 1 1 1],[1 0 0 0],[0.95 0.8 0.7 0.65],5,0.0
1973,20,0,53,1,0,[1 1 0 0],[0 0 1 1],[0.95 0.8 0.7 0.65],1,0.0
1974,20,0,54,0,0,[0 1 0 1],[1 0 1 0],[0.95 0.8 0.7 0.65],6,0.0
1975,20,0,55,0,0,[0 0 1 1],[1 1 0 0],[0.95 0.8 0.7 0.65],4,0.0
1976,20,0,56,0,0,[1 1 0 0],[1 0 1 1],[0.95 0.8 0.7 0.65],7,0.0
1977,20,0,57,0,0,[1 1 0 0],[1 0 1 1],[0.95 0.8 0.7 0.65],7,0.0
1978,20,0,58,1,0,[0 1 1 1],[1 0 0 0],[0.95 0.8 0.7 0.65],5,0.0
1979,20,0,59,0,0,[1 1 0 0],[1 0 1 1],[0.95 0.8 0.7 0.65],7,0.0
1980,20,0,60,0,0,[0 0 1 1],[1 1 0 0],[0.95 0.8 0.7 0.65],4,0.0
1981,20,0,61,1,0,[1 0 0 0],[0 1 1 1],[0.95 0.8 0.7 0.65],2,0.0
1982,20,0,62,0,0,[1 1 0 0],[0 0 1 1],[0.95 0.8 0.7 0.65],1,0.0
1983,20,0,63,0,0,[1 0 1 1],[1 1 0 0],[0.95 0.8 0.7 0.65],3,0.0
1984,20,0,64,0,0,[1 0 1 0],[0 1 0 1],[0.95 0.8 0.7 0.65],8,0.0
1985,20,0,65,1,0,[1 1 0 0],[1 0 1 1],[0.95 0.8 0.7 0.65],7,0.0
1986,20,0,66,0,0,[1 1 0 0],[1 0 1 1],[0.95 0.8 0.7 0.65],7,0.0
1987,20,0,67,1,0,[1 0 1 0],[0 1 0 1],[0.95 0.8 0.7 0.65],8,0.0
1988,20,0,68,1,0,[0 1 1 1],[1 0 0 0],[0.95 0.8 0.7 0.65],5,0.0
1989,20,0,69,1,0,[1 0 1 0],[0 1 0 1],[0.95 0.8 0.7 0.65],8,0.0
1990,20,0,70,1,0,[1 1 0 0],[1 0 1 1],[0.95 0.8 0.7 0.65],7,0.0
1991,20,0,71,1,0,[1 0 1 1],[1 1 0 0],[0.95 0.8 0.7 0.65],3,0.0
1992,20,0,72,1,0,[1 1 0 0],[0 0 1 1],[0.95 0.8 0.7 0.65],1,0.0
1993,20,0,73,0,0,[1 1 0 0],[0 0 1 1],[0.95 0.8 0.7 0.65],1,0.0
1994,20,0,74,0,0,[1 0 1 0],[0 1 0 1],[0.95 0.8 0.7 0.65],8,0.0
1995,20,0,75,0,0,[0 0 1 1],[1 1 0 0],[0.95 0.8 0.7 0.65],4,0.0
1996,20,0,76,0,0,[1 0 1 0],[0 1 0 1],[0.95 0.8 0.7 0.65],8,0.0
1997,20,0,77,1,0,[0 0 1 1],[1 1 0 0],[0.95 0.8 0.7 0.65],4,0.0
1998,20,0,78,0,0,[1 1 0 0],[1 0 1 1],[0.95 0.8 0.7 0.65],7,0.0
1999,20,0,79,0,0,[0 1 0 1],[1 0 1 0],[0.95 0.8 0.7 0.65],6,0.0
2000,20,0,80,0,0,[0 1 1 1],[1 0 0 0],[0.95 0.8 0.7 0.65],5,0.0
2001,20,0,81,0,0,[0 1 0 1],[1 0 1 0],[0.95 0.8 0.7 0.65],6,0.0
2002,20,0,82,1,0,[0 0 1 1],[1 1 0 0],[0.95 0.8 0.7 0.65],4,0.0
2003,20,0,83,0,0,[1 0 0 0],[0 1 1 1],[0.95 0.8 0.7 0.65],2,0.0
2004,20,0,84,0,0,[1 0 0 0],[0 1 1 1],[0.95 0.8 0.7 0.65],2,0.0
2005,20,0,85,1,0,[0 1 1 1],[1 0 0 0],[0.95 0.8 0.7 0.65],5,0.0
2006,20,0,86,1,0,[0 1 0 1],[1 0 1 0],[0.95 0.8 0.7 0.65],6,0.0
2007,20,0,87,0,0,[1 0 0 0],[0 1 1 1],[0.95 0.8 0.7 0.65],2,0.0
2008,20,0,88,1,0,[0 1 0 1],[1 0 1 0],[0.95 0.8 0.7 0.65],6,0.0
2009,20,0,89,1,0,[1 0 1 1],[1 1 0 0],[0.95 0.8 0.7 0.65],3,0.0
2010,20,0,90,1,0,[0 1 0 1],[1 0 1 0],[0.95 0.8 0.7 0.65],6,0.0
2011,20,0,91,1,0,[0 1 0 1],[1 0 1 0],[0.95 0.8 0.7 0.65],6,0.0
2012,20,0,92,0,0,[1 1 0 0],[1 0 1 1],[0.95 0.8 0.7 0.65],7,0.0
2013,20,0,93,1,0,[1 0 0 0],[0 1 1 1],[0.95 0.8 0.7 0.65],2,0.0
2014,20,0,94,1,0,[0 0 1 1],[1 1 0 0],[0.95 0.8 0.7 0.65],4,0.0
2015,20,0,95,1,0,[0 1 1 1],[1 0 0 0],[0.95 0.8 0.7 0.65],5,0.0
2016,21,0,0,0,0,[1 1 0 0],[0 0 1 1],[0.95 0.8 0.7 0.65],1,0.0
2017,21,0,1,1,0,[1 0 0 0],[0 1 1 1],[0.95 0.8 0.7 0.65],2,0.0
2018,21,0,2,0,0,[1 0 1 1],[1 1 0 0],[0.95 0.8 0.7 0.65],3,0.0
2019,21,0,3,0,0,[1 1 0 0],[0 0 1 1],[0.95 0.8 0.7 0.65],1,0.0
2020,21,0,4,1,0,[0 0 1 1],[1 1 0 0],[0.95 0.8 0.7 0.65],4,0.0
2021,21,0,5,0,0,[0 1 1 1],[1 0 0 0],[0.95 0.8 0.7 0.65],5,0.0
2022,21,0,6,1,0,[0 1 0 1],[1 0 1 0],[0.95 0.8 0.7 0.65],6,0.0
2023,21,0,7,1,0,[1 1 0 0],[1 0 1 1],[0.95 0.8 0.7 0.65],7,0.0
2024,21,0,8,0,0,[1 0 1 0],[0 1 0 1],[0.95 0.8 0.7 0.65],8,0.0
2025,21,0,9,0,0,[1 1 0 0],[1 0 1 1],[0.95 0.8 0.7 0.65],7,0.0
2026,21,0,10,0,0,[1 0 1 0],[0 1 0 1],[0.95 0.8 0.7 0.65],8,0.0
2027,21,0,11,0,0,[1 1 0 0],[0 0 1 1],[0.95 0.8 0.7 0.65],1,0.0
2028,21,0,12,0,0,[1 0 1 0],[0 1 0 1],[0.95 0.8 0.7 0.65],8,0.0
2029,21,0,13,1,0,[1 0 1 1],[1 1 0 0],[0.95 0.8 0.7 0.65],3,0.0
2030,21,0,14,1,0,[1 0 1 1],[1 1 0 0],[0.95 0.8 0.7 0.65],3,0.0
2031,21,0,15,1,0,[0 1 0 1],[1 0 1 0],[0.95 0.8 0.7 0.65],6,0.0
2032,21,0,16,0,0,[1 0 1 1],[1 1 0 0],[0.95 0.8 0.7 0.65],3,0.0
2033,21,0,17,1,0,[0 1 0 1],[1 0 1 0],[0.95 0.8 0.7 0.65],6,0.0
2034,21,0,18,1,0,[0 0 1 1],[1 1 0 0],[0.95 0.8 0.7 0.65],4,0.0
2035,21,0,19,1,0,[0 0 1 1],[1 1 0 0],[0.95 0.8 0.7 0.65],4,0.0
2036,21,0,20,0,0,[1 1 0 0],[0 0 1 1],[0.95 0.8 0.7 0.65],1,0.0
2037,21,0,21,0,0,[1 0 1 1],[1 1 0 0],[0.95 0.8 0.7 0.65],3,0.0
2038,21,0,22,1,0,[1 0 0 0],[0 1 1 1],[0.95 0.8 0.7 0.65],2,0.0
2039,21,0,23,1,0,[1 0 1 1],[1 1 0 0],[0.95 0.8 0.7 0.65],3,0.0
2040,21,0,24,0,0,[1 0 1 0],[0 1 0 1],[0.95 0.8 0.7 0.65],8,0.0
2041,21,0,25,1,0,[0 1 0 1],[1 0 1 0],[0.95 0.8 0.7 0.65],6,0.0
2042,21,0,26,0,0,[1 1 0 0],[0 0 1 1],[0.95 0.8 0.7 0.65],1,0.0
2043,21,0,27,1,0,[1 0 0 0],[0 1 1 1],[0.95 0.8 0.7 0.65],2,0.0
2044,21,0,28,0,0,[0 1 1 1],[1 0 0 0],[0.95 0.8 0.7 0.65],5,0.0
2045,21,0,29,1,0,[1 0 0 0],[0 1 1 1],[0.95 0.8 0.7 0.65],2,0.0
2046,21,0,30,0,0,[0 1 1 1],[1 0 0 0],[0.95 0.8 0.7 0.65],5,0.0
2047,21,0,31,0,0,[1 0 0 0],[0 1 1 1],[0.95 0.8 0.7 0.65],2,0.0
2048,21,0,32,1,0,[0 1 0 1],[1 0 1 0],[0.95 0.8 0.7 0.65],6,0.0
2049,21,0,33,1,0,[0 0 1 1],[1 1 0 0],[0.95 0.8 0.7 0.65],4,0.0
2050,21,0,34,0,0,[0 1 1 1],[1 0 0 0],[0.95 0.8 0.7 0.65],5,0.0
2051,21,0,35,1,0,[1 0 0 0],[0 1 1 1],[0.95 0.8 0.7 0.65],2,0.0
2052,21,0,36,0,0,[1 0 1 0],[0 1 0 1],[0.95 0.8 0.7 0.65],8,0.0
2053,21,0,37,0,0,[1 1 0 0],[0 0 1 1],[0.95 0.8 0.7 0.65],1,0.0
2054,21,0,38,0,0,[0 1 1 1],[1 0 0 0],[0.95 0.8 0.7 0.65],5,0.0
2055,21,0,39,0,0,[1 0 1 0],[0 1 0 1],[0.95 0.8 0.7 0.65],8,0.0
2056,21,0,40,0,0,[1 1 0 0],[0 0 1 1],[0.95 0.8 0.7 0.65],1,0.0
2057,21,0,41,0,0,[0 1 1 1],[1 0 0 0],[0.95 0.8 0.7 0.65],5,0.0
2058,21,0,42,1,0,[1 1 0 0],[1 0 1 1],[0.95 0.8 0.7 0.65],7,0.0
2059,21,0,43,1,0,[1 0 1 1],[1 1 0 0],[0.95 0.8 0.7 0.65],3,0.0
2060,21,0,44,0,0,[1 0 1 0],[0 1 0 1],[0.95 0.8 0.7 0.65],8,0.0
2061,21,0,45,1,0,[0 0 1 1],[1 1 0 0],[0.95 0.8 0.7 0.65],4,0.0
2062,21,0,46,0,0,[1 1 0 0],[0 0 1 1],[0.95 0.8 0.7 0.65],1,0.0
2063,21,0,47,1,0,[1 0 1 1],[1 1 0 0],[0.95 0.8 0.7 0.65],3,0.0
2064,21,0,48,1,0,[0 0 1 1],[1 1 0 0],[0.95 0.8 0.7 0.65],4,0.0
2065,21,0,49,1,0,[1 0 0 0],[0 1 1 1],[0.95 0.8 0.7 0.65],2,0.0
2066,21,0,50,0,0,[1 1 0 0],[1 0 1 1],[0.95 0.8 0.7 0.65],7,0.0
2067,21,0,51,1,0,[1 0 1 1],[1 1 0 0],[0.95 0.8 0.7 0.65],3,0.0
2068,21,0,52,1,0,[0 1 1 1],[1 0 0 0],[0.95 0.8 0.7 0.65],5,0.0
2069,21,0,53,0,0,[1 1 0 0],[0 0 1 1],[0.95 0.8 0.7 0.65],1,0.0
2070,21,0,54,1,0,[0 1 0 1],[1 0 1 0],[0.95 0.8 0.7 0.65],6,0.0
2071,21,0,55,1,0,[0 0 1 1],[1 1 0 0],[0.95 0.8 0.7 0.65],4,0.0
2072,21,0,56,1,0,[1 1 0 0],[1 0 1 1],[0.95 0.8 0.7 0.65],7,0.0
2073,21,0,57,1,0,[1 1 0 0],[1 0 1 1],[0.95 0.8 0.7 0.65],7,0.0
2074,21,0,58,0,0,[0 1 1 1],[1 0 0 0],[0.95 0.8 0.7 0.65],5,0.0
2075,21,0,59,1,0,[1 1 0 0],[1 0 1 1],[0.95 0.8 0.7 0.65],7,0.0
2076,21,0,60,1,0,[0 0 1 1],[1 1 0 0],[0.95 0.8 0.7 0.65],4,0.0
2077,21,0,61,1,0,[1 0 0 0],[0 1 1 1],[0.95 0.8 0.7 0.65],2,0.0
2078,21,0,62,0,0,[1 1 0 0],[0 0 1 1],[0.95 0.8 0.7 0.65],1,0.0
2079,21,0,63,0,0,[1 0 1 1],[1 1 0 0],[0.95 0.8 0.7 0.65],3,0.0
2080,21,0,64,0,0,[1 0 1 0],[0 1 0 1],[0.95 0.8 0.7 0.65],8,0.0
2081,21,0,65,1,0,[1 1 0 0],[1 0 1 1],[0.95 0.8 0.7 0.65],7,0.0
2082,21,0,66,0,0,[1 1 0 0],[1 0 1 1],[0.95 0.8 0.7 0.65],7,0.0
2083,21,0,67,0,0,[1 0 1 0],[0 1 0 1],[0.95 0.8 0.7 0.65],8,0.0
2084,21,0,68,0,0,[0 1 1 1],[1 0 0 0],[0.95 0.8 0.7 0.65],5,0.0
2085,21,0,69,0,0,[1 0 1 0],[0 1 0 1],[0.95 0.8 0.7 0.65],8,0.0
2086,21,0,70,1,0,[1 1 0 0],[1 0 1 1],[0.95 0.8 0.7 0.65],7,0.0
2087,21,0,71,0,0,[1 0 1 1],[1 1 0 0],[0.95 0.8 0.7 0.65],3,0.0
2088,21,0,72,0,0,[1 1 0 0],[0 0 1 1],[0.95 0.8 0.7 0.65],1,0.0
2089,21,0,73,0,0,[1 1 0 0],[0 0 1 1],[0.95 0.8 0.7 0.65],1,0.0
2090,21,0,74,0,0,[1 0 1 0],[0 1 0 1],[0.95 0.8 0.7 0.65],8,0.0
2091,21,0,75,1,0,[0 0 1 1],[1 1 0 0],[0.95 0.8 0.7 0.65],4,0.0
2092,21,0,76,0,0,[1 0 1 0],[0 1 0 1],[0.95 0.8 0.7 0.65],8,0.0
2093,21,0,77,1,0,[0 0 1 1],[1 1 0 0],[0.95 0.8 0.7 0.65],4,0.0
2094,21,0,78,0,0,[1 1 0 0],[1 0 1 1],[0.95 0.8 0.7 0.65],7,0.0
2095,21,0,79,1,0,[0 1 0 1],[1 0 1 0],[0.95 0.8 0.7 0.65],6,0.0
2096,21,0,80,0,0,[0 1 1 1],[1 0 0 0],[0.95 0.8 0.7 0.65],5,0.0
2097,21,0,81,1,0,[0 1 0 1],[1 0 1 0],[0.95 0.8 0.7 0.65],6,0.0
2098,21,0,82,1,0,[0 0 1 1],[1 1 0 0],[0.95 0.8 0.7 0.65],4,0.0
2099,21,0,83,1,0,[1 0 0 0],[0 1 1 1],[0.95 0.8 0.7 0.65],2,0.0
2100,21,0,84,1,0,[1 0 0 0],[0 1 1 1],[0.95 0.8 0.7 0.65],2,0.0
2101,21,0,85,0,0,[0 1 1 1],[1 0 0 0],[0.95 0.8 0.7 0.65],5,0.0
2102,21,0,86,1,0,[0 1 0 1],[1 0 1 0],[0.95 0.8 0.7 0.65],6,0.0
2103,21,0,87,1,0,[1 0 0 0],[0 1 1 1],[0.95 0.8 0.7 0.65],2,0.0
2104,21,0,88,1,0,[0 1 0 1],[1 0 1 0],[0.95 0.8 0.7 0.65],6,0.0
2105,21,0,89,0,0,[1 0 1 1],[1 1 0 0],[0.95 0.8 0.7 0.65],3,0.0
2106,21,0,90,1,0,[0 1 0 1],[1 0 1 0],[0.95 0.8 0.7 0.65],6,0.0
2107,21,0,91,1,0,[0 1 0 1],[1 0 1 0],[0.95 0.8 0.7 0.65],6,0.0
2108,21,0,92,0,0,[1 1 0 0],[1 0 1 1],[0.95 0.8 0.7 0.65],7,0.0
2109,21,0,93,0,0,[1 0 0 0],[0 1 1 1],[0.95 0.8 0.7 0.65],2,0.0
2110,21,0,94,1,0,[0 0 1 1],[1 1 0 0],[0.95 0.8 0.7 0.65],4,0.0
2111,21,0,95,0,0,[0 1 1 1],[1 0 0 0],[0.95 0.8 0.7 0.65],5,0.0
2112,22,0,0,0,0,[1 1 0 0],[0 0 1 1],[0.95 0.8 0.7 0.65],1,0.0
2113,22,0,1,1,0,[1 0 0 0],[0 1 1 1],[0.95 0.8 0.7 0.65],2,0.0
2114,22,0,2,0,0,[1 0 1 1],[1 1 0 0],[0.95 0.8 0.7 0.65],3,0.0
2115,22,0,3,0,0,[1 1 0 0],[0 0 1 1],[0.95 0.8 0.7 0.65],1,0.0
2116,22,0,4,1,0,[0 0 1 1],[1 1 0 0],[0.95 0.8 0.7 0.65],4,0.0
2117,22,0,5,0,0,[0 1 1 1],[1 0 0 0],[0.95 0.8 0.7 0.65],5,0.0
2118,22,0,6,0,0,[0 1 0 1],[1 0 1 0],[0.95 0.8 0.7 0.65],6,0.0
2119,22,0,7,0,0,[1 1 0 0],[1 0 1 1],[0.95 0.8 0.7 0.65],7,0.0
2120,22,0,8,0,0,[1 0 1 0],[0 1 0 1],[0.95 0.8 0.7 0.65],8,0.0
2121,22,0,9,1,0,[1 1 0 0],[1 0 1 1],[0.95 0.8 0.7 0.65],7,0.0
2122,22,0,10,1,0,[1 0 1 0],[0 1 0 1],[0.95 0.8 0.7 0.65],8,0.0
2123,22,0,11,1,0,[1 1 0 0],[0 0 1 1],[0.95 0.8 0.7 0.65],1,0.0
2124,22,0,12,1,0,[1 0 1 0],[0 1 0 1],[0.95 0.8 0.7 0.65],8,0.0
2125,22,0,13,0,0,[1 0 1 1],[1 1 0 0],[0.95 0.8 0.7 0.65],3,0.0
2126,22,0,14,0,0,[1 0 1 1],[1 1 0 0],[0.95 0.8 0.7 0.65],3,0.0
2127,22,0,15,0,0,[0 1 0 1],[1 0 1 0],[0.95 0.8 0.7 0.65],6,0.0
2128,22,0,16,0,0,[1 0 1 1],[1 1 0 0],[0.95 0.8 0.7 0.65],3,0.0
2129,22,0,17,0,0,[0 1 0 1],[1 0 1 0],[0.95 0.8 0.7 0.65],6,0.0
2130,22,0,18,1,0,[0 0 1 1],[1 1 0 0],[0.95 0.8 0.7 0.65],4,0.0
2131,22,0,19,1,0,[0 0 1 1],[1 1 0 0],[0.95 0.8 0.7 0.65],4,0.0
2132,22,0,20,1,0,[1 1 0 0],[0 0 1 1],[0.95 0.8 0.7 0.65],1,0.0
2133,22,0,21,0,0,[1 0 1 1],[1 1 0 0],[0.95 0.8 0.7 0.65],3,0.0
2134,22,0,22,1,0,[1 0 0 0],[0 1 1 1],[0.95 0.8 0.7 0.65],2,0.0
2135,22,0,23,0,0,[1 0 1 1],[1 1 0 0],[0.95 0.8 0.7 0.65],3,0.0
2136,22,0,24,1,0,[1 0 1 0],[0 1 0 1],[0.95 0.8 0.7 0.65],8,0.0
2137,22,0,25,0,0,[0 1 0 1],[1 0 1 0],[0.95 0.8 0.7 0.65],6,0.0
2138,22,0,26,1,0,[1 1 0 0],[0 0 1 1],[0.95 0.8 0.7 0.65],1,0.0
2139,22,0,27,1,0,[1 0 0 0],[0 1 1 1],[0.95 0.8 0.7 0.65],2,0.0
2140,22,0,28,0,0,[0 1 1 1],[1 0 0 0],[0.95 0.8 0.7 0.65],5,0.0
2141,22,0,29,1,0,[1 0 0 0],[0 1 1 1],[0.95 0.8 0.7 0.65],2,0.0
2142,22,0,30,0,0,[0 1 1 1],[1 0 0 0],[0.95 0.8 0.7 0.65],5,0.0
2143,22,0,31,0,0,[1 0 0 0],[0 1 1 1],[0.95 0.8 0.7 0.65],2,0.0
2144,22,0,32,1,0,[0 1 0 1],[1 0 1 0],[0.95 0.8 0.7 0.65],6,0.0
2145,22,0,33,0,0,[0 0 1 1],[1 1 0 0],[0.95 0.8 0.7 0.65],4,0.0
2146,22,0,34,1,0,[0 1 1 1],[1 0 0 0],[0.95 0.8 0.7 0.65],5,0.0
2147,22,0,35,1,0,[1 0 0 0],[0 1 1 1],[0.95 0.8 0.7 0.65],2,0.0
2148,22,0,36,0,0,[1 0 1 0],[0 1 0 1],[0.95 0.8 0.7 0.65],8,0.0
2149,22,0,37,0,0,[1 1 0 0],[0 0 1 1],[0.95 0.8 0.7 0.65],1,0.0
2150,22,0,38,1,0,[0 1 1 1],[1 0 0 0],[0.95 0.8 0.7 0.65],5,0.0
2151,22,0,39,1,0,[1 0 1 0],[0 1 0 1],[0.95 0.8 0.7 0.65],8,0.0
2152,22,0,40,1,0,[1 1 0 0],[0 0 1 1],[0.95 0.8 0.7 0.65],1,0.0
2153,22,0,41,1,0,[0 1 1 1],[1 0 0 0],[0.95 0.8 0.7 0.65],5,0.0
2154,22,0,42,1,0,[1 1 0 0],[1 0 1 1],[0.95 0.8 0.7 0.65],7,0.0
2155,22,0,43,1,0,[1 0 1 1],[1 1 0 0],[0.95 0.8 0.7 0.65],3,0.0
2156,22,0,44,0,0,[1 0 1 0],[0 1 0 1],[0.95 0.8 0.7 0.65],8,0.0
2157,22,0,45,1,0,[0 0 1 1],[1 1 0 0],[0.95 0.8 0.7 0.65],4,0.0
2158,22,0,46,0,0,[1 1 0 0],[0 0 1 1],[0.95 0.8 0.7 0.65],1,0.0
2159,22,0,47,1,0,[1 0 1 1],[1 1 0 0],[0.95 0.8 0.7 0.65],3,0.0
2160,22,0,48,1,0,[0 0 1 1],[1 1 0 0],[0.95 0.8 0.7 0.65],4,0.0
2161,22,0,49,0,0,[1 0 0 0],[0 1 1 1],[0.95 0.8 0.7 0.65],2,0.0
2162,22,0,50,0,0,[1 1 0 0],[1 0 1 1],[0.95 0.8 0.7 0.65],7,0.0
2163,22,0,51,1,0,[1 0 1 1],[1 1 0 0],[0.95 0.8 0.7 0.65],3,0.0
2164,22,0,52,1,0,[0 1 1 1],[1 0 0 0],[0.95 0.8 0.7 0.65],5,0.0
2165,22,0,53,0,0,[1 1 0 0],[0 0 1 1],[0.95 0.8 0.7 0.65],1,0.0
2166,22,0,54,1,0,[0 1 0 1],[1 0 1 0],[0.95 0.8 0.7 0.65],6,0.0
2167,22,0,55,1,0,[0 0 1 1],[1 1 0 0],[0.95 0.8 0.7 0.65],4,0.0
2168,22,0,56,0,0,[1 1 0 0],[1 0 1 1],[0.95 0.8 0.7 0.65],7,0.0
2169,22,0,57,0,0,[1 1 0 0],[1 0 1 1],[0.95 0.8 0.7 0.65],7,0.0
2170,22,0,58,1,0,[0 1 1 1],[1 0 0 0],[0.95 0.8 0.7 0.65],5,0.0
2171,22,0,59,0,0,[1 1 0 0],[1 0 1 1],[0.95 0.8 0.7 0.65],7,0.0
2172,22,0,60,1,0,[0 0 1 1],[1 1 0 0],[0.95 0.8 0.7 0.65],4,0.0
2173,22,0,61,0,0,[1 0 0 0],[0 1 1 1],[0.95 0.8 0.7 0.65],2,0.0
2174,22,0,62,0,0,[1 1 0 0],[0 0 1 1],[0.95 0.8 0.7 0.65],1,0.0
2175,22,0,63,1,0,[1 0 1 1],[1 1 0 0],[0.95 0.8 0.7 0.65],3,0.0
2176,22,0,64,0,0,[1 0 1 0],[0 1 0 1],[0.95 0.8 0.7 0.65],8,0.0
2177,22,0,65,0,0,[1 1 0 0],[1 0 1 1],[0.95 0.8 0.7 0.65],7,0.0
2178,22,0,66,0,0,[1 1 0 0],[1 0 1 1],[0.95 0.8 0.7 0.65],7,0.0
2179,22,0,67,0,0,[1 0 1 0],[0 1 0 1],[0.95 0.8 0.7 0.65],8,0.0
2180,22,0,68,1,0,[0 1 1 1],[1 0 0 0],[0.95 0.8 0.7 0.65],5,0.0
2181,22,0,69,0,0,[1 0 1 0],[0 1 0 1],[0.95 0.8 0.7 0.65],8,0.0
2182,22,0,70,0,0,[1 1 0 0],[1 0 1 1],[0.95 0.8 0.7 0.65],7,0.0
2183,22,0,71,1,0,[1 0 1 1],[1 1 0 0],[0.95 0.8 0.7 0.65],3,0.0
2184,22,0,72,0,0,[1 1 0 0],[0 0 1 1],[0.95 0.8 0.7 0.65],1,0.0
2185,22,0,73,0,0,[1 1 0 0],[0 0 1 1],[0.95 0.8 0.7 0.65],1,0.0
2186,22,0,74,0,0,[1 0 1 0],[0 1 0 1],[0.95 0.8 0.7 0.65],8,0.0
2187,22,0,75,1,0,[0 0 1 1],[1 1 0 0],[0.95 0.8 0.7 0.65],4,0.0
2188,22,0,76,0,0,[1 0 1 0],[0 1 0 1],[0.95 0.8 0.7 0.65],8,0.0
2189,22,0,77,1,0,[0 0 1 1],[1 1 0 0],[0.95 0.8 0.7 0.65],4,0.0
2190,22,0,78,0,0,[1 1 0 0],[1 0 1 1],[0.95 0.8 0.7 0.65],7,0.0
2191,22,0,79,1,0,[0 1 0 1],[1 0 1 0],[0.95 0.8 0.7 0.65],6,0.0
2192,22,0,80,1,0,[0 1 1 1],[1 0 0 0],[0.95 0.8 0.7 0.65],5,0.0
2193,22,0,81,1,0,[0 1 0 1],[1 0 1 0],[0.95 0.8 0.7 0.65],6,0.0
2194,22,0,82,1,0,[0 0 1 1],[1 1 0 0],[0.95 0.8 0.7 0.65],4,0.0
2195,22,0,83,0,0,[1 0 0 0],[0 1 1 1],[0.95 0.8 0.7 0.65],2,0.0
2196,22,0,84,0,0,[1 0 0 0],[0 1 1 1],[0.95 0.8 0.7 0.65],2,0.0
2197,22,0,85,1,0,[0 1 1 1],[1 0 0 0],[0.95 0.8 0.7 0.65],5,0.0
2198,22,0,86,1,0,[0 1 0 1],[1 0 1 0],[0.95 0.8 0.7 0.65],6,0.0
2199,22,0,87,0,0,[1 0 0 0],[0 1 1 1],[0.95 0.8 0.7 0.65],2,0.0
2200,22,0,88,1,0,[0 1 0 1],[1 0 1 0],[0.95 0.8 0.7 0.65],6,0.0
2201,22,0,89,1,0,[1 0 1 1],[1 1 0 0],[0.95 0.8 0.7 0.65],3,0.0
2202,22,0,90,1,0,[0 1 0 1],[1 0 1 0],[0.95 0.8 0.7 0.65],6,0.0
2203,22,0,91,1,0,[0 1 0 1],[1 0 1 0],[0.95 0.8 0.7 0.65],6,0.0
2204,22,0,92,0,0,[1 1 0 0],[1 0 1 1],[0.95 0.8 0.7 0.65],7,0.0
2205,22,0,93,0,0,[1 0 0 0],[0 1 1 1],[0.95 0.8 0.7 0.65],2,0.0
2206,22,0,94,1,0,[0 0 1 1],[1 1 0 0],[0.95 0.8 0.7 0.65],4,0.0
2207,22,0,95,1,0,[0 1 1 1],[1 0 0 0],[0.95 0.8 0.7 0.65],5,0.0
2208,23,0,0,0,0,[1 1 0 0],[0 0 1 1],[0.95 0.8 0.7 0.65],1,0.0
2209,23,0,1,1,0,[1 0 0 0],[0 1 1 1],[0.95 0.8 0.7 0.65],2,0.0
2210,23,0,2,1,0,[1 0 1 1],[1 1 0 0],[0.95 0.8 0.7 0.65],3,0.0
2211,23,0,3,0,0,[1 1 0 0],[0 0 1 1],[0.95 0.8 0.7 0.65],1,0.0
2212,23,0,4,1,0,[0 0 1 1],[1 1 0 0],[0.95 0.8 0.7 0.65],4,0.0
2213,23,0,5,1,0,[0 1 1 1],[1 0 0 0],[0.95 0.8 0.7 0.65],5,0.0
2214,23,0,6,0,0,[0 1 0 1],[1 0 1 0],[0.95 0.8 0.7 0.65],6,0.0
2215,23,0,7,1,0,[1 1 0 0],[1 0 1 1],[0.95 0.8 0.7 0.65],7,0.0
2216,23,0,8,0,0,[1 0 1 0],[0 1 0 1],[0.95 0.8 0.7 0.65],8,0.0
2217,23,0,9,0,0,[1 1 0 0],[1 0 1 1],[0.95 0.8 0.7 0.65],7,0.0
2218,23,0,10,0,0,[1 0 1 0],[0 1 0 1],[0.95 0.8 0.7 0.65],8,0.0
2219,23,0,11,1,0,[1 1 0 0],[0 0 1 1],[0.95 0.8 0.7 0.65],1,0.0
2220,23,0,12,1,0,[1 0 1 0],[0 1 0 1],[0.95 0.8 0.7 0.65],8,0.0
2221,23,0,13,1,0,[1 0 1 1],[1 1 0 0],[0.95 0.8 0.7 0.65],3,0.0
2222,23,0,14,0,0,[1 0 1 1],[1 1 0 0],[0.95 0.8 0.7 0.65],3,0.0
2223,23,0,15,0,0,[0 1 0 1],[1 0 1 0],[0.95 0.8 0.7 0.65],6,0.0
2224,23,0,16,0,0,[1 0 1 1],[1 1 0 0],[0.95 0.8 0.7 0.65],3,0.0
2225,23,0,17,1,0,[0 1 0 1],[1 0 1 0],[0.95 0.8 0.7 0.65],6,0.0
2226,23,0,18,1,0,[0 0 1 1],[1 1 0 0],[0.95 0.8 0.7 0.65],4,0.0
2227,23,0,19,1,0,[0 0 1 1],[1 1 0 0],[0.95 0.8 0.7 0.65],4,0.0
2228,23,0,20,1,0,[1 1 0 0],[0 0 1 1],[0.95 0.8 0.7 0.65],1,0.0
2229,23,0,21,0,0,[1 0 1 1],[1 1 0 0],[0.95 0.8 0.7 0.65],3,0.0
2230,23,0,22,1,0,[1 0 0 0],[0 1 1 1],[0.95 0.8 0.7 0.65],2,0.0
2231,23,0,23,0,0,[1 0 1 1],[1 1 0 0],[0.95 0.8 0.7 0.65],3,0.0
2232,23,0,24,0,0,[1 0 1 0],[0 1 0 1],[0.95 0.8 0.7 0.65],8,0.0
2233,23,0,25,1,0,[0 1 0 1],[1 0 1 0],[0.95 0.8 0.7 0.65],6,0.0
2234,23,0,26,0,0,[1 1 0 0],[0 0 1 1],[0.95 0.8 0.7 0.65],1,0.0
2235,23,0,27,1,0,[1 0 0 0],[0 1 1 1],[0.95 0.8 0.7 0.65],2,0.0
2236,23,0,28,0,0,[0 1 1 1],[1 0 0 0],[0.95 0.8 0.7 0.65],5,0.0
2237,23,0,29,1,0,[1 0 0 0],[0 1 1 1],[0.95 0.8 0.7 0.65],2,0.0
2238,23,0,30,0,0,[0 1 1 1],[1 0 0 0],[0.95 0.8 0.7 0.65],5,0.0
2239,23,0,31,1,0,[1 0 0 0],[0 1 1 1],[0.95 0.8 0.7 0.65],2,0.0
2240,23,0,32,1,0,[0 1 0 1],[1 0 1 0],[0.95 0.8 0.7 0.65],6,0.0
2241,23,0,33,0,0,[0 0 1 1],[1 1 0 0],[0.95 0.8 0.7 0.65],4,0.0
2242,23,0,34,0,0,[0 1 1 1],[1 0 0 0],[0.95 0.8 0.7 0.65],5,0.0
2243,23,0,35,1,0,[1 0 0 0],[0 1 1 1],[0.95 0.8 0.7 0.65],2,0.0
2244,23,0,36,0,0,[1 0 1 0],[0 1 0 1],[0.95 0.8 0.7 0.65],8,0.0
2245,23,0,37,0,0,[1 1 0 0],[0 0 1 1],[0.95 0.8 0.7 0.65],1,0.0
2246,23,0,38,0,0,[0 1 1 1],[1 0 0 0],[0.95 0.8 0.7 0.65],5,0.0
2247,23,0,39,0,0,[1 0 1 0],[0 1 0 1],[0.95 0.8 0.7 0.65],8,0.0
2248,23,0,40,0,0,[1 1 0 0],[0 0 1 1],[0.95 0.8 0.7 0.65],1,0.0
2249,23,0,41,0,0,[0 1 1 1],[1 0 0 0],[0.95 0.8 0.7 0.65],5,0.0
2250,23,0,42,0,0,[1 1 0 0],[1 0 1 1],[0.95 0.8 0.7 0.65],7,0.0
2251,23,0,43,1,0,[1 0 1 1],[1 1 0 0],[0.95 0.8 0.7 0.65],3,0.0
2252,23,0,44,0,0,[1 0 1 0],[0 1 0 1],[0.95 0.8 0.7 0.65],8,0.0
2253,23,0,45,1,0,[0 0 1 1],[1 1 0 0],[0.95 0.8 0.7 0.65],4,0.0
2254,23,0,46,0,0,[1 1 0 0],[0 0 1 1],[0.95 0.8 0.7 0.65],1,0.0
2255,23,0,47,1,0,[1 0 1 1],[1 1 0 0],[0.95 0.8 0.7 0.65],3,0.0
2256,23,0,48,1,0,[0 0 1 1],[1 1 0 0],[0.95 0.8 0.7 0.65],4,0.0
2257,23,0,49,1,0,[1 0 0 0],[0 1 1 1],[0.95 0.8 0.7 0.65],2,0.0
2258,23,0,50,1,0,[1 1 0 0],[1 0 1 1],[0.95 0.8 0.7 0.65],7,0.0
2259,23,0,51,0,0,[1 0 1 1],[1 1 0 0],[0.95 0.8 0.7 0.65],3,0.0
2260,23,0,52,0,0,[0 1 1 1],[1 0 0 0],[0.95 0.8 0.7 0.65],5,0.0
2261,23,0,53,0,0,[1 1 0 0],[0 0 1 1],[0.95 0.8 0.7 0.65],1,0.0
2262,23,0,54,1,0,[0 1 0 1],[1 0 1 0],[0.95 0.8 0.7 0.65],6,0.0
2263,23,0,55,1,0,[0 0 1 1],[1 1 0 0],[0.95 0.8 0.7 0.65],4,0.0
2264,23,0,56,1,0,[1 1 0 0],[1 0 1 1],[0.95 0.8 0.7 0.65],7,0.0
2265,23,0,57,0,0,[1 1 0 0],[1 0 1 1],[0.95 0.8 0.7 0.65],7,0.0
2266,23,0,58,0,0,[0 1 1 1],[1 0 0 0],[0.95 0.8 0.7 0.65],5,0.0
2267,23,0,59,1,0,[1 1 0 0],[1 0 1 1],[0.95 0.8 0.7 0.65],7,0.0
2268,23,0,60,1,0,[0 0 1 1],[1 1 0 0],[0.95 0.8 0.7 0.65],4,0.0
2269,23,0,61,1,0,[1 0 0 0],[0 1 1 1],[0.95 0.8 0.7 0.65],2,0.0
2270,23,0,62,0,0,[1 1 0 0],[0 0 1 1],[0.95 0.8 0.7 0.65],1,0.0
2271,23,0,63,0,0,[1 0 1 1],[1 1 0 0],[0.95 0.8 0.7 0.65],3,0.0
2272,23,0,64,0,0,[1 0 1 0],[0 1 0 1],[0.95 0.8 0.7 0.65],8,0.0
2273,23,0,65,1,0,[1 1 0 0],[1 0 1 1],[0.95 0.8 0.7 0.65],7,0.0
2274,23,0,66,1,0,[1 1 0 0],[1 0 1 1],[0.95 0.8 0.7 0.65],7,0.0
2275,23,0,67,0,0,[1 0 1 0],[0 1 0 1],[0.95 0.8 0.7 0.65],8,0.0
2276,23,0,68,0,0,[0 1 1 1],[1 0 0 0],[0.95 0.8 0.7 0.65],5,0.0
2277,23,0,69,0,0,[1 0 1 0],[0 1 0 1],[0.95 0.8 0.7 0.65],8,0.0
2278,23,0,70,1,0,[1 1 0 0],[1 0 1 1],[0.95 0.8 0.7 0.65],7,0.0
2279,23,0,71,1,0,[1 0 1 1],[1 1 0 0],[0.95 0.8 0.7 0.65],3,0.0
2280,23,0,72,0,0,[1 1 0 0],[0 0 1 1],[0.95 0.8 0.7 0.65],1,0.0
2281,23,0,73,0,0,[1 1 0 0],[0 0 1 1],[0.95 0.8 0.7 0.65],1,0.0
2282,23,0,74,0,0,[1 0 1 0],[0 1 0 1],[0.95 0.8 0.7 0.65],8,0.0
2283,23,0,75,1,0,[0 0 1 1],[1 1 0 0],[0.95 0.8 0.7 0.65],4,0.0
2284,23,0,76,0,0,[1 0 1 0],[0 1 0 1],[0.95 0.8 0.7 0.65],8,0.0
2285,23,0,77,1,0,[0 0 1 1],[1 1 0 0],[0.95 0.8 0.7 0.65],4,0.0
2286,23,0,78,0,0,[1 1 0 0],[1 0 1 1],[0.95 0.8 0.7 0.65],7,0.0
2287,23,0,79,1,0,[0 1 0 1],[1 0 1 0],[0.95 0.8 0.7 0.65],6,0.0
2288,23,0,80,0,0,[0 1 1 1],[1 0 0 0],[0.95 0.8 0.7 0.65],5,0.0
2289,23,0,81,1,0,[0 1 0 1],[1 0 1 0],[0.95 0.8 0.7 0.65],6,0.0
2290,23,0,82,1,0,[0 0 1 1],[1 1 0 0],[0.95 0.8 0.7 0.65],4,0.0
2291,23,0,83,1,0,[1 0 0 0],[0 1 1 1],[0.95 0.8 0.7 0.65],2,0.0
2292,23,0,84,1,0,[1 0 0 0],[0 1 1 1],[0.95 0.8 0.7 0.65],2,0.0
2293,23,0,85,0,0,[0 1 1 1],[1 0 0 0],[0.95 0.8 0.7 0.65],5,0.0
2294,23,0,86,1,0,[0 1 0 1],[1 0 1 0],[0.95 0.8 0.7 0.65],6,0.0
2295,23,0,87,1,0,[1 0 0 0],[0 1 1 1],[0.95 0.8 0.7 0.65],2,0.0
2296,23,0,88,1,0,[0 1 0 1],[1 0 1 0],[0.95 0.8 0.7 0.65],6,0.0
2297,23,0,89,0,0,[1 0 1 1],[1 1 0 0],[0.95 0.8 0.7 0.65],3,0.0
2298,23,0,90,1,0,[0 1 0 1],[1 0 1 0],[0.95 0.8 0.7 0.65],6,0.0
2299,23,0,91,1,0,[0 1 0 1],[1 0 1 0],[0.95 0.8 0.7 0.65],6,0.0
2300,23,0,92,1,0,[1 1 0 0],[1 0 1 1],[0.95 0.8 0.7 0.65],7,0.0
2301,23,0,93,1,0,[1 0 0 0],[0 1 1 1],[0.95 0.8 0.7 0.65],2,0.0
2302,23,0,94,1,0,[0 0 1 1],[1 1 0 0],[0.95 0.8 0.7 0.65],4,0.0
2303,23,0,95,0,0,[0 1 1 1],[1 0 0 0],[0.95 0.8 0.7 0.65],5,0.0
2304,24,0,0,0,0,[1 1 0 0],[0 0 1 1],[0.95 0.8 0.7 0.65],1,0.0
2305,24,0,1,0,0,[1 0 0 0],[0 1 1 1],[0.95 0.8 0.7 0.65],2,0.0
2306,24,0,2,1,0,[1 0 1 1],[1 1 0 0],[0.95 0.8 0.7 0.65],3,0.0
2307,24,0,3,0,0,[1 1 0 0],[0 0 1 1],[0.95 0.8 0.7 0.65],1,0.0
2308,24,0,4,1,0,[0 0 1 1],[1 1 0 0],[0.95 0.8 0.7 0.65],4,0.0
2309,24,0,5,0,0,[0 1 1 1],[1 0 0 0],[0.95 0.8 0.7 0.65],5,0.0
2310,24,0,6,1,0,[0 1 0 1],[1 0 1 0],[0.95 0.8 0.7 0.65],6,0.0
2311,24,0,7,1,0,[1 1 0 0],[1 0 1 1],[0.95 0.8 0.7 0.65],7,0.0
2312,24,0,8,0,0,[1 0 1 0],[0 1 0 1],[0.95 0.8 0.7 0.65],8,0.0
2313,24,0,9,1,0,[1 1 0 0],[1 0 1 1],[0.95 0.8 0.7 0.65],7,0.0
2314,24,0,10,0,0,[1 0 1 0],[0 1 0 1],[0.95 0.8 0.7 0.65],8,0.0
2315,24,0,11,0,0,[1 1 0 0],[0 0 1 1],[0.95 0.8 0.7 0.65],1,0.0
2316,24,0,12,0,0,[1 0 1 0],[0 1 0 1],[0.95 0.8 0.7 0.65],8,0.0
2317,24,0,13,0,0,[1 0 1 1],[1 1 0 0],[0.95 0.8 0.7 0.65],3,0.0
2318,24,0,14,0,0,[1 0 1 1],[1 1 0 0],[0.95 0.8 0.7 0.65],3,0.0
2319,24,0,15,1,0,[0 1 0 1],[1 0 1 0],[0.95 0.8 0.7 0.65],6,0.0
2320,24,0,16,0,0,[1 0 1 1],[1 1 0 0],[0.95 0.8 0.7 0.65],3,0.0
2321,24,0,17,1,0,[0 1 0 1],[1 0 1 0],[0.95 0.8 0.7 0.65],6,0.0
2322,24,0,18,1,0,[0 0 1 1],[1 1 0 0],[0.95 0.8 0.7 0.65],4,0.0
2323,24,0,19,1,0,[0 0 1 1],[1 1 0 0],[0.95 0.8 0.7 0.65],4,0.0
2324,24,0,20,0,0,[1 1 0 0],[0 0 1 1],[0.95 0.8 0.7 0.65],1,0.0
2325,24,0,21,0,0,[1 0 1 1],[1 1 0 0],[0.95 0.8 0.7 0.65],3,0.0
2326,24,0,22,1,0,[1 0 0 0],[0 1 1 1],[0.95 0.8 0.7 0.65],2,0.0
2327,24,0,23,0,0,[1 0 1 1],[1 1 0 0],[0.95 0.8 0.7 0.65],3,0.0
2328,24,0,24,0,0,[1 0 1 0],[0 1 0 1],[0.95 0.8 0.7 0.65],8,0.0
2329,24,0,25,1,0,[0 1 0 1],[1 0 1 0],[0.95 0.8 0.7 0.65],6,0.0
2330,24,0,26,0,0,[1 1 0 0],[0 0 1 1],[0.95 0.8 0.7 0.65],1,0.0
2331,24,0,27,1,0,[1 0 0 0],[0 1 1 1],[0.95 0.8 0.7 0.65],2,0.0
2332,24,0,28,0,0,[0 1 1 1],[1 0 0 0],[0.95 0.8 0.7 0.65],5,0.0
2333,24,0,29,1,0,[1 0 0 0],[0 1 1 1],[0.95 0.8 0.7 0.65],2,0.0
2334,24,0,30,0,0,[0 1 1 1],[1 0 0 0],[0.95 0.8 0.7 0.65],5,0.0
2335,24,0,31,1,0,[1 0 0 0],[0 1 1 1],[0.95 0.8 0.7 0.65],2,0.0
2336,24,0,32,1,0,[0 1 0 1],[1 0 1 0],[0.95 0.8 0.7 0.65],6,0.0
2337,24,0,33,1,0,[0 0 1 1],[1 1 0 0],[0.95 0.8 0.7 0.65],4,0.0
2338,24,0,34,0,0,[0 1 1 1],[1 0 0 0],[0.95 0.8 0.7 0.65],5,0.0
2339,24,0,35,1,0,[1 0 0 0],[0 1 1 1],[0.95 0.8 0.7 0.65],2,0.0
2340,24,0,36,0,0,[1 0 1 0],[0 1 0 1],[0.95 0.8 0.7 0.65],8,0.0
2341,24,0,37,0,0,[1 1 0 0],[0 0 1 1],[0.95 0.8 0.7 0.65],1,0.0
2342,24,0,38,0,0,[0 1 1 1],[1 0 0 0],[0.95 0.8 0.7 0.65],5,0.0
2343,24,0,39,0,0,[1 0 1 0],[0 1 0 1],[0.95 0.8 0.7 0.65],8,0.0
2344,24,0,40,0,0,[1 1 0 0],[0 0 1 1],[0.95 0.8 0.7 0.65],1,0.0
2345,24,0,41,0,0,[0 1 1 1],[1 0 0 0],[0.95 0.8 0.7 0.65],5,0.0
2346,24,0,42,1,0,[1 1 0 0],[1 0 1 1],[0.95 0.8 0.7 0.65],7,0.0
2347,24,0,43,0,0,[1 0 1 1],[1 1 0 0],[0.95 0.8 0.7 0.65],3,0.0
2348,24,0,44,0,0,[1 0 1 0],[0 1 0 1],[0.95 0.8 0.7 0.65],8,0.0
2349,24,0,45,1,0,[0 0 1 1],[1 1 0 0],[0.95 0.8 0.7 0.65],4,0.0
2350,24,0,46,0,0,[1 1 0 0],[0 0 1 1],[0.95 0.8 0.7 0.65],1,0.0
2351,24,0,47,0,0,[1 0 1 1],[1 1 0 0],[0.95 0.8 0.7 0.65],3,0.0
2352,24,0,48,1,0,[0 0 1 1],[1 1 0 0],[0.95 0.8 0.7 0.65],4,0.0
2353,24,0,49,1,0,[1 0 0 0],[0 1 1 1],[0.95 0.8 0.7 0.65],2,0.0
2354,24,0,50,1,0,[1 1 0 0],[1 0 1 1],[0.95 0.8 0.7 0.65],7,0.0
2355,24,0,51,0,0,[1 0 1 1],[1 1 0 0],[0.95 0.8 0.7 0.65],3,0.0
2356,24,0,52,0,0,[0 1 1 1],[1 0 0 0],[0.95 0.8 0.7 0.65],5,0.0
2357,24,0,53,0,0,[1 1 0 0],[0 0 1 1],[0.95 0.8 0.7 0.65],1,0.0
2358,24,0,54,1,0,[0 1 0 1],[1 0 1 0],[0.95 0.8 0.7 0.65],6,0.0
2359,24,0,55,1,0,[0 0 1 1],[1 1 0 0],[0.95 0.8 0.7 0.65],4,0.0
2360,24,0,56,1,0,[1 1 0 0],[1 0 1 1],[0.95 0.8 0.7 0.65],7,0.0
2361,24,0,57,1,0,[1 1 0 0],[1 0 1 1],[0.95 0.8 0.7 0.65],7,0.0
2362,24,0,58,0,0,[0 1 1 1],[1 0 0 0],[0.95 0.8 0.7 0.65],5,0.0
2363,24,0,59,1,0,[1 1 0 0],[1 0 1 1],[0.95 0.8 0.7 0.65],7,0.0
2364,24,0,60,1,0,[0 0 1 1],[1 1 0 0],[0.95 0.8 0.7 0.65],4,0.0
2365,24,0,61,1,0,[1 0 0 0],[0 1 1 1],[0.95 0.8 0.7 0.65],2,0.0
2366,24,0,62,0,0,[1 1 0 0],[0 0 1 1],[0.95 0.8 0.7 0.65],1,0.0
2367,24,0,63,0,0,[1 0 1 1],[1 1 0 0],[0.95 0.8 0.7 0.65],3,0.0
2368,24,0,64,0,0,[1 0 1 0],[0 1 0 1],[0.95 0.8 0.7 0.65],8,0.0
2369,24,0,65,1,0,[1 1 0 0],[1 0 1 1],[0.95 0.8 0.7 0.65],7,0.0
2370,24,0,66,0,0,[1 1 0 0],[1 0 1 1],[0.95 0.8 0.7 0.65],7,0.0
2371,24,0,67,0,0,[1 0 1 0],[0 1 0 1],[0.95 0.8 0.7 0.65],8,0.0
2372,24,0,68,0,0,[0 1 1 1],[1 0 0 0],[0.95 0.8 0.7 0.65],5,0.0
2373,24,0,69,0,0,[1 0 1 0],[0 1 0 1],[0.95 0.8 0.7 0.65],8,0.0
2374,24,0,70,1,0,[1 1 0 0],[1 0 1 1],[0.95 0.8 0.7 0.65],7,0.0
2375,24,0,71,0,0,[1 0 1 1],[1 1 0 0],[0.95 0.8 0.7 0.65],3,0.0
2376,24,0,72,0,0,[1 1 0 0],[0 0 1 1],[0.95 0.8 0.7 0.65],1,0.0
2377,24,0,73,0,0,[1 1 0 0],[0 0 1 1],[0.95 0.8 0.7 0.65],1,0.0
2378,24,0,74,0,0,[1 0 1 0],[0 1 0 1],[0.95 0.8 0.7 0.65],8,0.0
2379,24,0,75,1,0,[0 0 1 1],[1 1 0 0],[0.95 0.8 0.7 0.65],4,0.0
2380,24,0,76,0,0,[1 0 1 0],[0 1 0 1],[0.95 0.8 0.7 0.65],8,0.0
2381,24,0,77,1,0,[0 0 1 1],[1 1 0 0],[0.95 0.8 0.7 0.65],4,0.0
2382,24,0,78,1,0,[1 1 0 0],[1 0 1 1],[0.95 0.8 0.7 0.65],7,0.0
2383,24,0,79,1,0,[0 1 0 1],[1 0 1 0],[0.95 0.8 0.7 0.65],6,0.0
2384,24,0,80,0,0,[0 1 1 1],[1 0 0 0],[0.95 0.8 0.7 0.65],5,0.0
2385,24,0,81,1,0,[0 1 0 1],[1 0 1 0],[0.95 0.8 0.7 0.65],6,0.0
2386,24,0,82,1,0,[0 0 1 1],[1 1 0 0],[0.95 0.8 0.7 0.65],4,0.0
2387,24,0,83,1,0,[1 0 0 0],[0 1 1 1],[0.95 0.8 0.7 0.65],2,0.0
2388,24,0,84,1,0,[1 0 0 0],[0 1 1 1],[0.95 0.8 0.7 0.65],2,0.0
2389,24,0,85,0,0,[0 1 1 1],[1 0 0 0],[0.95 0.8 0.7 0.65],5,0.0
2390,24,0,86,1,0,[0 1 0 1],[1 0 1 0],[0.95 0.8 0.7 0.65],6,0.0
2391,24,0,87,1,0,[1 0 0 0],[0 1 1 1],[0.95 0.8 0.7 0.65],2,0.0
2392,24,0,88,1,0,[0 1 0 1],[1 0 1 0],[0.95 0.8 0.7 0.65],6,0.0
2393,24,0,89,0,0,[1 0 1 1],[1 1 0 0],[0.95 0.8 0.7 0.65],3,0.0
2394,24,0,90,1,0,[0 1 0 1],[1 0 1 0],[0.95 0.8 0.7 0.65],6,0.0
2395,24,0,91,1,0,[0 1 0 1],[1 0 1 0],[0.95 0.8 0.7 0.65],6,0.0
2396,24,0,92,1,0,[1 1 0 0],[1 0 1 1],[0.95 0.8 0.7 0.65],7,0.0
2397,24,0,93,0,0,[1 0 0 0],[0 1 1 1],[0.95 0.8 0.7 0.65],2,0.0
2398,24,0,94,1,0,[0 0 1 1],[1 1 0 0],[0.95 0.8 0.7 0.65],4,0.0
2399,24,0,95,0,0,[0 1 1 1],[1 0 0 0],[0.95 0.8 0.7 0.65],5,0.0
